path,source,source_label,class
Acne/acne_dataset_pigmentation_0_8248.jpeg,acne_dataset,Acne,Acne
Acne/acne_dataset_pigmentation_0_1658.jpeg,acne_dataset,Acne,Acne
Acne/acne_dataset_pigmentation_0_2996.jpeg,acne_dataset,Acne,Acne
Acne/acne_dataset_pigmentation_0_6739.jpeg,acne_dataset,Acne,Acne
Acne/acne_dataset_pigmentation_0_7786.jpeg,acne_dataset,Acne,Acne
Acne/acne_dataset_pigmentation_0_2118.jpeg,acne_dataset,Acne,Acne
Acne/acne_dataset_pigmentation_0_7428.jpeg,acne_dataset,Acne,Acne
Acne/acne_dataset_pigmentation_0_9115.jpeg,acne_dataset,Acne,Acne
Acne/acne_dataset_pigmentation_0_6944.jpeg,acne_dataset,Acne,Acne
Acne/acne_dataset_evolv_gallery-zoskin-patient4-before-2.png,acne_dataset,Acne,Acne
Acne/acne_dataset_pigmentation_0_3933.jpeg,acne_dataset,Acne,Acne
Acne/acne_dataset_pigmentation_0_7174.jpeg,acne_dataset,Acne,Acne
Acne/acne_dataset_pigmentation_0_4572.jpeg,acne_dataset,Acne,Acne
Acne/acne_dataset_pigmentation_0_179.jpeg,acne_dataset,Acne,Acne
Acne/acne_dataset_pigmentation_0_3317.jpeg,acne_dataset,Acne,Acne
Acne/acne_dataset_k92m6peqn1n31.jpg,acne_dataset,Acne,Acne
Acne/acne_dataset_pigmentation_0_8916.jpeg,acne_dataset,Acne,Acne
Acne/acne_dataset_acnemi01b580b8_1414229-860x573.jpg,acne_dataset,Acne,Acne
Acne/acne_dataset_pigmentation_0_2441.jpeg,acne_dataset,Acne,Acne
Acne/acne_dataset_pigmentation_0_2150.jpeg,acne_dataset,Acne,Acne
Acne/acne_dataset_pigmentation_0_435.jpeg,acne_dataset,Acne,Acne
Acne/acne_dataset_pigmentation_0_5941.jpeg,acne_dataset,Acne,Acne
Acne/acne_dataset_pigmentation_0_1554.jpeg,acne_dataset,Acne,Acne
Acne/acne_dataset_362f516bc2be4f01904fb2950eb700f411.png,acne_dataset,Acne,Acne
Acne/acne_dataset_pigmentation_0_7476.jpeg,acne_dataset,Acne,Acne
Acne/acne_dataset_2 (12)11.jpeg,acne_dataset,Acne,Acne
Acne/acne_dataset_C0384485-Acne_vulgaris.jpg,acne_dataset,Acne,Acne
Acne/acne_dataset_pigmentation_0_9977.jpeg,acne_dataset,Acne,Acne
Acne/acne_dataset_pigmentation_0_1786.jpeg,acne_dataset,Acne,Acne
Acne/acne_dataset_pigmentation_0_1141.jpeg,acne_dataset,Acne,Acne
Acne/acne_dataset_pigmentation_0_935.jpeg,acne_dataset,Acne,Acne
Acne/acne_dataset_pigmentation_0_1080.jpeg,acne_dataset,Acne,Acne
Acne/acne_dataset_182.jpg,acne_dataset,Acne,Acne
Acne/acne_dataset_pigmentation_0_6740.jpeg,acne_dataset,Acne,Acne
Acne/acne_dataset_pigmentation_0_4771.jpeg,acne_dataset,Acne,Acne
Acne/acne_dataset_pigmentation_0_8123.jpeg,acne_dataset,Acne,Acne
Acne/acne_dataset_pigmentation_0_1682.jpeg,acne_dataset,Acne,Acne
Acne/acne_dataset_pigmentation_0_5754.jpeg,acne_dataset,Acne,Acne
Acne/acne_dataset_pigmentation_0_6875.jpeg,acne_dataset,Acne,Acne
Acne/acne_dataset_pigmentation_0_6570.jpeg,acne_dataset,Acne,Acne
Acne/acne_dataset_pigmentation_0_5512.jpeg,acne_dataset,Acne,Acne
Acne/acne_dataset_R (1).jpg,acne_dataset,Acne,Acne
Acne/acne_dataset_2.png,acne_dataset,Acne,Acne
Acne/acne_dataset_11118622-6820319-image-a-24_15528711043151.jpg,acne_dataset,Acne,Acne
Acne/acne_dataset_pigmentation_0_9950.jpeg,acne_dataset,Acne,Acne
Acne/acne_dataset_pigmentation_0_8679.jpeg,acne_dataset,Acne,Acne
Acne/acne_dataset_pigmentation_0_5745.jpeg,acne_dataset,Acne,Acne
Acne/acne_dataset_pigmentation_0_3255.jpeg,acne_dataset,Acne,Acne
Acne/acne_dataset_pigmentation_0_37.jpeg,acne_dataset,Acne,Acne
Acne/acne_dataset_pigmentation_0_2886.jpeg,acne_dataset,Acne,Acne
Acne/acne_dataset_OIP (12).jpg,acne_dataset,Acne,Acne
Acne/acne_dataset_pigmentation_0_906.jpeg,acne_dataset,Acne,Acne
Acne/acne_dataset_pigmentation_0_1346.jpeg,acne_dataset,Acne,Acne
Acne/acne_dataset_pigmentation_0_6256.jpeg,acne_dataset,Acne,Acne
Acne/acne_dataset_pigmentation_0_7468.jpeg,acne_dataset,Acne,Acne
Acne/acne_dataset_pigmentation_0_3817.jpeg,acne_dataset,Acne,Acne
Acne/acne_dataset_pigmentation_0_8668.jpeg,acne_dataset,Acne,Acne
Acne/acne_dataset_pigmentation_0_3706.jpeg,acne_dataset,Acne,Acne
Acne/acne_dataset_resize (1).jpg,acne_dataset,Acne,Acne
Acne/acne_dataset_pigmentation_0_753.jpeg,acne_dataset,Acne,Acne
Acne/acne_dataset_pigmentation_0_3.jpeg,acne_dataset,Acne,Acne
Acne/acne_dataset_pigmentation_0_209.jpeg,acne_dataset,Acne,Acne
Acne/acne_dataset_pigmentation_0_5951.jpeg,acne_dataset,Acne,Acne
Acne/acne_dataset_pigmentation_0_4248.jpeg,acne_dataset,Acne,Acne
Acne/acne_dataset_GettyImages-902372188_thumb.jpg,acne_dataset,Acne,Acne
Acne/acne_dataset_pigmentation_0_5662.jpeg,acne_dataset,Acne,Acne
Acne/acne_dataset_gallery_151762_12216_497001.jpg,acne_dataset,Acne,Acne
Acne/acne_dataset_pigmentation_0_7127.jpeg,acne_dataset,Acne,Acne
Acne/acne_dataset_maxresdefault.jpg,acne_dataset,Acne,Acne
Acne/acne_dataset_pigmentation_0_4419.jpeg,acne_dataset,Acne,Acne
Acne/acne_dataset_pigmentation_0_8262.jpeg,acne_dataset,Acne,Acne
Acne/acne_dataset_pigmentation_0_3969.jpeg,acne_dataset,Acne,Acne
Acne/acne_dataset_pigmentation_0_3513.jpeg,acne_dataset,Acne,Acne
Acne/acne_dataset_image.jpg.074f5bf4398673d5345e34a77d26f2f8.jpg,acne_dataset,Acne,Acne
Acne/acne_dataset_R (17).jpg,acne_dataset,Acne,Acne
Acne/acne_dataset_2 1(1)1 - Copy.jpg,acne_dataset,Acne,Acne
Acne/acne_dataset_OIP (26).jpg,acne_dataset,Acne,Acne
Acne/acne_dataset_teenage-skin-problems-183876012-5a245c86494ec900372b6366 (2).jpg,acne_dataset,Acne,Acne
Acne/acne_dataset_pigmentation_0_8865.jpeg,acne_dataset,Acne,Acne
Acne/acne_dataset_pigmentation_0_6641.jpeg,acne_dataset,Acne,Acne
Acne/acne_dataset_pigmentation_0_6945.jpeg,acne_dataset,Acne,Acne
Acne/acne_dataset_pigmentation_0_2916.jpeg,acne_dataset,Acne,Acne
Acne/acne_dataset_pigmentation_0_600.jpeg,acne_dataset,Acne,Acne
Acne/acne_dataset_pigmentation_0_4054.jpeg,acne_dataset,Acne,Acne
Acne/acne_dataset_pigmentation_0_909.jpeg,acne_dataset,Acne,Acne
Acne/acne_dataset_pigmentation_0_1454.jpeg,acne_dataset,Acne,Acne
Acne/acne_dataset_pigmentation_0_6910.jpeg,acne_dataset,Acne,Acne
Acne/acne_dataset_pigmentation_0_75.jpeg,acne_dataset,Acne,Acne
Acne/acne_dataset_pigmentation_0_3448.jpeg,acne_dataset,Acne,Acne
Acne/acne_dataset_pigmentation_0_9800.jpeg,acne_dataset,Acne,Acne
Acne/acne_dataset_CAF0CFD3-2031-406B-AC2B-A6F705460942.jpeg.94c4004c499ca00916a86e30c7f9fd88.jpeg,acne_dataset,Acne,Acne
Acne/acne_dataset_pigmentation_0_6099.jpeg,acne_dataset,Acne,Acne
Acne/acne_dataset_pigmentation_0_5474.jpeg,acne_dataset,Acne,Acne
Acne/acne_dataset_pigmentation_0_2483.jpeg,acne_dataset,Acne,Acne
Acne/acne_dataset_pigmentation_0_4467.jpeg,acne_dataset,Acne,Acne
Acne/acne_dataset_GettyImages-552992761_header-1024x575.png,acne_dataset,Acne,Acne
Acne/acne_dataset_OIP (20).jpg,acne_dataset,Acne,Acne
Acne/acne_dataset_pigmentation_0_3700.jpeg,acne_dataset,Acne,Acne
Acne/acne_dataset_pigmentation_0_9953.jpeg,acne_dataset,Acne,Acne
Acne/acne_dataset_pigmentation_0_4620.jpeg,acne_dataset,Acne,Acne
Acne/acne_dataset_pigmentation_0_7937.jpeg,acne_dataset,Acne,Acne
Acne/acne_dataset_R (18).jpg,acne_dataset,Acne,Acne
Acne/acne_dataset_pigmentation_0_7683.jpeg,acne_dataset,Acne,Acne
Acne/acne_dataset_pigmentation_0_7643.jpeg,acne_dataset,Acne,Acne
Acne/acne_dataset_pigmentation_0_4598.jpeg,acne_dataset,Acne,Acne
Acne/acne_dataset_4869DD4600000578-0-image-a-8_1516564527722.jpg,acne_dataset,Acne,Acne
Acne/acne_dataset_pigmentation_0_8643.jpeg,acne_dataset,Acne,Acne
Acne/acne_dataset_resize.jpg,acne_dataset,Acne,Acne
Acne/acne_dataset_pigmentation_0_9261.jpeg,acne_dataset,Acne,Acne
Acne/acne_dataset_pigmentation_0_5719.jpeg,acne_dataset,Acne,Acne
Acne/acne_dataset_pigmentation_0_1090.jpeg,acne_dataset,Acne,Acne
Acne/acne_dataset_20190716_191036.jpg.705bf02f23326951059a91a967959d07.jpg,acne_dataset,Acne,Acne
Acne/acne_dataset_R (29).jpg,acne_dataset,Acne,Acne
Acne/acne_dataset_acne_treatment_kaliterna1.jpg,acne_dataset,Acne,Acne
Acne/acne_dataset_2 (12)1.jpg,acne_dataset,Acne,Acne
Acne/acne_dataset_pigmentation_0_8108.jpeg,acne_dataset,Acne,Acne
Acne/acne_dataset_pigmentation_0_6345.jpeg,acne_dataset,Acne,Acne
Acne/acne_dataset_pigmentation_0_8641.jpeg,acne_dataset,Acne,Acne
Acne/acne_dataset_pigmentation_0_7043.jpeg,acne_dataset,Acne,Acne
Acne/acne_dataset_07RosaceaOK08280631.jpg,acne_dataset,Acne,Acne
Acne/acne_dataset_pigmentation_0_6446.jpeg,acne_dataset,Acne,Acne
Acne/acne_dataset_pigmentation_0_2196.jpeg,acne_dataset,Acne,Acne
Acne/acne_dataset_pigmentation_0_3668.jpeg,acne_dataset,Acne,Acne
Acne/acne_dataset_pigmentation_0_3819.jpeg,acne_dataset,Acne,Acne
Acne/acne_dataset_pigmentation_0_304.jpeg,acne_dataset,Acne,Acne
Acne/acne_dataset_looking-at-acne-skin-800x534.jpg,acne_dataset,Acne,Acne
Acne/acne_dataset_pigmentation_0_6648.jpeg,acne_dataset,Acne,Acne
Acne/acne_dataset_R (1).png,acne_dataset,Acne,Acne
Acne/acne_dataset_pigmentation_0_8084.jpeg,acne_dataset,Acne,Acne
Acne/acne_dataset_R (8).jpg,acne_dataset,Acne,Acne
Acne/acne_dataset_pigmentation_0_2051.jpeg,acne_dataset,Acne,Acne
Acne/acne_dataset_pigmentation_0_5801.jpeg,acne_dataset,Acne,Acne
Acne/acne_dataset_pigmentation_0_5533.jpeg,acne_dataset,Acne,Acne
Acne/acne_dataset_pigmentation_0_3273.jpeg,acne_dataset,Acne,Acne
Acne/acne_dataset_pigmentation_0_3040.jpeg,acne_dataset,Acne,Acne
Acne/acne_dataset_pigmentation_0_774.jpeg,acne_dataset,Acne,Acne
Acne/acne_dataset_pigmentation_0_2467.jpeg,acne_dataset,Acne,Acne
Acne/acne_dataset_pigmentation_0_3762.jpeg,acne_dataset,Acne,Acne
Acne/acne_dataset_OIP (10).jpg,acne_dataset,Acne,Acne
Acne/acne_dataset_pigmentation_0_9335.jpeg,acne_dataset,Acne,Acne
Acne/acne_dataset_acne-closed-comedo-0031.jpg,acne_dataset,Acne,Acne
Acne/acne_dataset_pigmentation_0_7607.jpeg,acne_dataset,Acne,Acne
Acne/acne_dataset_pigmentation_0_7828.jpeg,acne_dataset,Acne,Acne
Acne/acne_dataset_pigmentation_0_5080.jpeg,acne_dataset,Acne,Acne
Acne/acne_dataset_pigmentation_0_7989.jpeg,acne_dataset,Acne,Acne
Acne/acne_dataset_pigmentation_0_2311.jpeg,acne_dataset,Acne,Acne
Acne/acne_dataset_IMG_3366.JPG.799f3d13a535a94016ba39c390b09efa.jpg,acne_dataset,Acne,Acne
Acne/acne_dataset_parasites-living-under-the-skin-of-the-person-1.jpg,acne_dataset,Acne,Acne
Acne/acne_dataset_C0018498-Acne.jpg,acne_dataset,Acne,Acne
Acne/acne_dataset_ce2c6b00013e52753f1212cdcf2efe76.jpg,acne_dataset,Acne,Acne
Acne/acne_dataset_pigmentation_0_7924.jpeg,acne_dataset,Acne,Acne
Acne/acne_dataset_pigmentation_0_9004.jpeg,acne_dataset,Acne,Acne
Acne/acne_dataset_pigmentation_0_6919.jpeg,acne_dataset,Acne,Acne
Acne/acne_dataset_R (4).png,acne_dataset,Acne,Acne
Acne/acne_dataset_pigmentation_0_9821.jpeg,acne_dataset,Acne,Acne
Acne/acne_dataset_pigmentation_0_9245.jpeg,acne_dataset,Acne,Acne
Acne/acne_dataset_R (42).jpg,acne_dataset,Acne,Acne
Acne/acne_dataset_pigmentation_0_6510.jpeg,acne_dataset,Acne,Acne
Acne/acne_dataset_acne-closed-comedo-51.jpg,acne_dataset,Acne,Acne
Acne/acne_dataset_pigmentation_0_110.jpeg,acne_dataset,Acne,Acne
Acne/acne_dataset_pigmentation_0_7385.jpeg,acne_dataset,Acne,Acne
Acne/acne_dataset_acne-closed-comedo-91.jpg,acne_dataset,Acne,Acne
Acne/acne_dataset_pigmentation_0_5677.jpeg,acne_dataset,Acne,Acne
Acne/acne_dataset_pigmentation_0_7261.jpeg,acne_dataset,Acne,Acne
Acne/acne_dataset_pigmentation_0_9401.jpeg,acne_dataset,Acne,Acne
Acne/acne_dataset_pigmentation_0_6420.jpeg,acne_dataset,Acne,Acne
Acne/acne_dataset_pigmentation_0_2315.jpeg,acne_dataset,Acne,Acne
Acne/acne_dataset_2 (2)1.jpg,acne_dataset,Acne,Acne
Acne/acne_dataset_pigmentation_0_24.jpeg,acne_dataset,Acne,Acne
Acne/acne_dataset_pigmentation_0_7993.jpeg,acne_dataset,Acne,Acne
Acne/acne_dataset_hqdefault.jpg,acne_dataset,Acne,Acne
Acne/acne_dataset_54a279bcec5a872af278da1d9a9f7337--clear-skin-acne1 - Copy.jpg,acne_dataset,Acne,Acne
Acne/acne_dataset_pigmentation_0_5342.jpeg,acne_dataset,Acne,Acne
Acne/acne_dataset_pigmentation_0_4288.jpeg,acne_dataset,Acne,Acne
Acne/acne_dataset_pigmentation_0_5890.jpeg,acne_dataset,Acne,Acne
Acne/acne_dataset_20_before1.jpg,acne_dataset,Acne,Acne
Acne/acne_dataset_pigmentation_0_651.jpeg,acne_dataset,Acne,Acne
Acne/acne_dataset_pigmentation_0_6975.jpeg,acne_dataset,Acne,Acne
Acne/acne_dataset_R.jpg,acne_dataset,Acne,Acne
Acne/acne_dataset_pigmentation_0_6488.jpeg,acne_dataset,Acne,Acne
Acne/acne_dataset_pigmentation_0_907.jpeg,acne_dataset,Acne,Acne
Acne/acne_dataset_pigmentation_0_3247.jpeg,acne_dataset,Acne,Acne
Acne/acne_dataset_pigmentation_0_3742.jpeg,acne_dataset,Acne,Acne
Acne/acne_dataset_2 (7).jpeg,acne_dataset,Acne,Acne
Acne/acne_dataset_pigmentation_0_1805.jpeg,acne_dataset,Acne,Acne
Acne/acne_dataset_pigmentation_0_302.jpeg,acne_dataset,Acne,Acne
Acne/acne_dataset_pigmentation_0_2370.jpeg,acne_dataset,Acne,Acne
Acne/acne_dataset_pigmentation_0_9099.jpeg,acne_dataset,Acne,Acne
Acne/acne_dataset_pigmentation_0_498.jpeg,acne_dataset,Acne,Acne
Acne/acne_dataset_pigmentation_0_2292.jpeg,acne_dataset,Acne,Acne
Acne/acne_dataset_pigmentation_0_7239.jpeg,acne_dataset,Acne,Acne
Acne/acne_dataset_pigmentation_0_4269.jpeg,acne_dataset,Acne,Acne
Acne/acne_dataset_pigmentation_0_1734.jpeg,acne_dataset,Acne,Acne
Acne/acne_dataset_pigmentation_0_9186.jpeg,acne_dataset,Acne,Acne
Acne/acne_dataset_pigmentation_0_2061.jpeg,acne_dataset,Acne,Acne
Acne/acne_dataset_pigmentation_0_7599.jpeg,acne_dataset,Acne,Acne
Acne/acne_dataset_pigmentation_0_932.jpeg,acne_dataset,Acne,Acne
Acne/acne_dataset_pigmentation_0_4398.jpeg,acne_dataset,Acne,Acne
Acne/acne_dataset_Acne-cyst-1-150x150.jpg,acne_dataset,Acne,Acne
Acne/acne_dataset_pigmentation_0_5438.jpeg,acne_dataset,Acne,Acne
Acne/acne_dataset_pigmentation_0_7759.jpeg,acne_dataset,Acne,Acne
Acne/acne_dataset_pigmentation_0_4942.jpeg,acne_dataset,Acne,Acne
Acne/acne_dataset_pigmentation_0_417.jpeg,acne_dataset,Acne,Acne
Acne/acne_dataset_pigmentation_0_119.jpeg,acne_dataset,Acne,Acne
Acne/acne_dataset_pigmentation_0_1633.jpeg,acne_dataset,Acne,Acne
Acne/acne_dataset_pigmentation_0_3688.jpeg,acne_dataset,Acne,Acne
Acne/acne_dataset_post-367514-0-31768100-1387921341.jpg,acne_dataset,Acne,Acne
Acne/acne_dataset_pigmentation_0_5948.jpeg,acne_dataset,Acne,Acne
Acne/acne_dataset_acne (1).jpg,acne_dataset,Acne,Acne
Acne/acne_dataset_241b000fa0e0caf8cf8ac4b29137af481 - Copy.jpg,acne_dataset,Acne,Acne
Acne/acne_dataset_pigmentation_0_9333.jpeg,acne_dataset,Acne,Acne
Acne/acne_dataset_27.jpg,acne_dataset,Acne,Acne
Acne/acne_dataset_pigmentation_0_719.jpeg,acne_dataset,Acne,Acne
Acne/acne_dataset_R (6).jpg,acne_dataset,Acne,Acne
Acne/acne_dataset_pigmentation_0_5928.jpeg,acne_dataset,Acne,Acne
Acne/acne_dataset_pigmentation_0_5950.jpeg,acne_dataset,Acne,Acne
Acne/acne_dataset_pigmentation_0_9282.jpeg,acne_dataset,Acne,Acne
Acne/acne_dataset_pigmentation_0_4377.jpeg,acne_dataset,Acne,Acne
Acne/acne_dataset_acne-vulgaris-pictures-61.jpg,acne_dataset,Acne,Acne
Acne/acne_dataset_pigmentation_0_2130.jpeg,acne_dataset,Acne,Acne
Acne/acne_dataset_acne_treatment1.png,acne_dataset,Acne,Acne
Acne/acne_dataset_766x415_Accutane_Side_Effects1.jpg,acne_dataset,Acne,Acne
Acne/acne_dataset_What-is-Cystic-Acne-and-Why-is-It-Caused (1).jpg,acne_dataset,Acne,Acne
Acne/acne_dataset_31.jpg,acne_dataset,Acne,Acne
Acne/acne_dataset_pigmentation_0_6548.jpeg,acne_dataset,Acne,Acne
Acne/acne_dataset_pigmentation_0_7613.jpeg,acne_dataset,Acne,Acne
Acne/acne_dataset_R (44).jpg,acne_dataset,Acne,Acne
Acne/acne_dataset_pigmentation_0_8780.jpeg,acne_dataset,Acne,Acne
Acne/acne_dataset_2 (2).jpg,acne_dataset,Acne,Acne
Acne/acne_dataset_24.jpg,acne_dataset,Acne,Acne
Acne/acne_dataset_pigmentation_0_4873.jpeg,acne_dataset,Acne,Acne
Acne/acne_dataset_pigmentation_0_8363.jpeg,acne_dataset,Acne,Acne
Acne/acne_dataset_pigmentation_0_9661.jpeg,acne_dataset,Acne,Acne
Acne/acne_dataset_pigmentation_0_2408.jpeg,acne_dataset,Acne,Acne
Acne/acne_dataset_how-to-get-rid-of-acne.png,acne_dataset,Acne,Acne
Acne/acne_dataset_pigmentation_0_2515.jpeg,acne_dataset,Acne,Acne
Acne/acne_dataset_pigmentation_0_1564.jpeg,acne_dataset,Acne,Acne
Acne/acne_dataset_pigmentation_0_4345.jpeg,acne_dataset,Acne,Acne
Acne/acne_dataset_pigmentation_0_5201.jpeg,acne_dataset,Acne,Acne
Acne/acne_dataset_2 (53).jpg,acne_dataset,Acne,Acne
Acne/acne_dataset_pigmentation_0_6785.jpeg,acne_dataset,Acne,Acne
Acne/acne_dataset_pigmentation_0_7237.jpeg,acne_dataset,Acne,Acne
Acne/acne_dataset_OIP (29).jpg,acne_dataset,Acne,Acne
Acne/acne_dataset_pigmentation_0_3664.jpeg,acne_dataset,Acne,Acne
Acne/acne_dataset_OIP (23).jpg,acne_dataset,Acne,Acne
Acne/acne_dataset_pigmentation_0_7281.jpeg,acne_dataset,Acne,Acne
Acne/acne_dataset_pigmentation_0_3092.jpeg,acne_dataset,Acne,Acne
Acne/acne_dataset_pigmentation_0_9378.jpeg,acne_dataset,Acne,Acne
Acne/acne_dataset_pigmentation_0_7062.jpeg,acne_dataset,Acne,Acne
Acne/acne_dataset_pigmentation_0_9314.jpeg,acne_dataset,Acne,Acne
Acne/acne_dataset_pigmentation_0_4214.jpeg,acne_dataset,Acne,Acne
Acne/acne_dataset_acnescar-face_right-1080-110.png,acne_dataset,Acne,Acne
Acne/acne_dataset_pigmentation_0_6887.jpeg,acne_dataset,Acne,Acne
Acne/acne_dataset_pigmentation_0_2841.jpeg,acne_dataset,Acne,Acne
Acne/acne_dataset_OIP (3).jpg,acne_dataset,Acne,Acne
Acne/acne_dataset_pigmentation_0_125.jpeg,acne_dataset,Acne,Acne
Acne/acne_dataset_pigmentation_0_4028.jpeg,acne_dataset,Acne,Acne
Acne/acne_dataset_pigmentation_0_3507.jpeg,acne_dataset,Acne,Acne
Acne/acne_dataset_pigmentation_0_5748.jpeg,acne_dataset,Acne,Acne
Acne/acne_dataset_How-I-Cleared-My-Acne2.png,acne_dataset,Acne,Acne
Acne/acne_dataset_pigmentation_0_8654.jpeg,acne_dataset,Acne,Acne
Acne/acne_dataset_pigmentation_0_8839.jpeg,acne_dataset,Acne,Acne
Acne/acne_dataset_pigmentation_0_215.jpeg,acne_dataset,Acne,Acne
Acne/acne_dataset_pigmentation_0_5227.jpeg,acne_dataset,Acne,Acne
Acne/acne_dataset_pigmentation_0_3745.jpeg,acne_dataset,Acne,Acne
Acne/acne_dataset_maxresdefault (1).jpg,acne_dataset,Acne,Acne
Acne/acne_dataset_pigmentation_0_3519.jpeg,acne_dataset,Acne,Acne
Acne/acne_dataset_pigmentation_0_1492.jpeg,acne_dataset,Acne,Acne
Acne/acne_dataset_ca_ss_sb22223_121380.jpg,acne_dataset,Acne,Acne
Acne/acne_dataset_pigmentation_0_16.jpeg,acne_dataset,Acne,Acne
Acne/acne_dataset_17.jpg,acne_dataset,Acne,Acne
Acne/acne_dataset_glitter_nails_touching_acne_forehead-1200x628-FACEBOOK.jpg,acne_dataset,Acne,Acne
Acne/acne_dataset_pigmentation_0_1291.jpeg,acne_dataset,Acne,Acne
Acne/acne_dataset_2ff3b83bb9bdfec054e2c2273f02c8c6 - Copy.jpg,acne_dataset,Acne,Acne
Acne/acne_dataset_pigmentation_0_4756.jpeg,acne_dataset,Acne,Acne
Acne/acne_dataset_pigmentation_0_880.jpeg,acne_dataset,Acne,Acne
Acne/acne_dataset_acne-face_f_500x250.jpg,acne_dataset,Acne,Acne
Acne/acne_dataset_205841.jpg,acne_dataset,Acne,Acne
Acne/acne_dataset_pigmentation_0_1590.jpeg,acne_dataset,Acne,Acne
Acne/acne_dataset_pigmentation_0_7677.jpeg,acne_dataset,Acne,Acne
Acne/acne_dataset_62.jpg,acne_dataset,Acne,Acne
Acne/acne_dataset_pigmentation_0_4179.jpeg,acne_dataset,Acne,Acne
Acne/acne_dataset_6f47313bb4aa44647c80e46385336467.jpg,acne_dataset,Acne,Acne
Acne/acne_dataset_pigmentation_0_6264.jpeg,acne_dataset,Acne,Acne
Acne/acne_dataset_20181225_191537.jpg.923b0605b45be754fbbed9051a9bea5e1.jpg,acne_dataset,Acne,Acne
Acne/acne_dataset_pigmentation_0_4192.jpeg,acne_dataset,Acne,Acne
Acne/acne_dataset_2 (4)1.jpg,acne_dataset,Acne,Acne
Acne/acne_dataset_pigmentation_0_8745.jpeg,acne_dataset,Acne,Acne
Acne/acne_dataset_pigmentation_0_9862.jpeg,acne_dataset,Acne,Acne
Acne/acne_dataset_tumblr_npa77rk2UW1r8l3gko1_400.png,acne_dataset,Acne,Acne
Acne/acne_dataset_pigmentation_0_8571.jpeg,acne_dataset,Acne,Acne
Acne/acne_dataset_image.jpg.e82341306e199844c244558307a055e0.jpg,acne_dataset,Acne,Acne
Acne/acne_dataset_pigmentation_0_8361.jpeg,acne_dataset,Acne,Acne
Acne/acne_dataset_pigmentation_0_3878.jpeg,acne_dataset,Acne,Acne
Acne/acne_dataset_pigmentation_0_1997.jpeg,acne_dataset,Acne,Acne
Acne/acne_dataset_pigmentation_0_7136.jpeg,acne_dataset,Acne,Acne
Acne/acne_dataset_pigmentation_0_7264.jpeg,acne_dataset,Acne,Acne
Acne/acne_dataset_pigmentation_0_5484.jpeg,acne_dataset,Acne,Acne
Acne/acne_dataset_pigmentation_0_422.jpeg,acne_dataset,Acne,Acne
Acne/acne_dataset_R (3).jpg,acne_dataset,Acne,Acne
Acne/acne_dataset_acne1.jpg,acne_dataset,Acne,Acne
Acne/acne_dataset_32212176-8650569-image-a-10_1598002142635111 - Copy.jpg,acne_dataset,Acne,Acne
Acne/acne_dataset_pigmentation_0_7835.jpeg,acne_dataset,Acne,Acne
Acne/acne_dataset_acne-closed-comedo-61.jpg,acne_dataset,Acne,Acne
Acne/acne_dataset_pigmentation_0_8148.jpeg,acne_dataset,Acne,Acne
Acne/acne_dataset_pigmentation_0_254.jpeg,acne_dataset,Acne,Acne
Acne/acne_dataset_pigmentation_0_7952.jpeg,acne_dataset,Acne,Acne
Acne/acne_dataset_pigmentation_0_4527.jpeg,acne_dataset,Acne,Acne
Acne/acne_dataset_pigmentation_0_8793.jpeg,acne_dataset,Acne,Acne
Acne/acne_dataset_pc438phx95i41 (1).jpg,acne_dataset,Acne,Acne
Acne/acne_dataset_pigmentation_0_5145.jpeg,acne_dataset,Acne,Acne
Acne/acne_dataset_pigmentation_0_6087.jpeg,acne_dataset,Acne,Acne
Acne/acne_dataset_pigmentation_0_147.jpeg,acne_dataset,Acne,Acne
Acne/acne_dataset_2327210.jpg,acne_dataset,Acne,Acne
Acne/acne_dataset_7b5781acbf8cf3ef59928bf1fd56df9eC!r23ac1983a0274adecccb505518971ace.jpg,acne_dataset,Acne,Acne
Acne/acne_dataset_pigmentation_0_5593.jpeg,acne_dataset,Acne,Acne
Acne/acne_dataset_pigmentation_0_8107.jpeg,acne_dataset,Acne,Acne
Acne/acne_dataset_file.jpg,acne_dataset,Acne,Acne
Acne/acne_dataset_pigmentation_0_6630.jpeg,acne_dataset,Acne,Acne
Acne/acne_dataset_OIP (1).jpg,acne_dataset,Acne,Acne
Acne/acne_dataset_pigmentation_0_5436.jpeg,acne_dataset,Acne,Acne
Acne/acne_dataset_pigmentation_0_292.jpeg,acne_dataset,Acne,Acne
Acne/acne_dataset_pigmentation_0_29.jpeg,acne_dataset,Acne,Acne
Acne/acne_dataset_EWzV7k5Gy.5yjsFf8.Y5kQ_m.jpg,acne_dataset,Acne,Acne
Acne/acne_dataset_pigmentation_0_8525.jpeg,acne_dataset,Acne,Acne
Acne/acne_dataset_7e7bc824b57675c0ccea09d48a46f038.jpg,acne_dataset,Acne,Acne
Acne/acne_dataset_pigmentation_0_8864.jpeg,acne_dataset,Acne,Acne
Acne/acne_dataset_pigmentation_0_9954.jpeg,acne_dataset,Acne,Acne
Acne/acne_dataset_07RosaceaFulFAce1 - Copy.jpg,acne_dataset,Acne,Acne
Acne/acne_dataset_pigmentation_0_7177.jpeg,acne_dataset,Acne,Acne
Acne/acne_dataset_OIP (25).jpg,acne_dataset,Acne,Acne
Acne/acne_dataset_pigmentation_0_3931.jpeg,acne_dataset,Acne,Acne
Acne/acne_dataset_752kd5y464t01.jpg,acne_dataset,Acne,Acne
Acne/acne_dataset_pigmentation_0_6616.jpeg,acne_dataset,Acne,Acne
Acne/acne_dataset_pigmentation_0_1632.jpeg,acne_dataset,Acne,Acne
Acne/acne_dataset_pigmentation_0_4461.jpeg,acne_dataset,Acne,Acne
Acne/acne_dataset_pigmentation_0_3997.jpeg,acne_dataset,Acne,Acne
Acne/acne_dataset_pigmentation_0_2241.jpeg,acne_dataset,Acne,Acne
Acne/acne_dataset_pigmentation_0_6958.jpeg,acne_dataset,Acne,Acne
Acne/acne_dataset_362f516bc2be4f01904fb2950eb700f4.png,acne_dataset,Acne,Acne
Acne/acne_dataset_pigmentation_0_3756.jpeg,acne_dataset,Acne,Acne
Acne/acne_dataset_83avy6u56eh21.jpg,acne_dataset,Acne,Acne
Acne/acne_dataset_pigmentation_0_2006.jpeg,acne_dataset,Acne,Acne
Acne/acne_dataset_maxresdefault (2).jpg,acne_dataset,Acne,Acne
Acne/acne_dataset_OIP (22).jpg,acne_dataset,Acne,Acne
Acne/acne_dataset_GettyImages-112257731-596233cf5f9b583f180d1747.jpg,acne_dataset,Acne,Acne
Acne/acne_dataset_pigmentation_0_7373.jpeg,acne_dataset,Acne,Acne
Acne/acne_dataset_pigmentation_0_467.jpeg,acne_dataset,Acne,Acne
Acne/acne_dataset_pigmentation_0_937.jpeg,acne_dataset,Acne,Acne
Acne/acne_dataset_pigmentation_0_9649.jpeg,acne_dataset,Acne,Acne
Acne/acne_dataset_pigmentation_0_8496.jpeg,acne_dataset,Acne,Acne
Acne/acne_dataset_pigmentation_0_6937.jpeg,acne_dataset,Acne,Acne
Acne/acne_dataset_pigmentation_0_4817.jpeg,acne_dataset,Acne,Acne
Acne/acne_dataset_pigmentation_0_4374.jpeg,acne_dataset,Acne,Acne
Acne/acne_dataset_OIP (11).jpg,acne_dataset,Acne,Acne
Acne/acne_dataset_32-1536x615.png,acne_dataset,Acne,Acne
Acne/acne_dataset_R (5).jpg,acne_dataset,Acne,Acne
Acne/acne_dataset_pigmentation_0_4391.jpeg,acne_dataset,Acne,Acne
Acne/acne_dataset_acne-closed-comedo-71 - Copy.jpg,acne_dataset,Acne,Acne
Acne/acne_dataset_Petechial-rash7.jpg,acne_dataset,Acne,Acne
Acne/acne_dataset_pigmentation_0_2217.jpeg,acne_dataset,Acne,Acne
Acne/acne_dataset_pigmentation_0_5443.jpeg,acne_dataset,Acne,Acne
Acne/acne_dataset_pigmentation_0_3064.jpeg,acne_dataset,Acne,Acne
Acne/acne_dataset_pigmentation_0_1906.jpeg,acne_dataset,Acne,Acne
Acne/acne_dataset_Rosacea-2-Dr.-Ben-Barankin-4-e1417628132564-400x302.jpg,acne_dataset,Acne,Acne
Acne/acne_dataset_pigmentation_0_529.jpeg,acne_dataset,Acne,Acne
Acne/acne_dataset_acne-breakout-GettyImages-11679106231 - Copy.jpg,acne_dataset,Acne,Acne
Acne/acne_dataset_c96v1mk9aeq31.jpg,acne_dataset,Acne,Acne
Acne/acne_dataset_pigmentation_0_1968.jpeg,acne_dataset,Acne,Acne
Acne/acne_dataset_pigmentation_0_8349.jpeg,acne_dataset,Acne,Acne
Acne/acne_dataset_2058411.jpg,acne_dataset,Acne,Acne
Acne/acne_dataset_pigmentation_0_8927.jpeg,acne_dataset,Acne,Acne
Acne/acne_dataset_pigmentation_0_9453.jpeg,acne_dataset,Acne,Acne
Acne/acne_dataset_13 (1).jpg,acne_dataset,Acne,Acne
Acne/acne_dataset_23272101.jpg,acne_dataset,Acne,Acne
Acne/acne_dataset_pigmentation_0_1359.jpeg,acne_dataset,Acne,Acne
Acne/acne_dataset_pigmentation_0_7851.jpeg,acne_dataset,Acne,Acne
Acne/acne_dataset_pigmentation_0_7655.jpeg,acne_dataset,Acne,Acne
Acne/acne_dataset_article-2060572-0EC482B900000578-464_1024x615_large.jpg,acne_dataset,Acne,Acne
Acne/acne_dataset_C0384483-Acne_vulgaris.jpg,acne_dataset,Acne,Acne
Acne/acne_dataset_pigmentation_0_2190.jpeg,acne_dataset,Acne,Acne
Acne/acne_dataset_pigmentation_0_9346.jpeg,acne_dataset,Acne,Acne
Acne/acne_dataset_pigmentation_0_4973.jpeg,acne_dataset,Acne,Acne
Acne/acne_dataset_pigmentation_0_2423.jpeg,acne_dataset,Acne,Acne
Acne/acne_dataset_R (43).jpg,acne_dataset,Acne,Acne
Acne/acne_dataset_pigmentation_0_921.jpeg,acne_dataset,Acne,Acne
Acne/acne_dataset_8aeaf633edac569490f585bccd0ca64b1.jpg,acne_dataset,Acne,Acne
Acne/acne_dataset_R (39).jpg,acne_dataset,Acne,Acne
Acne/acne_dataset_pigmentation_0_2427.jpeg,acne_dataset,Acne,Acne
Acne/acne_dataset_pigmentation_0_2880.jpeg,acne_dataset,Acne,Acne
Acne/acne_dataset_pigmentation_0_8730.jpeg,acne_dataset,Acne,Acne
Acne/acne_dataset_pigmentation_0_269.jpeg,acne_dataset,Acne,Acne
Acne/acne_dataset_pigmentation_0_8713.jpeg,acne_dataset,Acne,Acne
Acne/acne_dataset_pigmentation_0_6208.jpeg,acne_dataset,Acne,Acne
Acne/acne_dataset_pigmentation_0_211.jpeg,acne_dataset,Acne,Acne
Acne/acne_dataset_pigmentation_0_7701.jpeg,acne_dataset,Acne,Acne
Acne/acne_dataset_OIP (4).jpg,acne_dataset,Acne,Acne
Acne/acne_dataset_acne-scar-rfmicroneedling-smoothbeam-vbeam-4500-18yo-caucasian-female-obliqueview2-after-6treatments-new-jersey.png,acne_dataset,Acne,Acne
Acne/acne_dataset_pigmentation_0_3917.jpeg,acne_dataset,Acne,Acne
Acne/acne_dataset_pigmentation_0_2136.jpeg,acne_dataset,Acne,Acne
Acne/acne_dataset_pigmentation_0_8523.jpeg,acne_dataset,Acne,Acne
Acne/acne_dataset_pigmentation_0_8092.jpeg,acne_dataset,Acne,Acne
Acne/acne_dataset_pigmentation_0_8591.jpeg,acne_dataset,Acne,Acne
Acne/acne_dataset_pigmentation_0_331.jpeg,acne_dataset,Acne,Acne
Acne/acne_dataset_pigmentation_0_4191.jpeg,acne_dataset,Acne,Acne
Acne/acne_dataset_pigmentation_0_2000.jpeg,acne_dataset,Acne,Acne
Acne/acne_dataset_2 (3).jpeg,acne_dataset,Acne,Acne
Acne/acne_dataset_pigmentation_0_3906.jpeg,acne_dataset,Acne,Acne
Acne/acne_dataset_pigmentation_0_1247.jpeg,acne_dataset,Acne,Acne
Acne/acne_dataset_pigmentation_0_7184.jpeg,acne_dataset,Acne,Acne
Acne/acne_dataset_2 (3)1.jpg,acne_dataset,Acne,Acne
Acne/acne_dataset_R (23).jpg,acne_dataset,Acne,Acne
Acne/acne_dataset_pigmentation_0_2337.jpeg,acne_dataset,Acne,Acne
Acne/acne_dataset_pigmentation_0_3779.jpeg,acne_dataset,Acne,Acne
Acne/acne_dataset_7.jpg,acne_dataset,Acne,Acne
Acne/acne_dataset_2 (1)11.png,acne_dataset,Acne,Acne
Acne/acne_dataset_pigmentation_0_5525.jpeg,acne_dataset,Acne,Acne
Acne/acne_dataset_pigmentation_0_6899.jpeg,acne_dataset,Acne,Acne
Acne/acne_dataset_acne_treatment_kaliterna11.jpg,acne_dataset,Acne,Acne
Acne/acne_dataset_pigmentation_0_8686.jpeg,acne_dataset,Acne,Acne
Acne/acne_dataset_pigmentation_0_848.jpeg,acne_dataset,Acne,Acne
Acne/acne_dataset_pigmentation_0_6541.jpeg,acne_dataset,Acne,Acne
Acne/acne_dataset_OIP (2).jpg,acne_dataset,Acne,Acne
Acne/acne_dataset_pigmentation_0_2658.jpeg,acne_dataset,Acne,Acne
Acne/acne_dataset_dsc02299.png,acne_dataset,Acne,Acne
Acne/acne_dataset_pigmentation_0_3128.jpeg,acne_dataset,Acne,Acne
Acne/acne_dataset_pigmentation_0_2947.jpeg,acne_dataset,Acne,Acne
Acne/acne_dataset_acne_0001_10731602084e470e78b7dfe-21 - Copy.jpg,acne_dataset,Acne,Acne
Acne/acne_dataset_pigmentation_0_97.jpeg,acne_dataset,Acne,Acne
Acne/acne_dataset_pigmentation_0_3867.jpeg,acne_dataset,Acne,Acne
Acne/acne_dataset_pigmentation_0_4970.jpeg,acne_dataset,Acne,Acne
Acne/acne_dataset_pigmentation_0_1728.jpeg,acne_dataset,Acne,Acne
Acne/acne_dataset_pigmentation_0_1275.jpeg,acne_dataset,Acne,Acne
Acne/acne_dataset_pigmentation_0_8194.jpeg,acne_dataset,Acne,Acne
Acne/acne_dataset_R (41).jpg,acne_dataset,Acne,Acne
Acne/acne_dataset_pigmentation_0_3730.jpeg,acne_dataset,Acne,Acne
Acne/acne_dataset_pigmentation_0_7741.jpeg,acne_dataset,Acne,Acne
Acne/acne_dataset_4755A9F700000578-5179985-Desperate_attempts_to_rid_herself_of_the_unsightly_pimples_have_-a-55_1513271096522.jpg,acne_dataset,Acne,Acne
Acne/acne_dataset_acne-pustulesandpapules-1593x2048.jpg,acne_dataset,Acne,Acne
Acne/acne_dataset_R (28).jpg,acne_dataset,Acne,Acne
Acne/acne_dataset_female-face-acne-skin-problem-young-woman-showing-her-face-acne-moles-dry-lips-teen-girl-no-make-up-red-spots-147023688.jpg,acne_dataset,Acne,Acne
Acne/acne_dataset_pigmentation_0_1476.jpeg,acne_dataset,Acne,Acne
Acne/acne_dataset_pigmentation_0_4563.jpeg,acne_dataset,Acne,Acne
Acne/acne_dataset_pigmentation_0_6127.jpeg,acne_dataset,Acne,Acne
Acne/acne_dataset_pigmentation_0_5496.jpeg,acne_dataset,Acne,Acne
Acne/acne_dataset_R (20).jpg,acne_dataset,Acne,Acne
Acne/acne_dataset_pigmentation_0_9193.jpeg,acne_dataset,Acne,Acne
Acne/acne_dataset_pigmentation_0_8260.jpeg,acne_dataset,Acne,Acne
Acne/acne_dataset_pigmentation_0_741.jpeg,acne_dataset,Acne,Acne
Acne/acne_dataset_pigmentation_0_1019.jpeg,acne_dataset,Acne,Acne
Acne/acne_dataset_20150721042601_primary.jpg,acne_dataset,Acne,Acne
Acne/acne_dataset_pigmentation_0_8458.jpeg,acne_dataset,Acne,Acne
Acne/acne_dataset_OIP.jpg,acne_dataset,Acne,Acne
Acne/acne_dataset_pigmentation_0_1135.jpeg,acne_dataset,Acne,Acne
Acne/acne_dataset_pigmentation_0_3291.jpeg,acne_dataset,Acne,Acne
Acne/acne_dataset_face with acne.jpg,acne_dataset,Acne,Acne
Acne/acne_dataset_pigmentation_0_7691.jpeg,acne_dataset,Acne,Acne
Acne/acne_dataset_pigmentation_0_2513.jpeg,acne_dataset,Acne,Acne
Acne/acne_dataset_pigmentation_0_8613.jpeg,acne_dataset,Acne,Acne
Acne/acne_dataset_pigmentation_0_2909.jpeg,acne_dataset,Acne,Acne
Acne/acne_dataset_pigmentation_0_7263.jpeg,acne_dataset,Acne,Acne
Acne/acne_dataset_pigmentation_0_6547.jpeg,acne_dataset,Acne,Acne
Acne/acne_dataset_26.jpg,acne_dataset,Acne,Acne
Acne/acne_dataset_pigmentation_0_7726.jpeg,acne_dataset,Acne,Acne
Acne/acne_dataset_gallery_174730_14272_301089.jpg,acne_dataset,Acne,Acne
Acne/acne_dataset_jko16nvn14061.png,acne_dataset,Acne,Acne
Acne/acne_dataset_pigmentation_0_9795.jpeg,acne_dataset,Acne,Acne
Acne/acne_dataset_2 (7).jpg,acne_dataset,Acne,Acne
Acne/acne_dataset_07Acne0811011.jpg,acne_dataset,Acne,Acne
Acne/acne_dataset_2 (1).png,acne_dataset,Acne,Acne
Acne/acne_dataset_pigmentation_0_3224.jpeg,acne_dataset,Acne,Acne
Acne/acne_dataset_2 (5).jpeg,acne_dataset,Acne,Acne
Acne/acne_dataset_pigmentation_0_5544.jpeg,acne_dataset,Acne,Acne
Acne/acne_dataset_pigmentation_0_3528.jpeg,acne_dataset,Acne,Acne
Acne/acne_dataset_R (32).jpg,acne_dataset,Acne,Acne
Acne/acne_dataset_pigmentation_0_4861.jpeg,acne_dataset,Acne,Acne
Acne/acne_dataset_pigmentation_0_3289.jpeg,acne_dataset,Acne,Acne
Acne/acne_dataset_Thirteen ways to remove acne scars quickly in one day.jpg,acne_dataset,Acne,Acne
Acne/acne_dataset_msb853j3wiv51.jpg,acne_dataset,Acne,Acne
Acne/acne_dataset_19280a95363d065b1dfbc654e2853029.jpg,acne_dataset,Acne,Acne
Acne/acne_dataset_2 (13)11.jpg,acne_dataset,Acne,Acne
Acne/acne_dataset_pigmentation_0_2300.jpeg,acne_dataset,Acne,Acne
Acne/acne_dataset_before-and-after-1603488659.jpg,acne_dataset,Acne,Acne
Acne/acne_dataset_pigmentation_0_6016.jpeg,acne_dataset,Acne,Acne
Acne/acne_dataset_pigmentation_0_1025.jpeg,acne_dataset,Acne,Acne
Acne/acne_dataset_pigmentation_0_5790.jpeg,acne_dataset,Acne,Acne
Acne/acne_dataset_pigmentation_0_7550.jpeg,acne_dataset,Acne,Acne
Acne/acne_dataset_pigmentation_0_5944.jpeg,acne_dataset,Acne,Acne
Acne/acne_dataset_19280a95363d065b1dfbc654e28530291 - Copy.jpg,acne_dataset,Acne,Acne
Acne/acne_dataset_pigmentation_0_2280.jpeg,acne_dataset,Acne,Acne
Acne/acne_dataset_pigmentation_0_5167.jpeg,acne_dataset,Acne,Acne
Acne/acne_dataset_pigmentation_0_7522.jpeg,acne_dataset,Acne,Acne
Acne/acne_dataset_pigmentation_0_7018.jpeg,acne_dataset,Acne,Acne
Acne/acne_dataset_acne (1)1 - Copy.jpg,acne_dataset,Acne,Acne
Acne/acne_dataset_pigmentation_0_4451.jpeg,acne_dataset,Acne,Acne
Acne/acne_dataset_pigmentation_0_6672.jpeg,acne_dataset,Acne,Acne
Acne/acne_dataset_54a279bcec5a872af278da1d9a9f7337--clear-skin-acne.jpg,acne_dataset,Acne,Acne
Acne/acne_dataset_a4adb9e50d8636f5ec9ce65269dd92f7.jpg,acne_dataset,Acne,Acne
Acne/acne_dataset_2 (1).jpg,acne_dataset,Acne,Acne
Acne/acne_dataset_pigmentation_0_8233.jpeg,acne_dataset,Acne,Acne
Acne/acne_dataset_gallery_59843_6647_31633.jpg,acne_dataset,Acne,Acne
Acne/acne_dataset_20150721042601_primary1 - Copy.jpg,acne_dataset,Acne,Acne
Acne/acne_dataset_pigmentation_0_1405.jpeg,acne_dataset,Acne,Acne
Acne/acne_dataset_R (2).png,acne_dataset,Acne,Acne
Acne/acne_dataset_527434_m1.jpg,acne_dataset,Acne,Acne
Acne/acne_dataset_gallery_483742_14314_59312.jpeg,acne_dataset,Acne,Acne
Acne/acne_dataset_pigmentation_0_2885.jpeg,acne_dataset,Acne,Acne
Acne/acne_dataset_pigmentation_0_2599.jpeg,acne_dataset,Acne,Acne
Acne/acne_dataset_pigmentation_0_5540.jpeg,acne_dataset,Acne,Acne
Acne/acne_dataset_7b5781acbf8cf3ef59928bf1fd56df9eC!r23ac1983a0274adecccb505518971ace1.jpg,acne_dataset,Acne,Acne
Acne/acne_dataset_pigmentation_0_5521.jpeg,acne_dataset,Acne,Acne
Acne/acne_dataset_pigmentation_0_2600.jpeg,acne_dataset,Acne,Acne
Acne/acne_dataset_pigmentation_0_4850.jpeg,acne_dataset,Acne,Acne
Acne/acne_dataset_pigmentation_0_9085.jpeg,acne_dataset,Acne,Acne
Acne/acne_dataset_uq3mypax59u51.png,acne_dataset,Acne,Acne
Acne/acne_dataset_R (38).jpg,acne_dataset,Acne,Acne
Acne/acne_dataset_pigmentation_0_5735.jpeg,acne_dataset,Acne,Acne
Acne/acne_dataset_20_before.jpg,acne_dataset,Acne,Acne
Acne/acne_dataset_2 (53)1 - Copy.jpg,acne_dataset,Acne,Acne
Acne/acne_dataset_1821.jpg,acne_dataset,Acne,Acne
Acne/acne_dataset_pigmentation_0_9461.jpeg,acne_dataset,Acne,Acne
Acne/acne_dataset_pigmentation_0_1629.jpeg,acne_dataset,Acne,Acne
Acne/acne_dataset_pigmentation_0_7720.jpeg,acne_dataset,Acne,Acne
Acne/acne_dataset_pigmentation_0_6289.jpeg,acne_dataset,Acne,Acne
Acne/acne_dataset_pigmentation_0_6844.jpeg,acne_dataset,Acne,Acne
Acne/acne_dataset_pigmentation_0_713.jpeg,acne_dataset,Acne,Acne
Acne/acne_dataset_pigmentation_0_9031.jpeg,acne_dataset,Acne,Acne
Acne/acne_dataset_pigmentation_0_1838.jpeg,acne_dataset,Acne,Acne
Acne/acne_dataset_pigmentation_0_9285.jpeg,acne_dataset,Acne,Acne
Acne/acne_dataset_Acne_rosacea_051.jpeg,acne_dataset,Acne,Acne
Acne/acne_dataset_pigmentation_0_3481.jpeg,acne_dataset,Acne,Acne
Acne/acne_dataset_bef3f1ce4c62b5e83dd56d4e1a6c9f16.jpg,acne_dataset,Acne,Acne
Acne/acne_dataset_IMG_20190708_023210.jpg.7232dbb2bd7459bc1f8ae066423aa7a4.jpg,acne_dataset,Acne,Acne
Acne/acne_dataset_pigmentation_0_1724.jpeg,acne_dataset,Acne,Acne
Acne/acne_dataset_acnescar-face_right.png,acne_dataset,Acne,Acne
Acne/acne_dataset_OIP (32).jpg,acne_dataset,Acne,Acne
Acne/acne_dataset_gallery_438857_14052_2182.jpg,acne_dataset,Acne,Acne
Acne/acne_dataset_pigmentation_0_1314.jpeg,acne_dataset,Acne,Acne
Acne/acne_dataset_pigmentation_0_1876.jpeg,acne_dataset,Acne,Acne
Acne/acne_dataset_pigmentation_0_5996.jpeg,acne_dataset,Acne,Acne
Acne/acne_dataset_2 (1)11.jpg,acne_dataset,Acne,Acne
Acne/acne_dataset_pigmentation_0_3483.jpeg,acne_dataset,Acne,Acne
Acne/acne_dataset_pigmentation_0_5867.jpeg,acne_dataset,Acne,Acne
Acne/acne_dataset_pigmentation_0_39.jpeg,acne_dataset,Acne,Acne
Acne/acne_dataset_pigmentation_0_7591.jpeg,acne_dataset,Acne,Acne
Acne/acne_dataset_5.jpg,acne_dataset,Acne,Acne
Acne/acne_dataset_30.jpg,acne_dataset,Acne,Acne
Acne/acne_dataset_pigmentation_0_1468.jpeg,acne_dataset,Acne,Acne
Acne/acne_dataset_pigmentation_0_6021.jpeg,acne_dataset,Acne,Acne
Acne/acne_dataset_07SteroidPerioral11.jpg,acne_dataset,Acne,Acne
Acne/acne_dataset_Science-of-Skin-Results-06_fbf8d7b87c77f42b5c48204b0eaea5d8.png,acne_dataset,Acne,Acne
Acne/acne_dataset_pigmentation_0_2209.jpeg,acne_dataset,Acne,Acne
Acne/acne_dataset_pigmentation_0_4508.jpeg,acne_dataset,Acne,Acne
Acne/acne_dataset_pigmentation_0_3386.jpeg,acne_dataset,Acne,Acne
Acne/acne_dataset_pigmentation_0_3020.jpeg,acne_dataset,Acne,Acne
Acne/acne_dataset_pigmentation_0_782.jpeg,acne_dataset,Acne,Acne
Acne/acne_dataset_pigmentation_0_7417.jpeg,acne_dataset,Acne,Acne
Acne/acne_dataset_pigmentation_0_8358.jpeg,acne_dataset,Acne,Acne
Acne/acne_dataset_pigmentation_0_9854.jpeg,acne_dataset,Acne,Acne
Acne/acne_dataset_pigmentation_0_2154.jpeg,acne_dataset,Acne,Acne
Acne/acne_dataset_362f516bc2be4f01904fb2950eb700f41.png,acne_dataset,Acne,Acne
Acne/acne_dataset_pigmentation_0_7238.jpeg,acne_dataset,Acne,Acne
Acne/acne_dataset_pigmentation_0_2363.jpeg,acne_dataset,Acne,Acne
Acne/acne_dataset_pigmentation_0_9248.jpeg,acne_dataset,Acne,Acne
Acne/acne_dataset_pigmentation_0_7919.jpeg,acne_dataset,Acne,Acne
Acne/acne_dataset_pigmentation_0_7404.jpeg,acne_dataset,Acne,Acne
Acne/acne_dataset_before-after-acne-treatment.jpg,acne_dataset,Acne,Acne
Acne/acne_dataset_red-spots-on-skin-facial-rashes.jpg,acne_dataset,Acne,Acne
Acne/acne_dataset_ok-8-1024x576.jpg,acne_dataset,Acne,Acne
Acne/acne_dataset_pigmentation_0_6418.jpeg,acne_dataset,Acne,Acne
Acne/acne_dataset_pigmentation_0_1450.jpeg,acne_dataset,Acne,Acne
Acne/acne_dataset_Black-Ice-Pick-scarring.png,acne_dataset,Acne,Acne
Acne/acne_dataset_353492fd44963e8f0f4e7ea4697aed7e1 - Copy.jpg,acne_dataset,Acne,Acne
Acne/acne_dataset_pigmentation_0_1601.jpeg,acne_dataset,Acne,Acne
Acne/acne_dataset_pigmentation_0_6859.jpeg,acne_dataset,Acne,Acne
Acne/acne_dataset_gallery_220146_13338_268656.jpg,acne_dataset,Acne,Acne
Acne/acne_dataset_pigmentation_0_4882.jpeg,acne_dataset,Acne,Acne
Acne/acne_dataset_16.jpg,acne_dataset,Acne,Acne
Acne/acne_dataset_pigmentation_0_1801.jpeg,acne_dataset,Acne,Acne
Acne/acne_dataset_F000315u031-003-9780323080798.jpg,acne_dataset,Acne,Acne
Acne/acne_dataset_pigmentation_0_3379.jpeg,acne_dataset,Acne,Acne
Acne/acne_dataset_pigmentation_0_6569.jpeg,acne_dataset,Acne,Acne
Acne/acne_dataset_pigmentation_0_7493.jpeg,acne_dataset,Acne,Acne
Acne/acne_dataset_pigmentation_0_3791.jpeg,acne_dataset,Acne,Acne
Acne/acne_dataset_coj7k6re1f021.png,acne_dataset,Acne,Acne
Acne/acne_dataset_2 (13)111.jpeg,acne_dataset,Acne,Acne
Acne/acne_dataset_pigmentation_0_4999.jpeg,acne_dataset,Acne,Acne
Acne/acne_dataset_acne-treatment-02.jpg,acne_dataset,Acne,Acne
Acne/acne_dataset_pigmentation_0_2506.jpeg,acne_dataset,Acne,Acne
Acne/acne_dataset_C0024056-Acne_vulgaris.jpg,acne_dataset,Acne,Acne
Acne/acne_dataset_pigmentation_0_7021.jpeg,acne_dataset,Acne,Acne
Acne/acne_dataset_acne-closed-comedo-11 - Copy.jpg,acne_dataset,Acne,Acne
Acne/acne_dataset_IMG_0043.JPG.70f9dc7d17dcdf8dbb055d4013e94831.jpg,acne_dataset,Acne,Acne
Acne/acne_dataset_pigmentation_0_9933.jpeg,acne_dataset,Acne,Acne
Acne/acne_dataset_pigmentation_0_8691.jpeg,acne_dataset,Acne,Acne
Acne/acne_dataset_13.jpg,acne_dataset,Acne,Acne
Acne/acne_dataset_pigmentation_0_7904.jpeg,acne_dataset,Acne,Acne
Acne/acne_dataset_pigmentation_0_369.jpeg,acne_dataset,Acne,Acne
Acne/acne_dataset_pigmentation_0_3836.jpeg,acne_dataset,Acne,Acne
Acne/acne_dataset_pigmentation_0_263.jpeg,acne_dataset,Acne,Acne
Acne/acne_dataset_pigmentation_0_5270.jpeg,acne_dataset,Acne,Acne
Acne/acne_dataset_pigmentation_0_7651.jpeg,acne_dataset,Acne,Acne
Acne/acne_dataset_07AcnePittedScars1.jpg,acne_dataset,Acne,Acne
Acne/acne_dataset_2 (3)1.jpeg,acne_dataset,Acne,Acne
Acne/acne_dataset_pigmentation_0_1537.jpeg,acne_dataset,Acne,Acne
Acne/acne_dataset_pigmentation_0_6846.jpeg,acne_dataset,Acne,Acne
Acne/acne_dataset_NoniSoap2.jpg,acne_dataset,Acne,Acne
Acne/acne_dataset_acne-closed-comedo-81 - Copy.jpg,acne_dataset,Acne,Acne
Acne/acne_dataset_pigmentation_0_6528.jpeg,acne_dataset,Acne,Acne
Acne/acne_dataset_pigmentation_0_9106.jpeg,acne_dataset,Acne,Acne
Acne/acne_dataset_IMG_2145-1.jpg,acne_dataset,Acne,Acne
Acne/acne_dataset_image.jpg.6c7b19523bdd5a48c8fca69fcd0edf2d.jpg,acne_dataset,Acne,Acne
Acne/acne_dataset_pigmentation_0_9804.jpeg,acne_dataset,Acne,Acne
Acne/acne_dataset_pigmentation_0_5432.jpeg,acne_dataset,Acne,Acne
Acne/acne_dataset_pigmentation_0_7722.jpeg,acne_dataset,Acne,Acne
Acne/acne_dataset_pigmentation_0_1101.jpeg,acne_dataset,Acne,Acne
Acne/acne_dataset_Active-Acne-Treatment3.jpg,acne_dataset,Acne,Acne
Acne/acne_dataset_pigmentation_0_8087.jpeg,acne_dataset,Acne,Acne
Acne/acne_dataset_7e7bc824b57675c0ccea09d48a46f0381.jpg,acne_dataset,Acne,Acne
Acne/acne_dataset_pigmentation_0_6343.jpeg,acne_dataset,Acne,Acne
Acne/acne_dataset_2 (51).jpg,acne_dataset,Acne,Acne
Acne/acne_dataset_pigmentation_0_1364.jpeg,acne_dataset,Acne,Acne
Acne/acne_dataset_pigmentation_0_7754.jpeg,acne_dataset,Acne,Acne
Acne/acne_dataset_pigmentation_0_291.jpeg,acne_dataset,Acne,Acne
Acne/acne_dataset_pigmentation_0_4921.jpeg,acne_dataset,Acne,Acne
Acne/acne_dataset_pigmentation_0_6712.jpeg,acne_dataset,Acne,Acne
Acne/acne_dataset_pigmentation_0_8649.jpeg,acne_dataset,Acne,Acne
Acne/acne_dataset_pigmentation_0_7652.jpeg,acne_dataset,Acne,Acne
Acne/acne_dataset_pigmentation_0_7799.jpeg,acne_dataset,Acne,Acne
Acne/acne_dataset_pigmentation_0_1342.jpeg,acne_dataset,Acne,Acne
Acne/acne_dataset_2 (13)1.jpeg,acne_dataset,Acne,Acne
Acne/acne_dataset_pigmentation_0_5916.jpeg,acne_dataset,Acne,Acne
Acne/acne_dataset_pigmentation_0_4447.jpeg,acne_dataset,Acne,Acne
Acne/acne_dataset_pigmentation_0_8063.jpeg,acne_dataset,Acne,Acne
Acne/acne_dataset_pigmentation_0_1400.jpeg,acne_dataset,Acne,Acne
Acne/acne_dataset_pigmentation_0_2772.jpeg,acne_dataset,Acne,Acne
Acne/acne_dataset_pigmentation_0_8249.jpeg,acne_dataset,Acne,Acne
Acne/acne_dataset_pigmentation_0_6014.jpeg,acne_dataset,Acne,Acne
Acne/acne_dataset_21.png,acne_dataset,Acne,Acne
Acne/acne_dataset_pigmentation_0_5751.jpeg,acne_dataset,Acne,Acne
Acne/acne_dataset_pigmentation_0_2543.jpeg,acne_dataset,Acne,Acne
Acne/acne_dataset_pigmentation_0_9154.jpeg,acne_dataset,Acne,Acne
Acne/acne_dataset_pigmentation_0_8096.jpeg,acne_dataset,Acne,Acne
Acne/acne_dataset_pigmentation_0_3231.jpeg,acne_dataset,Acne,Acne
Acne/acne_dataset_ISS_20309_29682-copy-2-2048x1365.jpg,acne_dataset,Acne,Acne
Acne/acne_dataset_pigmentation_0_1180.jpeg,acne_dataset,Acne,Acne
Acne/acne_dataset_pigmentation_0_1017.jpeg,acne_dataset,Acne,Acne
Acne/acne_dataset_pigmentation_0_3069.jpeg,acne_dataset,Acne,Acne
Acne/acne_dataset_pigmentation_0_6183.jpeg,acne_dataset,Acne,Acne
Acne/acne_dataset_18.jpg,acne_dataset,Acne,Acne
Acne/acne_dataset_pigmentation_0_6837.jpeg,acne_dataset,Acne,Acne
Acne/acne_dataset_pigmentation_0_1920.jpeg,acne_dataset,Acne,Acne
Acne/acne_dataset_pigmentation_0_3081.jpeg,acne_dataset,Acne,Acne
Acne/acne_dataset_pigmentation_0_9234.jpeg,acne_dataset,Acne,Acne
Acne/acne_dataset_pigmentation_0_3669.jpeg,acne_dataset,Acne,Acne
Acne/acne_dataset_pigmentation_0_2087.jpeg,acne_dataset,Acne,Acne
Acne/acne_dataset_pigmentation_0_1575.jpeg,acne_dataset,Acne,Acne
Acne/acne_dataset_pigmentation_0_6830.jpeg,acne_dataset,Acne,Acne
Acne/acne_dataset_pigmentation_0_961.jpeg,acne_dataset,Acne,Acne
Acne/acne_dataset_pigmentation_0_7469.jpeg,acne_dataset,Acne,Acne
Acne/acne_dataset_pigmentation_0_7413.jpeg,acne_dataset,Acne,Acne
Acne/acne_dataset_pigmentation_0_5577.jpeg,acne_dataset,Acne,Acne
Acne/acne_dataset_pigmentation_0_6769.jpeg,acne_dataset,Acne,Acne
Acne/acne_dataset_pigmentation_0_2812.jpeg,acne_dataset,Acne,Acne
Acne/acne_dataset_R (19).jpg,acne_dataset,Acne,Acne
Acne/acne_dataset_pigmentation_0_4360.jpeg,acne_dataset,Acne,Acne
Acne/acne_dataset_F2.png,acne_dataset,Acne,Acne
Acne/acne_dataset_pigmentation_0_2782.jpeg,acne_dataset,Acne,Acne
Acne/acne_dataset_pigmentation_0_7295.jpeg,acne_dataset,Acne,Acne
Acne/acne_dataset_pigmentation_0_7568.jpeg,acne_dataset,Acne,Acne
Acne/acne_dataset_f297fe78c11b78d8907dceea58a45e41.jpg,acne_dataset,Acne,Acne
Acne/acne_dataset_pigmentation_0_3665.jpeg,acne_dataset,Acne,Acne
Acne/acne_dataset_acne02bf-21.jpg,acne_dataset,Acne,Acne
Acne/acne_dataset_pigmentation_0_8508.jpeg,acne_dataset,Acne,Acne
Acne/acne_dataset_pigmentation_0_3603.jpeg,acne_dataset,Acne,Acne
Acne/acne_dataset_pigmentation_0_9437.jpeg,acne_dataset,Acne,Acne
Acne/acne_dataset_4A5DA7F500000578-5522003-Amy_who_battled_her_erupting_skin_for_15_years_says_doctors_dism-a-26_15215419581041 - Copy.jpg,acne_dataset,Acne,Acne
Acne/acne_dataset_0_Skin.jpg,acne_dataset,Acne,Acne
Acne/acne_dataset_pigmentation_0_7232.jpeg,acne_dataset,Acne,Acne
Acne/acne_dataset_pigmentation_0_1929.jpeg,acne_dataset,Acne,Acne
Acne/acne_dataset_pigmentation_0_5511.jpeg,acne_dataset,Acne,Acne
Acne/acne_dataset_mkb737oqpro51.jpg,acne_dataset,Acne,Acne
Acne/acne_dataset_pigmentation_0_957.jpeg,acne_dataset,Acne,Acne
Acne/acne_dataset_C0031318-Cystic_acne.jpg,acne_dataset,Acne,Acne
Acne/acne_dataset_u06kz58buhi11.png,acne_dataset,Acne,Acne
Acne/acne_dataset_pigmentation_0_7042.jpeg,acne_dataset,Acne,Acne
Acne/acne_dataset_pigmentation_0_161.jpeg,acne_dataset,Acne,Acne
Acne/acne_dataset_22.png,acne_dataset,Acne,Acne
Acne/acne_dataset_pigmentation_0_3887.jpeg,acne_dataset,Acne,Acne
Acne/acne_dataset_pigmentation_0_9993.jpeg,acne_dataset,Acne,Acne
Acne/acne_dataset_pigmentation_0_2576.jpeg,acne_dataset,Acne,Acne
Acne/acne_dataset_pigmentation_0_5743.jpeg,acne_dataset,Acne,Acne
Acne/acne_dataset_pigmentation_0_8586.jpeg,acne_dataset,Acne,Acne
Acne/acne_dataset_pigmentation_0_3407.jpeg,acne_dataset,Acne,Acne
Acne/acne_dataset_pigmentation_0_8937.jpeg,acne_dataset,Acne,Acne
Acne/acne_dataset_2 (8).jpeg,acne_dataset,Acne,Acne
Acne/acne_dataset_pigmentation_0_785.jpeg,acne_dataset,Acne,Acne
Acne/acne_dataset_pigmentation_0_71.jpeg,acne_dataset,Acne,Acne
Acne/acne_dataset_uaxnc5tsay351.jpg,acne_dataset,Acne,Acne
Acne/acne_dataset_pigmentation_0_789.jpeg,acne_dataset,Acne,Acne
Acne/acne_dataset_pigmentation_0_3190.jpeg,acne_dataset,Acne,Acne
Acne/acne_dataset_pigmentation_0_6650.jpeg,acne_dataset,Acne,Acne
Acne/acne_dataset_pigmentation_0_3431.jpeg,acne_dataset,Acne,Acne
Acne/acne_dataset_20.jpeg,acne_dataset,Acne,Acne
Acne/acne_dataset_pigmentation_0_9593.jpeg,acne_dataset,Acne,Acne
Acne/acne_dataset_pigmentation_0_5313.jpeg,acne_dataset,Acne,Acne
Acne/acne_dataset_pigmentation_0_8205.jpeg,acne_dataset,Acne,Acne
Acne/acne_dataset_pigmentation_0_8041.jpeg,acne_dataset,Acne,Acne
Acne/acne_dataset_pigmentation_0_7917.jpeg,acne_dataset,Acne,Acne
Acne/acne_dataset_pigmentation_0_57.jpeg,acne_dataset,Acne,Acne
Acne/acne_dataset_pigmentation_0_3608.jpeg,acne_dataset,Acne,Acne
Acne/acne_dataset_pigmentation_0_5230.jpeg,acne_dataset,Acne,Acne
Acne/acne_dataset_pigmentation_0_5536.jpeg,acne_dataset,Acne,Acne
Acne/acne_dataset_pigmentation_0_960.jpeg,acne_dataset,Acne,Acne
Acne/acne_dataset_pigmentation_0_2696.jpeg,acne_dataset,Acne,Acne
Acne/acne_dataset_pigmentation_0_3893.jpeg,acne_dataset,Acne,Acne
Acne/acne_dataset_tumblr_ov7rm75Zwo1wuhvt8o1_640.jpg,acne_dataset,Acne,Acne
Acne/acne_dataset_pigmentation_0_9775.jpeg,acne_dataset,Acne,Acne
Acne/acne_dataset_pigmentation_0_6836.jpeg,acne_dataset,Acne,Acne
Acne/acne_dataset_pigmentation_0_178.jpeg,acne_dataset,Acne,Acne
Acne/acne_dataset_1rlnayp9x3n21111.png,acne_dataset,Acne,Acne
Acne/acne_dataset_pigmentation_0_7248.jpeg,acne_dataset,Acne,Acne
Acne/acne_dataset_img_4942.png,acne_dataset,Acne,Acne
Acne/acne_dataset_10_Skin11.jpg,acne_dataset,Acne,Acne
Acne/acne_dataset_752kd5y464t011.jpg,acne_dataset,Acne,Acne
Acne/acne_dataset_pigmentation_0_290.jpeg,acne_dataset,Acne,Acne
Acne/acne_dataset_pigmentation_0_7896.jpeg,acne_dataset,Acne,Acne
Acne/acne_dataset_pigmentation_0_7431.jpeg,acne_dataset,Acne,Acne
Acne/acne_dataset_acne-scarring-300x300.jpg,acne_dataset,Acne,Acne
Acne/acne_dataset_pigmentation_0_4366.jpeg,acne_dataset,Acne,Acne
Acne/acne_dataset_pigmentation_0_7169.jpeg,acne_dataset,Acne,Acne
Acne/acne_dataset_pigmentation_0_6965.jpeg,acne_dataset,Acne,Acne
Acne/acne_dataset_pigmentation_0_2298.jpeg,acne_dataset,Acne,Acne
Acne/acne_dataset_pigmentation_0_4919.jpeg,acne_dataset,Acne,Acne
Acne/acne_dataset_pigmentation_0_6984.jpeg,acne_dataset,Acne,Acne
Acne/acne_dataset_pigmentation_0_9653.jpeg,acne_dataset,Acne,Acne
Acne/acne_dataset_pigmentation_0_3490.jpeg,acne_dataset,Acne,Acne
Acne/acne_dataset_R (10).jpg,acne_dataset,Acne,Acne
Acne/acne_dataset_pigmentation_0_1596.jpeg,acne_dataset,Acne,Acne
Acne/acne_dataset_pigmentation_0_4752.jpeg,acne_dataset,Acne,Acne
Acne/acne_dataset_pigmentation_0_6175.jpeg,acne_dataset,Acne,Acne
Acne/acne_dataset_pigmentation_0_217.jpeg,acne_dataset,Acne,Acne
Acne/acne_dataset_pigmentation_0_9317.jpeg,acne_dataset,Acne,Acne
Acne/acne_dataset_MDRUMF_Authentically_Spotty-1-1068x1431.jpg,acne_dataset,Acne,Acne
Acne/acne_dataset_pigmentation_0_5002.jpeg,acne_dataset,Acne,Acne
Acne/acne_dataset_pigmentation_0_5275.jpeg,acne_dataset,Acne,Acne
Acne/acne_dataset_40_19hJvhBaJyf8eJwT_.jpg,acne_dataset,Acne,Acne
Acne/acne_dataset_pigmentation_0_1608.jpeg,acne_dataset,Acne,Acne
Acne/acne_dataset_Before.jpg,acne_dataset,Acne,Acne
Acne/acne_dataset_R (14).jpg,acne_dataset,Acne,Acne
Acne/acne_dataset_pigmentation_0_5144.jpeg,acne_dataset,Acne,Acne
Acne/acne_dataset_8aeaf633edac569490f585bccd0ca64b.jpg,acne_dataset,Acne,Acne
Acne/acne_dataset_R (37).jpg,acne_dataset,Acne,Acne
Acne/acne_dataset_pigmentation_0_2694.jpeg,acne_dataset,Acne,Acne
Acne/acne_dataset_pigmentation_0_9932.jpeg,acne_dataset,Acne,Acne
Acne/acne_dataset_pigmentation_0_5440.jpeg,acne_dataset,Acne,Acne
Acne/acne_dataset_R (35).jpg,acne_dataset,Acne,Acne
Acne/acne_dataset_post-370921-0-39350300-1389608977.jpg,acne_dataset,Acne,Acne
Acne/acne_dataset_How-I-Cleared-My-Acne.png,acne_dataset,Acne,Acne
Acne/acne_dataset_17a4d1a917e5faa9f2675ebd83e52679.jpg,acne_dataset,Acne,Acne
Acne/acne_dataset_pigmentation_0_7964.jpeg,acne_dataset,Acne,Acne
Acne/acne_dataset_pigmentation_0_5229.jpeg,acne_dataset,Acne,Acne
Acne/acne_dataset_pigmentation_0_2103.jpeg,acne_dataset,Acne,Acne
Acne/acne_dataset_pigmentation_0_6608.jpeg,acne_dataset,Acne,Acne
Acne/acne_dataset_pigmentation_0_1708.jpeg,acne_dataset,Acne,Acne
Acne/acne_dataset_pigmentation_0_7302.jpeg,acne_dataset,Acne,Acne
Acne/acne_dataset_gallery_205163_12842_79008.jpg,acne_dataset,Acne,Acne
Acne/acne_dataset_pigmentation_0_9125.jpeg,acne_dataset,Acne,Acne
Acne/acne_dataset_R (30).jpg,acne_dataset,Acne,Acne
Acne/acne_dataset_pigmentation_0_2341.jpeg,acne_dataset,Acne,Acne
Acne/acne_dataset_pigmentation_0_948.jpeg,acne_dataset,Acne,Acne
Acne/acne_dataset_pigmentation_0_1197.jpeg,acne_dataset,Acne,Acne
Acne/acne_dataset_pigmentation_0_635.jpeg,acne_dataset,Acne,Acne
Acne/acne_dataset_pigmentation_0_5183.jpeg,acne_dataset,Acne,Acne
Acne/acne_dataset_pigmentation_0_7008.jpeg,acne_dataset,Acne,Acne
Acne/acne_dataset_pigmentation_0_7516.jpeg,acne_dataset,Acne,Acne
Acne/acne_dataset_pigmentation_0_2101.jpeg,acne_dataset,Acne,Acne
Acne/acne_dataset_pigmentation_0_5010.jpeg,acne_dataset,Acne,Acne
Acne/acne_dataset_OIP (28).jpg,acne_dataset,Acne,Acne
Acne/acne_dataset_pigmentation_0_4762.jpeg,acne_dataset,Acne,Acne
Acne/acne_dataset_pigmentation_0_8955.jpeg,acne_dataset,Acne,Acne
Acne/acne_dataset_Screenshot-2020-12-10-at-12.00.01-PM.png,acne_dataset,Acne,Acne
Acne/acne_dataset_pigmentation_0_1889.jpeg,acne_dataset,Acne,Acne
Acne/acne_dataset_pigmentation_0_9061.jpeg,acne_dataset,Acne,Acne
Acne/acne_dataset_pigmentation_0_4034.jpeg,acne_dataset,Acne,Acne
Acne/acne_dataset_pigmentation_0_1893.jpeg,acne_dataset,Acne,Acne
Acne/acne_dataset_pigmentation_0_9473.jpeg,acne_dataset,Acne,Acne
Acne/acne_dataset_pigmentation_0_2199.jpeg,acne_dataset,Acne,Acne
Acne/acne_dataset_pigmentation_0_8859.jpeg,acne_dataset,Acne,Acne
Acne/acne_dataset_acne-visual-dictionary-s11-severe-nodulocystic-acne.jpg,acne_dataset,Acne,Acne
Acne/acne_dataset_14.jpg,acne_dataset,Acne,Acne
Acne/acne_dataset_pigmentation_0_6678.jpeg,acne_dataset,Acne,Acne
Acne/acne_dataset_pigmentation_0_2650.jpeg,acne_dataset,Acne,Acne
Acne/acne_dataset_pigmentation_0_4516.jpeg,acne_dataset,Acne,Acne
Acne/acne_dataset_pigmentation_0_1281.jpeg,acne_dataset,Acne,Acne
Acne/acne_dataset_9.jpg,acne_dataset,Acne,Acne
Acne/acne_dataset_pigmentation_0_2993.jpeg,acne_dataset,Acne,Acne
Acne/acne_dataset_pigmentation_0_5006.jpeg,acne_dataset,Acne,Acne
Acne/acne_dataset_pigmentation_0_5604.jpeg,acne_dataset,Acne,Acne
Acne/acne_dataset_OIP (16).jpg,acne_dataset,Acne,Acne
Acne/acne_dataset_pigmentation_0_5747.jpeg,acne_dataset,Acne,Acne
Acne/acne_dataset_pigmentation_0_5997.jpeg,acne_dataset,Acne,Acne
Acne/acne_dataset_pigmentation_0_1038.jpeg,acne_dataset,Acne,Acne
Acne/acne_dataset_pigmentation_0_9554.jpeg,acne_dataset,Acne,Acne
Acne/acne_dataset_2 (54)1.jpg,acne_dataset,Acne,Acne
Acne/acne_dataset_pigmentation_0_9919.jpeg,acne_dataset,Acne,Acne
Acne/acne_dataset_pigmentation_0_1385.jpeg,acne_dataset,Acne,Acne
Acne/acne_dataset_pigmentation_0_135.jpeg,acne_dataset,Acne,Acne
Acne/acne_dataset_pigmentation_0_6441.jpeg,acne_dataset,Acne,Acne
Acne/acne_dataset_pigmentation_0_6078.jpeg,acne_dataset,Acne,Acne
Acne/acne_dataset_Bells-Palsy-1.jpg,acne_dataset,Acne,Acne
Acne/acne_dataset_pigmentation_0_1656.jpeg,acne_dataset,Acne,Acne
Acne/acne_dataset_pigmentation_0_9273.jpeg,acne_dataset,Acne,Acne
Acne/acne_dataset_pigmentation_0_2366.jpeg,acne_dataset,Acne,Acne
Acne/acne_dataset_pigmentation_0_6004.jpeg,acne_dataset,Acne,Acne
Acne/acne_dataset_pigmentation_0_8739.jpeg,acne_dataset,Acne,Acne
Acne/acne_dataset_pigmentation_0_4629.jpeg,acne_dataset,Acne,Acne
Acne/acne_dataset_pigmentation_0_5557.jpeg,acne_dataset,Acne,Acne
Acne/acne_dataset_OIP (15).jpg,acne_dataset,Acne,Acne
Acne/acne_dataset_pigmentation_0_797.jpeg,acne_dataset,Acne,Acne
Acne/acne_dataset_pigmentation_0_5039.jpeg,acne_dataset,Acne,Acne
Acne/acne_dataset_pigmentation_0_3062.jpeg,acne_dataset,Acne,Acne
Acne/acne_dataset_pigmentation_0_2868.jpeg,acne_dataset,Acne,Acne
Acne/acne_dataset_pigmentation_0_1962.jpeg,acne_dataset,Acne,Acne
Acne/acne_dataset_pigmentation_0_7430.jpeg,acne_dataset,Acne,Acne
Acne/acne_dataset_pigmentation_0_9828.jpeg,acne_dataset,Acne,Acne
Acne/acne_dataset_2 (5)1.jpg,acne_dataset,Acne,Acne
Acne/acne_dataset_IMG_0223.jpg,acne_dataset,Acne,Acne
Acne/acne_dataset_pigmentation_0_1945.jpeg,acne_dataset,Acne,Acne
Acne/acne_dataset_pigmentation_0_7920.jpeg,acne_dataset,Acne,Acne
Acne/acne_dataset_OIP (8).jpg,acne_dataset,Acne,Acne
Acne/acne_dataset_IMG_3554.JPG.f4bf444684be38571736983531eaafdf.jpg,acne_dataset,Acne,Acne
Acne/acne_dataset_pigmentation_0_9431.jpeg,acne_dataset,Acne,Acne
Acne/acne_dataset_R (26).jpg,acne_dataset,Acne,Acne
Acne/acne_dataset_pigmentation_0_8685.jpeg,acne_dataset,Acne,Acne
Acne/acne_dataset_pigmentation_0_6734.jpeg,acne_dataset,Acne,Acne
Acne/acne_dataset_32212176-8650569-image-a-10_15980021426351.jpg,acne_dataset,Acne,Acne
Acne/acne_dataset_pigmentation_0_4928.jpeg,acne_dataset,Acne,Acne
Acne/acne_dataset_pigmentation_0_9229.jpeg,acne_dataset,Acne,Acne
Acne/acne_dataset_pigmentation_0_6350.jpeg,acne_dataset,Acne,Acne
Acne/acne_dataset_pigmentation_0_3018.jpeg,acne_dataset,Acne,Acne
Acne/acne_dataset_pigmentation_0_5488.jpeg,acne_dataset,Acne,Acne
Acne/acne_dataset_pigmentation_0_3579.jpeg,acne_dataset,Acne,Acne
Acne/acne_dataset_pigmentation_0_8556.jpeg,acne_dataset,Acne,Acne
Acne/acne_dataset_pigmentation_0_9172.jpeg,acne_dataset,Acne,Acne
Acne/acne_dataset_pigmentation_0_8277.jpeg,acne_dataset,Acne,Acne
Acne/acne_dataset_2 (52).jpg,acne_dataset,Acne,Acne
Acne/acne_dataset_pigmentation_0_3151.jpeg,acne_dataset,Acne,Acne
Acne/acne_dataset_C0018492-Acne.jpg,acne_dataset,Acne,Acne
Acne/acne_dataset_pigmentation_0_4389.jpeg,acne_dataset,Acne,Acne
Acne/acne_dataset_pigmentation_0_3184.jpeg,acne_dataset,Acne,Acne
Acne/acne_dataset_pigmentation_0_6440.jpeg,acne_dataset,Acne,Acne
Acne/acne_dataset_pigmentation_0_6097.jpeg,acne_dataset,Acne,Acne
Acne/acne_dataset_pigmentation_0_3314.jpeg,acne_dataset,Acne,Acne
Acne/acne_dataset_pigmentation_0_1051.jpeg,acne_dataset,Acne,Acne
Acne/acne_dataset_pigmentation_0_2538.jpeg,acne_dataset,Acne,Acne
Acne/acne_dataset_pigmentation_0_3358.jpeg,acne_dataset,Acne,Acne
Acne/acne_dataset_pigmentation_0_383.jpeg,acne_dataset,Acne,Acne
Acne/acne_dataset_pigmentation_0_2633.jpeg,acne_dataset,Acne,Acne
Acne/acne_dataset_pigmentation_0_8930.jpeg,acne_dataset,Acne,Acne
Acne/acne_dataset_2 (8)11.jpeg,acne_dataset,Acne,Acne
Acne/acne_dataset_pigmentation_0_4361.jpeg,acne_dataset,Acne,Acne
Acne/acne_dataset_pigmentation_0_5284.jpeg,acne_dataset,Acne,Acne
Acne/acne_dataset_pigmentation_0_2807.jpeg,acne_dataset,Acne,Acne
Acne/acne_dataset_M1080367-Acne_vulgaris_on_cheek_of_14_year-old_boy.jpg,acne_dataset,Acne,Acne
Acne/acne_dataset_2 (12)1.jpeg,acne_dataset,Acne,Acne
Acne/acne_dataset_pigmentation_0_6938.jpeg,acne_dataset,Acne,Acne
Acne/acne_dataset_pigmentation_0_858.jpeg,acne_dataset,Acne,Acne
Acne/acne_dataset_b-a3_mobile_109883_b.jpg,acne_dataset,Acne,Acne
Acne/acne_dataset_GettyImages-552992761_thumb.jpg,acne_dataset,Acne,Acne
Acne/acne_dataset_pigmentation_0_8548.jpeg,acne_dataset,Acne,Acne
Acne/acne_dataset_pigmentation_0_7626.jpeg,acne_dataset,Acne,Acne
Acne/acne_dataset_pigmentation_0_4996.jpeg,acne_dataset,Acne,Acne
Acne/acne_dataset_pigmentation_0_532.jpeg,acne_dataset,Acne,Acne
Acne/acne_dataset_pigmentation_0_7745.jpeg,acne_dataset,Acne,Acne
Acne/acne_dataset_pigmentation_0_248.jpeg,acne_dataset,Acne,Acne
Acne/acne_dataset_2 (4).jpg,acne_dataset,Acne,Acne
Acne/acne_dataset_R (7).jpg,acne_dataset,Acne,Acne
Acne/acne_dataset_pigmentation_0_3099.jpeg,acne_dataset,Acne,Acne
Acne/acne_dataset_pigmentation_0_479.jpeg,acne_dataset,Acne,Acne
Acne/acne_dataset_pigmentation_0_8921.jpeg,acne_dataset,Acne,Acne
Acne/acne_dataset_pigmentation_0_4799.jpeg,acne_dataset,Acne,Acne
Acne/acne_dataset_pigmentation_0_337.jpeg,acne_dataset,Acne,Acne
Acne/acne_dataset_pigmentation_0_8742.jpeg,acne_dataset,Acne,Acne
Acne/acne_dataset_pigmentation_0_9157.jpeg,acne_dataset,Acne,Acne
Acne/acne_dataset_pigmentation_0_4642.jpeg,acne_dataset,Acne,Acne
Acne/acne_dataset_pigmentation_0_2567.jpeg,acne_dataset,Acne,Acne
Acne/acne_dataset_pigmentation_0_4547.jpeg,acne_dataset,Acne,Acne
Acne/acne_dataset_pigmentation_0_2914.jpeg,acne_dataset,Acne,Acne
Acne/acne_dataset_large.IMG_3890.jpg.2720bb071697b81024bb71135ded7e76.jpg,acne_dataset,Acne,Acne
Acne/acne_dataset_pigmentation_0_3963.jpeg,acne_dataset,Acne,Acne
Acne/acne_dataset_pigmentation_0_1285.jpeg,acne_dataset,Acne,Acne
Acne/acne_dataset_pigmentation_0_7051.jpeg,acne_dataset,Acne,Acne
Acne/acne_dataset_353492fd44963e8f0f4e7ea4697aed7e.jpg,acne_dataset,Acne,Acne
Acne/acne_dataset_pvhhnuftvjp31.png,acne_dataset,Acne,Acne
Acne/acne_dataset_pigmentation_0_6324.jpeg,acne_dataset,Acne,Acne
Acne/acne_dataset_maxresdefault (4).jpg,acne_dataset,Acne,Acne
Acne/acne_dataset_pigmentation_0_7777.jpeg,acne_dataset,Acne,Acne
Acne/acne_dataset_pigmentation_0_8204.jpeg,acne_dataset,Acne,Acne
Acne/acne_dataset_OIP (30).jpg,acne_dataset,Acne,Acne
Acne/acne_dataset_pigmentation_0_2397.jpeg,acne_dataset,Acne,Acne
Acne/acne_dataset_pigmentation_0_2439.jpeg,acne_dataset,Acne,Acne
Acne/acne_dataset_pigmentation_0_8483.jpeg,acne_dataset,Acne,Acne
Acne/acne_dataset_pigmentation_0_6896.jpeg,acne_dataset,Acne,Acne
Acne/acne_dataset_pigmentation_0_5103.jpeg,acne_dataset,Acne,Acne
Acne/acne_dataset_pigmentation_0_5569.jpeg,acne_dataset,Acne,Acne
Acne/acne_dataset_pigmentation_0_2907.jpeg,acne_dataset,Acne,Acne
Acne/acne_dataset_pigmentation_0_9040.jpeg,acne_dataset,Acne,Acne
Acne/acne_dataset_pigmentation_0_9926.jpeg,acne_dataset,Acne,Acne
Acne/acne_dataset_pigmentation_0_5003.jpeg,acne_dataset,Acne,Acne
Acne/acne_dataset_pigmentation_0_5805.jpeg,acne_dataset,Acne,Acne
Acne/acne_dataset_pigmentation_0_1841.jpeg,acne_dataset,Acne,Acne
Acne/acne_dataset_pigmentation_0_7040.jpeg,acne_dataset,Acne,Acne
Acne/acne_dataset_acne_vulgaris.png,acne_dataset,Acne,Acne
Acne/acne_dataset_2 (5).jpg,acne_dataset,Acne,Acne
Acne/acne_dataset_R (13).jpg,acne_dataset,Acne,Acne
Acne/acne_dataset_pigmentation_0_0.jpeg,acne_dataset,Acne,Acne
Acne/acne_dataset_M2500052-Acne_rosacea.jpg,acne_dataset,Acne,Acne
Acne/acne_dataset_pigmentation_0_1083.jpeg,acne_dataset,Acne,Acne
Acne/acne_dataset_OIP (5).jpg,acne_dataset,Acne,Acne
Acne/acne_dataset_Screen-Shot-2020-05-21-at-10.27.13-1024x594.png,acne_dataset,Acne,Acne
Acne/acne_dataset_pigmentation_0_2321.jpeg,acne_dataset,Acne,Acne
Acne/acne_dataset_pigmentation_0_4860.jpeg,acne_dataset,Acne,Acne
Acne/acne_dataset_pigmentation_0_659.jpeg,acne_dataset,Acne,Acne
Acne/acne_dataset_R (15).jpg,acne_dataset,Acne,Acne
Acne/acne_dataset_pigmentation_0_2967.jpeg,acne_dataset,Acne,Acne
Acne/acne_dataset_pigmentation_0_5892.jpeg,acne_dataset,Acne,Acne
Acne/acne_dataset_pigmentation_0_2235.jpeg,acne_dataset,Acne,Acne
Acne/acne_dataset_pigmentation_0_3667.jpeg,acne_dataset,Acne,Acne
Acne/acne_dataset_83avy6u56eh211 - Copy.jpg,acne_dataset,Acne,Acne
Acne/acne_dataset_pigmentation_0_287.jpeg,acne_dataset,Acne,Acne
Acne/acne_dataset_pigmentation_0_5973.jpeg,acne_dataset,Acne,Acne
Acne/acne_dataset_pigmentation_0_4407.jpeg,acne_dataset,Acne,Acne
Acne/acne_dataset_pigmentation_0_7728.jpeg,acne_dataset,Acne,Acne
Acne/acne_dataset_pigmentation_0_192.jpeg,acne_dataset,Acne,Acne
Acne/acne_dataset_pigmentation_0_974.jpeg,acne_dataset,Acne,Acne
Acne/acne_dataset_pigmentation_0_5601.jpeg,acne_dataset,Acne,Acne
Acne/acne_dataset_pigmentation_0_2892.jpeg,acne_dataset,Acne,Acne
Acne/acne_dataset_pigmentation_0_3737.jpeg,acne_dataset,Acne,Acne
Acne/acne_dataset_pigmentation_0_7140.jpeg,acne_dataset,Acne,Acne
Acne/acne_dataset_IMG_8544.thumb.JPG.faf77397f165101fbe28d89642ac2fe3.jpg,acne_dataset,Acne,Acne
Acne/acne_dataset_OIP (14).jpg,acne_dataset,Acne,Acne
Acne/acne_dataset_pigmentation_0_5871.jpeg,acne_dataset,Acne,Acne
Acne/acne_dataset_pigmentation_0_3629.jpeg,acne_dataset,Acne,Acne
Acne/acne_dataset_pigmentation_0_1481.jpeg,acne_dataset,Acne,Acne
Acne/acne_dataset_pigmentation_0_571.jpeg,acne_dataset,Acne,Acne
Acne/acne_dataset_10.jpg,acne_dataset,Acne,Acne
Acne/acne_dataset_pigmentation_0_2890.jpeg,acne_dataset,Acne,Acne
Acne/acne_dataset_pigmentation_0_6026.jpeg,acne_dataset,Acne,Acne
Acne/acne_dataset_pigmentation_0_6226.jpeg,acne_dataset,Acne,Acne
Acne/acne_dataset_20190716_191036.jpg.705bf02f23326951059a91a967959d071.jpg,acne_dataset,Acne,Acne
Acne/acne_dataset_pigmentation_0_6561.jpeg,acne_dataset,Acne,Acne
Acne/acne_dataset_pigmentation_0_5012.jpeg,acne_dataset,Acne,Acne
Acne/acne_dataset_4.jpg,acne_dataset,Acne,Acne
Acne/acne_dataset_pigmentation_0_4718.jpeg,acne_dataset,Acne,Acne
Acne/acne_dataset_pigmentation_0_5398.jpeg,acne_dataset,Acne,Acne
Acne/acne_dataset_pigmentation_0_3719.jpeg,acne_dataset,Acne,Acne
Acne/acne_dataset_OIP (9).jpg,acne_dataset,Acne,Acne
Acne/acne_dataset_pigmentation_0_9146.jpeg,acne_dataset,Acne,Acne
Acne/acne_dataset_R (31).jpg,acne_dataset,Acne,Acne
Acne/acne_dataset_pigmentation_0_3901.jpeg,acne_dataset,Acne,Acne
Acne/acne_dataset_pigmentation_0_6798.jpeg,acne_dataset,Acne,Acne
Acne/acne_dataset_OIP (19).jpg,acne_dataset,Acne,Acne
Acne/acne_dataset_pigmentation_0_8994.jpeg,acne_dataset,Acne,Acne
Acne/acne_dataset_10_Skin1.jpg,acne_dataset,Acne,Acne
Acne/acne_dataset_pigmentation_0_9112.jpeg,acne_dataset,Acne,Acne
Acne/acne_dataset_Acne-Before4.png,acne_dataset,Acne,Acne
Acne/acne_dataset_acne-closed-comedo-21 - Copy.jpg,acne_dataset,Acne,Acne
Acne/acne_dataset_IMG_3612.JPG.725c4d39a5a52639dde2be8be7b05adc.jpg,acne_dataset,Acne,Acne
Acne/acne_dataset_pigmentation_0_9715.jpeg,acne_dataset,Acne,Acne
Acne/acne_dataset_pigmentation_0_7940.jpeg,acne_dataset,Acne,Acne
Acne/acne_dataset_pigmentation_0_7013.jpeg,acne_dataset,Acne,Acne
Acne/acne_dataset_acne-4.png,acne_dataset,Acne,Acne
Acne/acne_dataset_pigmentation_0_2263.jpeg,acne_dataset,Acne,Acne
Acne/acne_dataset_2 (4).jpeg,acne_dataset,Acne,Acne
Acne/acne_dataset_acne.jpg,acne_dataset,Acne,Acne
Acne/acne_dataset_pigmentation_0_1761.jpeg,acne_dataset,Acne,Acne
Acne/acne_dataset_pigmentation_0_3633.jpeg,acne_dataset,Acne,Acne
Acne/acne_dataset_pigmentation_0_367.jpeg,acne_dataset,Acne,Acne
Acne/acne_dataset_pigmentation_0_1888.jpeg,acne_dataset,Acne,Acne
Acne/acne_dataset_pigmentation_0_7727.jpeg,acne_dataset,Acne,Acne
Acne/acne_dataset_pigmentation_0_5418.jpeg,acne_dataset,Acne,Acne
Acne/acne_dataset_pigmentation_0_101.jpeg,acne_dataset,Acne,Acne
Acne/acne_dataset_pigmentation_0_4326.jpeg,acne_dataset,Acne,Acne
Acne/acne_dataset_pigmentation_0_296.jpeg,acne_dataset,Acne,Acne
Acne/acne_dataset_pigmentation_0_5483.jpeg,acne_dataset,Acne,Acne
Acne/acne_dataset_pigmentation_0_4558.jpeg,acne_dataset,Acne,Acne
Acne/acne_dataset_pigmentation_0_2466.jpeg,acne_dataset,Acne,Acne
Acne/acne_dataset_qzkv547th3351.jpg,acne_dataset,Acne,Acne
Acne/acne_dataset_2 (2).jpeg,acne_dataset,Acne,Acne
Acne/acne_dataset_pigmentation_0_2757.jpeg,acne_dataset,Acne,Acne
Acne/acne_dataset_pigmentation_0_5107.jpeg,acne_dataset,Acne,Acne
Acne/acne_dataset_pigmentation_0_3355.jpeg,acne_dataset,Acne,Acne
Acne/acne_dataset_pigmentation_0_8014.jpeg,acne_dataset,Acne,Acne
Acne/acne_dataset_pigmentation_0_4108.jpeg,acne_dataset,Acne,Acne
Acne/acne_dataset_pigmentation_0_8918.jpeg,acne_dataset,Acne,Acne
Acne/acne_dataset_pigmentation_0_1472.jpeg,acne_dataset,Acne,Acne
Acne/acne_dataset_pigmentation_0_170.jpeg,acne_dataset,Acne,Acne
Acne/acne_dataset_pigmentation_0_2009.jpeg,acne_dataset,Acne,Acne
Acne/acne_dataset_pigmentation_0_6657.jpeg,acne_dataset,Acne,Acne
Acne/acne_dataset_11.jpg,acne_dataset,Acne,Acne
Acne/acne_dataset_pigmentation_0_6888.jpeg,acne_dataset,Acne,Acne
Acne/acne_dataset_pigmentation_0_3244.jpeg,acne_dataset,Acne,Acne
Acne/acne_dataset_pigmentation_0_8582.jpeg,acne_dataset,Acne,Acne
Acne/acne_dataset_28.png,acne_dataset,Acne,Acne
Acne/acne_dataset_acne-rosacea-1024x967.jpg,acne_dataset,Acne,Acne
Acne/acne_dataset_29.png,acne_dataset,Acne,Acne
Acne/acne_dataset_pigmentation_0_2954.jpeg,acne_dataset,Acne,Acne
Acne/acne_dataset_pigmentation_0_1337.jpeg,acne_dataset,Acne,Acne
Acne/acne_dataset_pigmentation_0_9107.jpeg,acne_dataset,Acne,Acne
Acne/acne_dataset_pigmentation_0_411.jpeg,acne_dataset,Acne,Acne
Acne/acne_dataset_R (25).jpg,acne_dataset,Acne,Acne
Acne/acne_dataset_fungal-acne.jpg,acne_dataset,Acne,Acne
Acne/acne_dataset_pigmentation_0_8856.jpeg,acne_dataset,Acne,Acne
Acne/acne_dataset_pigmentation_0_428.jpeg,acne_dataset,Acne,Acne
Acne/acne_dataset_pigmentation_0_2726.jpeg,acne_dataset,Acne,Acne
Acne/acne_dataset_pigmentation_0_6481.jpeg,acne_dataset,Acne,Acne
Acne/acne_dataset_R (45).jpg,acne_dataset,Acne,Acne
Acne/acne_dataset_pigmentation_0_8913.jpeg,acne_dataset,Acne,Acne
Acne/acne_dataset_pigmentation_0_1214.jpeg,acne_dataset,Acne,Acne
Acne/acne_dataset_pigmentation_0_835.jpeg,acne_dataset,Acne,Acne
Acne/acne_dataset_IMG_0184.JPG.c1ffb583260784ec51dfe566c636bd62.jpg,acne_dataset,Acne,Acne
Acne/acne_dataset_R (2).jpg,acne_dataset,Acne,Acne
Acne/acne_dataset_pigmentation_0_7182.jpeg,acne_dataset,Acne,Acne
Acne/acne_dataset_how-to-get-rid-of-acne-and-its-possible-treatments.jpg,acne_dataset,Acne,Acne
Acne/acne_dataset_cystic.acne_G_694069050.jpg,acne_dataset,Acne,Acne
Acne/acne_dataset_17a4d1a917e5faa9f2675ebd83e526791.jpg,acne_dataset,Acne,Acne
Acne/acne_dataset_R.png,acne_dataset,Acne,Acne
Acne/acne_dataset_pigmentation_0_7557.jpeg,acne_dataset,Acne,Acne
Acne/acne_dataset_241b000fa0e0caf8cf8ac4b29137af48.jpg,acne_dataset,Acne,Acne
Acne/acne_dataset_pigmentation_0_5225.jpeg,acne_dataset,Acne,Acne
Acne/acne_dataset_gallery_164926_12280_652062.jpg,acne_dataset,Acne,Acne
Acne/acne_dataset_M1080238-Acne_vulgaris_on_the_forehead_of_a_young_patient.jpg,acne_dataset,Acne,Acne
Acne/acne_dataset_pigmentation_0_8965.jpeg,acne_dataset,Acne,Acne
Acne/acne_dataset_pigmentation_0_4796.jpeg,acne_dataset,Acne,Acne
Acne/acne_dataset_pigmentation_0_340.jpeg,acne_dataset,Acne,Acne
Acne/acne_dataset_1-inst-natural-acne-solutions-36374-150x150.jpg,acne_dataset,Acne,Acne
Acne/acne_dataset_pigmentation_0_1262.jpeg,acne_dataset,Acne,Acne
Acne/acne_dataset_pigmentation_0_6010.jpeg,acne_dataset,Acne,Acne
Acne/acne_dataset_OIP (18).jpg,acne_dataset,Acne,Acne
Acne/acne_dataset_maxresdefault (3).jpg,acne_dataset,Acne,Acne
Acne/acne_dataset_pigmentation_0_888.jpeg,acne_dataset,Acne,Acne
Acne/acne_dataset_pigmentation_0_8882.jpeg,acne_dataset,Acne,Acne
Acne/acne_dataset_o-ADULT-ACNE-facebook.jpg,acne_dataset,Acne,Acne
Acne/acne_dataset_C0384535-Acne_rosacea.jpg,acne_dataset,Acne,Acne
Acne/acne_dataset_pigmentation_0_8779.jpeg,acne_dataset,Acne,Acne
Acne/acne_dataset_R (40).jpg,acne_dataset,Acne,Acne
Acne/acne_dataset_pigmentation_0_2256.jpeg,acne_dataset,Acne,Acne
Acne/acne_dataset_OIP (6).jpg,acne_dataset,Acne,Acne
Acne/acne_dataset_pigmentation_0_2753.jpeg,acne_dataset,Acne,Acne
Acne/acne_dataset_pigmentation_0_7050.jpeg,acne_dataset,Acne,Acne
Acne/acne_dataset_40279_2013_22_Fig4_HTML1.jpg,acne_dataset,Acne,Acne
Acne/acne_dataset_unnamed.jpg,acne_dataset,Acne,Acne
Acne/acne_dataset_pigmentation_0_7447.jpeg,acne_dataset,Acne,Acne
Acne/acne_dataset_R (34).jpg,acne_dataset,Acne,Acne
Acne/acne_dataset_pigmentation_0_7086.jpeg,acne_dataset,Acne,Acne
Acne/acne_dataset_pigmentation_0_3271.jpeg,acne_dataset,Acne,Acne
Acne/acne_dataset_2 (7)1.jpg,acne_dataset,Acne,Acne
Acne/acne_dataset_pigmentation_0_232.jpeg,acne_dataset,Acne,Acne
Acne/acne_dataset_pigmentation_0_5361.jpeg,acne_dataset,Acne,Acne
Acne/acne_dataset_OIP (31).jpg,acne_dataset,Acne,Acne
Acne/acne_dataset_40279_2013_22_Fig4_HTML.jpg,acne_dataset,Acne,Acne
Acne/acne_dataset_pigmentation_0_9443.jpeg,acne_dataset,Acne,Acne
Acne/acne_dataset_pigmentation_0_9077.jpeg,acne_dataset,Acne,Acne
Acne/acne_dataset_pigmentation_0_6584.jpeg,acne_dataset,Acne,Acne
Acne/acne_dataset_pigmentation_0_8265.jpeg,acne_dataset,Acne,Acne
Acne/acne_dataset_pigmentation_0_210.jpeg,acne_dataset,Acne,Acne
Acne/acne_dataset_pigmentation_0_4317.jpeg,acne_dataset,Acne,Acne
Acne/acne_dataset_C0384489-Nodular_acne.jpg,acne_dataset,Acne,Acne
Acne/acne_dataset_pigmentation_0_7827.jpeg,acne_dataset,Acne,Acne
Acne/acne_dataset_OIP (21).jpg,acne_dataset,Acne,Acne
Acne/acne_dataset_pigmentation_0_5057.jpeg,acne_dataset,Acne,Acne
Acne/acne_dataset_pigmentation_0_7053.jpeg,acne_dataset,Acne,Acne
Acne/acne_dataset_pigmentation_0_6566.jpeg,acne_dataset,Acne,Acne
Acne/acne_dataset_pigmentation_0_4543.jpeg,acne_dataset,Acne,Acne
Acne/acne_dataset_pigmentation_0_3248.jpeg,acne_dataset,Acne,Acne
Acne/acne_dataset_pigmentation_0_6057.jpeg,acne_dataset,Acne,Acne
Acne/acne_dataset_pigmentation_0_895.jpeg,acne_dataset,Acne,Acne
Acne/acne_dataset_pigmentation_0_2287.jpeg,acne_dataset,Acne,Acne
Acne/acne_dataset_pigmentation_0_3648.jpeg,acne_dataset,Acne,Acne
Acne/acne_dataset_2063533_nintchdbpict000580154756_15883143441.jpg,acne_dataset,Acne,Acne
Acne/acne_dataset_pigmentation_0_3903.jpeg,acne_dataset,Acne,Acne
Acne/acne_dataset_pigmentation_0_6170.jpeg,acne_dataset,Acne,Acne
Acne/acne_dataset_pigmentation_0_1729.jpeg,acne_dataset,Acne,Acne
Acne/acne_dataset_pigmentation_0_1307.jpeg,acne_dataset,Acne,Acne
Acne/acne_dataset_23.jpg,acne_dataset,Acne,Acne
Acne/acne_dataset_pigmentation_0_1181.jpeg,acne_dataset,Acne,Acne
Acne/acne_dataset_OIP (13).jpg,acne_dataset,Acne,Acne
Acne/acne_dataset_pigmentation_0_903.jpeg,acne_dataset,Acne,Acne
Acne/acne_dataset_pigmentation_0_4715.jpeg,acne_dataset,Acne,Acne
Acne/acne_dataset_image.jpeg.d4b6a9bf6a9567226cbe430ae3606714.jpeg,acne_dataset,Acne,Acne
Acne/acne_dataset_pigmentation_0_6586.jpeg,acne_dataset,Acne,Acne
Acne/acne_dataset_R (11).jpg,acne_dataset,Acne,Acne
Acne/acne_dataset_pigmentation_0_1118.jpeg,acne_dataset,Acne,Acne
Acne/acne_dataset_32212176-8650569-image-a-10_1598002142635.jpg,acne_dataset,Acne,Acne
Acne/acne_dataset_pigmentation_0_6505.jpeg,acne_dataset,Acne,Acne
Acne/acne_dataset_pigmentation_0_9537.jpeg,acne_dataset,Acne,Acne
Acne/acne_dataset_pigmentation_0_1543.jpeg,acne_dataset,Acne,Acne
Acne/acne_dataset_pigmentation_0_7395.jpeg,acne_dataset,Acne,Acne
Acne/acne_dataset_pigmentation_0_8122.jpeg,acne_dataset,Acne,Acne
Acne/acne_dataset_pigmentation_0_8044.jpeg,acne_dataset,Acne,Acne
Acne/acne_dataset_pigmentation_0_5976.jpeg,acne_dataset,Acne,Acne
Acne/acne_dataset_pigmentation_0_7231.jpeg,acne_dataset,Acne,Acne
Acne/acne_dataset_pigmentation_0_2866.jpeg,acne_dataset,Acne,Acne
Acne/acne_dataset_pigmentation_0_8716.jpeg,acne_dataset,Acne,Acne
Acne/acne_dataset_pigmentation_0_7292.jpeg,acne_dataset,Acne,Acne
Acne/acne_dataset_pigmentation_0_1732.jpeg,acne_dataset,Acne,Acne
Acne/acne_dataset_pigmentation_0_2002.jpeg,acne_dataset,Acne,Acne
Acne/acne_dataset_pigmentation_0_2850.jpeg,acne_dataset,Acne,Acne
Acne/acne_dataset_pigmentation_0_2596.jpeg,acne_dataset,Acne,Acne
Acne/acne_dataset_bb7d0704b3afa18fd5a8db14f9018036.jpg,acne_dataset,Acne,Acne
Acne/acne_dataset_pigmentation_0_7279.jpeg,acne_dataset,Acne,Acne
Acne/acne_dataset_pigmentation_0_2384.jpeg,acne_dataset,Acne,Acne
Acne/acne_dataset_R (4).jpg,acne_dataset,Acne,Acne
Acne/acne_dataset_R (12).jpg,acne_dataset,Acne,Acne
Acne/acne_dataset_pigmentation_0_1288.jpeg,acne_dataset,Acne,Acne
Acne/acne_dataset_pigmentation_0_2784.jpeg,acne_dataset,Acne,Acne
Acne/acne_dataset_pigmentation_0_4825.jpeg,acne_dataset,Acne,Acne
Acne/acne_dataset_pigmentation_0_7335.jpeg,acne_dataset,Acne,Acne
Acne/acne_dataset_R (27).jpg,acne_dataset,Acne,Acne
Acne/acne_dataset_pigmentation_0_8704.jpeg,acne_dataset,Acne,Acne
Acne/acne_dataset_OIP (7).jpg,acne_dataset,Acne,Acne
Acne/acne_dataset_pigmentation_0_6784.jpeg,acne_dataset,Acne,Acne
Acne/acne_dataset_2 (13).jpg,acne_dataset,Acne,Acne
Acne/acne_dataset_pigmentation_0_8625.jpeg,acne_dataset,Acne,Acne
Acne/acne_dataset_pigmentation_0_4685.jpeg,acne_dataset,Acne,Acne
Acne/acne_dataset_pigmentation_0_6257.jpeg,acne_dataset,Acne,Acne
Acne/acne_dataset_pigmentation_0_2637.jpeg,acne_dataset,Acne,Acne
Acne/acne_dataset_pigmentation_0_2478.jpeg,acne_dataset,Acne,Acne
Acne/acne_dataset_depositphotos_325684016-stock-photo-teenage-girl-with-acne-problem.jpg,acne_dataset,Acne,Acne
Acne/acne_dataset_pigmentation_0_4457.jpeg,acne_dataset,Acne,Acne
Acne/acne_dataset_pigmentation_0_1170.jpeg,acne_dataset,Acne,Acne
Acne/acne_dataset_pigmentation_0_1209.jpeg,acne_dataset,Acne,Acne
Acne/acne_dataset_OIP (17).jpg,acne_dataset,Acne,Acne
Acne/acne_dataset_pigmentation_0_9267.jpeg,acne_dataset,Acne,Acne
Acne/acne_dataset_pigmentation_0_796.jpeg,acne_dataset,Acne,Acne
Acne/acne_dataset_pigmentation_0_181.jpeg,acne_dataset,Acne,Acne
Acne/acne_dataset_pigmentation_0_5148.jpeg,acne_dataset,Acne,Acne
Acne/acne_dataset_pigmentation_0_7953.jpeg,acne_dataset,Acne,Acne
Acne/acne_dataset_pigmentation_0_9502.jpeg,acne_dataset,Acne,Acne
Acne/acne_dataset_2 (6)1.jpg,acne_dataset,Acne,Acne
Acne/acne_dataset_e1b773cde1e05534390aa2404401e974.jpg,acne_dataset,Acne,Acne
Acne/acne_dataset_pigmentation_0_8050.jpeg,acne_dataset,Acne,Acne
Acne/acne_dataset_istockphoto-849986310-170667a.jpg,acne_dataset,Acne,Acne
Acne/acne_dataset_pigmentation_0_7768.jpeg,acne_dataset,Acne,Acne
Acne/acne_dataset_acne_treatment_kaliterna.jpg,acne_dataset,Acne,Acne
Acne/acne_dataset_pigmentation_0_2.jpeg,acne_dataset,Acne,Acne
Acne/acne_dataset_pigmentation_0_1710.jpeg,acne_dataset,Acne,Acne
Acne/acne_dataset_pigmentation_0_6858.jpeg,acne_dataset,Acne,Acne
Acne/acne_dataset_pigmentation_0_993.jpeg,acne_dataset,Acne,Acne
Acne/acne_dataset_pigmentation_0_3985.jpeg,acne_dataset,Acne,Acne
Acne/acne_dataset_pigmentation_0_2701.jpeg,acne_dataset,Acne,Acne
Acne/acne_dataset_pigmentation_0_8198.jpeg,acne_dataset,Acne,Acne
Acne/acne_dataset_pigmentation_0_515.jpeg,acne_dataset,Acne,Acne
Acne/acne_dataset_image.jpg,acne_dataset,Acne,Acne
Acne/acne_dataset_pigmentation_0_9987.jpeg,acne_dataset,Acne,Acne
Acne/acne_dataset_pigmentation_0_9098.jpeg,acne_dataset,Acne,Acne
Acne/acne_dataset_pigmentation_0_7072.jpeg,acne_dataset,Acne,Acne
Acne/acne_dataset_pigmentation_0_4529.jpeg,acne_dataset,Acne,Acne
Acne/acne_dataset_pigmentation_0_9275.jpeg,acne_dataset,Acne,Acne
Acne/acne_dataset_pigmentation_0_352.jpeg,acne_dataset,Acne,Acne
Acne/acne_dataset_pigmentation_0_3471.jpeg,acne_dataset,Acne,Acne
Acne/acne_dataset_pigmentation_0_1421.jpeg,acne_dataset,Acne,Acne
Acne/acne_dataset_pigmentation_0_4632.jpeg,acne_dataset,Acne,Acne
Acne/acne_dataset_2 (13).jpeg,acne_dataset,Acne,Acne
Acne/acne_dataset_pigmentation_0_1229.jpeg,acne_dataset,Acne,Acne
Acne/acne_dataset_tr0muse3x9yz.png,acne_dataset,Acne,Acne
Acne/acne_dataset_f7d8df8c60aa6b73bc15a59ad57c79a5.jpg,acne_dataset,Acne,Acne
Acne/acne_dataset_pigmentation_0_3765.jpeg,acne_dataset,Acne,Acne
Acne/acne_dataset_2 (54).jpg,acne_dataset,Acne,Acne
Acne/acne_dataset_R (22).jpg,acne_dataset,Acne,Acne
Acne/acne_dataset_pigmentation_0_771.jpeg,acne_dataset,Acne,Acne
Acne/acne_dataset_pigmentation_0_9430.jpeg,acne_dataset,Acne,Acne
Acne/acne_dataset_pigmentation_0_9281.jpeg,acne_dataset,Acne,Acne
Acne/acne_dataset_60.png,acne_dataset,Acne,Acne
Acne/acne_dataset_pigmentation_0_9880.jpeg,acne_dataset,Acne,Acne
Acne/acne_dataset_766x415_Accutane_Side_Effects.jpg,acne_dataset,Acne,Acne
Acne/acne_dataset_pigmentation_0_949.jpeg,acne_dataset,Acne,Acne
Acne/acne_dataset_pigmentation_0_6855.jpeg,acne_dataset,Acne,Acne
Acne/acne_dataset_pigmentation_0_5203.jpeg,acne_dataset,Acne,Acne
Acne/acne_dataset_pigmentation_0_3144.jpeg,acne_dataset,Acne,Acne
Acne/acne_dataset_pigmentation_0_4433.jpeg,acne_dataset,Acne,Acne
Acne/acne_dataset_08PerioralDerm11.jpg,acne_dataset,Acne,Acne
Acne/acne_dataset_pigmentation_0_3991.jpeg,acne_dataset,Acne,Acne
Acne/acne_dataset_2 (6).jpg,acne_dataset,Acne,Acne
Acne/acne_dataset_pigmentation_0_6270.jpeg,acne_dataset,Acne,Acne
Acne/acne_dataset_pigmentation_0_6312.jpeg,acne_dataset,Acne,Acne
Acne/acne_dataset_2 (52)1.jpg,acne_dataset,Acne,Acne
Acne/acne_dataset_pigmentation_0_4924.jpeg,acne_dataset,Acne,Acne
Acne/acne_dataset_pigmentation_0_7521.jpeg,acne_dataset,Acne,Acne
Acne/acne_dataset_pigmentation_0_8446.jpeg,acne_dataset,Acne,Acne
Acne/acne_dataset_pigmentation_0_8823.jpeg,acne_dataset,Acne,Acne
Acne/acne_dataset_pigmentation_0_9188.jpeg,acne_dataset,Acne,Acne
Acne/acne_dataset_large.IMG_8887.JPG.be05af23e48fb382e5811e2f915ddf90.jpg,acne_dataset,Acne,Acne
Acne/acne_dataset_pigmentation_0_7622.jpeg,acne_dataset,Acne,Acne
Acne/acne_dataset_1-inst-natural-acne-solutions-36374-150x1501.jpg,acne_dataset,Acne,Acne
Acne/acne_dataset_pigmentation_0_9855.jpeg,acne_dataset,Acne,Acne
Acne/acne_dataset_pigmentation_0_8543.jpeg,acne_dataset,Acne,Acne
Acne/acne_dataset_pigmentation_0_9277.jpeg,acne_dataset,Acne,Acne
Acne/acne_dataset_pigmentation_0_8301.jpeg,acne_dataset,Acne,Acne
Acne/acne_dataset_R (36).jpg,acne_dataset,Acne,Acne
Acne/acne_dataset_pigmentation_0_6902.jpeg,acne_dataset,Acne,Acne
Acne/acne_dataset_pigmentation_0_6829.jpeg,acne_dataset,Acne,Acne
Acne/acne_dataset_pigmentation_0_252.jpeg,acne_dataset,Acne,Acne
Acne/acne_dataset_pigmentation_0_7267.jpeg,acne_dataset,Acne,Acne
Acne/acne_dataset_pigmentation_0_6620.jpeg,acne_dataset,Acne,Acne
Acne/acne_dataset_pigmentation_0_6209.jpeg,acne_dataset,Acne,Acne
Acne/acne_dataset_FMBKHEI5MmjZyJXXQ3EguxuauEUIFMi-Lb-WG27sML4.png,acne_dataset,Acne,Acne
Acne/acne_dataset_Cystic-Acne-Treatment_Pimple-under-the-Skin_image-1.jpg,acne_dataset,Acne,Acne
Acne/acne_dataset_pigmentation_0_2585.jpeg,acne_dataset,Acne,Acne
Acne/acne_dataset_IMG_3994.JPG.193268bd978993fbad84e920569ea5ed.jpg,acne_dataset,Acne,Acne
Acne/acne_dataset_pigmentation_0_1687.jpeg,acne_dataset,Acne,Acne
Acne/acne_dataset_pigmentation_0_5957.jpeg,acne_dataset,Acne,Acne
Acne/acne_dataset_pigmentation_0_6906.jpeg,acne_dataset,Acne,Acne
Acne/acne_dataset_pigmentation_0_4615.jpeg,acne_dataset,Acne,Acne
Acne/acne_dataset_pigmentation_0_8048.jpeg,acne_dataset,Acne,Acne
Acne/acne_dataset_ffb795ba-00e0-4038-84bf-98b795410e88-screen-shot-2017-12-14-at-125700-pm.jpg,acne_dataset,Acne,Acne
Acne/acne_dataset_pigmentation_0_8760.jpeg,acne_dataset,Acne,Acne
Acne/acne_dataset_pigmentation_0_5626.jpeg,acne_dataset,Acne,Acne
Acne/acne_dataset_pigmentation_0_6791.jpeg,acne_dataset,Acne,Acne
Acne/acne_dataset_R (9).jpg,acne_dataset,Acne,Acne
Acne/acne_dataset_pigmentation_0_3773.jpeg,acne_dataset,Acne,Acne
Acne/acne_dataset_pigmentation_0_3713.jpeg,acne_dataset,Acne,Acne
Acne/acne_dataset_pigmentation_0_5123.jpeg,acne_dataset,Acne,Acne
Acne/acne_dataset_pigmentation_0_7206.jpeg,acne_dataset,Acne,Acne
Acne/acne_dataset_pigmentation_0_1465.jpeg,acne_dataset,Acne,Acne
Acne/acne_dataset_pigmentation_0_6502.jpeg,acne_dataset,Acne,Acne
Acne/acne_dataset_photo-3a80154a459320082da96f807fd7a358fb60c81c.jpg,acne_dataset,Acne,Acne
Acne/acne_dataset_pigmentation_0_7974.jpeg,acne_dataset,Acne,Acne
Acne/acne_dataset_pigmentation_0_8366.jpeg,acne_dataset,Acne,Acne
Acne/acne_dataset_1rlnayp9x3n2111.png,acne_dataset,Acne,Acne
Acne/acne_dataset_pigmentation_0_5814.jpeg,acne_dataset,Acne,Acne
Acne/acne_dataset_R (33).jpg,acne_dataset,Acne,Acne
Acne/acne_dataset_pigmentation_0_1941.jpeg,acne_dataset,Acne,Acne
Acne/acne_dataset_pigmentation_0_5059.jpeg,acne_dataset,Acne,Acne
Acne/acne_dataset_pigmentation_0_5108.jpeg,acne_dataset,Acne,Acne
Acne/acne_dataset_pigmentation_0_9841.jpeg,acne_dataset,Acne,Acne
Acne/acne_dataset_pigmentation_0_5343.jpeg,acne_dataset,Acne,Acne
Acne/acne_dataset_pigmentation_0_3045.jpeg,acne_dataset,Acne,Acne
Acne/acne_dataset_pigmentation_0_1675.jpeg,acne_dataset,Acne,Acne
Acne/acne_dataset_OIP (24).jpg,acne_dataset,Acne,Acne
Acne/acne_dataset_pigmentation_0_8286.jpeg,acne_dataset,Acne,Acne
Acne/acne_dataset_pigmentation_0_6253.jpeg,acne_dataset,Acne,Acne
Acne/acne_dataset_pigmentation_0_4053.jpeg,acne_dataset,Acne,Acne
Acne/acne_dataset_R (21).jpg,acne_dataset,Acne,Acne
Acne/acne_dataset_pigmentation_0_7001.jpeg,acne_dataset,Acne,Acne
Acne/acne_dataset_pigmentation_0_1896.jpeg,acne_dataset,Acne,Acne
Acne/acne_dataset_pigmentation_0_3285.jpeg,acne_dataset,Acne,Acne
Acne/acne_dataset_pigmentation_0_1195.jpeg,acne_dataset,Acne,Acne
Acne/acne_dataset_pigmentation_0_4107.jpeg,acne_dataset,Acne,Acne
Acne/acne_dataset_pigmentation_0_1505.jpeg,acne_dataset,Acne,Acne
Acne/acne_dataset_pigmentation_0_2790.jpeg,acne_dataset,Acne,Acne
Acne/acne_dataset_pigmentation_0_5849.jpeg,acne_dataset,Acne,Acne
Acne/acne_dataset_pigmentation_0_7093.jpeg,acne_dataset,Acne,Acne
Acne/acne_dataset_pigmentation_0_4657.jpeg,acne_dataset,Acne,Acne
Acne/acne_dataset_pigmentation_0_203.jpeg,acne_dataset,Acne,Acne
Acne/acne_dataset_pigmentation_0_6912.jpeg,acne_dataset,Acne,Acne
Acne/acne_dataset_pigmentation_0_78.jpeg,acne_dataset,Acne,Acne
Acne/acne_dataset_pigmentation_0_7325.jpeg,acne_dataset,Acne,Acne
Acne/acne_dataset_image.thumb.jpeg.ea2587f558684edf3c00f7558ebcad6e.jpeg,acne_dataset,Acne,Acne
Acne/acne_dataset_4A5DA7F500000578-5522003-Amy_who_battled_her_erupting_skin_for_15_years_says_doctors_dism-a-26_1521541958104.jpg,acne_dataset,Acne,Acne
Acne/acne_dataset_pigmentation_0_1237.jpeg,acne_dataset,Acne,Acne
Acne/acne_dataset_pigmentation_0_3607.jpeg,acne_dataset,Acne,Acne
Acne/acne_dataset_pigmentation_0_7697.jpeg,acne_dataset,Acne,Acne
Acne/acne_dataset_pigmentation_0_3995.jpeg,acne_dataset,Acne,Acne
Acne/acne_dataset_pigmentation_0_7309.jpeg,acne_dataset,Acne,Acne
Acne/acne_dataset_pigmentation_0_3838.jpeg,acne_dataset,Acne,Acne
Acne/acne_dataset_pigmentation_0_5796.jpeg,acne_dataset,Acne,Acne
Acne/acne_dataset_pigmentation_0_3121.jpeg,acne_dataset,Acne,Acne
Acne/acne_dataset_pigmentation_0_6744.jpeg,acne_dataset,Acne,Acne
Acne/acne_dataset_R (24).jpg,acne_dataset,Acne,Acne
Acne/acne_dataset_pigmentation_0_2338.jpeg,acne_dataset,Acne,Acne
Acne/acne_dataset_pigmentation_0_5287.jpeg,acne_dataset,Acne,Acne
Acne/acne_dataset_pigmentation_0_7170.jpeg,acne_dataset,Acne,Acne
Acne/acne_dataset_pigmentation_0_362.jpeg,acne_dataset,Acne,Acne
Acne/acne_dataset_2 (12).jpg,acne_dataset,Acne,Acne
Acne/acne_dataset_pigmentation_0_9468.jpeg,acne_dataset,Acne,Acne
Acne/acne_dataset_pigmentation_0_6824.jpeg,acne_dataset,Acne,Acne
Acne/acne_dataset_pigmentation_0_9585.jpeg,acne_dataset,Acne,Acne
Acne/acne_dataset_pigmentation_0_3597.jpeg,acne_dataset,Acne,Acne
Acne/acne_dataset_pigmentation_0_5062.jpeg,acne_dataset,Acne,Acne
Acne/acne_dataset_pigmentation_0_8673.jpeg,acne_dataset,Acne,Acne
Acne/acne_dataset_pigmentation_0_108.jpeg,acne_dataset,Acne,Acne
Acne/acne_dataset_What-Is-Adult-Acne.jpg,acne_dataset,Acne,Acne
Acne/acne_dataset_pigmentation_0_8836.jpeg,acne_dataset,Acne,Acne
NailFungus/nail_disease_Onychomykose-Nagel_onicomicosis_1_0_jpg.rf.f6c50376e7226dafff40fa67065db5fe.jpg,nail_disease,onychomycosis,NailFungus
NailFungus/nail_disease_Onychomykose-Nagel_onicomicosis_16_0_jpg.rf.e92cf93554bbdbad2d37dff00cbf47ab.jpg,nail_disease,onychomycosis,NailFungus
NailFungus/nail_disease_Onychomykose-Nagel_onicomicosis_19_0_jpg.rf.3c105e74221bf2452fa467af357cb1d9.jpg,nail_disease,onychomycosis,NailFungus
NailFungus/nail_disease_onychomycosis-0008__WatermarkedWyJXYXRlcm1hcmtlZCJd.jpg,nail_disease,onychomycosis,NailFungus
NailFungus/nail_disease_Dystrophie-Nagel_dystrofia-paznokci_24_1_jpg.rf.19811d1186a51f2802ca1840060e0934.jpg,nail_disease,onychomycosis,NailFungus
NailFungus/nail_disease_Onychomykose-Nagel_mycose-des-ongles_18_2_jpg.rf.c86605a278b282c249316dafc9242bb9.jpg,nail_disease,onychomycosis,NailFungus
NailFungus/nail_disease_Onychomykose-Nagel_Onychomykose-Nagel_8_3_jpg.rf.c30c853314b702aaa8667adf5b62dbf5.jpg,nail_disease,onychomycosis,NailFungus
NailFungus/nail_disease_Onychomykose-Nagel_Nagelpilz_10_0_jpg.rf.f3050c2465b74412ca4fb15046978081.jpg,nail_disease,onychomycosis,NailFungus
NailFungus/nail_disease_Onychomykose-Nagel_fungo-delle-unghie_5_1_jpg.rf.8955615f2f91fb1d2ab5ffadf5d6480f.jpg,nail_disease,onychomycosis,NailFungus
NailFungus/nail_disease_Onychomykose-Nagel_fungo-delle-unghie_20_1_jpg.rf.5145406d399400f0327fbaf409eb5b2d.jpg,nail_disease,onychomycosis,NailFungus
NailFungus/nail_disease_Onychomykose-Nagel_Grzyb-paznokcia_27_2_jpg.rf.47db3106f5fdfabe37d52323c0fa399c.jpg,nail_disease,onychomycosis,NailFungus
NailFungus/nail_disease_Dystrophie-Nagel_Onychodystrophie_8_1_jpg.rf.c5cd45add1b162cc6490459fe164ca0b.jpg,nail_disease,onychomycosis,NailFungus
NailFungus/nail_disease_Onychomykose-Nagel_Nagelmykose_27_2_jpg.rf.7f98b8f2525fe52b7b191bfb4530d39e.jpg,nail_disease,onychomycosis,NailFungus
NailFungus/nail_disease_Onychomykose-Nagel_onicomicosis_12_1_jpg.rf.a36b126b92dd6b3a307acbedbeb5347f.jpg,nail_disease,onychomycosis,NailFungus
NailFungus/nail_disease_Onychomykose-Nagel_neglesvamp_7_3_jpg.rf.79de7b11a780bf5b070b40637d16ee9c.jpg,nail_disease,onychomycosis,NailFungus
NailFungus/nail_disease_Onychomykose-Nagel_onicomicosis_4_1_jpg.rf.1e60484e4dde65e33e2108b53889bd04.jpg,nail_disease,onychomycosis,NailFungus
NailFungus/nail_disease_Onychomykose-Nagel_fungo-delle-unghie_23_2_jpg.rf.32577d2d217bbce94dcd602f22e9549d.jpg,nail_disease,onychomycosis,NailFungus
NailFungus/nail_disease_Onychomykose-Nagel_Grzyb-paznokcia_3_3_jpg.rf.e3dc20b796f52de89fcc2768c6d688dc.jpg,nail_disease,onychomycosis,NailFungus
NailFungus/nail_disease_Onychomykose-Nagel_onicomicosis_6_0_jpg.rf.e23bbaedcf0a51a0959e88552e62999f.jpg,nail_disease,onychomycosis,NailFungus
NailFungus/nail_disease_Onychomykose-Nagel_onicomicosis_18_3_jpg.rf.89f3d66714b84d3226608ae93b2e169c.jpg,nail_disease,onychomycosis,NailFungus
NailFungus/nail_disease_Onychomykose-Nagel_Nagelpilz_15_0_jpg.rf.189466123424bdf7ea56e4b3f3d52afd.jpg,nail_disease,onychomycosis,NailFungus
NailFungus/nail_disease_Onychomykose-Nagel_onicomicosis_6_7_jpg.rf.0129e43cde1b2d36f42527a6827b747c.jpg,nail_disease,onychomycosis,NailFungus
NailFungus/nail_disease_Onychomykose-Nagel_nagelschimmel_7_1_jpg.rf.5fa5da35e5dfab5f641e7277406bef26.jpg,nail_disease,onychomycosis,NailFungus
NailFungus/nail_disease_Onychomykose-Nagel_Onychomykose-Nagel_8_2_jpg.rf.606d20d3a1f2582ccd01d71f21318496.jpg,nail_disease,onychomycosis,NailFungus
NailFungus/nail_disease_Onychomykose-Nagel_Grzyb-paznokcia_6_0_jpg.rf.1be87bdfaadc942a6e41f487a4695f3e.jpg,nail_disease,onychomycosis,NailFungus
NailFungus/nail_disease_onychomycosis-0005__WatermarkedWyJXYXRlcm1hcmtlZCJd.jpg,nail_disease,onychomycosis,NailFungus
NailFungus/nail_disease_Onychomykose-Nagel_Nagelmykose_0_0_jpg.rf.cf6c4a14ad78fa2e05a98e896a0c4d6a.jpg,nail_disease,onychomycosis,NailFungus
NailFungus/nail_disease_Onychomykose-Nagel_Nagelmykose_23_0_jpg.rf.bfbc02475d5df4703d6abaccf19136bc.jpg,nail_disease,onychomycosis,NailFungus
NailFungus/nail_disease_distal-subungual-onychomycosis-345_jpg.rf.0967b6f49d91ae130f0bfe43e47df20f.jpg,nail_disease,onychomycosis,NailFungus
NailFungus/nail_disease_Onychomykose-Nagel_fungo-delle-unghie_13_0_jpg.rf.95b012253f29f1b814e4e242b3d9a104.jpg,nail_disease,onychomycosis,NailFungus
NailFungus/nail_disease_Dystrophie-Nagel_nagel-dystrofie_7_3_jpg.rf.fbed49f76e19c46f2bdbd1b62eb46d47.jpg,nail_disease,onychomycosis,NailFungus
NailFungus/nail_disease_Onychomykose-Nagel_mycose-des-ongles_23_2_jpg.rf.3507489420782e6ee7714153bb6db192.jpg,nail_disease,onychomycosis,NailFungus
NailFungus/nail_disease_Onychomykose-Nagel_onicomicosis_13_1_jpg.rf.382c57d2fcce44a22ec0bb20b92d7c35.jpg,nail_disease,onychomycosis,NailFungus
NailFungus/nail_disease_Onychomykose-Nagel_onicomicosis_1_1_jpg.rf.c29132b290d61c75d38ba31609d96e7c.jpg,nail_disease,onychomycosis,NailFungus
NailFungus/nail_disease_Onychomykose-Nagel_nagelschimmel_15_3_jpg.rf.55e05c05af199fd5a44dabfd5e8b8eba.jpg,nail_disease,onychomycosis,NailFungus
NailFungus/nail_disease_Onychomykose-Nagel_mycose-des-ongles_26_0_jpg.rf.1c8d9c977732018c36e99acccb3d619c.jpg,nail_disease,onychomycosis,NailFungus
NailFungus/nail_disease_Onycholyse-Nagel_Nagelablo-sung_22_0_jpg.rf.73a9d8725081a0a7fba0ea4d81ac986e.jpg,nail_disease,onychomycosis,NailFungus
NailFungus/nail_disease_Dystrophie-Nagel_nagel-dystrofie_7_1_jpg.rf.d4170479a6535548bb37e90d406d7d67.jpg,nail_disease,onychomycosis,NailFungus
NailFungus/nail_disease_Onychomykose-Nagel_Grzyb-paznokcia_7_0_jpg.rf.d0c9ea921a5989108f82bf7a16ec14a8.jpg,nail_disease,onychomycosis,NailFungus
NailFungus/nail_disease_Onychomykose-Nagel_nagelschimmel_1_8_jpg.rf.2c07bd672ccfef6ecfe4a568b299634d.jpg,nail_disease,onychomycosis,NailFungus
NailFungus/nail_disease_Onychomykose-Nagel_onicomicosis_0_1_jpg.rf.25c837737eac2b725f50e5147c61997e.jpg,nail_disease,onychomycosis,NailFungus
NailFungus/nail_disease_Onychomykose-Nagel_Nagelpilz_9_0_jpg.rf.7b8e2a580a31e13f91032bdf3d76d3cf.jpg,nail_disease,onychomycosis,NailFungus
NailFungus/nail_disease_Dystrophie-Nagel_nagel-dystrofie_9_0_jpg.rf.465276d6692b95efbd9db590ae1c9dc2.jpg,nail_disease,onychomycosis,NailFungus
NailFungus/nail_disease_Onychomykose-Nagel_mycose-des-ongles_8_2_jpg.rf.daf4a17ffe9ea9bc3dd826224d925d0e.jpg,nail_disease,onychomycosis,NailFungus
NailFungus/nail_disease_Onychomykose-Nagel_Nagelpilz_2_2_jpg.rf.c7558a0cdeb9b83c7ada920baf505408.jpg,nail_disease,onychomycosis,NailFungus
NailFungus/nail_disease_Onychomykose-Nagel_fungo-delle-unghie_22_1_jpg.rf.efc406bf1bcfa82b37db2a4a16263532.jpg,nail_disease,onychomycosis,NailFungus
NailFungus/nail_disease_onychomycosis-0024__WatermarkedWyJXYXRlcm1hcmtlZCJd.jpg,nail_disease,onychomycosis,NailFungus
NailFungus/nail_disease_Onychomykose-Nagel_mycose-des-ongles_0_0_jpg.rf.4cb33f048a128d0be4ce7a302d48110c.jpg,nail_disease,onychomycosis,NailFungus
NailFungus/nail_disease_Onychomykose-Nagel_onicomicosis_23_2_jpg.rf.4c3b4cccbbe5d2ef0987108ce1af09d4.jpg,nail_disease,onychomycosis,NailFungus
NailFungus/nail_disease_onychomycosis-0036__WatermarkedWyJXYXRlcm1hcmtlZCJd.jpg,nail_disease,onychomycosis,NailFungus
NailFungus/nail_disease_Onychomykose-Nagel_Grzyb-paznokcia_0_2_jpg.rf.03dae316582873c33ff9f80154cec8f2.jpg,nail_disease,onychomycosis,NailFungus
NailFungus/nail_disease_Onychomykose-Nagel_nagelschimmel_21_2_jpg.rf.bb2282db00dd3135fb5d1294712ebd0e.jpg,nail_disease,onychomycosis,NailFungus
NailFungus/nail_disease_Onychomykose-Nagel_Nagelpilz_18_0_jpg.rf.669cdb3f90bc9c8e374eb7e42b34bad5.jpg,nail_disease,onychomycosis,NailFungus
NailFungus/nail_disease_Onychomykose-Nagel_Grzyb-paznokcia_5_1_jpg.rf.3903824e3941eeafb25b5e9dd0d8f0b8.jpg,nail_disease,onychomycosis,NailFungus
NailFungus/nail_disease_Onychomykose-Nagel_fungo-delle-unghie_8_1_jpg.rf.9dedce24116e4e157f1f33ea2af857d1.jpg,nail_disease,onychomycosis,NailFungus
NailFungus/nail_disease_Onychomykose-Nagel_Onychomykose-Nagel_1_2_jpg.rf.3b0268245748274efc4f337c465d9dfd.jpg,nail_disease,onychomycosis,NailFungus
NailFungus/nail_disease_Onychomykose-Nagel_neglesvamp_20_0_jpg.rf.2d65bcebfaf66ebbd3f07d13ff8c8bbe.jpg,nail_disease,onychomycosis,NailFungus
NailFungus/nail_disease_Onychomykose-Nagel_neglesvamp_11_2_jpg.rf.9cf3e04cd7097d64e4bcd5f12a4e0c04.jpg,nail_disease,onychomycosis,NailFungus
NailFungus/nail_disease_distal-subungual-onychomycosis-348_jpg.rf.c59fb4ab1c276471ac0e8e3db66ab1b8.jpg,nail_disease,onychomycosis,NailFungus
NailFungus/nail_disease_Onychomykose-Nagel_Grzyb-paznokcia_11_0_jpg.rf.a61caea2516827d164837ff43683fa6b.jpg,nail_disease,onychomycosis,NailFungus
NailFungus/nail_disease_Onychomykose-Nagel_fungo-delle-unghie_5_0_jpg.rf.510b42b483f2924d8684cba8d98ab9a0.jpg,nail_disease,onychomycosis,NailFungus
NailFungus/nail_disease_Onychomykose-Nagel_mycose-des-ongles_25_3_jpg.rf.366337630eb5fb2219d20b54942d6773.jpg,nail_disease,onychomycosis,NailFungus
NailFungus/nail_disease_Onychomykose-Nagel_fungo-delle-unghie_4_0_jpg.rf.0af120e1f9400ef7e064885539f03bac.jpg,nail_disease,onychomycosis,NailFungus
NailFungus/nail_disease_Onychomykose-Nagel_fungo-delle-unghie_9_1_jpg.rf.4ad791e560c02fd6f40f03f6ba226070.jpg,nail_disease,onychomycosis,NailFungus
NailFungus/nail_disease_Onychomykose-Nagel_onicomicosis_6_2_jpg.rf.171c22d2ae0049512a8048207fa1c856.jpg,nail_disease,onychomycosis,NailFungus
NailFungus/nail_disease_Onychomykose-Nagel_Onychomykose-Nagel_10_4_jpg.rf.b3d6e641ca5c61b3bef4ece6d3f47eae.jpg,nail_disease,onychomycosis,NailFungus
NailFungus/nail_disease_Onychomykose-Nagel_mycose-des-ongles_22_1_jpg.rf.281272781968dd6b77a17772c3937570.jpg,nail_disease,onychomycosis,NailFungus
NailFungus/nail_disease_Onychomykose-Nagel_Onychomykose-Nagel_8_1_jpg.rf.07ab2e43ae1845b20a7a77984331882f.jpg,nail_disease,onychomycosis,NailFungus
NailFungus/nail_disease_Onychomykose-Nagel_mycose-des-ongles_9_3_jpg.rf.a520301a6ca811c6b91c0b625342ad19.jpg,nail_disease,onychomycosis,NailFungus
NailFungus/nail_disease_Onychomykose-Nagel_onicomicosis_6_5_jpg.rf.16bb976d643d29b5395525741588a0ac.jpg,nail_disease,onychomycosis,NailFungus
NailFungus/nail_disease_Onychomykose-Nagel_Onychomykose-Nagel_6_0_jpg.rf.29a2a291c288a15be47b92e85852bc56.jpg,nail_disease,onychomycosis,NailFungus
NailFungus/nail_disease_Onychomykose-Nagel_neglesvamp_3_1_jpg.rf.eda0836c2c127d8ace737aca30ddb32a.jpg,nail_disease,onychomycosis,NailFungus
NailFungus/nail_disease_Onychomykose-Nagel_Grzyb-paznokcia_17_2_jpg.rf.0f4aaae7a667224dae2a54510330ccfa.jpg,nail_disease,onychomycosis,NailFungus
NailFungus/nail_disease_Onychomykose-Nagel_mycose-des-ongles_6_0_jpg.rf.8f7c702ef6f10ab3f2a45ae6e9979fee.jpg,nail_disease,onychomycosis,NailFungus
NailFungus/nail_disease_Onychomykose-Nagel_onicomicosis_10_2_jpg.rf.a9def170cfce0ee16c4c5090b3a942b9.jpg,nail_disease,onychomycosis,NailFungus
NailFungus/nail_disease_Onychomykose-Nagel_fungo-delle-unghie_2_1_jpg.rf.b73b185770a0dcf1f64f6c5ff2f2d9e0.jpg,nail_disease,onychomycosis,NailFungus
NailFungus/nail_disease_Onycholyse-Nagel_onico-lisis_1_0_jpg.rf.78e50e6391f15c9f8c43efb6b2d3f46d.jpg,nail_disease,onychomycosis,NailFungus
NailFungus/nail_disease_Onychomykose-Nagel_mycose-des-ongles_28_0_jpg.rf.8c89829ab1af8ce104ff9ad6875017af.jpg,nail_disease,onychomycosis,NailFungus
NailFungus/nail_disease_image.webp,nail_disease,onychomycosis,NailFungus
NailFungus/nail_disease_onychomycosis (2).jpeg,nail_disease,onychomycosis,NailFungus
NailFungus/nail_disease_Onychomykose-Nagel_onicomicosis_21_3_jpg.rf.54e2e4e877520a36f213af9cb4ddc9a4.jpg,nail_disease,onychomycosis,NailFungus
NailFungus/nail_disease_Onychomykose-Nagel_onicomicosis_24_0_jpg.rf.f850239a1844e482284a4daf77e96f6f.jpg,nail_disease,onychomycosis,NailFungus
NailFungus/nail_disease_onychomycosis-0007__WatermarkedWyJXYXRlcm1hcmtlZCJd.jpg,nail_disease,onychomycosis,NailFungus
NailFungus/nail_disease_Onychomykose-Nagel_onicomicosis_26_2_jpg.rf.94cdabf87c0132ff8daaf6c76047af2c.jpg,nail_disease,onychomycosis,NailFungus
NailFungus/nail_disease_Onychomykose-Nagel_neglesvamp_24_2_jpg.rf.1a3c2af5327de8a26c313d18af191d29.jpg,nail_disease,onychomycosis,NailFungus
NailFungus/nail_disease_Onychomykose-Nagel_mycose-des-ongles_16_2_jpg.rf.f9f0bbc4c6bd83302c97f48672897f65.jpg,nail_disease,onychomycosis,NailFungus
NailFungus/nail_disease_Onychomykose-Nagel_nagelschimmel_24_1_jpg.rf.6a2356d7b8d4771a2d22f1dd70f075c1.jpg,nail_disease,onychomycosis,NailFungus
NailFungus/nail_disease_Onychomykose-Nagel_mycose-des-ongles_22_2_jpg.rf.72dc05cdeb41e4c615844000214892a9.jpg,nail_disease,onychomycosis,NailFungus
NailFungus/nail_disease_Dystrophie-Nagel_Onychodystrophie_8_3_jpg.rf.da3107776a7586cff7cd967eada95a3b.jpg,nail_disease,onychomycosis,NailFungus
NailFungus/nail_disease_Onychomykose-Nagel_Nagelpilz_3_0_jpg.rf.9895ec3634e25425f8ba2d7bd6f85eca.jpg,nail_disease,onychomycosis,NailFungus
NailFungus/nail_disease_Onychomykose-Nagel_onicomicosis_6_1_jpg.rf.28fabead05eb1959d91dc2a60f603acf.jpg,nail_disease,onychomycosis,NailFungus
NailFungus/nail_disease_Onychomykose-Nagel_mycose-des-ongles_14_0_jpg.rf.0fcf0c385113205988bb149b5bfc39ef.jpg,nail_disease,onychomycosis,NailFungus
NailFungus/nail_disease_Dystrophie-Nagel_nagel-dystrofie_7_0_jpg.rf.248e4bf18e5b6b404eaa7b14de1cd495.jpg,nail_disease,onychomycosis,NailFungus
NailFungus/nail_disease_Onychomykose-Nagel_fungo-delle-unghie_2_3_jpg.rf.aad7a843561de7948fd0f84bfce74ad3.jpg,nail_disease,onychomycosis,NailFungus
NailFungus/nail_disease_Dystrophie-Nagel_nagel-dystrofie_0_0_jpg.rf.937bcba52f6c9e2f55934171eb15419d.jpg,nail_disease,onychomycosis,NailFungus
NailFungus/nail_disease_Onychomykose-Nagel_nagelschimmel_15_4_jpg.rf.8bcfd8c7e7d274212d5aefd66cea0d22.jpg,nail_disease,onychomycosis,NailFungus
NailFungus/nail_disease_Onychomykose-Nagel_onicomicosis_19_1_jpg.rf.3068eb85432e8ac129878d23ee2491f7.jpg,nail_disease,onychomycosis,NailFungus
NailFungus/nail_disease_Onychomykose-Nagel_Onychomykose-Nagel_7_2_jpg.rf.9b35f0c23e5125384753c7160c694565.jpg,nail_disease,onychomycosis,NailFungus
NailFungus/nail_disease_nail-fungal(1).jpg,nail_disease,onychomycosis,NailFungus
NailFungus/nail_disease_Onychomykose-Nagel_Onychomykose-Nagel_8_0_jpg.rf.60ee2c83f11503897e9ab5f53c7b55e2.jpg,nail_disease,onychomycosis,NailFungus
NailFungus/nail_disease_Onychomykose-Nagel_fungo-delle-unghie_19_0_jpg.rf.c99cffed89dd8143e1892f9bc3224570.jpg,nail_disease,onychomycosis,NailFungus
NailFungus/nail_disease_Onychomykose-Nagel_Nagelmykose_19_3_jpg.rf.612a2119309dc9585dddfb98368d028f.jpg,nail_disease,onychomycosis,NailFungus
NailFungus/nail_disease_Onychomykose-Nagel_Grzyb-paznokcia_25_4_jpg.rf.7ea00467a6dbf089db57fc9031bfbdd6.jpg,nail_disease,onychomycosis,NailFungus
NailFungus/nail_disease_Onychomykose-Nagel_mycose-des-ongles_12_1_jpg.rf.82a1212c5405741c98d59583ba55fc30.jpg,nail_disease,onychomycosis,NailFungus
NailFungus/nail_disease_Onychomykose-Nagel_onicomicosis_8_0_jpg.rf.7f6c6e54dcef7a64294335812cf47e3f.jpg,nail_disease,onychomycosis,NailFungus
NailFungus/nail_disease_Onychomykose-Nagel_Grzyb-paznokcia_20_1_jpg.rf.09c44fccabbe7e6ebc593c72ae78ee58.jpg,nail_disease,onychomycosis,NailFungus
NailFungus/nail_disease_Onychomykose-Nagel_onicomicosis_6_2_jpg.rf.b8730e401ef113f9a616304898dba9c7.jpg,nail_disease,onychomycosis,NailFungus
NailFungus/nail_disease_Onychomykose-Nagel_Nagelpilz_28_1_jpg.rf.bb98be99a351f5ee89460bf5f73cdd92.jpg,nail_disease,onychomycosis,NailFungus
NailFungus/nail_disease_Onychomykose-Nagel_neglesvamp_17_0_jpg.rf.9960683cfdae6e52e4081148ce9f0452.jpg,nail_disease,onychomycosis,NailFungus
NailFungus/nail_disease_Onychomykose-Nagel_Nagelmykose_6_0_jpg.rf.9670e166be40177886a3bbeaffa6ecf2.jpg,nail_disease,onychomycosis,NailFungus
NailFungus/nail_disease_Onychomykose-Nagel_Nagelpilz_1_1_jpg.rf.3d4782637db71b351fce4d65b01ceb40.jpg,nail_disease,onychomycosis,NailFungus
NailFungus/nail_disease_Onychomykose-Nagel_onicomicosis_3_0_jpg.rf.fbdf947cc9310e54f976f376ebd3e76d.jpg,nail_disease,onychomycosis,NailFungus
NailFungus/nail_disease_distal-subungual-onychomycosis-348_jpg.rf.0e530ce159566bda593903597ee16ca5.jpg,nail_disease,onychomycosis,NailFungus
NailFungus/nail_disease_Dystrophie-Nagel_nagel-dystrofie_12_1_jpg.rf.c3b1493e0b3b1ff8a802bc19fa7049f6.jpg,nail_disease,onychomycosis,NailFungus
NailFungus/nail_disease_Dystrophie-Nagel_dystrofia-paznokci_24_0_jpg.rf.45ac1922d908e4bfcfe6770060a805b9.jpg,nail_disease,onychomycosis,NailFungus
NailFungus/nail_disease_Onychomykose-Nagel_fungo-delle-unghie_2_0_jpg.rf.235a8b60d16d2fb82674de01c44af7bb.jpg,nail_disease,onychomycosis,NailFungus
NailFungus/nail_disease_Onychomykose-Nagel_Nagelpilz_17_0_jpg.rf.b04f85a2e44863555eb3cb0e68f50780.jpg,nail_disease,onychomycosis,NailFungus
NailFungus/nail_disease_Onychomykose-Nagel_Grzyb-paznokcia_20_2_jpg.rf.334088e804896c04bbbe73ae980a7ba5.jpg,nail_disease,onychomycosis,NailFungus
NailFungus/nail_disease_Onychomykose-Nagel_onicomicosis_11_0_jpg.rf.9fa53e21e2dc0022a8c5933a8f3fe25c.jpg,nail_disease,onychomycosis,NailFungus
NailFungus/nail_disease_Onychomykose-Nagel_fungo-delle-unghie_6_2_jpg.rf.d5bf259f2657ddcfa3231f53713ec932.jpg,nail_disease,onychomycosis,NailFungus
NailFungus/nail_disease_Onychomykose-Nagel_Nagelmykose_20_3_jpg.rf.3e42c2c7f99a599ca4b80c826e209f44.jpg,nail_disease,onychomycosis,NailFungus
NailFungus/nail_disease_Onychomykose-Nagel_Onychomykose-Nagel_1_3_jpg.rf.e98b0cb17d6772472fc27f0435490c4d.jpg,nail_disease,onychomycosis,NailFungus
NailFungus/nail_disease_Dystrophie-Nagel_nagel-dystrofie_16_2_jpg.rf.b5c364b6e2717a7f7aef2360d83fc057.jpg,nail_disease,onychomycosis,NailFungus
NailFungus/nail_disease_distal-subungual-onychomycosis-167_jpg.rf.1c3d7413b4d2b5508199bad42e948df0.jpg,nail_disease,onychomycosis,NailFungus
NailFungus/nail_disease_Onychomykose-Nagel_nagelschimmel_22_5_jpg.rf.08f7d3d41533ba0a97cd3a6c2031ae02.jpg,nail_disease,onychomycosis,NailFungus
NailFungus/nail_disease_Proximal-subungual-onychomycosis-PSO-white-discoloration-of-the-proximal-nail-plate.png,nail_disease,onychomycosis,NailFungus
NailFungus/nail_disease_Onychomykose-Nagel_fungo-delle-unghie_17_0_jpg.rf.673c6b348e5457d01774065a195a2745.jpg,nail_disease,onychomycosis,NailFungus
NailFungus/nail_disease_Onychomykose-Nagel_nagelschimmel_13_0_jpg.rf.6040f3bed669634b3255b8e149ab6e98.jpg,nail_disease,onychomycosis,NailFungus
NailFungus/nail_disease_Onychomykose-Nagel_neglesvamp_0_2_jpg.rf.c8f275c5500f3dab24c1cfe40e15c795.jpg,nail_disease,onychomycosis,NailFungus
NailFungus/nail_disease_Onychomykose-Nagel_onicomicosis_19_0_jpg.rf.38963f6e279de3f8469472750e0cedcb.jpg,nail_disease,onychomycosis,NailFungus
NailFungus/nail_disease_Dystrophie-Nagel_nagel-dystrofie_16_3_jpg.rf.c742e43c1e1cb5b2db9991919c80bf31.jpg,nail_disease,onychomycosis,NailFungus
NailFungus/nail_disease_Onychomykose-Nagel_Grzyb-paznokcia_4_3_jpg.rf.6a7bed067b571bcf43b7f852bd5c6bd2.jpg,nail_disease,onychomycosis,NailFungus
NailFungus/nail_disease_Onychomykose-Nagel_neglesvamp_11_3_jpg.rf.9d526c1083999e18d8a862d113d55df1.jpg,nail_disease,onychomycosis,NailFungus
NailFungus/nail_disease_Onychomykose-Nagel_Nagelpilz_24_1_jpg.rf.832fecddd3283edd4911fe81ee743332.jpg,nail_disease,onychomycosis,NailFungus
NailFungus/nail_disease_Onychomykose-Nagel_fungo-delle-unghie_2_2_jpg.rf.f7e04f255cce3afdd2b313d8517b4b00.jpg,nail_disease,onychomycosis,NailFungus
NailFungus/nail_disease_Onychomykose-Nagel_nagelschimmel_22_6_jpg.rf.7cd07f4256b6a8e825a2a8115f8d8389.jpg,nail_disease,onychomycosis,NailFungus
NailFungus/nail_disease_Onychomykose-Nagel_nagelschimmel_11_4_jpg.rf.34e6a2278b364722b593c34548bc41b5.jpg,nail_disease,onychomycosis,NailFungus
NailFungus/nail_disease_Onychomykose-Nagel_Grzyb-paznokcia_1_2_jpg.rf.5d407290305761c825b4b9bff018a041.jpg,nail_disease,onychomycosis,NailFungus
NailFungus/nail_disease_Onychomykose-Nagel_onicomicosis_9_0_jpg.rf.9ce9502fcc2b09eda05d0da62f992d1c.jpg,nail_disease,onychomycosis,NailFungus
NailFungus/nail_disease_Onychomykose-Nagel_Nagelpilz_13_0_jpg.rf.f21fd77fd0850a9d5a852527e94232db.jpg,nail_disease,onychomycosis,NailFungus
NailFungus/nail_disease_Onychomykose-Nagel_Nagelmykose_23_2_jpg.rf.c4d754b1e9be759ba519c0337208a8d1.jpg,nail_disease,onychomycosis,NailFungus
NailFungus/nail_disease_Onychomykose-Nagel_mycose-des-ongles_9_2_jpg.rf.e146937b230b11adc30b51291de3425d.jpg,nail_disease,onychomycosis,NailFungus
NailFungus/nail_disease_Onychomykose-Nagel_neglesvamp_9_0_jpg.rf.5703b4b025c13ca2ebf740a3b383f993.jpg,nail_disease,onychomycosis,NailFungus
NailFungus/nail_disease_Onychomykose-Nagel_neglesvamp_12_5_jpg.rf.42090107949971afef05c41ddb65264e.jpg,nail_disease,onychomycosis,NailFungus
NailFungus/nail_disease_Onychomykose-Nagel_Nagelpilz_6_0_jpg.rf.15ca06c7393e84305d786caed457fbad.jpg,nail_disease,onychomycosis,NailFungus
NailFungus/nail_disease_white-superficial-onychomycosis-4_jpg.rf.d9d25f034cf34844e823b447d698e129.jpg,nail_disease,onychomycosis,NailFungus
NailFungus/nail_disease_distal-subungual-onychomycosis-136_jpg.rf.df1c23456d8c3dca42d8a0eb9ab63ae5.jpg,nail_disease,onychomycosis,NailFungus
NailFungus/nail_disease_Onychomykose-Nagel_Onychomykose-Nagel_23_0_jpg.rf.7fb11753e46725c2279b9944487e1ea5.jpg,nail_disease,onychomycosis,NailFungus
NailFungus/nail_disease_Onychomykose-Nagel_onicomicosis_6_5_jpg.rf.6d5e6226f36b43c097aece761cf46daa.jpg,nail_disease,onychomycosis,NailFungus
NailFungus/nail_disease_Onychomykose-Nagel_mycose-des-ongles_22_1_jpg.rf.a9bb51455f9e29d9b9659cfa2a266289.jpg,nail_disease,onychomycosis,NailFungus
NailFungus/nail_disease_Onychomykose-Nagel_Onychomykose-Nagel_8_3_jpg.rf.7db26e5310e97e55176a23ef84c514df.jpg,nail_disease,onychomycosis,NailFungus
NailFungus/nail_disease_distal-subungual-onychomycosis-22_jpg.rf.8f956ec348e79443f5ce078a2851242f.jpg,nail_disease,onychomycosis,NailFungus
NailFungus/nail_disease_distal-subungual-onychomycosis-9_jpg.rf.6926bb5c33140c62753e2ae2d0032a47.jpg,nail_disease,onychomycosis,NailFungus
NailFungus/nail_disease_distal-subungual-onychomycosis-83_jpg.rf.b0f625e2ce4eda7a236a7065c93aa95c.jpg,nail_disease,onychomycosis,NailFungus
NailFungus/nail_disease_2.jpg,nail_disease,onychomycosis,NailFungus
NailFungus/nail_disease_distal-subungual-onychomycosis-20_jpg.rf.01c25b11f2d429784e48365b86b39f86.jpg,nail_disease,onychomycosis,NailFungus
NailFungus/nail_disease_onychomycosis-0006__WatermarkedWyJXYXRlcm1hcmtlZCJd.jpg,nail_disease,onychomycosis,NailFungus
NailFungus/nail_disease_distal-subungual-onychomycosis-147_jpg.rf.dc0abe79ec54aa2db1591da532c6b990.jpg,nail_disease,onychomycosis,NailFungus
NailFungus/nail_disease_1272__WatermarkedWyJXYXRlcm1hcmtlZCJd1.jpg,nail_disease,onychomycosis,NailFungus
NailFungus/nail_disease_distal-subungual-onychomycosis-147_jpg.rf.dc0abe79ec54aa2db1591da532c6b993.jpg,nail_disease,onychomycosis,NailFungus
NailFungus/nail_disease_distal-subungual-onychomycosis-117_jpg.rf.ee003471eed0df5b59fd281b1a3e5400.jpg,nail_disease,onychomycosis,NailFungus
NailFungus/nail_disease_Onychomykose-Nagel_Grzyb-paznokcia_3_1_jpg.rf.4872c3d61451afdd86bed192c403ebfb.jpg,nail_disease,onychomycosis,NailFungus
NailFungus/nail_disease_Onychomykose-Nagel_Onychomykose-Nagel_7_1_jpg.rf.850abc4cb47c4ffb7bac1d331489e646.jpg,nail_disease,onychomycosis,NailFungus
NailFungus/nail_disease_Onychomykose-Nagel_Nagelpilz_4_1_jpg.rf.1bee71ab4833d2692ea3efa58487ec64.jpg,nail_disease,onychomycosis,NailFungus
NailFungus/nail_disease_Dystrophie-Nagel_distrofia-ungueale_13_1_jpg.rf.77b97ce60a196685e657ea58527a8474.jpg,nail_disease,onychomycosis,NailFungus
NailFungus/nail_disease_distal-subungual-onychomycosis-11_jpg.rf.d48e4e34250b62a15fba2fdbe113410c.jpg,nail_disease,onychomycosis,NailFungus
NailFungus/nail_disease_distal-subungual-onychomycosis-25_jpg.rf.60d4c6320a8fd34a338998dbe73ba67e.jpg,nail_disease,onychomycosis,NailFungus
NailFungus/nail_disease_distal-subungual-onychomycosis-26_jpg.rf.2de8b96048f418373fdaaea4471ff428.jpg,nail_disease,onychomycosis,NailFungus
NailFungus/nail_disease_proximal-subungual-onychomycosis-2_jpg.rf.a54999f8cf1505bebdc62617afbad582.jpg,nail_disease,onychomycosis,NailFungus
NailFungus/nail_disease_white-superficial-onychomycosis-1_jpg.rf.3845d661a55f044e451b0673310baf61.jpg,nail_disease,onychomycosis,NailFungus
NailFungus/nail_disease_Onychomykose-Nagel_Onychomykose-Nagel_18_0_jpg.rf.1ce8048f9571296e1d97ba913bd25eaa.jpg,nail_disease,onychomycosis,NailFungus
NailFungus/nail_disease_Onychomykose-Nagel_Grzyb-paznokcia_4_3_jpg.rf.681d3cfcec2791e734f272c4026c762b.jpg,nail_disease,onychomycosis,NailFungus
NailFungus/nail_disease_distal-subungual-onychomycosis-167_jpg.rf.80c268914ef9f98082fb04dcabbd3bed.jpg,nail_disease,onychomycosis,NailFungus
NailFungus/nail_disease_Onychomykose-Nagel_neglesvamp_20_0_jpg.rf.ac026444afc58d32b983ffba96a8fa74.jpg,nail_disease,onychomycosis,NailFungus
NailFungus/nail_disease_Onycholyse-Nagel_onico-lisis_0_1_jpg.rf.2ff8f177de8ac065c47d67d98f9e42a8.jpg,nail_disease,onychomycosis,NailFungus
NailFungus/nail_disease_white-superficial-onychomycosis-16_jpg.rf.1e774016780e5a1959a20c1ab6873315.jpg,nail_disease,onychomycosis,NailFungus
NailFungus/nail_disease_distal-subungual-onychomycosis-162_jpg.rf.9323401ede96194cc9c48cc6e429da50.jpg,nail_disease,onychomycosis,NailFungus
NailFungus/nail_disease_distal-subungual-onychomycosis-143_jpg.rf.918db503e98fb381fd540576f94a7362.jpg,nail_disease,onychomycosis,NailFungus
NailFungus/nail_disease_Onychomykose-Nagel_nagelschimmel_5_0_jpg.rf.3a94f12f0248ab8cc85682abb174289c.jpg,nail_disease,onychomycosis,NailFungus
NailFungus/nail_disease_white-superficial-onychomycosis-10_jpg.rf.b53d0f629e2ec64635256f8c62700ff7.jpg,nail_disease,onychomycosis,NailFungus
NailFungus/nail_disease_Onychomykose-Nagel_neglesvamp_5_2_jpg.rf.531371186a8b92c59ad7b9fa206f203a.jpg,nail_disease,onychomycosis,NailFungus
NailFungus/nail_disease_Onychomykose-Nagel_Onychomykose-Nagel_10_4_jpg.rf.51fb738d835bae3f8223a53354181465.jpg,nail_disease,onychomycosis,NailFungus
NailFungus/nail_disease_Onychomykose-Nagel_mycose-des-ongles_26_0_jpg.rf.3f43b932244a8eaf131df9d8661cf708.jpg,nail_disease,onychomycosis,NailFungus
NailFungus/nail_disease_distal-subungual-onychomycosis-166_jpg.rf.20a64ee3074291bd0a9b7a35babbf153.jpg,nail_disease,onychomycosis,NailFungus
NailFungus/nail_disease_Onychomykose-Nagel_Onychomykose-Nagel_18_2_jpg.rf.d4d12cb890c0c4e1fb74354786824cbd.jpg,nail_disease,onychomycosis,NailFungus
NailFungus/nail_disease_distal-subungual-onychomycosis-347_jpg.rf.5ea08385d73c1aec309476b4cbac3808.jpg,nail_disease,onychomycosis,NailFungus
NailFungus/nail_disease_proximal-subungual-onychomycosis-3_jpg.rf.aff0a68037693545abe7599e0834ff19.jpg,nail_disease,onychomycosis,NailFungus
NailFungus/nail_disease_Onychomykose-Nagel_Nagelpilz_9_0_jpg.rf.07e574c536b96733e713edc1337eb7bf.jpg,nail_disease,onychomycosis,NailFungus
NailFungus/nail_disease_distal-subungual-onychomycosis-157_jpg.rf.3f9f60e3770eea1a9baf843479219dc2.jpg,nail_disease,onychomycosis,NailFungus
NailFungus/nail_disease_distal-subungual-onychomycosis-159_jpg.rf.234a1ca535be5531f6d6a6eed5ffac45.jpg,nail_disease,onychomycosis,NailFungus
NailFungus/nail_disease_Onychomykose-Nagel_fungo-delle-unghie_2_0_jpg.rf.c062f7077435775f0d18319b5c3083b3.jpg,nail_disease,onychomycosis,NailFungus
NailFungus/nail_disease_2223.jpg,nail_disease,onychomycosis,NailFungus
NailFungus/nail_disease_Onychomykose-Nagel_Nagelmykose_14_1_jpg.rf.0b82535827c688ffe61199d59232a51b.jpg,nail_disease,onychomycosis,NailFungus
NailFungus/nail_disease_Onychomykose-Nagel_onicomicosis_1_1_jpg.rf.2b6b6398f4f4de2b59d546106a9d4413.jpg,nail_disease,onychomycosis,NailFungus
NailFungus/nail_disease_distal-subungual-onychomycosis-132_jpg.rf.6139fe401ef93cece80d9a54c12f0aeb.jpg,nail_disease,onychomycosis,NailFungus
NailFungus/nail_disease_Onychomykose-Nagel_nagelschimmel_0_1_jpg.rf.02cd7788474cf4002bf60ec57b734989.jpg,nail_disease,onychomycosis,NailFungus
NailFungus/nail_disease_Dystrophie-Nagel_distrofia-ungueale_13_1_jpg.rf.c36fcc343a372c5b7dbb413de66f52fc.jpg,nail_disease,onychomycosis,NailFungus
NailFungus/nail_disease_distal-subungual-onychomycosis-96_jpg.rf.a0acdff5b50cbbca88bd7655cbeb7261.jpg,nail_disease,onychomycosis,NailFungus
NailFungus/nail_disease_Onychomykose-Nagel_Onychomykose-Nagel_18_3_jpg.rf.862298873721c371cce15f0d944d90c3.jpg,nail_disease,onychomycosis,NailFungus
NailFungus/nail_disease_Onychomykose-Nagel_mycose-des-ongles_16_2_jpg.rf.b2ba5cc71f5e8dd8b6f276d36478498f.jpg,nail_disease,onychomycosis,NailFungus
NailFungus/nail_disease_Onychomykose-Nagel_neglesvamp_7_3_jpg.rf.0c4a1067ff22fc2fe8e25030db00d3ba.jpg,nail_disease,onychomycosis,NailFungus
NailFungus/nail_disease_white-superficial-onychomycosis-2_jpg.rf.6ea8b5d4d30448876aca0c26400211fd.jpg,nail_disease,onychomycosis,NailFungus
NailFungus/nail_disease_distal-subungual-onychomycosis-119_jpg.rf.6920792fdd185f3f8702fca83d804215.jpg,nail_disease,onychomycosis,NailFungus
NailFungus/nail_disease_proximal-subungual-onychomycosis-3_jpg.rf.8c9afddfd5a41d2db00f451683f4ae92.jpg,nail_disease,onychomycosis,NailFungus
NailFungus/nail_disease_Onychomykose-Nagel_Nagelpilz_4_3_jpg.rf.f9f4e74808653cdf3d6bc18d81f7d538.jpg,nail_disease,onychomycosis,NailFungus
NailFungus/nail_disease_Onychomykose-Nagel_onicomicosis_20_0_jpg.rf.3f8c7570aa5a789c7817f2af9927d9a4.jpg,nail_disease,onychomycosis,NailFungus
NailFungus/nail_disease_Onychomykose-Nagel_Grzyb-paznokcia_0_2_jpg.rf.4514524b20d303c77bb91b0c70514536.jpg,nail_disease,onychomycosis,NailFungus
NailFungus/nail_disease_Onychomykose-Nagel_fungo-delle-unghie_7_0_jpg.rf.9f071c08428ebe7e551aa16b9e72ec10.jpg,nail_disease,onychomycosis,NailFungus
NailFungus/nail_disease_distal-subungual-onychomycosis-133_jpg.rf.d4cd1082c641d30009bcfefb39893e19.jpg,nail_disease,onychomycosis,NailFungus
NailFungus/nail_disease_Onychomykose-Nagel_mycose-des-ongles_9_2_jpg.rf.a3639b7dbec690d8faebed281a370810.jpg,nail_disease,onychomycosis,NailFungus
NailFungus/nail_disease_Onychomykose-Nagel_nagelschimmel_0_1_jpg.rf.6989d0e68c4627c0523de72ad891185b.jpg,nail_disease,onychomycosis,NailFungus
NailFungus/nail_disease_Onychomykose-Nagel_Onychomykose-Nagel_7_2_jpg.rf.d93399cd5f10b94d48d104312407e53f.jpg,nail_disease,onychomycosis,NailFungus
NailFungus/nail_disease_proximal-subungual-onychomycosis-10_jpg.rf.8eb35418964ffa2b40dca514262005a2.jpg,nail_disease,onychomycosis,NailFungus
NailFungus/nail_disease_proximal-subungual-onychomycosis-3_jpg.rf.fa2573fbbd23b3dac8cf983396825373.jpg,nail_disease,onychomycosis,NailFungus
NailFungus/nail_disease_white-superficial-onychomycosis-10_jpg.rf.6345deb3d777f9affddf3e428728fc57.jpg,nail_disease,onychomycosis,NailFungus
NailFungus/nail_disease_Onychomykose-Nagel_onicomicosis_17_1_jpg.rf.cfc3bbf19ab4fb0dae90eb6858827c38.jpg,nail_disease,onychomycosis,NailFungus
NailFungus/nail_disease_distal-subungual-onychomycosis-15_jpg.rf.0d66c437c8469823211d6f918dc5d870.jpg,nail_disease,onychomycosis,NailFungus
NailFungus/nail_disease_Onychomykose-Nagel_Onychomykose-Nagel_1_2_jpg.rf.88a62da6017e1e9bf59203adb34e02df.jpg,nail_disease,onychomycosis,NailFungus
NailFungus/nail_disease_Onychomykose-Nagel_Grzyb-paznokcia_4_0_jpg.rf.476e42651897eec603b3745601341ffb.jpg,nail_disease,onychomycosis,NailFungus
NailFungus/nail_disease_distal-subungual-onychomycosis-162_jpg.rf.39238db2a2125dd01e780cf618bbac1a.jpg,nail_disease,onychomycosis,NailFungus
NailFungus/nail_disease_Dystrophie-Nagel_nagel-dystrofie_16_4_jpg.rf.c591061106a58f69e973c2f34fdfa26f.jpg,nail_disease,onychomycosis,NailFungus
NailFungus/nail_disease_Onychomykose-Nagel_Grzyb-paznokcia_4_2_jpg.rf.6a3a0fb4906b7f0d70c7f1555c7cd807.jpg,nail_disease,onychomycosis,NailFungus
NailFungus/nail_disease_Onychomykose-Nagel_Grzyb-paznokcia_26_2_jpg.rf.5f45b58e7fb0448522836cbb9026d57b.jpg,nail_disease,onychomycosis,NailFungus
NailFungus/nail_disease_distal-subungual-onychomycosis-31_jpg.rf.cf2a58a9fdb979c7d4533882b52fada3.jpg,nail_disease,onychomycosis,NailFungus
NailFungus/nail_disease_Onychomykose-Nagel_onicomicosis_25_0_jpg.rf.a298e6590f756d1e86a9bc5fefae17ea.jpg,nail_disease,onychomycosis,NailFungus
NailFungus/nail_disease_white-superficial-onychomycosis-9_jpg.rf.87dfdf583698ef86b19362fca06fb56c.jpg,nail_disease,onychomycosis,NailFungus
NailFungus/nail_disease_proximal-subungual-onychomycosis-6_jpg.rf.b926dbb18b52a88ef7d20ada18d0a9f1.jpg,nail_disease,onychomycosis,NailFungus
NailFungus/nail_disease_Onychomykose-Nagel_onicomicosis_6_8_jpg.rf.ed747531120a8cba0dbfbc53be57b4c3.jpg,nail_disease,onychomycosis,NailFungus
NailFungus/nail_disease_Onychomykose-Nagel_Onychomykose-Nagel_8_0_jpg.rf.68f1b735f58738ca13831db0d7abade1.jpg,nail_disease,onychomycosis,NailFungus
NailFungus/nail_disease_distal-subungual-onychomycosis-105_jpg.rf.b54e5d84b5a8c6fbb054e9870a1a7918.jpg,nail_disease,onychomycosis,NailFungus
NailFungus/nail_disease_onychomycosis-0018__WatermarkedWyJXYXRlcm1hcmtlZCJd.jpg,nail_disease,onychomycosis,NailFungus
NailFungus/nail_disease_Onychomykose-Nagel_Onychomykose-Nagel_18_0_jpg.rf.a05f28fceaa07ad2a9e5b494cb465e1a.jpg,nail_disease,onychomycosis,NailFungus
NailFungus/nail_disease_proximal-subungual-onychomycosis-2_jpg.rf.345daf46ff54efd911d4686479925e19.jpg,nail_disease,onychomycosis,NailFungus
NailFungus/nail_disease_distal-subungual-onychomycosis-99_jpg.rf.b7dca5661e23a4bd57ee011cc5466d1e.jpg,nail_disease,onychomycosis,NailFungus
NailFungus/nail_disease_white-superficial-onychomycosis-13_jpg.rf.39a2d069fa3e4f72ee79a8e702b13aee.jpg,nail_disease,onychomycosis,NailFungus
NailFungus/nail_disease_Onychomykose-Nagel_nagelschimmel_21_2_jpg.rf.e9c421795761c06a80758eb6c882185b.jpg,nail_disease,onychomycosis,NailFungus
NailFungus/nail_disease_white-superficial-onychomycosis-16_jpg.rf.511535be38bd9ecc636cedfea67ced64.jpg,nail_disease,onychomycosis,NailFungus
NailFungus/nail_disease_Onychomykose-Nagel_onicomicosis_6_0_jpg.rf.8357b3aa8be996aec62563f671c2feb5.jpg,nail_disease,onychomycosis,NailFungus
NailFungus/nail_disease_distal-subungual-onychomycosis-89_jpg.rf.afcaaaf3608eb1afcf0daa956ceaa6c7.jpg,nail_disease,onychomycosis,NailFungus
NailFungus/nail_disease_distal-subungual-onychomycosis-95_jpg.rf.0a4a53f5274e17e1053fbdd3081ecba6.jpg,nail_disease,onychomycosis,NailFungus
NailFungus/nail_disease_distal-subungual-onychomycosis-134_jpg.rf.548a8b5f847d2fc2a3ff6a04d04c8f9b.jpg,nail_disease,onychomycosis,NailFungus
NailFungus/nail_disease_white-superficial-onychomycosis-5_jpg.rf.3ca0ca3f12a100c50ff3cd6584bd309c.jpg,nail_disease,onychomycosis,NailFungus
NailFungus/nail_disease_white-superficial-onychomycosis-6_jpg.rf.ab1eb0ce6559739ec35496bd9bb6d00f.jpg,nail_disease,onychomycosis,NailFungus
NailFungus/nail_disease_distal-subungual-onychomycosis-23_jpg.rf.d816bf7e2b2e3c0f2e3fd605ecbb8393.jpg,nail_disease,onychomycosis,NailFungus
NailFungus/nail_disease_distal-subungual-onychomycosis-120_jpg.rf.dbeb9ffbc5bd7b9218fd22996f35b695.jpg,nail_disease,onychomycosis,NailFungus
NailFungus/nail_disease_Onychomykose-Nagel_fungo-delle-unghie_12_0_jpg.rf.a12562fd973197d68b796ba095dc9ef8.jpg,nail_disease,onychomycosis,NailFungus
NailFungus/nail_disease_Onychomykose-Nagel_nagelschimmel_24_0_jpg.rf.9db84e0debe700ce9b207065cc442c1a.jpg,nail_disease,onychomycosis,NailFungus
NailFungus/nail_disease_distal-subungual-onychomycosis-10_jpg.rf.0429bc7ab3d5f03d84e15e988dd3e968.jpg,nail_disease,onychomycosis,NailFungus
NailFungus/nail_disease_white-superficial-onychomycosis-14_jpg.rf.dd8c5a687d2e9a21133f4063d67421b7.jpg,nail_disease,onychomycosis,NailFungus
NailFungus/nail_disease_distal-subungual-onychomycosis-101_jpg.rf.9e76c5d5cc69298c928b4b3961e7ec08.jpg,nail_disease,onychomycosis,NailFungus
NailFungus/nail_disease_Dystrophie-Nagel_dystrofia-paznokci_27_0_jpg.rf.664945898a242dbaf3a32ae817827b2b.jpg,nail_disease,onychomycosis,NailFungus
NailFungus/nail_disease_Onychomykose-Nagel_Nagelmykose_24_0_jpg.rf.dab46af651c6341e6df383536ac650dd.jpg,nail_disease,onychomycosis,NailFungus
NailFungus/nail_disease_distal-subungual-onychomycosis-155_jpg.rf.7aa15597ea794a826c2ee9ff721680fb.jpg,nail_disease,onychomycosis,NailFungus
NailFungus/nail_disease_distal-subungual-onychomycosis-347_jpg.rf.9940eb74e1b08b45c8776ebf40544f74.jpg,nail_disease,onychomycosis,NailFungus
NailFungus/nail_disease_distal-subungual-onychomycosis-166_jpg.rf.67551396a870202519a5d4c4f9aa0545.jpg,nail_disease,onychomycosis,NailFungus
NailFungus/nail_disease_distal-subungual-onychomycosis-128_jpg.rf.0352049ffdd7bae07bb620345aea6f85.jpg,nail_disease,onychomycosis,NailFungus
NailFungus/nail_disease_distal-subungual-onychomycosis-32_jpg.rf.2a0707bdb2b7161025826ec5b384ac6c.jpg,nail_disease,onychomycosis,NailFungus
NailFungus/nail_disease_white-superficial-onychomycosis-7_jpg.rf.e47891373cc71824ce1c535c9700abca.jpg,nail_disease,onychomycosis,NailFungus
NailFungus/nail_disease_distal-subungual-onychomycosis-12_jpg.rf.6da02f8f81e3b713875e9ee48d21c4b7.jpg,nail_disease,onychomycosis,NailFungus
NailFungus/nail_disease_Onychomykose-Nagel_fungo-delle-unghie_5_0_jpg.rf.990d015f986dfbdcbf572abbe40d7d84.jpg,nail_disease,onychomycosis,NailFungus
NailFungus/nail_disease_Onychomykose-Nagel_Grzyb-paznokcia_6_0_jpg.rf.ecdd13bc1d2a2f5153089f0a3c7057ee.jpg,nail_disease,onychomycosis,NailFungus
NailFungus/nail_disease_white-superficial-onychomycosis-15_jpg.rf.01384f9e68a957e847fb452204efa88c.jpg,nail_disease,onychomycosis,NailFungus
NailFungus/nail_disease_1272__WatermarkedWyJXYXRlcm1hcmtlZCJd.jpg,nail_disease,onychomycosis,NailFungus
NailFungus/nail_disease_Onychomykose-Nagel_Onychomykose-Nagel_18_1_jpg.rf.34e7118c64ab4f4d2ac98a7e4d23fd9d.jpg,nail_disease,onychomycosis,NailFungus
NailFungus/nail_disease_Onychomykose-Nagel_onicomicosis_22_0_jpg.rf.a64a169351e6d1240f3eeacf4904b72d.jpg,nail_disease,onychomycosis,NailFungus
NailFungus/nail_disease_distal-subungual-onychomycosis-20_jpg.rf.c9e3816957bdbb90142e7df823b1870f.jpg,nail_disease,onychomycosis,NailFungus
NailFungus/nail_disease_distal-subungual-onychomycosis-94_jpg.rf.fdbd5e287710e6ec246fd9f47ffddc1b.jpg,nail_disease,onychomycosis,NailFungus
NailFungus/nail_disease_distal-subungual-onychomycosis-11_jpg.rf.f332a33fd67086b54741c18eb8d7b3af.jpg,nail_disease,onychomycosis,NailFungus
NailFungus/nail_disease_distal-subungual-onychomycosis-4_jpg.rf.aecc47359abab494c54d0d12e13896cb.jpg,nail_disease,onychomycosis,NailFungus
NailFungus/nail_disease_Onychomykose-Nagel_Grzyb-paznokcia_3_3_jpg.rf.a59f58eb3345211deeb81a4b64b17391.jpg,nail_disease,onychomycosis,NailFungus
NailFungus/nail_disease_Onycholyse-Nagel_Nagelablo-sung_19_1_jpg.rf.d672f1738ab347ffd01f99c0b6a29e14.jpg,nail_disease,onychomycosis,NailFungus
NailFungus/nail_disease_Onychomykose-Nagel_onicomicosis_21_3_jpg.rf.4b94bae8f73d1ee6b7e1161250321acf.jpg,nail_disease,onychomycosis,NailFungus
NailFungus/nail_disease_proximal-subungual-onychomycosis-134_jpg.rf.e83cd638bd4d6c27cfd31b1359eb0c1f.jpg,nail_disease,onychomycosis,NailFungus
NailFungus/nail_disease_Onychomykose-Nagel_Grzyb-paznokcia_22_0_jpg.rf.9da0eff40eceb0c3b19419d87b4dd583.jpg,nail_disease,onychomycosis,NailFungus
NailFungus/nail_disease_Onychomykose-Nagel_fungo-delle-unghie_24_1_jpg.rf.7f68bb5aeffd9470570c3daa3c6f8dec.jpg,nail_disease,onychomycosis,NailFungus
NailFungus/nail_disease_Onychomykose-Nagel_nagelschimmel_15_3_jpg.rf.bd393a37127de0bfa423b6c8432005d1.jpg,nail_disease,onychomycosis,NailFungus
NailFungus/nail_disease_Dystrophie-Nagel_nagel-dystrofie_0_1_jpg.rf.ba274e1a1734f2bf9c92b5cabf1ae79a.jpg,nail_disease,onychomycosis,NailFungus
NailFungus/nail_disease_distal-subungual-onychomycosis-24_jpg.rf.4b45e37830a805e7395d781035c17553.jpg,nail_disease,onychomycosis,NailFungus
NailFungus/nail_disease_distal-subungual-onychomycosis-114_jpg.rf.6fa8dbed9139c932e443d3ffa8386c83.jpg,nail_disease,onychomycosis,NailFungus
NailFungus/nail_disease_Onychomykose-Nagel_onicomicosis_6_1_jpg.rf.c7ef24a0a1d6f007900ea827463e4b01.jpg,nail_disease,onychomycosis,NailFungus
NailFungus/nail_disease_distal-subungual-onychomycosis-19_jpg.rf.d46ec1cb00e40b15a00f5d730ea2b69a.jpg,nail_disease,onychomycosis,NailFungus
NailFungus/nail_disease_white-superficial-onychomycosis-12_jpg.rf.edc7355aa5ae816b8a6cd67813deda60.jpg,nail_disease,onychomycosis,NailFungus
NailFungus/nail_disease_distal-subungual-onychomycosis-101_jpg.rf.2067711afd1c2356805d84d6fa7a1848.jpg,nail_disease,onychomycosis,NailFungus
NailFungus/nail_disease_white-superficial-onychomycosis-3_jpg.rf.24d4204ac6e373670491e746d4f83fa6.jpg,nail_disease,onychomycosis,NailFungus
NailFungus/nail_disease_Onychomykose-Nagel_neglesvamp_11_2_jpg.rf.b065d67c6b47b76660018e937cc8b771.jpg,nail_disease,onychomycosis,NailFungus
NailFungus/nail_disease_Onychomykose-Nagel_Onychomykose-Nagel_16_1_jpg.rf.f54bf619b24645280f6a5fd12da1fcaa.jpg,nail_disease,onychomycosis,NailFungus
NailFungus/nail_disease_distal-subungual-onychomycosis-114_jpg.rf.67df567ca290b79fc761c86ba254a6b7.jpg,nail_disease,onychomycosis,NailFungus
NailFungus/nail_disease_distal-subungual-onychomycosis-116_jpg.rf.c0568d024bc497a1c5f8ee7145752073.jpg,nail_disease,onychomycosis,NailFungus
NailFungus/nail_disease_Onychomykose-Nagel_Onychomykose-Nagel_28_4_jpg.rf.8d3165396b321e1615a09670120178ba.jpg,nail_disease,onychomycosis,NailFungus
NailFungus/nail_disease_Onychomykose-Nagel_nagelschimmel_13_0_jpg.rf.eb7e0d4f74047daa30300408f4d57f1e.jpg,nail_disease,onychomycosis,NailFungus
NailFungus/nail_disease_white-superficial-onychomycosis-14_jpg.rf.6388c33670b27c7acc5ba670dc5f9aad.jpg,nail_disease,onychomycosis,NailFungus
NailFungus/nail_disease_Onychomykose-Nagel_fungo-delle-unghie_4_0_jpg.rf.c9acac9c0fb63653dfd2e10cbddc985b.jpg,nail_disease,onychomycosis,NailFungus
NailFungus/nail_disease_proximal-subungual-onychomycosis-5_jpg.rf.76d3ccc569bb325768865fd17d4b2154.jpg,nail_disease,onychomycosis,NailFungus
NailFungus/nail_disease_distal-subungual-onychomycosis-91_jpg.rf.24ea5902a1fb8acd5e022596141c6268.jpg,nail_disease,onychomycosis,NailFungus
NailFungus/nail_disease_distal-subungual-onychomycosis-127_jpg.rf.00d819db17941e9394ba5d4d7d0945d8.jpg,nail_disease,onychomycosis,NailFungus
NailFungus/nail_disease_Onychomykose-Nagel_Onychomykose-Nagel_28_4_jpg.rf.b86ccc9c34b028a4b48c9e0d93586602.jpg,nail_disease,onychomycosis,NailFungus
NailFungus/nail_disease_distal-subungual-onychomycosis-92_jpg.rf.57cba4e40fee999a6fa73d0406b1428d.jpg,nail_disease,onychomycosis,NailFungus
NailFungus/nail_disease_white-superficial-onychomycosis-13_jpg.rf.1b584895558dacea8d07e78d1c6b9274.jpg,nail_disease,onychomycosis,NailFungus
NailFungus/nail_disease_distal-subungual-onychomycosis-148_jpg.rf.85c8b1625b6ad62f62259b13f3bdf75f.jpg,nail_disease,onychomycosis,NailFungus
NailFungus/nail_disease_distal-subungual-onychomycosis-124_jpg.rf.47ff1ff1dee958d5e4790a561208059e.jpg,nail_disease,onychomycosis,NailFungus
NailFungus/nail_disease_distal-subungual-onychomycosis-22_jpg.rf.fc2084ff8aca2fca367ceee1a09e3d13.jpg,nail_disease,onychomycosis,NailFungus
NailFungus/nail_disease_distal-subungual-onychomycosis-94_jpg.rf.db1823a3b0d69d847c9fa97e74486604.jpg,nail_disease,onychomycosis,NailFungus
NailFungus/nail_disease_Onychomykose-Nagel_mycose-des-ongles_25_5_jpg.rf.f488a6fcef83e281a37a751c6982c565.jpg,nail_disease,onychomycosis,NailFungus
NailFungus/nail_disease_Onychomykose-Nagel_neglesvamp_18_0_jpg.rf.b543b47edcabe9555d97054232f514ae.jpg,nail_disease,onychomycosis,NailFungus
NailFungus/nail_disease_proximal-subungual-onychomycosis-1_jpg.rf.62cdfc281ada45e9a56a4095b912cab6.jpg,nail_disease,onychomycosis,NailFungus
NailFungus/nail_disease_Onychomykose-Nagel_onicomicosis_17_1_jpg.rf.6ecc13fe66c81a8286c50940f13e5736.jpg,nail_disease,onychomycosis,NailFungus
NailFungus/nail_disease_Onychomykose-Nagel_Grzyb-paznokcia_20_1_jpg.rf.102f4673bbe1d49d87f0e1d005a7afad.jpg,nail_disease,onychomycosis,NailFungus
NailFungus/nail_disease_distal-subungual-onychomycosis-41_jpg.rf.dc60a1cc422837d00693056985c1e762.jpg,nail_disease,onychomycosis,NailFungus
NailFungus/nail_disease_Onychomykose-Nagel_fungo-delle-unghie_9_1_jpg.rf.7283f4098d58b3e7d2d36d09a4c209f7.jpg,nail_disease,onychomycosis,NailFungus
NailFungus/nail_disease_Onychomykose-Nagel_Onychomykose-Nagel_1_1_jpg.rf.5d393e350e93784467f27452b11cf743.jpg,nail_disease,onychomycosis,NailFungus
NailFungus/nail_disease_Onychomykose-Nagel_onicomicosis_6_6_jpg.rf.499fe79b6b78c4e35d2f6984c879b8d3.jpg,nail_disease,onychomycosis,NailFungus
NailFungus/nail_disease_Dystrophie-Nagel_Onychodystrophie_7_0_jpg.rf.bd46d864226b77fffe09a211dc479ce5.jpg,nail_disease,onychomycosis,NailFungus
NailFungus/nail_disease_distal-subungual-onychomycosis-155_jpg.rf.d36eed10f47358705f1ada3c2dd594a7.jpg,nail_disease,onychomycosis,NailFungus
NailFungus/nail_disease_Onychomykose-Nagel_nagelschimmel_1_8_jpg.rf.68d8fbdac531fc0a2f1131de2c9687d6.jpg,nail_disease,onychomycosis,NailFungus
NailFungus/nail_disease_Onychomykose-Nagel_Onychomykose-Nagel_10_3_jpg.rf.33458015274ff5f7e4ed8fcf390245c4.jpg,nail_disease,onychomycosis,NailFungus
NailFungus/nail_disease_distal-subungual-onychomycosis-38_jpg.rf.2ed3716cbbede6afdc46c1ddc8d2c525.jpg,nail_disease,onychomycosis,NailFungus
NailFungus/nail_disease_Onychomykose-Nagel_onicomicosis_19_2_jpg.rf.ccb708f9cce3304eac3e268fa01939cf.jpg,nail_disease,onychomycosis,NailFungus
NailFungus/nail_disease_distal-subungual-onychomycosis-24_jpg.rf.1f6564a3c3b760fc94beafb626a150ad.jpg,nail_disease,onychomycosis,NailFungus
NailFungus/nail_disease_Dystrophie-Nagel_Onychodystrophie_8_3_jpg.rf.935f58b163e62f5ab127dcffdcdc9c7a.jpg,nail_disease,onychomycosis,NailFungus
NailFungus/nail_disease_distal-subungual-onychomycosis-138_jpg.rf.f8eb465cc5569e3a9386b24662860a1c.jpg,nail_disease,onychomycosis,NailFungus
NailFungus/nail_disease_distal-subungual-onychomycosis-87_jpg.rf.220d91520bc0c787b4a3fd9ca50dd936.jpg,nail_disease,onychomycosis,NailFungus
NailFungus/nail_disease_Onychomykose-Nagel_Grzyb-paznokcia_25_4_jpg.rf.c3b120e5b3c577dda2d454a2b8b938fe.jpg,nail_disease,onychomycosis,NailFungus
NailFungus/nail_disease_distal-subungual-onychomycosis-85_jpg.rf.f445b33e61e55ec4361b344f24dac921.jpg,nail_disease,onychomycosis,NailFungus
NailFungus/nail_disease_distal-subungual-onychomycosis-161_jpg.rf.acc3eadd00eccdc35c35bd491b919dc5.jpg,nail_disease,onychomycosis,NailFungus
NailFungus/nail_disease_Onychomykose-Nagel_mycose-des-ongles_6_0_jpg.rf.853676ae9b27046b06713f5e94d12aa5.jpg,nail_disease,onychomycosis,NailFungus
NailFungus/nail_disease_Onychomykose-Nagel_mycose-des-ongles_25_5_jpg.rf.117bdd5072cd05c460dcf4cdaf99afec.jpg,nail_disease,onychomycosis,NailFungus
NailFungus/nail_disease_distal-subungual-onychomycosis-163_jpg.rf.34509e162a784e5652ebf51a2dde54f6.jpg,nail_disease,onychomycosis,NailFungus
NailFungus/nail_disease_Onychomykose-Nagel_neglesvamp_12_5_jpg.rf.29175bda05423df103a56ab9fed693cf.jpg,nail_disease,onychomycosis,NailFungus
NailFungus/nail_disease_Onychomykose-Nagel_Nagelpilz_2_2_jpg.rf.be89a8c4b897691045c58ad35fa847a4.jpg,nail_disease,onychomycosis,NailFungus
NailFungus/nail_disease_distal-subungual-onychomycosis-115_jpg.rf.18bbfdc974ab201b6543821850795d06.jpg,nail_disease,onychomycosis,NailFungus
NailFungus/nail_disease_distal-subungual-onychomycosis-137_jpg.rf.5c76728a9bb3957c3212cf360f55a6ac.jpg,nail_disease,onychomycosis,NailFungus
NailFungus/nail_disease_distal-subungual-onychomycosis-149_jpg.rf.d9402a4983eb36654d1cd6ffe1ea437a.jpg,nail_disease,onychomycosis,NailFungus
NailFungus/nail_disease_Onychomykose-Nagel_Grzyb-paznokcia_17_2_jpg.rf.a4e4067d906acf3a538c01004e50114c.jpg,nail_disease,onychomycosis,NailFungus
NailFungus/nail_disease_white-superficial-onychomycosis-12_jpg.rf.4db45b024c79b8761fd8d29c1256ea68.jpg,nail_disease,onychomycosis,NailFungus
NailFungus/nail_disease_distal-subungual-onychomycosis-95_jpg.rf.12543a9b1f1902e32da3cc24b1d4f779.jpg,nail_disease,onychomycosis,NailFungus
NailFungus/nail_disease_Onychomykose-Nagel_Nagelmykose_27_2_jpg.rf.45c6e6e2d4dea4cfea80c07e324e5a20.jpg,nail_disease,onychomycosis,NailFungus
NailFungus/nail_disease_Onychomykose-Nagel_onicomicosis_19_1_jpg.rf.47c073ce4c59a0f3c7faa588e9ec353d.jpg,nail_disease,onychomycosis,NailFungus
NailFungus/nail_disease_white-superficial-onychomycosis-5_jpg.rf.f1bad361ec516a1b12636e2efdb283d1.jpg,nail_disease,onychomycosis,NailFungus
NailFungus/nail_disease_Onycholyse-Nagel_Nagelablo-sung_28_0_jpg.rf.c427abeb19ad51063db3079e5bb1cfee.jpg,nail_disease,onychomycosis,NailFungus
NailFungus/nail_disease_distal-subungual-onychomycosis-29_jpg.rf.0aeb63387a8349df8378af0d80a361e8.jpg,nail_disease,onychomycosis,NailFungus
NailFungus/nail_disease_Onychomykose-Nagel_Nagelmykose_0_0_jpg.rf.aa4eb8ab0f2d831a9682a8b6c332245e.jpg,nail_disease,onychomycosis,NailFungus
NailFungus/nail_disease_distal-subungual-onychomycosis-23_jpg.rf.d3dd1fdfe57f588a22a7e7d727c880ee.jpg,nail_disease,onychomycosis,NailFungus
NailFungus/nail_disease_Onycholyse-Nagel_onico-lisis_13_0_jpg.rf.a0ca75c73da743f57eedf569db7583c8.jpg,nail_disease,onychomycosis,NailFungus
NailFungus/nail_disease_distal-subungual-onychomycosis-31_jpg.rf.90ba26175c99a4c7474171c710110023.jpg,nail_disease,onychomycosis,NailFungus
NailFungus/nail_disease_Dystrophie-Nagel_nagel-dystrofie_7_1_jpg.rf.9e57c67340707ff8ee576f8ef8be8507.jpg,nail_disease,onychomycosis,NailFungus
NailFungus/nail_disease_Onychomykose-Nagel_Nagelpilz_6_0_jpg.rf.a6a4e53ea5f0cc404e644967679be637.jpg,nail_disease,onychomycosis,NailFungus
NailFungus/nail_disease_Onychomykose-Nagel_Onychomykose-Nagel_21_0_jpg.rf.8dd3465ce4c8d75d1a2b5c985b5b8c54.jpg,nail_disease,onychomycosis,NailFungus
NailFungus/nail_disease_Onychomykose-Nagel_mycose-des-ongles_19_2_jpg.rf.dd5a0b5c724dbb87bf80dfe8c1f03a1d.jpg,nail_disease,onychomycosis,NailFungus
NailFungus/nail_disease_distal-subungual-onychomycosis-39_jpg.rf.7bddb193ccc098846cf5517c784d9935.jpg,nail_disease,onychomycosis,NailFungus
NailFungus/nail_disease_white-superficial-onychomycosis-1_jpg.rf.1c9ad28948dc8723e58d195161152e66.jpg,nail_disease,onychomycosis,NailFungus
NailFungus/nail_disease_Onychomykose-Nagel_Onychomykose-Nagel_8_2_jpg.rf.200e3ece5fc37778eabc0e41b350fd95.jpg,nail_disease,onychomycosis,NailFungus
NailFungus/nail_disease_Onychomykose-Nagel_Nagelmykose_20_3_jpg.rf.da65ac164d25100d71fe7a75d0063f77.jpg,nail_disease,onychomycosis,NailFungus
NailFungus/nail_disease_Onychomykose-Nagel_fungo-delle-unghie_20_1_jpg.rf.bd18683fec87caae82306919e17d27e6.jpg,nail_disease,onychomycosis,NailFungus
NailFungus/nail_disease_distal-subungual-onychomycosis-131_jpg.rf.711969b26b4cde8bf32f15301d06675d.jpg,nail_disease,onychomycosis,NailFungus
NailFungus/nail_disease_white-superficial-onychomycosis-4_jpg.rf.721c1246ab9ea64696918ad529e613ba.jpg,nail_disease,onychomycosis,NailFungus
NailFungus/nail_disease_Onychomykose-Nagel_onicomicosis_19_2_jpg.rf.5b1ffe78f133c65a0b0acf523857e08c.jpg,nail_disease,onychomycosis,NailFungus
NailFungus/nail_disease_distal-subungual-onychomycosis-154_jpg.rf.51a0c6d941ed1bbb04f37c0a7eca4ae4.jpg,nail_disease,onychomycosis,NailFungus
NailFungus/nail_disease_distal-subungual-onychomycosis-144_jpg.rf.a078605bc32bf7ec56d493cd0ee7857c.jpg,nail_disease,onychomycosis,NailFungus
NailFungus/nail_disease_distal-subungual-onychomycosis-142_jpg.rf.ce98d9fab1a2f4e81e1e4965688a84c4.jpg,nail_disease,onychomycosis,NailFungus
NailFungus/nail_disease_Onychomykose-Nagel_fungo-delle-unghie_3_0_jpg.rf.e58e122a3e966ac3cb90ea4c94f88777.jpg,nail_disease,onychomycosis,NailFungus
NailFungus/nail_disease_Onychomykose-Nagel_Nagelpilz_10_0_jpg.rf.d668b107db9cabf137f902c738a52692.jpg,nail_disease,onychomycosis,NailFungus
NailFungus/nail_disease_Onychomykose-Nagel_Nagelpilz_16_0_jpg.rf.92ea01bc0210e63e0a0ca0a6cb500fae.jpg,nail_disease,onychomycosis,NailFungus
NailFungus/nail_disease_Onychomykose-Nagel_Onychomykose-Nagel_14_1_jpg.rf.c96bccba8cfa4eddefc5e5ce629728fd.jpg,nail_disease,onychomycosis,NailFungus
NailFungus/nail_disease_Onychomykose-Nagel_onicomicosis_24_0_jpg.rf.62726d32bdd5be9b3774d98fcf77d9d5.jpg,nail_disease,onychomycosis,NailFungus
NailFungus/nail_disease_Onychomykose-Nagel_fungo-delle-unghie_8_1_jpg.rf.2a63b8e79aab22fe989519ce59891e4d.jpg,nail_disease,onychomycosis,NailFungus
NailFungus/nail_disease_onychomycosis-0030__WatermarkedWyJXYXRlcm1hcmtlZCJd.jpg,nail_disease,onychomycosis,NailFungus
NailFungus/nail_disease_Onychomykose-Nagel_fungo-delle-unghie_5_1_jpg.rf.780b408fbe0a474a0b212822e4e43828.jpg,nail_disease,onychomycosis,NailFungus
NailFungus/nail_disease_white-superficial-onychomycosis-10_jpg.rf.fb8e7c0b444519e4dda2c8b1c7ee039a.jpg,nail_disease,onychomycosis,NailFungus
NailFungus/nail_disease_distal-subungual-onychomycosis-125_jpg.rf.634cd11c8aee55f7c18857a3cacbfb58.jpg,nail_disease,onychomycosis,NailFungus
NailFungus/nail_disease_Onychomykose-Nagel_mycose-des-ongles_2_1_jpg.rf.c8ad110475504e3c445bb02a7007b71d.jpg,nail_disease,onychomycosis,NailFungus
NailFungus/nail_disease_proximal-subungual-onychomycosis-9_jpg.rf.93b8494fd5486eb7942829aed9153a49.jpg,nail_disease,onychomycosis,NailFungus
NailFungus/nail_disease_Onychomykose-Nagel_Onychomykose-Nagel_7_1_jpg.rf.81edea3224ee7b02a08fde17d27ee15f.jpg,nail_disease,onychomycosis,NailFungus
NailFungus/nail_disease_distal-subungual-onychomycosis-141_jpg.rf.31cb118028dc6a4c1d98eb0d1c88ea0a.jpg,nail_disease,onychomycosis,NailFungus
NailFungus/nail_disease_Onychomykose-Nagel_neglesvamp_11_3_jpg.rf.9ec6ec7ff78bc536831c4a2bb8d539ea.jpg,nail_disease,onychomycosis,NailFungus
NailFungus/nail_disease_proximal-subungual-onychomycosis-7_jpg.rf.e9d185184c6b9ee07fa151bc69a1bf5a.jpg,nail_disease,onychomycosis,NailFungus
NailFungus/nail_disease_distal-subungual-onychomycosis-106_jpg.rf.68d27993c5e0fac634cfa36125b0b6b1.jpg,nail_disease,onychomycosis,NailFungus
NailFungus/nail_disease_Onychomykose-Nagel_mycose-des-ongles_19_2_jpg.rf.61ec23dd87b3059dadd8e4460010a070.jpg,nail_disease,onychomycosis,NailFungus
NailFungus/nail_disease_Onychomykose-Nagel_neglesvamp_8_0_jpg.rf.258dc47f07871225131dd7a1388d070e.jpg,nail_disease,onychomycosis,NailFungus
NailFungus/nail_disease_distal-subungual-onychomycosis-30_jpg.rf.7a2db54c0ff40f115dc5ff706a58a3d7.jpg,nail_disease,onychomycosis,NailFungus
NailFungus/nail_disease_Onycholyse-Nagel_Ongle-de-collement_28_1_jpg.rf.e0dfd55845c56e9952f5f22986f0fc38.jpg,nail_disease,onychomycosis,NailFungus
NailFungus/nail_disease_Onycholyse-Nagel_onycholiza-paznokcia_28_3_jpg.rf.a19c23dd9866d4ae46751c375b9766b8.jpg,nail_disease,onychomycosis,NailFungus
NailFungus/nail_disease_distal-subungual-onychomycosis-19_jpg.rf.66d0b9a85d9661a1e9451bac1dc3b399.jpg,nail_disease,onychomycosis,NailFungus
NailFungus/nail_disease_Onychomykose-Nagel_onicomicosis_22_0_jpg.rf.a44f053c2e22f82215c1a58ab24024d8.jpg,nail_disease,onychomycosis,NailFungus
NailFungus/nail_disease_distal-subungual-onychomycosis-119_jpg.rf.585caa831d9b4eea7a49dbc3c0179bb1.jpg,nail_disease,onychomycosis,NailFungus
NailFungus/nail_disease_distal-subungual-onychomycosis-139_jpg.rf.064ec42cd6c0ae080c2fb150ca464250.jpg,nail_disease,onychomycosis,NailFungus
NailFungus/nail_disease_Dystrophie-Nagel_nagel-dystrofie_12_0_jpg.rf.e3a8901267fa18cecc3fa7f03e96967b.jpg,nail_disease,onychomycosis,NailFungus
NailFungus/nail_disease_distal-subungual-onychomycosis-39_jpg.rf.aa82f1d8755fb8bd7018b02a8443b9af.jpg,nail_disease,onychomycosis,NailFungus
NailFungus/nail_disease_white-superficial-onychomycosis-14_jpg.rf.15031b1ef2a5e4773734755294c900d3.jpg,nail_disease,onychomycosis,NailFungus
NailFungus/nail_disease_distal-subungual-onychomycosis-12_jpg.rf.c44f96862ac96373afc6e0bd869aaa5f.jpg,nail_disease,onychomycosis,NailFungus
NailFungus/nail_disease_distal-subungual-onychomycosis-96_jpg.rf.1c3fd496e56ac9709af6e4a667d58a41.jpg,nail_disease,onychomycosis,NailFungus
NailFungus/nail_disease_Onychomykose-Nagel_onicomicosis_16_0_jpg.rf.3072d5a34767f5adde6538dc738813ee.jpg,nail_disease,onychomycosis,NailFungus
NailFungus/nail_disease_white-superficial-onychomycosis-3_jpg.rf.691c04d004e8223c81cd0f2254502f7c.jpg,nail_disease,onychomycosis,NailFungus
NailFungus/nail_disease_Onychomykose-Nagel_Onychomykose-Nagel_5_0_jpg.rf.87dd60efdb2563b9941eda635757cda3.jpg,nail_disease,onychomycosis,NailFungus
NailFungus/nail_disease_Onychomykose-Nagel_Nagelpilz_16_0_jpg.rf.7ea16d4caf3e4e9e6651774b1a5de6eb.jpg,nail_disease,onychomycosis,NailFungus
NailFungus/nail_disease_Onychomykose-Nagel_Onychomykose-Nagel_18_2_jpg.rf.92144b76851ff230d92c368458aaf156.jpg,nail_disease,onychomycosis,NailFungus
NailFungus/nail_disease_distal-subungual-onychomycosis-2_jpg.rf.c75b025a2591f6c296e64b22a451928e1.jpg,nail_disease,onychomycosis,NailFungus
NailFungus/nail_disease_Onychomykose-Nagel_Nagelmykose_19_3_jpg.rf.a2ffb24b22c2f2ff5f2b8aea440b1906.jpg,nail_disease,onychomycosis,NailFungus
NailFungus/nail_disease_Onychomykose-Nagel_Grzyb-paznokcia_5_1_jpg.rf.cb69285ab49666adb5b1000b52434b17.jpg,nail_disease,onychomycosis,NailFungus
NailFungus/nail_disease_distal-subungual-onychomycosis-159_jpg.rf.b9ebd2e908c5dbc7afe89648f444760f.jpg,nail_disease,onychomycosis,NailFungus
NailFungus/nail_disease_distal-subungual-onychomycosis-131_jpg.rf.18ecd7b4cad7926f6fd38a8a7966d985.jpg,nail_disease,onychomycosis,NailFungus
NailFungus/nail_disease_Dystrophie-Nagel_Onychodystrophie_8_1_jpg.rf.ec8c115fec502028722138715b43b5f3.jpg,nail_disease,onychomycosis,NailFungus
NailFungus/nail_disease_Onychomykose-Nagel_Grzyb-paznokcia_27_2_jpg.rf.a0e58b72b8468dc8b784c0ae72b1b281.jpg,nail_disease,onychomycosis,NailFungus
NailFungus/nail_disease_onychomycosis-0016__WatermarkedWyJXYXRlcm1hcmtlZCJd.jpg,nail_disease,onychomycosis,NailFungus
NailFungus/nail_disease_Onychomykose-Nagel_Onychomykose-Nagel_18_1_jpg.rf.b205d97ce405fca037a76674f4adb9dd.jpg,nail_disease,onychomycosis,NailFungus
NailFungus/nail_disease_distal-subungual-onychomycosis-25_jpg.rf.39acff7750ee0b4e01edcd23f72a3e59.jpg,nail_disease,onychomycosis,NailFungus
NailFungus/nail_disease_distal-subungual-onychomycosis-37_jpg.rf.1c02dd475028da6cb2cec8c2ee3f6376.jpg,nail_disease,onychomycosis,NailFungus
NailFungus/nail_disease_Onychomykose-Nagel_fungo-delle-unghie_12_3_jpg.rf.a9e0eabd66ab0dc375766ae5a68caafa.jpg,nail_disease,onychomycosis,NailFungus
NailFungus/nail_disease_distal-subungual-onychomycosis-143_jpg.rf.311f73727246c1ff89d89800a23793bb.jpg,nail_disease,onychomycosis,NailFungus
NailFungus/nail_disease_distal-subungual-onychomycosis-161_jpg.rf.38108bcefb204e2388efb25f8e9d6ea7.jpg,nail_disease,onychomycosis,NailFungus
NailFungus/nail_disease_Onychomykose-Nagel_Onychomykose-Nagel_10_3_jpg.rf.6263890ba39c4df517ba731d2924e3d5.jpg,nail_disease,onychomycosis,NailFungus
NailFungus/nail_disease_Onychomykose-Nagel_onicomicosis_6_8_jpg.rf.4bf0c4b76257d20f03a223be7b8892c2.jpg,nail_disease,onychomycosis,NailFungus
NailFungus/nail_disease_onychomycosis-0014__WatermarkedWyJXYXRlcm1hcmtlZCJd.jpg,nail_disease,onychomycosis,NailFungus
NailFungus/nail_disease_Dystrophie-Nagel_dystrofia-paznokci_24_0_jpg.rf.604931f24a19100da3cef02d8e0acedc.jpg,nail_disease,onychomycosis,NailFungus
NailFungus/nail_disease_distal-subungual-onychomycosis-93_jpg.rf.65c43a793c51152f3efd5f99d321cb97.jpg,nail_disease,onychomycosis,NailFungus
NailFungus/nail_disease_Onychomykose-Nagel_neglesvamp_18_0_jpg.rf.de0b9e7cc925ec05d4557e60f057b29e.jpg,nail_disease,onychomycosis,NailFungus
NailFungus/nail_disease_Onychomykose-Nagel_onicomicosis_12_1_jpg.rf.0e170424cba201ee0e489e935a57f9db.jpg,nail_disease,onychomycosis,NailFungus
NailFungus/nail_disease_distal-subungual-onychomycosis-346_jpg.rf.878e273133f042167edc9cb1c68f590a.jpg,nail_disease,onychomycosis,NailFungus
NailFungus/nail_disease_proximal-subungual-onychomycosis-123_jpg.rf.882282a549fe9d2e2d0c5563fcea4663.jpg,nail_disease,onychomycosis,NailFungus
NailFungus/nail_disease_Onychomykose-Nagel_neglesvamp_15_2_jpg.rf.4bd29dc2de6ca2a8600ee836aa61fc91.jpg,nail_disease,onychomycosis,NailFungus
NailFungus/nail_disease_distal-subungual-onychomycosis-137_jpg.rf.c1f3cc440b3b326a7bcbe35a9e44d806.jpg,nail_disease,onychomycosis,NailFungus
NailFungus/nail_disease_distal-subungual-onychomycosis-90_jpg.rf.3d58d4530ff015a7a116b05ed1d8a398.jpg,nail_disease,onychomycosis,NailFungus
NailFungus/nail_disease_Dystrophie-Nagel_nagel-dystrofie_9_0_jpg.rf.28644bd9afb9e45f284889fc39de5d50.jpg,nail_disease,onychomycosis,NailFungus
NailFungus/nail_disease_distal-subungual-onychomycosis-85_jpg.rf.3f2f20b81187017cde7b4f25d9f61fb5.jpg,nail_disease,onychomycosis,NailFungus
NailFungus/nail_disease_proximal-subungual-onychomycosis-5_jpg.rf.5d780ce552fcf4fdf7d4dbf60ee7d5b8.jpg,nail_disease,onychomycosis,NailFungus
NailFungus/nail_disease_distal-subungual-onychomycosis-4_jpg.rf.0a9e56830308b4223160935eacef74b8.jpg,nail_disease,onychomycosis,NailFungus
NailFungus/nail_disease_distal-subungual-onychomycosis-18_jpg.rf.c2552787dafcb19638f3952da4f71180.jpg,nail_disease,onychomycosis,NailFungus
NailFungus/nail_disease_distal-subungual-onychomycosis-158_jpg.rf.5c915d64729440fc859a8623eb3bbcc9.jpg,nail_disease,onychomycosis,NailFungus
NailFungus/nail_disease_Onychomykose-Nagel_fungo-delle-unghie_2_1_jpg.rf.d69474d63895dc43f986c121fb20a0ac.jpg,nail_disease,onychomycosis,NailFungus
NailFungus/nail_disease_white-superficial-onychomycosis-11_jpg.rf.98f4f621db4a7cf80dea670b524ccca3.jpg,nail_disease,onychomycosis,NailFungus
NailFungus/nail_disease_distal-subungual-onychomycosis-39_jpg.rf.411907ece1ad767099dfbac81aa5f918.jpg,nail_disease,onychomycosis,NailFungus
NailFungus/nail_disease_Onychomykose-Nagel_onicomicosis_8_0_jpg.rf.81f6a8e9b1029045d6a0a10a2abe4c04.jpg,nail_disease,onychomycosis,NailFungus
NailFungus/nail_disease_distal-subungual-onychomycosis-40_jpg.rf.a4158fd7f338397d3168e329a6de2cd8.jpg,nail_disease,onychomycosis,NailFungus
NailFungus/nail_disease_distal-subungual-onychomycosis-93_jpg.rf.f3e4277e957123f465735b72e3c4c989.jpg,nail_disease,onychomycosis,NailFungus
NailFungus/nail_disease_Onychomykose-Nagel_Grzyb-paznokcia_20_2_jpg.rf.2f85fd3ac449755a53c74c13a82fbc4d.jpg,nail_disease,onychomycosis,NailFungus
NailFungus/nail_disease_distal-subungual-onychomycosis-2_jpg.rf.6dae3d68129c5d5abd50b67553a5b3b2.jpg,nail_disease,onychomycosis,NailFungus
NailFungus/nail_disease_distal-subungual-onychomycosis-125_jpg.rf.f53c5ff1c0c3e25ca227c9905dd2c0e1.jpg,nail_disease,onychomycosis,NailFungus
NailFungus/nail_disease_Onychomykose-Nagel_Onychomykose-Nagel_23_0_jpg.rf.1b8e6dec96da29270e4ed299a3135991.jpg,nail_disease,onychomycosis,NailFungus
NailFungus/nail_disease_Onychomykose-Nagel_mycose-des-ongles_9_3_jpg.rf.388cf9a1ded767693eb65b7846547d9f.jpg,nail_disease,onychomycosis,NailFungus
NailFungus/nail_disease_Onychomykose-Nagel_onicomicosis_19_3_jpg.rf.5003a773ab080c12cf6b1c7b3cfd749c.jpg,nail_disease,onychomycosis,NailFungus
NailFungus/nail_disease_1.jpg,nail_disease,onychomycosis,NailFungus
NailFungus/nail_disease_3.jpg,nail_disease,onychomycosis,NailFungus
NailFungus/nail_disease_Onychomykose-Nagel_fungo-delle-unghie_6_2_jpg.rf.6ac80e6e5fefef5bb885508101dead09.jpg,nail_disease,onychomycosis,NailFungus
NailFungus/nail_disease_Onychomykose-Nagel_mycose-des-ongles_14_0_jpg.rf.2eed1411e24a0cc3099efc784f0b6df5.jpg,nail_disease,onychomycosis,NailFungus
NailFungus/nail_disease_1261__WatermarkedWyJXYXRlcm1hcmtlZCJd.jpg,nail_disease,onychomycosis,NailFungus
NailFungus/nail_disease_Onychomykose-Nagel_Nagelmykose_6_0_jpg.rf.04798240caead761dffb48958329733e.jpg,nail_disease,onychomycosis,NailFungus
NailFungus/nail_disease_distal-subungual-onychomycosis-121_jpg.rf.25a4db20131f8fc09594780ba7105ce9.jpg,nail_disease,onychomycosis,NailFungus
NailFungus/nail_disease_distal-subungual-onychomycosis-16_jpg.rf.78114f42bb15ea91ccf06c83ec77835a.jpg,nail_disease,onychomycosis,NailFungus
NailFungus/nail_disease_Onychomykose-Nagel_neglesvamp_3_1_jpg.rf.7bd4d2699e533ecc7fdbcff5c8bbe269.jpg,nail_disease,onychomycosis,NailFungus
NailFungus/nail_disease_Onychomykose-Nagel_Nagelpilz_15_0_jpg.rf.5f66203ba6b3b21f410bad84e509d066.jpg,nail_disease,onychomycosis,NailFungus
NailFungus/nail_disease_distal-subungual-onychomycosis-83_jpg.rf.98c664ea1574c30535b3852dc2cbe576.jpg,nail_disease,onychomycosis,NailFungus
NailFungus/nail_disease_onychomycosis-0007__WatermarkedWyJXYXRlcm1hcmtlZCJd.jpg,nail_disease,onychomycosis,NailFungus
NailFungus/nail_disease_Onychomykose-Nagel_nagelschimmel_15_4_jpg.rf.657111d8f3c77b061a55327cc1f1024c.jpg,nail_disease,onychomycosis,NailFungus
NailFungus/nail_disease_Onychomykose-Nagel_onicomicosis_18_3_jpg.rf.81807e4078322aa0768f5065d5a2b9fd.jpg,nail_disease,onychomycosis,NailFungus
NailFungus/nail_disease_Onychomykose-Nagel_Nagelpilz_1_1_jpg.rf.37216fc9cb6d2093cc178c3ff1d7d688.jpg,nail_disease,onychomycosis,NailFungus
NailFungus/nail_disease_distal-subungual-onychomycosis-12_jpg.rf.3d8ce7f1145b47ebfa23ed1bc956c212.jpg,nail_disease,onychomycosis,NailFungus
NailFungus/nail_disease_distal-subungual-onychomycosis-13_jpg.rf.673bffdd1960d330959ff5aa85183dc7.jpg,nail_disease,onychomycosis,NailFungus
NailFungus/nail_disease_proximal-subungual-onychomycosis-6_jpg.rf.783e669759ad360b0bdd1f0e8a7f7885.jpg,nail_disease,onychomycosis,NailFungus
NailFungus/nail_disease_Dystrophie-Nagel_nagel-dystrofie_12_1_jpg.rf.d80a1af804987777806fa68013499f17.jpg,nail_disease,onychomycosis,NailFungus
NailFungus/nail_disease_Onychomykose-Nagel_neglesvamp_0_2_jpg.rf.1c8de68397d6627d955cd5e9c7a52603.jpg,nail_disease,onychomycosis,NailFungus
NailFungus/nail_disease_Onychomykose-Nagel_mycose-des-ongles_0_0_jpg.rf.9f190d5659f81ec2b7708da4c694a448.jpg,nail_disease,onychomycosis,NailFungus
NailFungus/nail_disease_white-superficial-onychomycosis-11_jpg.rf.e3832bf895d0fe7dcb1ed85472b2523a.jpg,nail_disease,onychomycosis,NailFungus
NailFungus/nail_disease_distal-subungual-onychomycosis-107_jpg.rf.9e2d1e22bed2ed2aab49f9f9788900d8.jpg,nail_disease,onychomycosis,NailFungus
NailFungus/nail_disease_distal-subungual-onychomycosis-10_jpg.rf.15d90e29c72236abd275698c69b92646.jpg,nail_disease,onychomycosis,NailFungus
NailFungus/nail_disease_distal-subungual-onychomycosis-17_jpg.rf.7f2c60b033964c38beed51a1387b9dac.jpg,nail_disease,onychomycosis,NailFungus
NailFungus/nail_disease_distal-subungual-onychomycosis-99_jpg.rf.b4f99837b84f91bf98aaf61196f26ab7.jpg,nail_disease,onychomycosis,NailFungus
NailFungus/nail_disease_distal-subungual-onychomycosis-111_jpg.rf.226758edffd5a82e3b96bdba635b2170.jpg,nail_disease,onychomycosis,NailFungus
NailFungus/nail_disease_Dystrophie-Nagel_nagel-dystrofie_9_1_jpg.rf.f26059be3bdcc69ece7c896ad6754443.jpg,nail_disease,onychomycosis,NailFungus
NailFungus/nail_disease_Onychomykose-Nagel_fungo-delle-unghie_1_0_jpg.rf.6345b0841f14106feaddec1963df5382.jpg,nail_disease,onychomycosis,NailFungus
NailFungus/nail_disease_distal-subungual-onychomycosis-156_jpg.rf.ecd3357d74dc6463751e272b1aef7e95.jpg,nail_disease,onychomycosis,NailFungus
NailFungus/nail_disease_distal-subungual-onychomycosis-106_jpg.rf.1339621b95765a453e41e554a46bed63.jpg,nail_disease,onychomycosis,NailFungus
NailFungus/nail_disease_white-superficial-onychomycosis-2_jpg.rf.c96f188cc5d7e405eddf69af035ea22c.jpg,nail_disease,onychomycosis,NailFungus
NailFungus/nail_disease_Onychomykose-Nagel_mycose-des-ongles_22_2_jpg.rf.ad3c62390293733423d9b8b3a295f159.jpg,nail_disease,onychomycosis,NailFungus
NailFungus/nail_disease_Onychomykose-Nagel_onicomicosis_26_2_jpg.rf.b5df08141dc2c15ac6ca3814182f307a.jpg,nail_disease,onychomycosis,NailFungus
NailFungus/nail_disease_Dystrophie-Nagel_Onychodystrophie_8_2_jpg.rf.05f133e1dbbfa7f76698cf29e494c86a.jpg,nail_disease,onychomycosis,NailFungus
NailFungus/nail_disease_Onychomykose-Nagel_Grzyb-paznokcia_7_0_jpg.rf.3df25e643ebc3a09b9584f61273ea239.jpg,nail_disease,onychomycosis,NailFungus
NailFungus/nail_disease_Onychomykose-Nagel_onicomicosis_4_1_jpg.rf.a32a70c265771a9366b5bb6c9938a20c.jpg,nail_disease,onychomycosis,NailFungus
NailFungus/nail_disease_Onycholyse-Nagel_Nagelablo-sung_1_0_jpg.rf.aff48894067034b6c0ee6f578b1cc988.jpg,nail_disease,onychomycosis,NailFungus
NailFungus/nail_disease_Onychomykose-Nagel_Onychomykose-Nagel_16_1_jpg.rf.010fdc07d54128b3914761cc708508de.jpg,nail_disease,onychomycosis,NailFungus
NailFungus/nail_disease_distal-subungual-onychomycosis-20_jpg.rf.6e0ad71ba2a24ca734f28382d72f857c.jpg,nail_disease,onychomycosis,NailFungus
NailFungus/nail_disease_Dystrophie-Nagel_nagel-dystrofie_7_2_jpg.rf.ac8490ecbe89c4cf61415bdb4931798c.jpg,nail_disease,onychomycosis,NailFungus
NailFungus/nail_disease_distal-subungual-onychomycosis-90_jpg.rf.e97ac79fa3f2fff63254efc022bb8f72.jpg,nail_disease,onychomycosis,NailFungus
NailFungus/nail_disease_distal-subungual-onychomycosis-2_jpg.rf.6dae3d68129c5d5abd50b67553a5b3b22.jpg,nail_disease,onychomycosis,NailFungus
NailFungus/nail_disease_distal-subungual-onychomycosis-124_jpg.rf.460cd9ee56a9f50fc59f379f0d34a979.jpg,nail_disease,onychomycosis,NailFungus
NailFungus/nail_disease_distal-subungual-onychomycosis-2_jpg.rf.c75b025a2591f6c296e64b22a451928e2.jpg,nail_disease,onychomycosis,NailFungus
NailFungus/nail_disease_distal-subungual-onychomycosis-165_jpg.rf.2bb765bce9fd68cbc2ec93672dbfbe8b.jpg,nail_disease,onychomycosis,NailFungus
NailFungus/nail_disease_Onychomykose-Nagel_Onychomykose-Nagel_8_1_jpg.rf.dfbfa9a4cc09d4d8327debc66a8f5af5.jpg,nail_disease,onychomycosis,NailFungus
NailFungus/nail_disease_distal-subungual-onychomycosis-165_jpg.rf.5bbea0331d0285ecf427f7fb129a071e.jpg,nail_disease,onychomycosis,NailFungus
NailFungus/nail_disease_distal-subungual-onychomycosis-88_jpg.rf.2023760a6865eaa8cee10926efa3a8ab.jpg,nail_disease,onychomycosis,NailFungus
NailFungus/nail_disease_Dystrophie-Nagel_dystrofia-paznokci_27_0_jpg.rf.531976736145a962bb1fa4e11def647c.jpg,nail_disease,onychomycosis,NailFungus
NailFungus/nail_disease_Onychomykose-Nagel_fungo-delle-unghie_26_1_jpg.rf.8dd212eaceb701be4f373a4521ab0e8a.jpg,nail_disease,onychomycosis,NailFungus
NailFungus/nail_disease_white-superficial-onychomycosis-2_jpg.rf.eb06693c2ef7c68e23ab85493381af6c.jpg,nail_disease,onychomycosis,NailFungus
NailFungus/nail_disease_white-superficial-onychomycosis-11_jpg.rf.5c85679b591724bbbe919685a299187e.jpg,nail_disease,onychomycosis,NailFungus
NailFungus/nail_disease_distal-subungual-onychomycosis-13_jpg.rf.b777691fb17b8cbe038264ea89dbff3c.jpg,nail_disease,onychomycosis,NailFungus
NailFungus/nail_disease_distal-subungual-onychomycosis-9_jpg.rf.df90d6d4e43e0e1274c5a198423e9c8f.jpg,nail_disease,onychomycosis,NailFungus
NailFungus/nail_disease_onychomycosis-0009__WatermarkedWyJXYXRlcm1hcmtlZCJd.jpg,nail_disease,onychomycosis,NailFungus
NailFungus/nail_disease_Onychomykose-Nagel_mycose-des-ongles_12_1_jpg.rf.166b734d6a882f547aca0d0b8c8db547.jpg,nail_disease,onychomycosis,NailFungus
NailFungus/nail_disease_Onychomykose-Nagel_onicomicosis_10_2_jpg.rf.c943337216fd2aff54541c9d983aa82d.jpg,nail_disease,onychomycosis,NailFungus
NailFungus/nail_disease_distal-subungual-onychomycosis-143_jpg.rf.34687c94c75b27db0cb40ed95f074f9b.jpg,nail_disease,onychomycosis,NailFungus
NailFungus/nail_disease_distal-subungual-onychomycosis-32_jpg.rf.4b1e526cb032f7b553ae749d277daaba.jpg,nail_disease,onychomycosis,NailFungus
NailFungus/nail_disease_Onychomykose-Nagel_neglesvamp_9_0_jpg.rf.e14a35528045f220eb6a3f48c9badbdc.jpg,nail_disease,onychomycosis,NailFungus
NailFungus/nail_disease_distal-subungual-onychomycosis-140_jpg.rf.579a52896b470ca5e7c358a4f526a63b.jpg,nail_disease,onychomycosis,NailFungus
NailFungus/nail_disease_Onychomykose-Nagel_Nagelpilz_3_0_jpg.rf.1dac83d1e6ef51be313254aaaa363e4b.jpg,nail_disease,onychomycosis,NailFungus
NailFungus/nail_disease_distal-subungual-onychomycosis-345_jpg.rf.f10b2cbb781c471438a1484aef527ec2.jpg,nail_disease,onychomycosis,NailFungus
NailFungus/nail_disease_Onychomykose-Nagel_onicomicosis_19_3_jpg.rf.f3943f1f04ab999b42dd2dc88cb29d9a.jpg,nail_disease,onychomycosis,NailFungus
NailFungus/nail_disease_distal-subungual-onychomycosis-105_jpg.rf.ff9783a74b719f30e76580e96eb2b726.jpg,nail_disease,onychomycosis,NailFungus
NailFungus/nail_disease_distal-subungual-onychomycosis-113_jpg.rf.5f2d1263230c27bffe9c55fd9850bd45.jpg,nail_disease,onychomycosis,NailFungus
NailFungus/nail_disease_distal-subungual-onychomycosis-122_jpg.rf.c0ab11a11fff973a6cf8c875cb863379.jpg,nail_disease,onychomycosis,NailFungus
NailFungus/nail_disease_white-superficial-onychomycosis-6_jpg.rf.2f594a8eb12a03df62264112d897e95e.jpg,nail_disease,onychomycosis,NailFungus
NailFungus/nail_disease_Onychomykose-Nagel_mycose-des-ongles_25_3_jpg.rf.0eff7d02ed838d320e0db8bc087ceed8.jpg,nail_disease,onychomycosis,NailFungus
NailFungus/nail_disease_Onychomykose-Nagel_Onychomykose-Nagel_10_1_jpg.rf.78e5c9f43607135c921ebf90b0c7a7dd.jpg,nail_disease,onychomycosis,NailFungus
NailFungus/nail_disease_proximal-subungual-onychomycosis-6_jpg.rf.d8ad95d2bec395315e05f8d418236fe0.jpg,nail_disease,onychomycosis,NailFungus
NailFungus/nail_disease_distal-subungual-onychomycosis-35_jpg.rf.8d2d8e0e10b2532efcb2a6e236840bf1.jpg,nail_disease,onychomycosis,NailFungus
NailFungus/nail_disease_Onychomykose-Nagel_onicomicosis_6_7_jpg.rf.c766e338b7ad7d0cecd211bccff90b8f.jpg,nail_disease,onychomycosis,NailFungus
NailFungus/nail_disease_distal-subungual-onychomycosis-132_jpg.rf.87c50c6d197cb63f2496446cc9791bfc.jpg,nail_disease,onychomycosis,NailFungus
NailFungus/nail_disease_white-superficial-onychomycosis-5_jpg.rf.26cda3ef013d5bc89ee0283308bc8796.jpg,nail_disease,onychomycosis,NailFungus
NailFungus/nail_disease_Onychomykose-Nagel_Onychomykose-Nagel_1_3_jpg.rf.76b5714cc117ee70826d67429a2f53be.jpg,nail_disease,onychomycosis,NailFungus
NailFungus/nail_disease_proximal-subungual-onychomycosis-123_jpg.rf.dcdbdd99a6b97a0918bbb79033a70fb3.jpg,nail_disease,onychomycosis,NailFungus
NailFungus/nail_disease_distal-subungual-onychomycosis-160_jpg.rf.88b2d31f7cc9f317febd830665606e86.jpg,nail_disease,onychomycosis,NailFungus
NailFungus/nail_disease_Onychomykose-Nagel_onicomicosis_9_1_jpg.rf.4b66d6ed6bf7b7ac49234a3d10c7a862.jpg,nail_disease,onychomycosis,NailFungus
NailFungus/nail_disease_1254__WatermarkedWyJXYXRlcm1hcmtlZCJd.jpg,nail_disease,onychomycosis,NailFungus
NailFungus/nail_disease_Melanonychie-Nagel_Melanonychia-nagel_8_1_jpg.rf.bed664ad3f933374d0eab61c6b5d1c39.jpg,nail_disease,onychomycosis,NailFungus
NailFungus/nail_disease_distal-subungual-onychomycosis-89_jpg.rf.8d6f7d96ee66a581f373cae0a3d660f0.jpg,nail_disease,onychomycosis,NailFungus
NailFungus/nail_disease_distal-subungual-onychomycosis-38_jpg.rf.d13e12a50f9ef168a43b3571c4e0b8d2.jpg,nail_disease,onychomycosis,NailFungus
NailFungus/nail_disease_proximal-subungual-onychomycosis-1_jpg.rf.0ee90487ded828355b7e722aa2a9702e.jpg,nail_disease,onychomycosis,NailFungus
NailFungus/nail_disease_Onychomykose-Nagel_onicomicosis_6_4_jpg.rf.b8fd4376cfaee5f1f534bb7b89615f03.jpg,nail_disease,onychomycosis,NailFungus
NailFungus/nail_disease_distal-subungual-onychomycosis-35_jpg.rf.94eed46439975f6c46e022bd9c62cfb7.jpg,nail_disease,onychomycosis,NailFungus
NailFungus/nail_disease_Onychomykose-Nagel_mycose-des-ongles_28_0_jpg.rf.d53c6fa5f71954a0907444bbd4d351b4.jpg,nail_disease,onychomycosis,NailFungus
NailFungus/nail_disease_Onychomykose-Nagel_mycose-des-ongles_11_1_jpg.rf.5be4f7ab7ed90f72103df7134b961bd9.jpg,nail_disease,onychomycosis,NailFungus
NailFungus/nail_disease_distal-subungual-onychomycosis-2_jpg.rf.c75b025a2591f6c296e64b22a451928e3.jpg,nail_disease,onychomycosis,NailFungus
NailFungus/nail_disease_white-superficial-onychomycosis-15_jpg.rf.a53b608ce45898e3ef1be43cf65c8fca.jpg,nail_disease,onychomycosis,NailFungus
NailFungus/nail_disease_Onychomykose-Nagel_nagelschimmel_22_5_jpg.rf.258e5aa8cb3131549228b8d01c96129b.jpg,nail_disease,onychomycosis,NailFungus
NailFungus/nail_disease_distal-subungual-onychomycosis-117_jpg.rf.35fb32cdb2d8e9b7e9ad45c9efbf2c47.jpg,nail_disease,onychomycosis,NailFungus
NailFungus/nail_disease_Onychomykose-Nagel_nagelschimmel_7_1_jpg.rf.d6ca3cd7d8702186e4fae64d580ccd75.jpg,nail_disease,onychomycosis,NailFungus
NailFungus/nail_disease_aa660d_4c0768abc06448f4996eb0bf0c416aa5~mv2_d_2048_1536_s_2.jpg,nail_disease,onychomycosis,NailFungus
NailFungus/nail_disease_distal-subungual-onychomycosis-134_jpg.rf.a56c5ad99632f8ad58f4817fdd820226.jpg,nail_disease,onychomycosis,NailFungus
NailFungus/nail_disease_distal-subungual-onychomycosis-21_jpg.rf.0f4bdcbde8d9256b28b6a1e1eddb2141.jpg,nail_disease,onychomycosis,NailFungus
NailFungus/nail_disease_Onychomykose-Nagel_Nagelpilz_28_0_jpg.rf.167066acc1dfac4f6096421a2c0ba3dc.jpg,nail_disease,onychomycosis,NailFungus
NailFungus/nail_disease_Onychomykose-Nagel_Onychomykose-Nagel_20_1_jpg.rf.9ebee11af1b86810def74065cd3c06b4.jpg,nail_disease,onychomycosis,NailFungus
NailFungus/nail_disease_distal-subungual-onychomycosis-129_jpg.rf.6f9478fce2c46f755ed64176ac594260.jpg,nail_disease,onychomycosis,NailFungus
NailFungus/nail_disease_Onychomykose-Nagel_Nagelpilz_19_0_jpg.rf.41ec8f1b68834542d91f39107f7d0645.jpg,nail_disease,onychomycosis,NailFungus
NailFungus/nail_disease_Onychomykose-Nagel_fungo-delle-unghie_19_0_jpg.rf.cfae40cb35d03536d34f3a1cf03d6378.jpg,nail_disease,onychomycosis,NailFungus
NailFungus/nail_disease_Dystrophie-Nagel_Onychodystrophie_8_2_jpg.rf.bcc2d1f799f8b41707bf6412189982af.jpg,nail_disease,onychomycosis,NailFungus
NailFungus/nail_disease_Onychomykose-Nagel_nagelschimmel_24_1_jpg.rf.ab7c353c1288055fa278f8129f277026.jpg,nail_disease,onychomycosis,NailFungus
NailFungus/nail_disease_distal-subungual-onychomycosis-28_jpg.rf.6681d665f64219963de01ce53b6a9969.jpg,nail_disease,onychomycosis,NailFungus
NailFungus/nail_disease_distal-subungual-onychomycosis-116_jpg.rf.8a04673fa810424b7cc932833b24088d.jpg,nail_disease,onychomycosis,NailFungus
NailFungus/nail_disease_distal-subungual-onychomycosis-121_jpg.rf.f01333f33096b8d47c38370aed846423.jpg,nail_disease,onychomycosis,NailFungus
NailFungus/nail_disease_proximal-subungual-onychomycosis-7_jpg.rf.ca6b5b2d599283315f400b11d2d4e5c6.jpg,nail_disease,onychomycosis,NailFungus
NailFungus/nail_disease_Onycholyse-Nagel_Onycholyse-Nagel_8_1_jpg.rf.cb26e397d3014bb0e2c862d1b33692dc.jpg,nail_disease,onychomycosis,NailFungus
NailFungus/nail_disease_distal-subungual-onychomycosis-14_jpg.rf.0c11843ea830cc8b6384ee3b0164a655.jpg,nail_disease,onychomycosis,NailFungus
NailFungus/nail_disease_distal-subungual-onychomycosis-102_jpg.rf.050033599db48db0163b2c7e25c3945e.jpg,nail_disease,onychomycosis,NailFungus
NailFungus/nail_disease_distal-subungual-onychomycosis-37_jpg.rf.d458289d0becf71d09edc9236d57b747.jpg,nail_disease,onychomycosis,NailFungus
NailFungus/nail_disease_distal-subungual-onychomycosis-27_jpg.rf.c717f0a9da0217b02dbf7f74a750f400.jpg,nail_disease,onychomycosis,NailFungus
NailFungus/nail_disease_proximal-subungual-onychomycosis-1_jpg.rf.2dd2dacf4d91eb03340ab745b337399c.jpg,nail_disease,onychomycosis,NailFungus
NailFungus/nail_disease_distal-subungual-onychomycosis-21_jpg.rf.e7628f7a59d328b9e593d9df90b15a70.jpg,nail_disease,onychomycosis,NailFungus
NailFungus/nail_disease_Onychomykose-Nagel_Nagelpilz_17_0_jpg.rf.dd3585bf3d3614067a5e843405ae9d21.jpg,nail_disease,onychomycosis,NailFungus
NailFungus/nail_disease_Onycholyse-Nagel_onico-lisis_11_0_jpg.rf.3895cb758a3020243d1146599b09e05e.jpg,nail_disease,onychomycosis,NailFungus
NailFungus/nail_disease_white-superficial-onychomycosis-6_jpg.rf.e2c88f163c9272d160b79cc1dbb5dd17.jpg,nail_disease,onychomycosis,NailFungus
NailFungus/nail_disease_proximal-subungual-onychomycosis-8_jpg.rf.3f2ab979cde354b44329b2cc601f1a70.jpg,nail_disease,onychomycosis,NailFungus
NailFungus/nail_disease_distal-subungual-onychomycosis-84_jpg.rf.13b7d9433cf0a1d06e3dadcbbf267ce5.jpg,nail_disease,onychomycosis,NailFungus
NailFungus/nail_disease_proximal-subungual-onychomycosis-9_jpg.rf.393c281b7c338ba60903fbb390c0f20c.jpg,nail_disease,onychomycosis,NailFungus
NailFungus/nail_disease_Onychomykose-Nagel_onicomicosis_11_0_jpg.rf.b3250005424c1c0ad1d3aaccedc94bcf.jpg,nail_disease,onychomycosis,NailFungus
NailFungus/nail_disease_Onychomykose-Nagel_fungo-delle-unghie_13_0_jpg.rf.b94e5281e4cd53f01211ddcf24668787.jpg,nail_disease,onychomycosis,NailFungus
NailFungus/nail_disease_Onychomykose-Nagel_Nagelpilz_18_0_jpg.rf.bfe8e5f6ec75e686935d5580d02cf35d.jpg,nail_disease,onychomycosis,NailFungus
NailFungus/nail_disease_distal-subungual-onychomycosis-147_jpg.rf.dc0abe79ec54aa2db1591da532c6b992.jpg,nail_disease,onychomycosis,NailFungus
NailFungus/nail_disease_distal-subungual-onychomycosis-128_jpg.rf.9172516c72d9c2a479f7e0c8f24284a9.jpg,nail_disease,onychomycosis,NailFungus
NailFungus/nail_disease_Onychomykose-Nagel_fungo-delle-unghie_22_1_jpg.rf.231ce9eac852ee5ac40a065f749de48d.jpg,nail_disease,onychomycosis,NailFungus
NailFungus/nail_disease_1263__WatermarkedWyJXYXRlcm1hcmtlZCJd.jpg,nail_disease,onychomycosis,NailFungus
NailFungus/nail_disease_distal-subungual-onychomycosis-34_jpg.rf.19db07eb7bffa3b7e0f4e87c1628764e.jpg,nail_disease,onychomycosis,NailFungus
NailFungus/nail_disease_Onychomykose-Nagel_Onychomykose-Nagel_10_1_jpg.rf.88e0515bad8caccb4edd1f9d018bd1a4.jpg,nail_disease,onychomycosis,NailFungus
NailFungus/nail_disease_Onychomykose-Nagel_fungo-delle-unghie_9_0_jpg.rf.4bbfd8ac5c479cf991f4a12378457518.jpg,nail_disease,onychomycosis,NailFungus
NailFungus/nail_disease_distal-subungual-onychomycosis-14_jpg.rf.b5dc4d33071f8c2fae02a4e73b5254b6.jpg,nail_disease,onychomycosis,NailFungus
NailFungus/nail_disease_distal-subungual-onychomycosis-135_jpg.rf.c6318aa5b69ac1c10707c88aaa60eca5.jpg,nail_disease,onychomycosis,NailFungus
NailFungus/nail_disease_distal-subungual-onychomycosis-84_jpg.rf.b3303e55d4b5afe3fc07df3de7df3692.jpg,nail_disease,onychomycosis,NailFungus
NailFungus/nail_disease_distal-subungual-onychomycosis-120_jpg.rf.ecfdec791d42a746e40a14744d7f536a.jpg,nail_disease,onychomycosis,NailFungus
NailFungus/nail_disease_Onycholyse-Nagel_Nagelablo-sung_17_0_jpg.rf.4f96717c18693f0a132d8485daeff394.jpg,nail_disease,onychomycosis,NailFungus
NailFungus/nail_disease_Onychomykose-Nagel_fungo-delle-unghie_17_0_jpg.rf.e0f599869e784eee71a30e883c64c52f.jpg,nail_disease,onychomycosis,NailFungus
NailFungus/nail_disease_Onycholyse-Nagel_onycholiza-paznokcia_21_0_jpg.rf.2d97890b2a8c4628d9e635598b6c6177.jpg,nail_disease,onychomycosis,NailFungus
NailFungus/nail_disease_Dystrophie-Nagel_Onychodystrophie_8_4_jpg.rf.426b1ebf1b39b936450beb5969f0192a.jpg,nail_disease,onychomycosis,NailFungus
NailFungus/nail_disease_distal-subungual-onychomycosis-26_jpg.rf.e8cfed6633ea4e25bc129cf012ab56ac.jpg,nail_disease,onychomycosis,NailFungus
NailFungus/nail_disease_Onychomykose-Nagel_Onychomykose-Nagel_1_1_jpg.rf.7415264fba1d0328384b70de937d1837.jpg,nail_disease,onychomycosis,NailFungus
NailFungus/nail_disease_distal-subungual-onychomycosis-127_jpg.rf.e57ed44bdecfdadd55c960c1ac328964.jpg,nail_disease,onychomycosis,NailFungus
NailFungus/nail_disease_Onychomykose-Nagel_mycose-des-ongles_23_2_jpg.rf.8f8fb461d620b2e74bc2a4939f605b8f.jpg,nail_disease,onychomycosis,NailFungus
NailFungus/nail_disease_Onychomykose-Nagel_nagelschimmel_24_0_jpg.rf.6f2489ae766eb8daf1020b603fdcf07d.jpg,nail_disease,onychomycosis,NailFungus
NailFungus/nail_disease_Onychomykose-Nagel_Nagelmykose_3_2_jpg.rf.11f209f59296b8c244dfb2fafb4abc40.jpg,nail_disease,onychomycosis,NailFungus
NailFungus/nail_disease_distal-subungual-onychomycosis-160_jpg.rf.ec180bc39aed03568ea117d581812b19.jpg,nail_disease,onychomycosis,NailFungus
NailFungus/nail_disease_distal-subungual-onychomycosis-113_jpg.rf.328a7fa96edd8479e46efb2899a92935.jpg,nail_disease,onychomycosis,NailFungus
NailFungus/nail_disease_Onychomykose-Nagel_fungo-delle-unghie_2_3_jpg.rf.2c31af381e631ab21638e05ca0c44ef7.jpg,nail_disease,onychomycosis,NailFungus
NailFungus/nail_disease_Onychomykose-Nagel_Nagelpilz_13_0_jpg.rf.057dcda1d81333c6b38cb4bdd4907912.jpg,nail_disease,onychomycosis,NailFungus
NailFungus/nail_disease_proximal-subungual-onychomycosis-5_jpg.rf.5bad04120bf3d131efd4b383584095e3.jpg,nail_disease,onychomycosis,NailFungus
NailFungus/nail_disease_distal-subungual-onychomycosis-34_jpg.rf.9c82a5f0f91cfa88aa54d73f979303d3.jpg,nail_disease,onychomycosis,NailFungus
NailFungus/nail_disease_distal-subungual-onychomycosis-18_jpg.rf.260426078221e7a2cc7216607564f9fd.jpg,nail_disease,onychomycosis,NailFungus
NailFungus/nail_disease_Onychomykose-Nagel_Onychomykose-Nagel_20_1_jpg.rf.e44cc04fae87321775b86cab81e23d99.jpg,nail_disease,onychomycosis,NailFungus
NailFungus/nail_disease_distal-subungual-onychomycosis-2_jpg.rf.c75b025a2591f6c296e64b22a451928e.jpg,nail_disease,onychomycosis,NailFungus
NailFungus/nail_disease_distal-subungual-onychomycosis-156_jpg.rf.b400096f20f928ad8e0f1bae491f7bbd.jpg,nail_disease,onychomycosis,NailFungus
NailFungus/nail_disease_white-superficial-onychomycosis-7_jpg.rf.75fe2127e299596a61c326700b9fd28f.jpg,nail_disease,onychomycosis,NailFungus
NailFungus/nail_disease_distal-subungual-onychomycosis-144_jpg.rf.63999586a40121cac0284ac6176017d4.jpg,nail_disease,onychomycosis,NailFungus
NailFungus/nail_disease_proximal-subungual-onychomycosis-8_jpg.rf.ff4fb28794684d9ca3273a0001ea413a.jpg,nail_disease,onychomycosis,NailFungus
NailFungus/nail_disease_distal-subungual-onychomycosis-21_jpg.rf.8eee158a22a16d3336a2c3e8199abf7f.jpg,nail_disease,onychomycosis,NailFungus
NailFungus/nail_disease_white-superficial-onychomycosis-11_jpg.rf.64a4820239a77743eaac0cbbfe4e355f.jpg,nail_disease,onychomycosis,NailFungus
NailFungus/nail_disease_distal-subungual-onychomycosis-139_jpg.rf.22dfd034135ccc5c09933bd2cd042975.jpg,nail_disease,onychomycosis,NailFungus
NailFungus/nail_disease_white-superficial-onychomycosis-9_jpg.rf.e1b342eb1cb3fe4314cbe42682adaa4e.jpg,nail_disease,onychomycosis,NailFungus
NailFungus/nail_disease_Onychomykose-Nagel_Nagelmykose_23_2_jpg.rf.1a0c51e9f1e02977705adc35c1623c63.jpg,nail_disease,onychomycosis,NailFungus
NailFungus/nail_disease_distal-subungual-onychomycosis-136_jpg.rf.25754a220ce73a32ef6902ba6cd3220f.jpg,nail_disease,onychomycosis,NailFungus
NailFungus/nail_disease_distal-subungual-onychomycosis-123_jpg.rf.98a388e8e21e97f22210857af67a7128.jpg,nail_disease,onychomycosis,NailFungus
NailFungus/nail_disease_distal-subungual-onychomycosis-40_jpg.rf.6662886b032596e113a3115f363a6ff3.jpg,nail_disease,onychomycosis,NailFungus
NailFungus/nail_disease_Onychomykose-Nagel_onicomicosis_6_4_jpg.rf.2b9d33364690b0c869c60e9756b301d9.jpg,nail_disease,onychomycosis,NailFungus
NailFungus/nail_disease_distal-subungual-onychomycosis-110_jpg.rf.e876c623eec1add3ce730e39b17fddfa.jpg,nail_disease,onychomycosis,NailFungus
NailFungus/nail_disease_distal-subungual-onychomycosis-115_jpg.rf.166650a48d57664dbccfbe1e36799962.jpg,nail_disease,onychomycosis,NailFungus
NailFungus/nail_disease_Onychomykose-Nagel_onicomicosis_0_1_jpg.rf.9faa8eb2f5dd98d5619ff694ad97cb7a.jpg,nail_disease,onychomycosis,NailFungus
NailFungus/nail_disease_distal-subungual-onychomycosis-158_jpg.rf.ab15a5a199b340bfe136242833e3faa1.jpg,nail_disease,onychomycosis,NailFungus
NailFungus/nail_disease_distal-subungual-onychomycosis-36_jpg.rf.c8500428b35a33061426bdc82d590341.jpg,nail_disease,onychomycosis,NailFungus
NailFungus/nail_disease_distal-subungual-onychomycosis-142_jpg.rf.146bd6223f941e8ec0fbb70bdbf3e9e7.jpg,nail_disease,onychomycosis,NailFungus
NailFungus/nail_disease_Onychomykose-Nagel_mycose-des-ongles_18_2_jpg.rf.3316aa0bc5a2429b7e94fe0b9cba6084.jpg,nail_disease,onychomycosis,NailFungus
NailFungus/nail_disease_distal-subungual-onychomycosis-135_jpg.rf.d21315ab74f2a9e33809879ae1b73917.jpg,nail_disease,onychomycosis,NailFungus
NailFungus/nail_disease_Onychomykose-Nagel_fungo-delle-unghie_23_2_jpg.rf.11fdc197d95c36346a4e98310fd1a856.jpg,nail_disease,onychomycosis,NailFungus
NailFungus/nail_disease_Onychomykose-Nagel_onicomicosis_9_1_jpg.rf.efa8438df3f004060f88ddc68c5055bf.jpg,nail_disease,onychomycosis,NailFungus
NailFungus/nail_disease_distal-subungual-onychomycosis-107_jpg.rf.2bf23c07d5ab8f727c5ba13c8d673aa3.jpg,nail_disease,onychomycosis,NailFungus
NailFungus/nail_disease_Onychomykose-Nagel_Nagelmykose_24_0_jpg.rf.dd109d12c74fad8f3b55deb069029f48.jpg,nail_disease,onychomycosis,NailFungus
NailFungus/nail_disease_distal-subungual-onychomycosis-2_jpg.rf.6dae3d68129c5d5abd50b67553a5b3b24.jpg,nail_disease,onychomycosis,NailFungus
NailFungus/nail_disease_Dystrophie-Nagel_dystrofia-paznokci_24_1_jpg.rf.8010eb0c6e2432190a788297152121f2.jpg,nail_disease,onychomycosis,NailFungus
NailFungus/nail_disease_Onychomykose-Nagel_Grzyb-paznokcia_15_2_jpg.rf.0e15397f80ba3aa6414d01f41c0f2ae4.jpg,nail_disease,onychomycosis,NailFungus
NailFungus/nail_disease_Onychomykose-Nagel_Onychomykose-Nagel_18_3_jpg.rf.c906badc5419f51a1c3a32538b390462.jpg,nail_disease,onychomycosis,NailFungus
NailFungus/nail_disease_distal-subungual-onychomycosis-122_jpg.rf.5e479b0605b34ea76e30d62873ecb1d6.jpg,nail_disease,onychomycosis,NailFungus
NailFungus/nail_disease_Onychomykose-Nagel_onicomicosis_3_0_jpg.rf.39416740b0f8f2207e24e2fc1b4475bf.jpg,nail_disease,onychomycosis,NailFungus
NailFungus/nail_disease_Dystrophie-Nagel_distrofia-ungueale_2_4_jpg.rf.701052dae93cb4f68806a09074745d2f.jpg,nail_disease,onychomycosis,NailFungus
NailFungus/nail_disease_Onychomykose-Nagel_mycose-des-ongles_8_2_jpg.rf.e4deb155d1759a0f9ff224b57801acc5.jpg,nail_disease,onychomycosis,NailFungus
NailFungus/nail_disease_distal-subungual-onychomycosis-86_jpg.rf.0978cbdaf63b3a1ca67b870d0ee8f0fc.jpg,nail_disease,onychomycosis,NailFungus
NailFungus/nail_disease_Onychomykose-Nagel_fungo-delle-unghie_2_2_jpg.rf.bc696b60ffcf9b10868036659b608cee.jpg,nail_disease,onychomycosis,NailFungus
NailFungus/nail_disease_Dystrophie-Nagel_distrofia-ungueale_2_4_jpg.rf.f016b544ed0b8827d5af203d63eff6ac.jpg,nail_disease,onychomycosis,NailFungus
NailFungus/nail_disease_distal-subungual-onychomycosis-140_jpg.rf.29252f4117a1efe830e3d8e94702fb32.jpg,nail_disease,onychomycosis,NailFungus
NailFungus/nail_disease_distal-subungual-onychomycosis-87_jpg.rf.77398dca18686477a9d0a68fbea7a0f7.jpg,nail_disease,onychomycosis,NailFungus
NailFungus/nail_disease_Onychomykose-Nagel_onicomicosis_23_2_jpg.rf.99d48bde17ddf7434e2bf0a6b84e6454.jpg,nail_disease,onychomycosis,NailFungus
NailFungus/nail_disease_distal-subungual-onychomycosis-33_jpg.rf.d45e4390ccdc8d9506b3e33690eadb48.jpg,nail_disease,onychomycosis,NailFungus
NailFungus/nail_disease_Onychomykose-Nagel_Onychomykose-Nagel_6_1_jpg.rf.6d1e0c9ab1e94026bee9c63d70ded975.jpg,nail_disease,onychomycosis,NailFungus
NailFungus/nail_disease_distal-subungual-onychomycosis-23_jpg.rf.d9cfce6cb2af1b0715166c2f2a8b7f0d.jpg,nail_disease,onychomycosis,NailFungus
NailFungus/nail_disease_distal-subungual-onychomycosis-16_jpg.rf.9b2012f059b1582941bb1730294e2c5b.jpg,nail_disease,onychomycosis,NailFungus
NailFungus/nail_disease_distal-subungual-onychomycosis-88_jpg.rf.5a4004e80a3ca2abac3039f429a8c1ac.jpg,nail_disease,onychomycosis,NailFungus
NailFungus/nail_disease_distal-subungual-onychomycosis-41_jpg.rf.5ed0c6f23c4e3e972fc5bca267f45e06.jpg,nail_disease,onychomycosis,NailFungus
NailFungus/nail_disease_distal-subungual-onychomycosis-27_jpg.rf.8daef13985781beee67ac583afb4a8d7.jpg,nail_disease,onychomycosis,NailFungus
NailFungus/nail_disease_Onychomykose-Nagel_Grzyb-paznokcia_15_2_jpg.rf.65d6c8ad2a14f4ede673bc15f4e93722.jpg,nail_disease,onychomycosis,NailFungus
NailFungus/nail_disease_distal-subungual-onychomycosis-86_jpg.rf.a7670ada4d47f5088726b9f58137236f.jpg,nail_disease,onychomycosis,NailFungus
NailFungus/nail_disease_proximal-subungual-onychomycosis-2_jpg.rf.7195da0c91390bae055eba4440c64ff2.jpg,nail_disease,onychomycosis,NailFungus
NailFungus/nail_disease_proximal-subungual-onychomycosis-4_jpg.rf.d1d5da2b7dcf28b58dcf6e98f0746da4.jpg,nail_disease,onychomycosis,NailFungus
NailFungus/nail_disease_distal-subungual-onychomycosis-157_jpg.rf.d8d0b93b5e5514dd37fb832af70c2ba1.jpg,nail_disease,onychomycosis,NailFungus
NailFungus/nail_disease_distal-subungual-onychomycosis-11_jpg.rf.25629342e163212b7708bf6c820c4802.jpg,nail_disease,onychomycosis,NailFungus
NailFungus/nail_disease_Dystrophie-Nagel_nagel-dystrofie_16_3_jpg.rf.83ad712d5264aa557e2facc28f8268ee.jpg,nail_disease,onychomycosis,NailFungus
NailFungus/nail_disease_proximal-subungual-onychomycosis-4_jpg.rf.7104e0cc0e4ca1378137fd912289ce5c.jpg,nail_disease,onychomycosis,NailFungus
NailFungus/nail_disease_distal-subungual-onychomycosis-24_jpg.rf.72d46e730ebfac270b2f8b2be9e3e4a9.jpg,nail_disease,onychomycosis,NailFungus
NailFungus/nail_disease_distal-subungual-onychomycosis-28_jpg.rf.d53794ff01dd88189b684e105e6359ce.jpg,nail_disease,onychomycosis,NailFungus
NailFungus/nail_disease_Onychomykose-Nagel_onicomicosis_6_6_jpg.rf.25e214aeede73929adf992da5a0385f8.jpg,nail_disease,onychomycosis,NailFungus
NailFungus/nail_disease_distal-subungual-onychomycosis-15_jpg.rf.dd6ae69d23365ef7f654bdb0184e9e80.jpg,nail_disease,onychomycosis,NailFungus
NailFungus/nail_disease_Onychomykose-Nagel_Onychomykose-Nagel_21_0_jpg.rf.c3de41e7fe3a0552a74602a8234ce13d.jpg,nail_disease,onychomycosis,NailFungus
NailFungus/nail_disease_Onychomykose-Nagel_mycose-des-ongles_11_1_jpg.rf.817d70e3198d52ae551f2f4847a7a9ea.jpg,nail_disease,onychomycosis,NailFungus
NailFungus/nail_disease_distal-subungual-onychomycosis-133_jpg.rf.6683e1592e40f3d4c7e364003accfd1d.jpg,nail_disease,onychomycosis,NailFungus
NailFungus/nail_disease_Onychomykose-Nagel_Nagelmykose_23_0_jpg.rf.6b37124862d511965d922a461ded1938.jpg,nail_disease,onychomycosis,NailFungus
NailFungus/nail_disease_Onychomykose-Nagel_neglesvamp_17_0_jpg.rf.2d3a04b25eee50f4f33124d247415e92.jpg,nail_disease,onychomycosis,NailFungus
NailFungus/nail_disease_Onychomykose-Nagel_neglesvamp_24_2_jpg.rf.6617ba301b6c1282c70a6142b2671b79.jpg,nail_disease,onychomycosis,NailFungus
NailFungus/nail_disease_Onychomykose-Nagel_fungo-delle-unghie_3_0_jpg.rf.b4c21d6296fa8b9840f1d3248e5f0e6a.jpg,nail_disease,onychomycosis,NailFungus
NailFungus/nail_disease_Dystrophie-Nagel_Onychodystrophie_8_4_jpg.rf.bfeccc1fb99f8acec37858707c4c5beb.jpg,nail_disease,onychomycosis,NailFungus
NailFungus/nail_disease_distal-subungual-onychomycosis-159_jpg.rf.10efdfc8fb50efb720faa974df396c5d.jpg,nail_disease,onychomycosis,NailFungus
NailFungus/nail_disease_onychomycosis.jpg,nail_disease,onychomycosis,NailFungus
NailFungus/nail_disease_Dystrophie-Nagel_nagel-dystrofie_7_2_jpg.rf.3e452850346af99e39d67d9af2f328bd.jpg,nail_disease,onychomycosis,NailFungus
NailFungus/nail_disease_pde_21117_f1.webp,nail_disease,onychomycosis,NailFungus
NailFungus/nail_disease_distal-subungual-onychomycosis-147_jpg.rf.dc0abe79ec54aa2db1591da532c6b991.jpg,nail_disease,onychomycosis,NailFungus
NailFungus/nail_disease_Onychomykose-Nagel_onicomicosis_1_0_jpg.rf.0001588482e6726b4af167561f8204fc.jpg,nail_disease,onychomycosis,NailFungus
NailFungus/nail_disease_Onychomykose-Nagel_Grzyb-paznokcia_11_0_jpg.rf.340d5458a6221f74337b50035aab77b0.jpg,nail_disease,onychomycosis,NailFungus
NailFungus/nail_disease_distal-subungual-onychomycosis-2_jpg.rf.6dae3d68129c5d5abd50b67553a5b3b23.jpg,nail_disease,onychomycosis,NailFungus
NailFungus/nail_disease_distal-subungual-onychomycosis-348_jpg.rf.39bac500d3096701f92f1ca2f53e910c.jpg,nail_disease,onychomycosis,NailFungus
Acne/sd198_sd198_00060.jpg,sd198,acne_vulgaris,Acne
Acne/sd198_sd198_00065.jpg,sd198,acne_vulgaris,Acne
Acne/sd198_sd198_00097.jpg,sd198,acne_vulgaris,Acne
Acne/sd198_sd198_00094.jpg,sd198,acne_vulgaris,Acne
Acne/sd198_sd198_00045.jpg,sd198,acne_vulgaris,Acne
Acne/sd198_sd198_00079.jpg,sd198,acne_vulgaris,Acne
Acne/sd198_sd198_00075.jpg,sd198,acne_vulgaris,Acne
Acne/sd198_sd198_00047.jpg,sd198,acne_vulgaris,Acne
Acne/sd198_sd198_00096.jpg,sd198,acne_vulgaris,Acne
Acne/sd198_sd198_00071.jpg,sd198,acne_vulgaris,Acne
Acne/sd198_sd198_00068.jpg,sd198,acne_vulgaris,Acne
Acne/sd198_sd198_00087.jpg,sd198,acne_vulgaris,Acne
Acne/sd198_sd198_00062.jpg,sd198,acne_vulgaris,Acne
Acne/sd198_sd198_00051.jpg,sd198,acne_vulgaris,Acne
Acne/sd198_sd198_00095.jpg,sd198,acne_vulgaris,Acne
Acne/sd198_sd198_00102.jpg,sd198,acne_vulgaris,Acne
Acne/sd198_sd198_00073.jpg,sd198,acne_vulgaris,Acne
Acne/sd198_sd198_00074.jpg,sd198,acne_vulgaris,Acne
Acne/sd198_sd198_00083.jpg,sd198,acne_vulgaris,Acne
Acne/sd198_sd198_00050.jpg,sd198,acne_vulgaris,Acne
Acne/sd198_sd198_00059.jpg,sd198,acne_vulgaris,Acne
Acne/sd198_sd198_00082.jpg,sd198,acne_vulgaris,Acne
Acne/sd198_sd198_00070.jpg,sd198,acne_vulgaris,Acne
Acne/sd198_sd198_00098.jpg,sd198,acne_vulgaris,Acne
Acne/sd198_sd198_00089.jpg,sd198,acne_vulgaris,Acne
Acne/sd198_sd198_00101.jpg,sd198,acne_vulgaris,Acne
Acne/sd198_sd198_00100.jpg,sd198,acne_vulgaris,Acne
Acne/sd198_sd198_00093.jpg,sd198,acne_vulgaris,Acne
Acne/sd198_sd198_00055.jpg,sd198,acne_vulgaris,Acne
Acne/sd198_sd198_00057.jpg,sd198,acne_vulgaris,Acne
Acne/sd198_sd198_00067.jpg,sd198,acne_vulgaris,Acne
Acne/sd198_sd198_00046.jpg,sd198,acne_vulgaris,Acne
Acne/sd198_sd198_00056.jpg,sd198,acne_vulgaris,Acne
Acne/sd198_sd198_00061.jpg,sd198,acne_vulgaris,Acne
Acne/sd198_sd198_00088.jpg,sd198,acne_vulgaris,Acne
Acne/sd198_sd198_00099.jpg,sd198,acne_vulgaris,Acne
Acne/sd198_sd198_00103.jpg,sd198,acne_vulgaris,Acne
Acne/sd198_sd198_00092.jpg,sd198,acne_vulgaris,Acne
Acne/sd198_sd198_00064.jpg,sd198,acne_vulgaris,Acne
Acne/sd198_sd198_00066.jpg,sd198,acne_vulgaris,Acne
Acne/sd198_sd198_00081.jpg,sd198,acne_vulgaris,Acne
Acne/sd198_sd198_00063.jpg,sd198,acne_vulgaris,Acne
Acne/sd198_sd198_00076.jpg,sd198,acne_vulgaris,Acne
Acne/sd198_sd198_00090.jpg,sd198,acne_vulgaris,Acne
Acne/sd198_sd198_00044.jpg,sd198,acne_vulgaris,Acne
Acne/sd198_sd198_00078.jpg,sd198,acne_vulgaris,Acne
Acne/sd198_sd198_00085.jpg,sd198,acne_vulgaris,Acne
Acne/sd198_sd198_00053.jpg,sd198,acne_vulgaris,Acne
Acne/sd198_sd198_00052.jpg,sd198,acne_vulgaris,Acne
Acne/sd198_sd198_00049.jpg,sd198,acne_vulgaris,Acne
Acne/sd198_sd198_00058.jpg,sd198,acne_vulgaris,Acne
Acne/sd198_sd198_00054.jpg,sd198,acne_vulgaris,Acne
Acne/sd198_sd198_00084.jpg,sd198,acne_vulgaris,Acne
Acne/sd198_sd198_00048.jpg,sd198,acne_vulgaris,Acne
Acne/sd198_sd198_00086.jpg,sd198,acne_vulgaris,Acne
Acne/sd198_sd198_00077.jpg,sd198,acne_vulgaris,Acne
Acne/sd198_sd198_00091.jpg,sd198,acne_vulgaris,Acne
Acne/sd198_sd198_00072.jpg,sd198,acne_vulgaris,Acne
Acne/sd198_sd198_00080.jpg,sd198,acne_vulgaris,Acne
Acne/sd198_sd198_00069.jpg,sd198,acne_vulgaris,Acne
Eczema/sd198_sd198_00407.jpg,sd198,acute_eczema,Eczema
Eczema/sd198_sd198_00397.jpg,sd198,acute_eczema,Eczema
Eczema/sd198_sd198_00400.jpg,sd198,acute_eczema,Eczema
Eczema/sd198_sd198_00399.jpg,sd198,acute_eczema,Eczema
Eczema/sd198_sd198_00395.jpg,sd198,acute_eczema,Eczema
Eczema/sd198_sd198_00403.jpg,sd198,acute_eczema,Eczema
Eczema/sd198_sd198_00405.jpg,sd198,acute_eczema,Eczema
Eczema/sd198_sd198_00401.jpg,sd198,acute_eczema,Eczema
Eczema/sd198_sd198_00398.jpg,sd198,acute_eczema,Eczema
Eczema/sd198_sd198_00402.jpg,sd198,acute_eczema,Eczema
Eczema/sd198_sd198_00406.jpg,sd198,acute_eczema,Eczema
Eczema/sd198_sd198_00404.jpg,sd198,acute_eczema,Eczema
Eczema/sd198_sd198_00394.jpg,sd198,acute_eczema,Eczema
Eczema/sd198_sd198_00396.jpg,sd198,acute_eczema,Eczema
Candidiasis/sd198_sd198_01130.jpg,sd198,candidiasis,Candidiasis
Candidiasis/sd198_sd198_01152.jpg,sd198,candidiasis,Candidiasis
Candidiasis/sd198_sd198_01137.jpg,sd198,candidiasis,Candidiasis
Candidiasis/sd198_sd198_01119.jpg,sd198,candidiasis,Candidiasis
Candidiasis/sd198_sd198_01153.jpg,sd198,candidiasis,Candidiasis
Candidiasis/sd198_sd198_01150.jpg,sd198,candidiasis,Candidiasis
Candidiasis/sd198_sd198_01128.jpg,sd198,candidiasis,Candidiasis
Candidiasis/sd198_sd198_01140.jpg,sd198,candidiasis,Candidiasis
Candidiasis/sd198_sd198_01123.jpg,sd198,candidiasis,Candidiasis
Candidiasis/sd198_sd198_01133.jpg,sd198,candidiasis,Candidiasis
Candidiasis/sd198_sd198_01117.jpg,sd198,candidiasis,Candidiasis
Candidiasis/sd198_sd198_01129.jpg,sd198,candidiasis,Candidiasis
Candidiasis/sd198_sd198_01126.jpg,sd198,candidiasis,Candidiasis
Candidiasis/sd198_sd198_01135.jpg,sd198,candidiasis,Candidiasis
Candidiasis/sd198_sd198_01161.jpg,sd198,candidiasis,Candidiasis
Candidiasis/sd198_sd198_01113.jpg,sd198,candidiasis,Candidiasis
Candidiasis/sd198_sd198_01148.jpg,sd198,candidiasis,Candidiasis
Candidiasis/sd198_sd198_01159.jpg,sd198,candidiasis,Candidiasis
Candidiasis/sd198_sd198_01118.jpg,sd198,candidiasis,Candidiasis
Candidiasis/sd198_sd198_01131.jpg,sd198,candidiasis,Candidiasis
Candidiasis/sd198_sd198_01125.jpg,sd198,candidiasis,Candidiasis
Candidiasis/sd198_sd198_01124.jpg,sd198,candidiasis,Candidiasis
Candidiasis/sd198_sd198_01160.jpg,sd198,candidiasis,Candidiasis
Candidiasis/sd198_sd198_01141.jpg,sd198,candidiasis,Candidiasis
Candidiasis/sd198_sd198_01114.jpg,sd198,candidiasis,Candidiasis
Candidiasis/sd198_sd198_01138.jpg,sd198,candidiasis,Candidiasis
Candidiasis/sd198_sd198_01136.jpg,sd198,candidiasis,Candidiasis
Candidiasis/sd198_sd198_01110.jpg,sd198,candidiasis,Candidiasis
Candidiasis/sd198_sd198_01109.jpg,sd198,candidiasis,Candidiasis
Candidiasis/sd198_sd198_01157.jpg,sd198,candidiasis,Candidiasis
Candidiasis/sd198_sd198_01116.jpg,sd198,candidiasis,Candidiasis
Candidiasis/sd198_sd198_01111.jpg,sd198,candidiasis,Candidiasis
Candidiasis/sd198_sd198_01145.jpg,sd198,candidiasis,Candidiasis
Candidiasis/sd198_sd198_01146.jpg,sd198,candidiasis,Candidiasis
Candidiasis/sd198_sd198_01134.jpg,sd198,candidiasis,Candidiasis
Candidiasis/sd198_sd198_01108.jpg,sd198,candidiasis,Candidiasis
Candidiasis/sd198_sd198_01112.jpg,sd198,candidiasis,Candidiasis
Candidiasis/sd198_sd198_01107.jpg,sd198,candidiasis,Candidiasis
Candidiasis/sd198_sd198_01158.jpg,sd198,candidiasis,Candidiasis
Candidiasis/sd198_sd198_01155.jpg,sd198,candidiasis,Candidiasis
Candidiasis/sd198_sd198_01120.jpg,sd198,candidiasis,Candidiasis
Candidiasis/sd198_sd198_01143.jpg,sd198,candidiasis,Candidiasis
Candidiasis/sd198_sd198_01142.jpg,sd198,candidiasis,Candidiasis
Candidiasis/sd198_sd198_01122.jpg,sd198,candidiasis,Candidiasis
Candidiasis/sd198_sd198_01147.jpg,sd198,candidiasis,Candidiasis
Candidiasis/sd198_sd198_01149.jpg,sd198,candidiasis,Candidiasis
Candidiasis/sd198_sd198_01115.jpg,sd198,candidiasis,Candidiasis
Candidiasis/sd198_sd198_01139.jpg,sd198,candidiasis,Candidiasis
Candidiasis/sd198_sd198_01156.jpg,sd198,candidiasis,Candidiasis
Candidiasis/sd198_sd198_01154.jpg,sd198,candidiasis,Candidiasis
Candidiasis/sd198_sd198_01127.jpg,sd198,candidiasis,Candidiasis
Candidiasis/sd198_sd198_01144.jpg,sd198,candidiasis,Candidiasis
Candidiasis/sd198_sd198_01121.jpg,sd198,candidiasis,Candidiasis
Candidiasis/sd198_sd198_01132.jpg,sd198,candidiasis,Candidiasis
Candidiasis/sd198_sd198_01151.jpg,sd198,candidiasis,Candidiasis
Eczema/sd198_sd198_01816.jpg,sd198,dry_skin_eczema,Eczema
Eczema/sd198_sd198_01824.jpg,sd198,dry_skin_eczema,Eczema
Eczema/sd198_sd198_01817.jpg,sd198,dry_skin_eczema,Eczema
Eczema/sd198_sd198_01811.jpg,sd198,dry_skin_eczema,Eczema
Eczema/sd198_sd198_01792.jpg,sd198,dry_skin_eczema,Eczema
Eczema/sd198_sd198_01820.jpg,sd198,dry_skin_eczema,Eczema
Eczema/sd198_sd198_01794.jpg,sd198,dry_skin_eczema,Eczema
Eczema/sd198_sd198_01783.jpg,sd198,dry_skin_eczema,Eczema
Eczema/sd198_sd198_01787.jpg,sd198,dry_skin_eczema,Eczema
Eczema/sd198_sd198_01786.jpg,sd198,dry_skin_eczema,Eczema
Eczema/sd198_sd198_01805.jpg,sd198,dry_skin_eczema,Eczema
Eczema/sd198_sd198_01823.jpg,sd198,dry_skin_eczema,Eczema
Eczema/sd198_sd198_01803.jpg,sd198,dry_skin_eczema,Eczema
Eczema/sd198_sd198_01828.jpg,sd198,dry_skin_eczema,Eczema
Eczema/sd198_sd198_01807.jpg,sd198,dry_skin_eczema,Eczema
Eczema/sd198_sd198_01826.jpg,sd198,dry_skin_eczema,Eczema
Eczema/sd198_sd198_01798.jpg,sd198,dry_skin_eczema,Eczema
Eczema/sd198_sd198_01825.jpg,sd198,dry_skin_eczema,Eczema
Eczema/sd198_sd198_01802.jpg,sd198,dry_skin_eczema,Eczema
Eczema/sd198_sd198_01830.jpg,sd198,dry_skin_eczema,Eczema
Eczema/sd198_sd198_01818.jpg,sd198,dry_skin_eczema,Eczema
Eczema/sd198_sd198_01799.jpg,sd198,dry_skin_eczema,Eczema
Eczema/sd198_sd198_01804.jpg,sd198,dry_skin_eczema,Eczema
Eczema/sd198_sd198_01821.jpg,sd198,dry_skin_eczema,Eczema
Eczema/sd198_sd198_01808.jpg,sd198,dry_skin_eczema,Eczema
Eczema/sd198_sd198_01791.jpg,sd198,dry_skin_eczema,Eczema
Eczema/sd198_sd198_01829.jpg,sd198,dry_skin_eczema,Eczema
Eczema/sd198_sd198_01797.jpg,sd198,dry_skin_eczema,Eczema
Eczema/sd198_sd198_01814.jpg,sd198,dry_skin_eczema,Eczema
Eczema/sd198_sd198_01790.jpg,sd198,dry_skin_eczema,Eczema
Eczema/sd198_sd198_01796.jpg,sd198,dry_skin_eczema,Eczema
Eczema/sd198_sd198_01813.jpg,sd198,dry_skin_eczema,Eczema
Eczema/sd198_sd198_01781.jpg,sd198,dry_skin_eczema,Eczema
Eczema/sd198_sd198_01788.jpg,sd198,dry_skin_eczema,Eczema
Eczema/sd198_sd198_01800.jpg,sd198,dry_skin_eczema,Eczema
Eczema/sd198_sd198_01785.jpg,sd198,dry_skin_eczema,Eczema
Eczema/sd198_sd198_01793.jpg,sd198,dry_skin_eczema,Eczema
Eczema/sd198_sd198_01795.jpg,sd198,dry_skin_eczema,Eczema
Eczema/sd198_sd198_01779.jpg,sd198,dry_skin_eczema,Eczema
Eczema/sd198_sd198_01819.jpg,sd198,dry_skin_eczema,Eczema
Eczema/sd198_sd198_01831.jpg,sd198,dry_skin_eczema,Eczema
Eczema/sd198_sd198_01822.jpg,sd198,dry_skin_eczema,Eczema
Eczema/sd198_sd198_01801.jpg,sd198,dry_skin_eczema,Eczema
Eczema/sd198_sd198_01806.jpg,sd198,dry_skin_eczema,Eczema
Eczema/sd198_sd198_01789.jpg,sd198,dry_skin_eczema,Eczema
Eczema/sd198_sd198_01812.jpg,sd198,dry_skin_eczema,Eczema
Eczema/sd198_sd198_01809.jpg,sd198,dry_skin_eczema,Eczema
Eczema/sd198_sd198_01810.jpg,sd198,dry_skin_eczema,Eczema
Eczema/sd198_sd198_01782.jpg,sd198,dry_skin_eczema,Eczema
Eczema/sd198_sd198_01815.jpg,sd198,dry_skin_eczema,Eczema
Eczema/sd198_sd198_01784.jpg,sd198,dry_skin_eczema,Eczema
Eczema/sd198_sd198_01827.jpg,sd198,dry_skin_eczema,Eczema
Eczema/sd198_sd198_01780.jpg,sd198,dry_skin_eczema,Eczema
Eczema/sd198_sd198_01843.jpg,sd198,dyshidrosiform_eczema,Eczema
Eczema/sd198_sd198_01891.jpg,sd198,dyshidrosiform_eczema,Eczema
Eczema/sd198_sd198_01881.jpg,sd198,dyshidrosiform_eczema,Eczema
Eczema/sd198_sd198_01845.jpg,sd198,dyshidrosiform_eczema,Eczema
Eczema/sd198_sd198_01844.jpg,sd198,dyshidrosiform_eczema,Eczema
Eczema/sd198_sd198_01885.jpg,sd198,dyshidrosiform_eczema,Eczema
Eczema/sd198_sd198_01860.jpg,sd198,dyshidrosiform_eczema,Eczema
Eczema/sd198_sd198_01851.jpg,sd198,dyshidrosiform_eczema,Eczema
Eczema/sd198_sd198_01867.jpg,sd198,dyshidrosiform_eczema,Eczema
Eczema/sd198_sd198_01889.jpg,sd198,dyshidrosiform_eczema,Eczema
Eczema/sd198_sd198_01886.jpg,sd198,dyshidrosiform_eczema,Eczema
Eczema/sd198_sd198_01872.jpg,sd198,dyshidrosiform_eczema,Eczema
Eczema/sd198_sd198_01863.jpg,sd198,dyshidrosiform_eczema,Eczema
Eczema/sd198_sd198_01842.jpg,sd198,dyshidrosiform_eczema,Eczema
Eczema/sd198_sd198_01854.jpg,sd198,dyshidrosiform_eczema,Eczema
Eczema/sd198_sd198_01869.jpg,sd198,dyshidrosiform_eczema,Eczema
Eczema/sd198_sd198_01882.jpg,sd198,dyshidrosiform_eczema,Eczema
Eczema/sd198_sd198_01890.jpg,sd198,dyshidrosiform_eczema,Eczema
Eczema/sd198_sd198_01865.jpg,sd198,dyshidrosiform_eczema,Eczema
Eczema/sd198_sd198_01850.jpg,sd198,dyshidrosiform_eczema,Eczema
Eczema/sd198_sd198_01835.jpg,sd198,dyshidrosiform_eczema,Eczema
Eczema/sd198_sd198_01848.jpg,sd198,dyshidrosiform_eczema,Eczema
Eczema/sd198_sd198_01834.jpg,sd198,dyshidrosiform_eczema,Eczema
Eczema/sd198_sd198_01864.jpg,sd198,dyshidrosiform_eczema,Eczema
Eczema/sd198_sd198_01880.jpg,sd198,dyshidrosiform_eczema,Eczema
Eczema/sd198_sd198_01871.jpg,sd198,dyshidrosiform_eczema,Eczema
Eczema/sd198_sd198_01857.jpg,sd198,dyshidrosiform_eczema,Eczema
Eczema/sd198_sd198_01883.jpg,sd198,dyshidrosiform_eczema,Eczema
Eczema/sd198_sd198_01841.jpg,sd198,dyshidrosiform_eczema,Eczema
Eczema/sd198_sd198_01858.jpg,sd198,dyshidrosiform_eczema,Eczema
Eczema/sd198_sd198_01856.jpg,sd198,dyshidrosiform_eczema,Eczema
Eczema/sd198_sd198_01833.jpg,sd198,dyshidrosiform_eczema,Eczema
Eczema/sd198_sd198_01837.jpg,sd198,dyshidrosiform_eczema,Eczema
Eczema/sd198_sd198_01877.jpg,sd198,dyshidrosiform_eczema,Eczema
Eczema/sd198_sd198_01838.jpg,sd198,dyshidrosiform_eczema,Eczema
Eczema/sd198_sd198_01847.jpg,sd198,dyshidrosiform_eczema,Eczema
Eczema/sd198_sd198_01859.jpg,sd198,dyshidrosiform_eczema,Eczema
Eczema/sd198_sd198_01861.jpg,sd198,dyshidrosiform_eczema,Eczema
Eczema/sd198_sd198_01832.jpg,sd198,dyshidrosiform_eczema,Eczema
Eczema/sd198_sd198_01849.jpg,sd198,dyshidrosiform_eczema,Eczema
Eczema/sd198_sd198_01839.jpg,sd198,dyshidrosiform_eczema,Eczema
Eczema/sd198_sd198_01870.jpg,sd198,dyshidrosiform_eczema,Eczema
Eczema/sd198_sd198_01874.jpg,sd198,dyshidrosiform_eczema,Eczema
Eczema/sd198_sd198_01840.jpg,sd198,dyshidrosiform_eczema,Eczema
Eczema/sd198_sd198_01888.jpg,sd198,dyshidrosiform_eczema,Eczema
Eczema/sd198_sd198_01878.jpg,sd198,dyshidrosiform_eczema,Eczema
Eczema/sd198_sd198_01855.jpg,sd198,dyshidrosiform_eczema,Eczema
Eczema/sd198_sd198_01875.jpg,sd198,dyshidrosiform_eczema,Eczema
Eczema/sd198_sd198_01873.jpg,sd198,dyshidrosiform_eczema,Eczema
Eczema/sd198_sd198_01868.jpg,sd198,dyshidrosiform_eczema,Eczema
Eczema/sd198_sd198_01852.jpg,sd198,dyshidrosiform_eczema,Eczema
Eczema/sd198_sd198_01836.jpg,sd198,dyshidrosiform_eczema,Eczema
Eczema/sd198_sd198_01862.jpg,sd198,dyshidrosiform_eczema,Eczema
Eczema/sd198_sd198_01846.jpg,sd198,dyshidrosiform_eczema,Eczema
Eczema/sd198_sd198_01879.jpg,sd198,dyshidrosiform_eczema,Eczema
Eczema/sd198_sd198_01853.jpg,sd198,dyshidrosiform_eczema,Eczema
Eczema/sd198_sd198_01884.jpg,sd198,dyshidrosiform_eczema,Eczema
Eczema/sd198_sd198_01887.jpg,sd198,dyshidrosiform_eczema,Eczema
Eczema/sd198_sd198_01866.jpg,sd198,dyshidrosiform_eczema,Eczema
Eczema/sd198_sd198_01876.jpg,sd198,dyshidrosiform_eczema,Eczema
Eczema/sd198_sd198_01996.jpg,sd198,eczema,Eczema
Eczema/sd198_sd198_01999.jpg,sd198,eczema,Eczema
Eczema/sd198_sd198_01977.jpg,sd198,eczema,Eczema
Eczema/sd198_sd198_01970.jpg,sd198,eczema,Eczema
Eczema/sd198_sd198_01988.jpg,sd198,eczema,Eczema
Eczema/sd198_sd198_01984.jpg,sd198,eczema,Eczema
Eczema/sd198_sd198_02019.jpg,sd198,eczema,Eczema
Eczema/sd198_sd198_01995.jpg,sd198,eczema,Eczema
Eczema/sd198_sd198_01969.jpg,sd198,eczema,Eczema
Eczema/sd198_sd198_02005.jpg,sd198,eczema,Eczema
Eczema/sd198_sd198_01976.jpg,sd198,eczema,Eczema
Eczema/sd198_sd198_02022.jpg,sd198,eczema,Eczema
Eczema/sd198_sd198_02011.jpg,sd198,eczema,Eczema
Eczema/sd198_sd198_01979.jpg,sd198,eczema,Eczema
Eczema/sd198_sd198_01975.jpg,sd198,eczema,Eczema
Eczema/sd198_sd198_02024.jpg,sd198,eczema,Eczema
Eczema/sd198_sd198_01987.jpg,sd198,eczema,Eczema
Eczema/sd198_sd198_01991.jpg,sd198,eczema,Eczema
Eczema/sd198_sd198_01986.jpg,sd198,eczema,Eczema
Eczema/sd198_sd198_01990.jpg,sd198,eczema,Eczema
Eczema/sd198_sd198_02000.jpg,sd198,eczema,Eczema
Eczema/sd198_sd198_01985.jpg,sd198,eczema,Eczema
Eczema/sd198_sd198_02010.jpg,sd198,eczema,Eczema
Eczema/sd198_sd198_02012.jpg,sd198,eczema,Eczema
Eczema/sd198_sd198_01982.jpg,sd198,eczema,Eczema
Eczema/sd198_sd198_01993.jpg,sd198,eczema,Eczema
Eczema/sd198_sd198_01989.jpg,sd198,eczema,Eczema
Eczema/sd198_sd198_02023.jpg,sd198,eczema,Eczema
Eczema/sd198_sd198_02009.jpg,sd198,eczema,Eczema
Eczema/sd198_sd198_01997.jpg,sd198,eczema,Eczema
Eczema/sd198_sd198_02003.jpg,sd198,eczema,Eczema
Eczema/sd198_sd198_02001.jpg,sd198,eczema,Eczema
Eczema/sd198_sd198_02018.jpg,sd198,eczema,Eczema
Eczema/sd198_sd198_02013.jpg,sd198,eczema,Eczema
Eczema/sd198_sd198_02016.jpg,sd198,eczema,Eczema
Eczema/sd198_sd198_01973.jpg,sd198,eczema,Eczema
Eczema/sd198_sd198_01980.jpg,sd198,eczema,Eczema
Eczema/sd198_sd198_01998.jpg,sd198,eczema,Eczema
Eczema/sd198_sd198_01974.jpg,sd198,eczema,Eczema
Eczema/sd198_sd198_02017.jpg,sd198,eczema,Eczema
Eczema/sd198_sd198_01994.jpg,sd198,eczema,Eczema
Eczema/sd198_sd198_02007.jpg,sd198,eczema,Eczema
Eczema/sd198_sd198_02004.jpg,sd198,eczema,Eczema
Eczema/sd198_sd198_01966.jpg,sd198,eczema,Eczema
Eczema/sd198_sd198_01981.jpg,sd198,eczema,Eczema
Eczema/sd198_sd198_01992.jpg,sd198,eczema,Eczema
Eczema/sd198_sd198_02020.jpg,sd198,eczema,Eczema
Eczema/sd198_sd198_01967.jpg,sd198,eczema,Eczema
Eczema/sd198_sd198_01971.jpg,sd198,eczema,Eczema
Eczema/sd198_sd198_02008.jpg,sd198,eczema,Eczema
Eczema/sd198_sd198_02025.jpg,sd198,eczema,Eczema
Eczema/sd198_sd198_01968.jpg,sd198,eczema,Eczema
Eczema/sd198_sd198_02015.jpg,sd198,eczema,Eczema
Eczema/sd198_sd198_01978.jpg,sd198,eczema,Eczema
Eczema/sd198_sd198_01983.jpg,sd198,eczema,Eczema
Eczema/sd198_sd198_01972.jpg,sd198,eczema,Eczema
Eczema/sd198_sd198_02021.jpg,sd198,eczema,Eczema
Eczema/sd198_sd198_02014.jpg,sd198,eczema,Eczema
Psoriasis/sd198_sd198_02636.jpg,sd198,guttate_psoriasis,Psoriasis
Psoriasis/sd198_sd198_02650.jpg,sd198,guttate_psoriasis,Psoriasis
Psoriasis/sd198_sd198_02634.jpg,sd198,guttate_psoriasis,Psoriasis
Psoriasis/sd198_sd198_02640.jpg,sd198,guttate_psoriasis,Psoriasis
Psoriasis/sd198_sd198_02632.jpg,sd198,guttate_psoriasis,Psoriasis
Psoriasis/sd198_sd198_02639.jpg,sd198,guttate_psoriasis,Psoriasis
Psoriasis/sd198_sd198_02648.jpg,sd198,guttate_psoriasis,Psoriasis
Psoriasis/sd198_sd198_02633.jpg,sd198,guttate_psoriasis,Psoriasis
Psoriasis/sd198_sd198_02635.jpg,sd198,guttate_psoriasis,Psoriasis
Psoriasis/sd198_sd198_02630.jpg,sd198,guttate_psoriasis,Psoriasis
Psoriasis/sd198_sd198_02637.jpg,sd198,guttate_psoriasis,Psoriasis
Psoriasis/sd198_sd198_02646.jpg,sd198,guttate_psoriasis,Psoriasis
Psoriasis/sd198_sd198_02644.jpg,sd198,guttate_psoriasis,Psoriasis
Psoriasis/sd198_sd198_02641.jpg,sd198,guttate_psoriasis,Psoriasis
Psoriasis/sd198_sd198_02651.jpg,sd198,guttate_psoriasis,Psoriasis
Psoriasis/sd198_sd198_02649.jpg,sd198,guttate_psoriasis,Psoriasis
Psoriasis/sd198_sd198_02643.jpg,sd198,guttate_psoriasis,Psoriasis
Psoriasis/sd198_sd198_02642.jpg,sd198,guttate_psoriasis,Psoriasis
Psoriasis/sd198_sd198_02638.jpg,sd198,guttate_psoriasis,Psoriasis
Psoriasis/sd198_sd198_02647.jpg,sd198,guttate_psoriasis,Psoriasis
Psoriasis/sd198_sd198_02645.jpg,sd198,guttate_psoriasis,Psoriasis
Psoriasis/sd198_sd198_02631.jpg,sd198,guttate_psoriasis,Psoriasis
Eczema/sd198_sd198_02979.jpg,sd198,infantile_atopic_dermatitis,Eczema
Eczema/sd198_sd198_02976.jpg,sd198,infantile_atopic_dermatitis,Eczema
Eczema/sd198_sd198_02981.jpg,sd198,infantile_atopic_dermatitis,Eczema
Eczema/sd198_sd198_02987.jpg,sd198,infantile_atopic_dermatitis,Eczema
Eczema/sd198_sd198_02977.jpg,sd198,infantile_atopic_dermatitis,Eczema
Eczema/sd198_sd198_02985.jpg,sd198,infantile_atopic_dermatitis,Eczema
Eczema/sd198_sd198_02993.jpg,sd198,infantile_atopic_dermatitis,Eczema
Eczema/sd198_sd198_02989.jpg,sd198,infantile_atopic_dermatitis,Eczema
Eczema/sd198_sd198_02990.jpg,sd198,infantile_atopic_dermatitis,Eczema
Eczema/sd198_sd198_02972.jpg,sd198,infantile_atopic_dermatitis,Eczema
Eczema/sd198_sd198_02978.jpg,sd198,infantile_atopic_dermatitis,Eczema
Eczema/sd198_sd198_02996.jpg,sd198,infantile_atopic_dermatitis,Eczema
Eczema/sd198_sd198_02988.jpg,sd198,infantile_atopic_dermatitis,Eczema
Eczema/sd198_sd198_02984.jpg,sd198,infantile_atopic_dermatitis,Eczema
Eczema/sd198_sd198_02982.jpg,sd198,infantile_atopic_dermatitis,Eczema
Eczema/sd198_sd198_02997.jpg,sd198,infantile_atopic_dermatitis,Eczema
Eczema/sd198_sd198_02991.jpg,sd198,infantile_atopic_dermatitis,Eczema
Eczema/sd198_sd198_02994.jpg,sd198,infantile_atopic_dermatitis,Eczema
Eczema/sd198_sd198_02992.jpg,sd198,infantile_atopic_dermatitis,Eczema
Eczema/sd198_sd198_02995.jpg,sd198,infantile_atopic_dermatitis,Eczema
Eczema/sd198_sd198_02973.jpg,sd198,infantile_atopic_dermatitis,Eczema
Eczema/sd198_sd198_02983.jpg,sd198,infantile_atopic_dermatitis,Eczema
Eczema/sd198_sd198_02986.jpg,sd198,infantile_atopic_dermatitis,Eczema
Eczema/sd198_sd198_02974.jpg,sd198,infantile_atopic_dermatitis,Eczema
Eczema/sd198_sd198_02980.jpg,sd198,infantile_atopic_dermatitis,Eczema
Eczema/sd198_sd198_02971.jpg,sd198,infantile_atopic_dermatitis,Eczema
Eczema/sd198_sd198_02975.jpg,sd198,infantile_atopic_dermatitis,Eczema
Psoriasis/sd198_sd198_03031.jpg,sd198,inverse_psoriasis,Psoriasis
Psoriasis/sd198_sd198_03057.jpg,sd198,inverse_psoriasis,Psoriasis
Psoriasis/sd198_sd198_03055.jpg,sd198,inverse_psoriasis,Psoriasis
Psoriasis/sd198_sd198_03015.jpg,sd198,inverse_psoriasis,Psoriasis
Psoriasis/sd198_sd198_03014.jpg,sd198,inverse_psoriasis,Psoriasis
Psoriasis/sd198_sd198_03053.jpg,sd198,inverse_psoriasis,Psoriasis
Psoriasis/sd198_sd198_03016.jpg,sd198,inverse_psoriasis,Psoriasis
Psoriasis/sd198_sd198_03001.jpg,sd198,inverse_psoriasis,Psoriasis
Psoriasis/sd198_sd198_03032.jpg,sd198,inverse_psoriasis,Psoriasis
Psoriasis/sd198_sd198_03009.jpg,sd198,inverse_psoriasis,Psoriasis
Psoriasis/sd198_sd198_03035.jpg,sd198,inverse_psoriasis,Psoriasis
Psoriasis/sd198_sd198_03000.jpg,sd198,inverse_psoriasis,Psoriasis
Psoriasis/sd198_sd198_03040.jpg,sd198,inverse_psoriasis,Psoriasis
Psoriasis/sd198_sd198_03006.jpg,sd198,inverse_psoriasis,Psoriasis
Psoriasis/sd198_sd198_03039.jpg,sd198,inverse_psoriasis,Psoriasis
Psoriasis/sd198_sd198_03049.jpg,sd198,inverse_psoriasis,Psoriasis
Psoriasis/sd198_sd198_03012.jpg,sd198,inverse_psoriasis,Psoriasis
Psoriasis/sd198_sd198_03003.jpg,sd198,inverse_psoriasis,Psoriasis
Psoriasis/sd198_sd198_03024.jpg,sd198,inverse_psoriasis,Psoriasis
Psoriasis/sd198_sd198_03033.jpg,sd198,inverse_psoriasis,Psoriasis
Psoriasis/sd198_sd198_03017.jpg,sd198,inverse_psoriasis,Psoriasis
Psoriasis/sd198_sd198_03051.jpg,sd198,inverse_psoriasis,Psoriasis
Psoriasis/sd198_sd198_03036.jpg,sd198,inverse_psoriasis,Psoriasis
Psoriasis/sd198_sd198_03007.jpg,sd198,inverse_psoriasis,Psoriasis
Psoriasis/sd198_sd198_03019.jpg,sd198,inverse_psoriasis,Psoriasis
Psoriasis/sd198_sd198_03034.jpg,sd198,inverse_psoriasis,Psoriasis
Psoriasis/sd198_sd198_03011.jpg,sd198,inverse_psoriasis,Psoriasis
Psoriasis/sd198_sd198_03022.jpg,sd198,inverse_psoriasis,Psoriasis
Psoriasis/sd198_sd198_03037.jpg,sd198,inverse_psoriasis,Psoriasis
Psoriasis/sd198_sd198_03027.jpg,sd198,inverse_psoriasis,Psoriasis
Psoriasis/sd198_sd198_03042.jpg,sd198,inverse_psoriasis,Psoriasis
Psoriasis/sd198_sd198_03030.jpg,sd198,inverse_psoriasis,Psoriasis
Psoriasis/sd198_sd198_03041.jpg,sd198,inverse_psoriasis,Psoriasis
Psoriasis/sd198_sd198_02998.jpg,sd198,inverse_psoriasis,Psoriasis
Psoriasis/sd198_sd198_03002.jpg,sd198,inverse_psoriasis,Psoriasis
Psoriasis/sd198_sd198_03020.jpg,sd198,inverse_psoriasis,Psoriasis
Psoriasis/sd198_sd198_03029.jpg,sd198,inverse_psoriasis,Psoriasis
Psoriasis/sd198_sd198_03056.jpg,sd198,inverse_psoriasis,Psoriasis
Psoriasis/sd198_sd198_03045.jpg,sd198,inverse_psoriasis,Psoriasis
Psoriasis/sd198_sd198_03005.jpg,sd198,inverse_psoriasis,Psoriasis
Psoriasis/sd198_sd198_03023.jpg,sd198,inverse_psoriasis,Psoriasis
Psoriasis/sd198_sd198_03028.jpg,sd198,inverse_psoriasis,Psoriasis
Psoriasis/sd198_sd198_03044.jpg,sd198,inverse_psoriasis,Psoriasis
Psoriasis/sd198_sd198_03043.jpg,sd198,inverse_psoriasis,Psoriasis
Psoriasis/sd198_sd198_03026.jpg,sd198,inverse_psoriasis,Psoriasis
Psoriasis/sd198_sd198_03013.jpg,sd198,inverse_psoriasis,Psoriasis
Psoriasis/sd198_sd198_03004.jpg,sd198,inverse_psoriasis,Psoriasis
Psoriasis/sd198_sd198_03048.jpg,sd198,inverse_psoriasis,Psoriasis
Psoriasis/sd198_sd198_03046.jpg,sd198,inverse_psoriasis,Psoriasis
Psoriasis/sd198_sd198_03025.jpg,sd198,inverse_psoriasis,Psoriasis
Psoriasis/sd198_sd198_03018.jpg,sd198,inverse_psoriasis,Psoriasis
Psoriasis/sd198_sd198_03008.jpg,sd198,inverse_psoriasis,Psoriasis
Psoriasis/sd198_sd198_03010.jpg,sd198,inverse_psoriasis,Psoriasis
Psoriasis/sd198_sd198_02999.jpg,sd198,inverse_psoriasis,Psoriasis
Psoriasis/sd198_sd198_03047.jpg,sd198,inverse_psoriasis,Psoriasis
Psoriasis/sd198_sd198_03038.jpg,sd198,inverse_psoriasis,Psoriasis
Psoriasis/sd198_sd198_03021.jpg,sd198,inverse_psoriasis,Psoriasis
Psoriasis/sd198_sd198_03050.jpg,sd198,inverse_psoriasis,Psoriasis
Psoriasis/sd198_sd198_03054.jpg,sd198,inverse_psoriasis,Psoriasis
Psoriasis/sd198_sd198_03052.jpg,sd198,inverse_psoriasis,Psoriasis
Psoriasis/sd198_sd198_03985.jpg,sd198,mucous_membrane_psoriasis,Psoriasis
Psoriasis/sd198_sd198_03995.jpg,sd198,mucous_membrane_psoriasis,Psoriasis
Psoriasis/sd198_sd198_03991.jpg,sd198,mucous_membrane_psoriasis,Psoriasis
Psoriasis/sd198_sd198_03998.jpg,sd198,mucous_membrane_psoriasis,Psoriasis
Psoriasis/sd198_sd198_03987.jpg,sd198,mucous_membrane_psoriasis,Psoriasis
Psoriasis/sd198_sd198_03994.jpg,sd198,mucous_membrane_psoriasis,Psoriasis
Psoriasis/sd198_sd198_03997.jpg,sd198,mucous_membrane_psoriasis,Psoriasis
Psoriasis/sd198_sd198_03996.jpg,sd198,mucous_membrane_psoriasis,Psoriasis
Psoriasis/sd198_sd198_03986.jpg,sd198,mucous_membrane_psoriasis,Psoriasis
Psoriasis/sd198_sd198_03993.jpg,sd198,mucous_membrane_psoriasis,Psoriasis
Psoriasis/sd198_sd198_03990.jpg,sd198,mucous_membrane_psoriasis,Psoriasis
Psoriasis/sd198_sd198_03988.jpg,sd198,mucous_membrane_psoriasis,Psoriasis
Psoriasis/sd198_sd198_03992.jpg,sd198,mucous_membrane_psoriasis,Psoriasis
Psoriasis/sd198_sd198_03989.jpg,sd198,mucous_membrane_psoriasis,Psoriasis
Psoriasis/sd198_sd198_04140.jpg,sd198,nail_psoriasis,Psoriasis
Psoriasis/sd198_sd198_04164.jpg,sd198,nail_psoriasis,Psoriasis
Psoriasis/sd198_sd198_04163.jpg,sd198,nail_psoriasis,Psoriasis
Psoriasis/sd198_sd198_04111.jpg,sd198,nail_psoriasis,Psoriasis
Psoriasis/sd198_sd198_04145.jpg,sd198,nail_psoriasis,Psoriasis
Psoriasis/sd198_sd198_04159.jpg,sd198,nail_psoriasis,Psoriasis
Psoriasis/sd198_sd198_04162.jpg,sd198,nail_psoriasis,Psoriasis
Psoriasis/sd198_sd198_04130.jpg,sd198,nail_psoriasis,Psoriasis
Psoriasis/sd198_sd198_04142.jpg,sd198,nail_psoriasis,Psoriasis
Psoriasis/sd198_sd198_04161.jpg,sd198,nail_psoriasis,Psoriasis
Psoriasis/sd198_sd198_04118.jpg,sd198,nail_psoriasis,Psoriasis
Psoriasis/sd198_sd198_04135.jpg,sd198,nail_psoriasis,Psoriasis
Psoriasis/sd198_sd198_04113.jpg,sd198,nail_psoriasis,Psoriasis
Psoriasis/sd198_sd198_04127.jpg,sd198,nail_psoriasis,Psoriasis
Psoriasis/sd198_sd198_04147.jpg,sd198,nail_psoriasis,Psoriasis
Psoriasis/sd198_sd198_04132.jpg,sd198,nail_psoriasis,Psoriasis
Psoriasis/sd198_sd198_04125.jpg,sd198,nail_psoriasis,Psoriasis
Psoriasis/sd198_sd198_04129.jpg,sd198,nail_psoriasis,Psoriasis
Psoriasis/sd198_sd198_04158.jpg,sd198,nail_psoriasis,Psoriasis
Psoriasis/sd198_sd198_04149.jpg,sd198,nail_psoriasis,Psoriasis
Psoriasis/sd198_sd198_04117.jpg,sd198,nail_psoriasis,Psoriasis
Psoriasis/sd198_sd198_04139.jpg,sd198,nail_psoriasis,Psoriasis
Psoriasis/sd198_sd198_04137.jpg,sd198,nail_psoriasis,Psoriasis
Psoriasis/sd198_sd198_04160.jpg,sd198,nail_psoriasis,Psoriasis
Psoriasis/sd198_sd198_04131.jpg,sd198,nail_psoriasis,Psoriasis
Psoriasis/sd198_sd198_04138.jpg,sd198,nail_psoriasis,Psoriasis
Psoriasis/sd198_sd198_04154.jpg,sd198,nail_psoriasis,Psoriasis
Psoriasis/sd198_sd198_04148.jpg,sd198,nail_psoriasis,Psoriasis
Psoriasis/sd198_sd198_04123.jpg,sd198,nail_psoriasis,Psoriasis
Psoriasis/sd198_sd198_04119.jpg,sd198,nail_psoriasis,Psoriasis
Psoriasis/sd198_sd198_04128.jpg,sd198,nail_psoriasis,Psoriasis
Psoriasis/sd198_sd198_04152.jpg,sd198,nail_psoriasis,Psoriasis
Psoriasis/sd198_sd198_04126.jpg,sd198,nail_psoriasis,Psoriasis
Psoriasis/sd198_sd198_04165.jpg,sd198,nail_psoriasis,Psoriasis
Psoriasis/sd198_sd198_04116.jpg,sd198,nail_psoriasis,Psoriasis
Psoriasis/sd198_sd198_04157.jpg,sd198,nail_psoriasis,Psoriasis
Psoriasis/sd198_sd198_04150.jpg,sd198,nail_psoriasis,Psoriasis
Psoriasis/sd198_sd198_04155.jpg,sd198,nail_psoriasis,Psoriasis
Psoriasis/sd198_sd198_04114.jpg,sd198,nail_psoriasis,Psoriasis
Psoriasis/sd198_sd198_04120.jpg,sd198,nail_psoriasis,Psoriasis
Psoriasis/sd198_sd198_04122.jpg,sd198,nail_psoriasis,Psoriasis
Psoriasis/sd198_sd198_04143.jpg,sd198,nail_psoriasis,Psoriasis
Psoriasis/sd198_sd198_04146.jpg,sd198,nail_psoriasis,Psoriasis
Psoriasis/sd198_sd198_04144.jpg,sd198,nail_psoriasis,Psoriasis
Psoriasis/sd198_sd198_04124.jpg,sd198,nail_psoriasis,Psoriasis
Psoriasis/sd198_sd198_04112.jpg,sd198,nail_psoriasis,Psoriasis
Psoriasis/sd198_sd198_04166.jpg,sd198,nail_psoriasis,Psoriasis
Psoriasis/sd198_sd198_04121.jpg,sd198,nail_psoriasis,Psoriasis
Psoriasis/sd198_sd198_04156.jpg,sd198,nail_psoriasis,Psoriasis
Psoriasis/sd198_sd198_04133.jpg,sd198,nail_psoriasis,Psoriasis
Psoriasis/sd198_sd198_04115.jpg,sd198,nail_psoriasis,Psoriasis
Psoriasis/sd198_sd198_04134.jpg,sd198,nail_psoriasis,Psoriasis
Psoriasis/sd198_sd198_04153.jpg,sd198,nail_psoriasis,Psoriasis
Psoriasis/sd198_sd198_04110.jpg,sd198,nail_psoriasis,Psoriasis
Psoriasis/sd198_sd198_04151.jpg,sd198,nail_psoriasis,Psoriasis
Psoriasis/sd198_sd198_04141.jpg,sd198,nail_psoriasis,Psoriasis
Psoriasis/sd198_sd198_04136.jpg,sd198,nail_psoriasis,Psoriasis
Psoriasis/sd198_sd198_04167.jpg,sd198,nail_psoriasis,Psoriasis
Eczema/sd198_sd198_04427.jpg,sd198,nummular_eczema,Eczema
Eczema/sd198_sd198_04422.jpg,sd198,nummular_eczema,Eczema
Eczema/sd198_sd198_04437.jpg,sd198,nummular_eczema,Eczema
Eczema/sd198_sd198_04446.jpg,sd198,nummular_eczema,Eczema
Eczema/sd198_sd198_04417.jpg,sd198,nummular_eczema,Eczema
Eczema/sd198_sd198_04433.jpg,sd198,nummular_eczema,Eczema
Eczema/sd198_sd198_04419.jpg,sd198,nummular_eczema,Eczema
Eczema/sd198_sd198_04434.jpg,sd198,nummular_eczema,Eczema
Eczema/sd198_sd198_04448.jpg,sd198,nummular_eczema,Eczema
Eczema/sd198_sd198_04424.jpg,sd198,nummular_eczema,Eczema
Eczema/sd198_sd198_04428.jpg,sd198,nummular_eczema,Eczema
Eczema/sd198_sd198_04450.jpg,sd198,nummular_eczema,Eczema
Eczema/sd198_sd198_04445.jpg,sd198,nummular_eczema,Eczema
Eczema/sd198_sd198_04438.jpg,sd198,nummular_eczema,Eczema
Eczema/sd198_sd198_04418.jpg,sd198,nummular_eczema,Eczema
Eczema/sd198_sd198_04441.jpg,sd198,nummular_eczema,Eczema
Eczema/sd198_sd198_04425.jpg,sd198,nummular_eczema,Eczema
Eczema/sd198_sd198_04440.jpg,sd198,nummular_eczema,Eczema
Eczema/sd198_sd198_04409.jpg,sd198,nummular_eczema,Eczema
Eczema/sd198_sd198_04408.jpg,sd198,nummular_eczema,Eczema
Eczema/sd198_sd198_04451.jpg,sd198,nummular_eczema,Eczema
Eczema/sd198_sd198_04416.jpg,sd198,nummular_eczema,Eczema
Eczema/sd198_sd198_04430.jpg,sd198,nummular_eczema,Eczema
Eczema/sd198_sd198_04420.jpg,sd198,nummular_eczema,Eczema
Eczema/sd198_sd198_04410.jpg,sd198,nummular_eczema,Eczema
Eczema/sd198_sd198_04421.jpg,sd198,nummular_eczema,Eczema
Eczema/sd198_sd198_04439.jpg,sd198,nummular_eczema,Eczema
Eczema/sd198_sd198_04442.jpg,sd198,nummular_eczema,Eczema
Eczema/sd198_sd198_04444.jpg,sd198,nummular_eczema,Eczema
Eczema/sd198_sd198_04413.jpg,sd198,nummular_eczema,Eczema
Eczema/sd198_sd198_04423.jpg,sd198,nummular_eczema,Eczema
Eczema/sd198_sd198_04443.jpg,sd198,nummular_eczema,Eczema
Eczema/sd198_sd198_04436.jpg,sd198,nummular_eczema,Eczema
Eczema/sd198_sd198_04432.jpg,sd198,nummular_eczema,Eczema
Eczema/sd198_sd198_04411.jpg,sd198,nummular_eczema,Eczema
Eczema/sd198_sd198_04415.jpg,sd198,nummular_eczema,Eczema
Eczema/sd198_sd198_04435.jpg,sd198,nummular_eczema,Eczema
Eczema/sd198_sd198_04447.jpg,sd198,nummular_eczema,Eczema
Eczema/sd198_sd198_04414.jpg,sd198,nummular_eczema,Eczema
Eczema/sd198_sd198_04431.jpg,sd198,nummular_eczema,Eczema
Eczema/sd198_sd198_04449.jpg,sd198,nummular_eczema,Eczema
Eczema/sd198_sd198_04412.jpg,sd198,nummular_eczema,Eczema
Eczema/sd198_sd198_04426.jpg,sd198,nummular_eczema,Eczema
Eczema/sd198_sd198_04429.jpg,sd198,nummular_eczema,Eczema
NailFungus/sd198_sd198_04542.jpg,sd198,onychomycosis,NailFungus
NailFungus/sd198_sd198_04555.jpg,sd198,onychomycosis,NailFungus
NailFungus/sd198_sd198_04540.jpg,sd198,onychomycosis,NailFungus
NailFungus/sd198_sd198_04561.jpg,sd198,onychomycosis,NailFungus
NailFungus/sd198_sd198_04556.jpg,sd198,onychomycosis,NailFungus
NailFungus/sd198_sd198_04527.jpg,sd198,onychomycosis,NailFungus
NailFungus/sd198_sd198_04532.jpg,sd198,onychomycosis,NailFungus
NailFungus/sd198_sd198_04526.jpg,sd198,onychomycosis,NailFungus
NailFungus/sd198_sd198_04563.jpg,sd198,onychomycosis,NailFungus
NailFungus/sd198_sd198_04537.jpg,sd198,onychomycosis,NailFungus
NailFungus/sd198_sd198_04553.jpg,sd198,onychomycosis,NailFungus
NailFungus/sd198_sd198_04554.jpg,sd198,onychomycosis,NailFungus
NailFungus/sd198_sd198_04517.jpg,sd198,onychomycosis,NailFungus
NailFungus/sd198_sd198_04562.jpg,sd198,onychomycosis,NailFungus
NailFungus/sd198_sd198_04570.jpg,sd198,onychomycosis,NailFungus
NailFungus/sd198_sd198_04559.jpg,sd198,onychomycosis,NailFungus
NailFungus/sd198_sd198_04558.jpg,sd198,onychomycosis,NailFungus
NailFungus/sd198_sd198_04522.jpg,sd198,onychomycosis,NailFungus
NailFungus/sd198_sd198_04521.jpg,sd198,onychomycosis,NailFungus
NailFungus/sd198_sd198_04538.jpg,sd198,onychomycosis,NailFungus
NailFungus/sd198_sd198_04575.jpg,sd198,onychomycosis,NailFungus
NailFungus/sd198_sd198_04550.jpg,sd198,onychomycosis,NailFungus
NailFungus/sd198_sd198_04564.jpg,sd198,onychomycosis,NailFungus
NailFungus/sd198_sd198_04534.jpg,sd198,onychomycosis,NailFungus
NailFungus/sd198_sd198_04518.jpg,sd198,onychomycosis,NailFungus
NailFungus/sd198_sd198_04528.jpg,sd198,onychomycosis,NailFungus
NailFungus/sd198_sd198_04574.jpg,sd198,onychomycosis,NailFungus
NailFungus/sd198_sd198_04543.jpg,sd198,onychomycosis,NailFungus
NailFungus/sd198_sd198_04539.jpg,sd198,onychomycosis,NailFungus
NailFungus/sd198_sd198_04576.jpg,sd198,onychomycosis,NailFungus
NailFungus/sd198_sd198_04565.jpg,sd198,onychomycosis,NailFungus
NailFungus/sd198_sd198_04545.jpg,sd198,onychomycosis,NailFungus
NailFungus/sd198_sd198_04533.jpg,sd198,onychomycosis,NailFungus
NailFungus/sd198_sd198_04530.jpg,sd198,onychomycosis,NailFungus
NailFungus/sd198_sd198_04544.jpg,sd198,onychomycosis,NailFungus
NailFungus/sd198_sd198_04523.jpg,sd198,onychomycosis,NailFungus
NailFungus/sd198_sd198_04548.jpg,sd198,onychomycosis,NailFungus
NailFungus/sd198_sd198_04573.jpg,sd198,onychomycosis,NailFungus
NailFungus/sd198_sd198_04569.jpg,sd198,onychomycosis,NailFungus
NailFungus/sd198_sd198_04560.jpg,sd198,onychomycosis,NailFungus
NailFungus/sd198_sd198_04536.jpg,sd198,onychomycosis,NailFungus
NailFungus/sd198_sd198_04557.jpg,sd198,onychomycosis,NailFungus
NailFungus/sd198_sd198_04566.jpg,sd198,onychomycosis,NailFungus
NailFungus/sd198_sd198_04535.jpg,sd198,onychomycosis,NailFungus
NailFungus/sd198_sd198_04524.jpg,sd198,onychomycosis,NailFungus
NailFungus/sd198_sd198_04552.jpg,sd198,onychomycosis,NailFungus
NailFungus/sd198_sd198_04572.jpg,sd198,onychomycosis,NailFungus
NailFungus/sd198_sd198_04519.jpg,sd198,onychomycosis,NailFungus
NailFungus/sd198_sd198_04549.jpg,sd198,onychomycosis,NailFungus
NailFungus/sd198_sd198_04525.jpg,sd198,onychomycosis,NailFungus
NailFungus/sd198_sd198_04551.jpg,sd198,onychomycosis,NailFungus
NailFungus/sd198_sd198_04531.jpg,sd198,onychomycosis,NailFungus
NailFungus/sd198_sd198_04547.jpg,sd198,onychomycosis,NailFungus
NailFungus/sd198_sd198_04541.jpg,sd198,onychomycosis,NailFungus
NailFungus/sd198_sd198_04546.jpg,sd198,onychomycosis,NailFungus
NailFungus/sd198_sd198_04567.jpg,sd198,onychomycosis,NailFungus
NailFungus/sd198_sd198_04571.jpg,sd198,onychomycosis,NailFungus
NailFungus/sd198_sd198_04520.jpg,sd198,onychomycosis,NailFungus
NailFungus/sd198_sd198_04529.jpg,sd198,onychomycosis,NailFungus
NailFungus/sd198_sd198_04568.jpg,sd198,onychomycosis,NailFungus
Acne/sd198_sd198_04864.jpg,sd198,pomade_acne,Acne
Acne/sd198_sd198_04856.jpg,sd198,pomade_acne,Acne
Acne/sd198_sd198_04861.jpg,sd198,pomade_acne,Acne
Acne/sd198_sd198_04865.jpg,sd198,pomade_acne,Acne
Acne/sd198_sd198_04863.jpg,sd198,pomade_acne,Acne
Acne/sd198_sd198_04857.jpg,sd198,pomade_acne,Acne
Acne/sd198_sd198_04858.jpg,sd198,pomade_acne,Acne
Acne/sd198_sd198_04862.jpg,sd198,pomade_acne,Acne
Acne/sd198_sd198_04860.jpg,sd198,pomade_acne,Acne
Acne/sd198_sd198_04855.jpg,sd198,pomade_acne,Acne
Acne/sd198_sd198_04859.jpg,sd198,pomade_acne,Acne
Psoriasis/sd198_sd198_04947.jpg,sd198,psoriasis,Psoriasis
Psoriasis/sd198_sd198_04938.jpg,sd198,psoriasis,Psoriasis
Psoriasis/sd198_sd198_04930.jpg,sd198,psoriasis,Psoriasis
Psoriasis/sd198_sd198_04917.jpg,sd198,psoriasis,Psoriasis
Psoriasis/sd198_sd198_04966.jpg,sd198,psoriasis,Psoriasis
Psoriasis/sd198_sd198_04924.jpg,sd198,psoriasis,Psoriasis
Psoriasis/sd198_sd198_04915.jpg,sd198,psoriasis,Psoriasis
Psoriasis/sd198_sd198_04942.jpg,sd198,psoriasis,Psoriasis
Psoriasis/sd198_sd198_04950.jpg,sd198,psoriasis,Psoriasis
Psoriasis/sd198_sd198_04937.jpg,sd198,psoriasis,Psoriasis
Psoriasis/sd198_sd198_04970.jpg,sd198,psoriasis,Psoriasis
Psoriasis/sd198_sd198_04955.jpg,sd198,psoriasis,Psoriasis
Psoriasis/sd198_sd198_04956.jpg,sd198,psoriasis,Psoriasis
Psoriasis/sd198_sd198_04946.jpg,sd198,psoriasis,Psoriasis
Psoriasis/sd198_sd198_04916.jpg,sd198,psoriasis,Psoriasis
Psoriasis/sd198_sd198_04944.jpg,sd198,psoriasis,Psoriasis
Psoriasis/sd198_sd198_04972.jpg,sd198,psoriasis,Psoriasis
Psoriasis/sd198_sd198_04920.jpg,sd198,psoriasis,Psoriasis
Psoriasis/sd198_sd198_04921.jpg,sd198,psoriasis,Psoriasis
Psoriasis/sd198_sd198_04953.jpg,sd198,psoriasis,Psoriasis
Psoriasis/sd198_sd198_04948.jpg,sd198,psoriasis,Psoriasis
Psoriasis/sd198_sd198_04914.jpg,sd198,psoriasis,Psoriasis
Psoriasis/sd198_sd198_04951.jpg,sd198,psoriasis,Psoriasis
Psoriasis/sd198_sd198_04932.jpg,sd198,psoriasis,Psoriasis
Psoriasis/sd198_sd198_04934.jpg,sd198,psoriasis,Psoriasis
Psoriasis/sd198_sd198_04928.jpg,sd198,psoriasis,Psoriasis
Psoriasis/sd198_sd198_04959.jpg,sd198,psoriasis,Psoriasis
Psoriasis/sd198_sd198_04960.jpg,sd198,psoriasis,Psoriasis
Psoriasis/sd198_sd198_04919.jpg,sd198,psoriasis,Psoriasis
Psoriasis/sd198_sd198_04957.jpg,sd198,psoriasis,Psoriasis
Psoriasis/sd198_sd198_04936.jpg,sd198,psoriasis,Psoriasis
Psoriasis/sd198_sd198_04954.jpg,sd198,psoriasis,Psoriasis
Psoriasis/sd198_sd198_04971.jpg,sd198,psoriasis,Psoriasis
Psoriasis/sd198_sd198_04931.jpg,sd198,psoriasis,Psoriasis
Psoriasis/sd198_sd198_04935.jpg,sd198,psoriasis,Psoriasis
Psoriasis/sd198_sd198_04926.jpg,sd198,psoriasis,Psoriasis
Psoriasis/sd198_sd198_04925.jpg,sd198,psoriasis,Psoriasis
Psoriasis/sd198_sd198_04963.jpg,sd198,psoriasis,Psoriasis
Psoriasis/sd198_sd198_04941.jpg,sd198,psoriasis,Psoriasis
Psoriasis/sd198_sd198_04958.jpg,sd198,psoriasis,Psoriasis
Psoriasis/sd198_sd198_04939.jpg,sd198,psoriasis,Psoriasis
Psoriasis/sd198_sd198_04973.jpg,sd198,psoriasis,Psoriasis
Psoriasis/sd198_sd198_04945.jpg,sd198,psoriasis,Psoriasis
Psoriasis/sd198_sd198_04922.jpg,sd198,psoriasis,Psoriasis
Psoriasis/sd198_sd198_04964.jpg,sd198,psoriasis,Psoriasis
Psoriasis/sd198_sd198_04918.jpg,sd198,psoriasis,Psoriasis
Psoriasis/sd198_sd198_04940.jpg,sd198,psoriasis,Psoriasis
Psoriasis/sd198_sd198_04967.jpg,sd198,psoriasis,Psoriasis
Psoriasis/sd198_sd198_04968.jpg,sd198,psoriasis,Psoriasis
Psoriasis/sd198_sd198_04965.jpg,sd198,psoriasis,Psoriasis
Psoriasis/sd198_sd198_04933.jpg,sd198,psoriasis,Psoriasis
Psoriasis/sd198_sd198_04952.jpg,sd198,psoriasis,Psoriasis
Psoriasis/sd198_sd198_04943.jpg,sd198,psoriasis,Psoriasis
Psoriasis/sd198_sd198_04929.jpg,sd198,psoriasis,Psoriasis
Psoriasis/sd198_sd198_04949.jpg,sd198,psoriasis,Psoriasis
Psoriasis/sd198_sd198_04923.jpg,sd198,psoriasis,Psoriasis
Psoriasis/sd198_sd198_04961.jpg,sd198,psoriasis,Psoriasis
Psoriasis/sd198_sd198_04962.jpg,sd198,psoriasis,Psoriasis
Psoriasis/sd198_sd198_04927.jpg,sd198,psoriasis,Psoriasis
Psoriasis/sd198_sd198_04969.jpg,sd198,psoriasis,Psoriasis
Psoriasis/sd198_sd198_04996.jpg,sd198,pustular_psoriasis,Psoriasis
Psoriasis/sd198_sd198_04992.jpg,sd198,pustular_psoriasis,Psoriasis
Psoriasis/sd198_sd198_05001.jpg,sd198,pustular_psoriasis,Psoriasis
Psoriasis/sd198_sd198_05015.jpg,sd198,pustular_psoriasis,Psoriasis
Psoriasis/sd198_sd198_04985.jpg,sd198,pustular_psoriasis,Psoriasis
Psoriasis/sd198_sd198_04974.jpg,sd198,pustular_psoriasis,Psoriasis
Psoriasis/sd198_sd198_05018.jpg,sd198,pustular_psoriasis,Psoriasis
Psoriasis/sd198_sd198_04998.jpg,sd198,pustular_psoriasis,Psoriasis
Psoriasis/sd198_sd198_04980.jpg,sd198,pustular_psoriasis,Psoriasis
Psoriasis/sd198_sd198_05014.jpg,sd198,pustular_psoriasis,Psoriasis
Psoriasis/sd198_sd198_04975.jpg,sd198,pustular_psoriasis,Psoriasis
Psoriasis/sd198_sd198_04982.jpg,sd198,pustular_psoriasis,Psoriasis
Psoriasis/sd198_sd198_05016.jpg,sd198,pustular_psoriasis,Psoriasis
Psoriasis/sd198_sd198_05002.jpg,sd198,pustular_psoriasis,Psoriasis
Psoriasis/sd198_sd198_05009.jpg,sd198,pustular_psoriasis,Psoriasis
Psoriasis/sd198_sd198_05019.jpg,sd198,pustular_psoriasis,Psoriasis
Psoriasis/sd198_sd198_04999.jpg,sd198,pustular_psoriasis,Psoriasis
Psoriasis/sd198_sd198_04977.jpg,sd198,pustular_psoriasis,Psoriasis
Psoriasis/sd198_sd198_05013.jpg,sd198,pustular_psoriasis,Psoriasis
Psoriasis/sd198_sd198_04979.jpg,sd198,pustular_psoriasis,Psoriasis
Psoriasis/sd198_sd198_05020.jpg,sd198,pustular_psoriasis,Psoriasis
Psoriasis/sd198_sd198_04987.jpg,sd198,pustular_psoriasis,Psoriasis
Psoriasis/sd198_sd198_04984.jpg,sd198,pustular_psoriasis,Psoriasis
Psoriasis/sd198_sd198_05011.jpg,sd198,pustular_psoriasis,Psoriasis
Psoriasis/sd198_sd198_04986.jpg,sd198,pustular_psoriasis,Psoriasis
Psoriasis/sd198_sd198_05010.jpg,sd198,pustular_psoriasis,Psoriasis
Psoriasis/sd198_sd198_04989.jpg,sd198,pustular_psoriasis,Psoriasis
Psoriasis/sd198_sd198_04991.jpg,sd198,pustular_psoriasis,Psoriasis
Psoriasis/sd198_sd198_04994.jpg,sd198,pustular_psoriasis,Psoriasis
Psoriasis/sd198_sd198_05000.jpg,sd198,pustular_psoriasis,Psoriasis
Psoriasis/sd198_sd198_04995.jpg,sd198,pustular_psoriasis,Psoriasis
Psoriasis/sd198_sd198_05017.jpg,sd198,pustular_psoriasis,Psoriasis
Psoriasis/sd198_sd198_05008.jpg,sd198,pustular_psoriasis,Psoriasis
Psoriasis/sd198_sd198_05023.jpg,sd198,pustular_psoriasis,Psoriasis
Psoriasis/sd198_sd198_05004.jpg,sd198,pustular_psoriasis,Psoriasis
Psoriasis/sd198_sd198_04978.jpg,sd198,pustular_psoriasis,Psoriasis
Psoriasis/sd198_sd198_05005.jpg,sd198,pustular_psoriasis,Psoriasis
Psoriasis/sd198_sd198_04988.jpg,sd198,pustular_psoriasis,Psoriasis
Psoriasis/sd198_sd198_05021.jpg,sd198,pustular_psoriasis,Psoriasis
Psoriasis/sd198_sd198_05007.jpg,sd198,pustular_psoriasis,Psoriasis
Psoriasis/sd198_sd198_05026.jpg,sd198,pustular_psoriasis,Psoriasis
Psoriasis/sd198_sd198_05006.jpg,sd198,pustular_psoriasis,Psoriasis
Psoriasis/sd198_sd198_04983.jpg,sd198,pustular_psoriasis,Psoriasis
Psoriasis/sd198_sd198_05024.jpg,sd198,pustular_psoriasis,Psoriasis
Psoriasis/sd198_sd198_04990.jpg,sd198,pustular_psoriasis,Psoriasis
Psoriasis/sd198_sd198_05012.jpg,sd198,pustular_psoriasis,Psoriasis
Psoriasis/sd198_sd198_05003.jpg,sd198,pustular_psoriasis,Psoriasis
Psoriasis/sd198_sd198_05022.jpg,sd198,pustular_psoriasis,Psoriasis
Psoriasis/sd198_sd198_04993.jpg,sd198,pustular_psoriasis,Psoriasis
Psoriasis/sd198_sd198_05025.jpg,sd198,pustular_psoriasis,Psoriasis
Psoriasis/sd198_sd198_04997.jpg,sd198,pustular_psoriasis,Psoriasis
Psoriasis/sd198_sd198_04981.jpg,sd198,pustular_psoriasis,Psoriasis
Psoriasis/sd198_sd198_04976.jpg,sd198,pustular_psoriasis,Psoriasis
Psoriasis/sd198_sd198_05293.jpg,sd198,scalp_psoriasis,Psoriasis
Psoriasis/sd198_sd198_05300.jpg,sd198,scalp_psoriasis,Psoriasis
Psoriasis/sd198_sd198_05289.jpg,sd198,scalp_psoriasis,Psoriasis
Psoriasis/sd198_sd198_05286.jpg,sd198,scalp_psoriasis,Psoriasis
Psoriasis/sd198_sd198_05297.jpg,sd198,scalp_psoriasis,Psoriasis
Psoriasis/sd198_sd198_05292.jpg,sd198,scalp_psoriasis,Psoriasis
Psoriasis/sd198_sd198_05303.jpg,sd198,scalp_psoriasis,Psoriasis
Psoriasis/sd198_sd198_05284.jpg,sd198,scalp_psoriasis,Psoriasis
Psoriasis/sd198_sd198_05296.jpg,sd198,scalp_psoriasis,Psoriasis
Psoriasis/sd198_sd198_05301.jpg,sd198,scalp_psoriasis,Psoriasis
Psoriasis/sd198_sd198_05288.jpg,sd198,scalp_psoriasis,Psoriasis
Psoriasis/sd198_sd198_05285.jpg,sd198,scalp_psoriasis,Psoriasis
Psoriasis/sd198_sd198_05277.jpg,sd198,scalp_psoriasis,Psoriasis
Psoriasis/sd198_sd198_05282.jpg,sd198,scalp_psoriasis,Psoriasis
Psoriasis/sd198_sd198_05291.jpg,sd198,scalp_psoriasis,Psoriasis
Psoriasis/sd198_sd198_05306.jpg,sd198,scalp_psoriasis,Psoriasis
Psoriasis/sd198_sd198_05299.jpg,sd198,scalp_psoriasis,Psoriasis
Psoriasis/sd198_sd198_05283.jpg,sd198,scalp_psoriasis,Psoriasis
Psoriasis/sd198_sd198_05298.jpg,sd198,scalp_psoriasis,Psoriasis
Psoriasis/sd198_sd198_05305.jpg,sd198,scalp_psoriasis,Psoriasis
Psoriasis/sd198_sd198_05295.jpg,sd198,scalp_psoriasis,Psoriasis
Psoriasis/sd198_sd198_05302.jpg,sd198,scalp_psoriasis,Psoriasis
Psoriasis/sd198_sd198_05279.jpg,sd198,scalp_psoriasis,Psoriasis
Psoriasis/sd198_sd198_05287.jpg,sd198,scalp_psoriasis,Psoriasis
Psoriasis/sd198_sd198_05294.jpg,sd198,scalp_psoriasis,Psoriasis
Psoriasis/sd198_sd198_05281.jpg,sd198,scalp_psoriasis,Psoriasis
Psoriasis/sd198_sd198_05280.jpg,sd198,scalp_psoriasis,Psoriasis
Psoriasis/sd198_sd198_05304.jpg,sd198,scalp_psoriasis,Psoriasis
Psoriasis/sd198_sd198_05290.jpg,sd198,scalp_psoriasis,Psoriasis
Psoriasis/sd198_sd198_05276.jpg,sd198,scalp_psoriasis,Psoriasis
Psoriasis/sd198_sd198_05307.jpg,sd198,scalp_psoriasis,Psoriasis
Psoriasis/sd198_sd198_05278.jpg,sd198,scalp_psoriasis,Psoriasis
Acne/sd198_sd198_05843.jpg,sd198,steroid_acne,Acne
Acne/sd198_sd198_05833.jpg,sd198,steroid_acne,Acne
Acne/sd198_sd198_05835.jpg,sd198,steroid_acne,Acne
Acne/sd198_sd198_05849.jpg,sd198,steroid_acne,Acne
Acne/sd198_sd198_05864.jpg,sd198,steroid_acne,Acne
Acne/sd198_sd198_05827.jpg,sd198,steroid_acne,Acne
Acne/sd198_sd198_05845.jpg,sd198,steroid_acne,Acne
Acne/sd198_sd198_05836.jpg,sd198,steroid_acne,Acne
Acne/sd198_sd198_05830.jpg,sd198,steroid_acne,Acne
Acne/sd198_sd198_05850.jpg,sd198,steroid_acne,Acne
Acne/sd198_sd198_05854.jpg,sd198,steroid_acne,Acne
Acne/sd198_sd198_05839.jpg,sd198,steroid_acne,Acne
Acne/sd198_sd198_05855.jpg,sd198,steroid_acne,Acne
Acne/sd198_sd198_05832.jpg,sd198,steroid_acne,Acne
Acne/sd198_sd198_05842.jpg,sd198,steroid_acne,Acne
Acne/sd198_sd198_05858.jpg,sd198,steroid_acne,Acne
Acne/sd198_sd198_05828.jpg,sd198,steroid_acne,Acne
Acne/sd198_sd198_05856.jpg,sd198,steroid_acne,Acne
Acne/sd198_sd198_05847.jpg,sd198,steroid_acne,Acne
Acne/sd198_sd198_05837.jpg,sd198,steroid_acne,Acne
Acne/sd198_sd198_05857.jpg,sd198,steroid_acne,Acne
Acne/sd198_sd198_05840.jpg,sd198,steroid_acne,Acne
Acne/sd198_sd198_05844.jpg,sd198,steroid_acne,Acne
Acne/sd198_sd198_05851.jpg,sd198,steroid_acne,Acne
Acne/sd198_sd198_05846.jpg,sd198,steroid_acne,Acne
Acne/sd198_sd198_05826.jpg,sd198,steroid_acne,Acne
Acne/sd198_sd198_05853.jpg,sd198,steroid_acne,Acne
Acne/sd198_sd198_05825.jpg,sd198,steroid_acne,Acne
Acne/sd198_sd198_05860.jpg,sd198,steroid_acne,Acne
Acne/sd198_sd198_05863.jpg,sd198,steroid_acne,Acne
Acne/sd198_sd198_05862.jpg,sd198,steroid_acne,Acne
Acne/sd198_sd198_05859.jpg,sd198,steroid_acne,Acne
Acne/sd198_sd198_05852.jpg,sd198,steroid_acne,Acne
Acne/sd198_sd198_05861.jpg,sd198,steroid_acne,Acne
Acne/sd198_sd198_05841.jpg,sd198,steroid_acne,Acne
Acne/sd198_sd198_05848.jpg,sd198,steroid_acne,Acne
Acne/sd198_sd198_05838.jpg,sd198,steroid_acne,Acne
Acne/sd198_sd198_05829.jpg,sd198,steroid_acne,Acne
Acne/sd198_sd198_05831.jpg,sd198,steroid_acne,Acne
Acne/sd198_sd198_05834.jpg,sd198,steroid_acne,Acne
Tinea/sd198_sd198_06070.jpg,sd198,tinea_corporis,Tinea
Tinea/sd198_sd198_06119.jpg,sd198,tinea_corporis,Tinea
Tinea/sd198_sd198_06106.jpg,sd198,tinea_corporis,Tinea
Tinea/sd198_sd198_06109.jpg,sd198,tinea_corporis,Tinea
Tinea/sd198_sd198_06091.jpg,sd198,tinea_corporis,Tinea
Tinea/sd198_sd198_06120.jpg,sd198,tinea_corporis,Tinea
Tinea/sd198_sd198_06117.jpg,sd198,tinea_corporis,Tinea
Tinea/sd198_sd198_06118.jpg,sd198,tinea_corporis,Tinea
Tinea/sd198_sd198_06083.jpg,sd198,tinea_corporis,Tinea
Tinea/sd198_sd198_06104.jpg,sd198,tinea_corporis,Tinea
Tinea/sd198_sd198_06072.jpg,sd198,tinea_corporis,Tinea
Tinea/sd198_sd198_06068.jpg,sd198,tinea_corporis,Tinea
Tinea/sd198_sd198_06075.jpg,sd198,tinea_corporis,Tinea
Tinea/sd198_sd198_06107.jpg,sd198,tinea_corporis,Tinea
Tinea/sd198_sd198_06094.jpg,sd198,tinea_corporis,Tinea
Tinea/sd198_sd198_06069.jpg,sd198,tinea_corporis,Tinea
Tinea/sd198_sd198_06110.jpg,sd198,tinea_corporis,Tinea
Tinea/sd198_sd198_06073.jpg,sd198,tinea_corporis,Tinea
Tinea/sd198_sd198_06105.jpg,sd198,tinea_corporis,Tinea
Tinea/sd198_sd198_06116.jpg,sd198,tinea_corporis,Tinea
Tinea/sd198_sd198_06063.jpg,sd198,tinea_corporis,Tinea
Tinea/sd198_sd198_06113.jpg,sd198,tinea_corporis,Tinea
Tinea/sd198_sd198_06085.jpg,sd198,tinea_corporis,Tinea
Tinea/sd198_sd198_06093.jpg,sd198,tinea_corporis,Tinea
Tinea/sd198_sd198_06111.jpg,sd198,tinea_corporis,Tinea
Tinea/sd198_sd198_06112.jpg,sd198,tinea_corporis,Tinea
Tinea/sd198_sd198_06084.jpg,sd198,tinea_corporis,Tinea
Tinea/sd198_sd198_06082.jpg,sd198,tinea_corporis,Tinea
Tinea/sd198_sd198_06080.jpg,sd198,tinea_corporis,Tinea
Tinea/sd198_sd198_06115.jpg,sd198,tinea_corporis,Tinea
Tinea/sd198_sd198_06090.jpg,sd198,tinea_corporis,Tinea
Tinea/sd198_sd198_06076.jpg,sd198,tinea_corporis,Tinea
Tinea/sd198_sd198_06099.jpg,sd198,tinea_corporis,Tinea
Tinea/sd198_sd198_06108.jpg,sd198,tinea_corporis,Tinea
Tinea/sd198_sd198_06092.jpg,sd198,tinea_corporis,Tinea
Tinea/sd198_sd198_06103.jpg,sd198,tinea_corporis,Tinea
Tinea/sd198_sd198_06121.jpg,sd198,tinea_corporis,Tinea
Tinea/sd198_sd198_06095.jpg,sd198,tinea_corporis,Tinea
Tinea/sd198_sd198_06114.jpg,sd198,tinea_corporis,Tinea
Tinea/sd198_sd198_06101.jpg,sd198,tinea_corporis,Tinea
Tinea/sd198_sd198_06077.jpg,sd198,tinea_corporis,Tinea
Tinea/sd198_sd198_06102.jpg,sd198,tinea_corporis,Tinea
Tinea/sd198_sd198_06064.jpg,sd198,tinea_corporis,Tinea
Tinea/sd198_sd198_06067.jpg,sd198,tinea_corporis,Tinea
Tinea/sd198_sd198_06081.jpg,sd198,tinea_corporis,Tinea
Tinea/sd198_sd198_06079.jpg,sd198,tinea_corporis,Tinea
Tinea/sd198_sd198_06088.jpg,sd198,tinea_corporis,Tinea
Tinea/sd198_sd198_06078.jpg,sd198,tinea_corporis,Tinea
Tinea/sd198_sd198_06086.jpg,sd198,tinea_corporis,Tinea
Tinea/sd198_sd198_06098.jpg,sd198,tinea_corporis,Tinea
Tinea/sd198_sd198_06087.jpg,sd198,tinea_corporis,Tinea
Tinea/sd198_sd198_06096.jpg,sd198,tinea_corporis,Tinea
Tinea/sd198_sd198_06074.jpg,sd198,tinea_corporis,Tinea
Tinea/sd198_sd198_06089.jpg,sd198,tinea_corporis,Tinea
Tinea/sd198_sd198_06066.jpg,sd198,tinea_corporis,Tinea
Tinea/sd198_sd198_06062.jpg,sd198,tinea_corporis,Tinea
Tinea/sd198_sd198_06071.jpg,sd198,tinea_corporis,Tinea
Tinea/sd198_sd198_06100.jpg,sd198,tinea_corporis,Tinea
Tinea/sd198_sd198_06065.jpg,sd198,tinea_corporis,Tinea
Tinea/sd198_sd198_06097.jpg,sd198,tinea_corporis,Tinea
Tinea/sd198_sd198_06129.jpg,sd198,tinea_cruris,Tinea
Tinea/sd198_sd198_06130.jpg,sd198,tinea_cruris,Tinea
Tinea/sd198_sd198_06150.jpg,sd198,tinea_cruris,Tinea
Tinea/sd198_sd198_06124.jpg,sd198,tinea_cruris,Tinea
Tinea/sd198_sd198_06126.jpg,sd198,tinea_cruris,Tinea
Tinea/sd198_sd198_06141.jpg,sd198,tinea_cruris,Tinea
Tinea/sd198_sd198_06138.jpg,sd198,tinea_cruris,Tinea
Tinea/sd198_sd198_06148.jpg,sd198,tinea_cruris,Tinea
Tinea/sd198_sd198_06139.jpg,sd198,tinea_cruris,Tinea
Tinea/sd198_sd198_06132.jpg,sd198,tinea_cruris,Tinea
Tinea/sd198_sd198_06140.jpg,sd198,tinea_cruris,Tinea
Tinea/sd198_sd198_06142.jpg,sd198,tinea_cruris,Tinea
Tinea/sd198_sd198_06122.jpg,sd198,tinea_cruris,Tinea
Tinea/sd198_sd198_06134.jpg,sd198,tinea_cruris,Tinea
Tinea/sd198_sd198_06125.jpg,sd198,tinea_cruris,Tinea
Tinea/sd198_sd198_06151.jpg,sd198,tinea_cruris,Tinea
Tinea/sd198_sd198_06145.jpg,sd198,tinea_cruris,Tinea
Tinea/sd198_sd198_06127.jpg,sd198,tinea_cruris,Tinea
Tinea/sd198_sd198_06144.jpg,sd198,tinea_cruris,Tinea
Tinea/sd198_sd198_06128.jpg,sd198,tinea_cruris,Tinea
Tinea/sd198_sd198_06123.jpg,sd198,tinea_cruris,Tinea
Tinea/sd198_sd198_06136.jpg,sd198,tinea_cruris,Tinea
Tinea/sd198_sd198_06131.jpg,sd198,tinea_cruris,Tinea
Tinea/sd198_sd198_06146.jpg,sd198,tinea_cruris,Tinea
Tinea/sd198_sd198_06133.jpg,sd198,tinea_cruris,Tinea
Tinea/sd198_sd198_06149.jpg,sd198,tinea_cruris,Tinea
Tinea/sd198_sd198_06147.jpg,sd198,tinea_cruris,Tinea
Tinea/sd198_sd198_06137.jpg,sd198,tinea_cruris,Tinea
Tinea/sd198_sd198_06143.jpg,sd198,tinea_cruris,Tinea
Tinea/sd198_sd198_06135.jpg,sd198,tinea_cruris,Tinea
Tinea/sd198_sd198_06210.jpg,sd198,tinea_faciale,Tinea
Tinea/sd198_sd198_06163.jpg,sd198,tinea_faciale,Tinea
Tinea/sd198_sd198_06182.jpg,sd198,tinea_faciale,Tinea
Tinea/sd198_sd198_06155.jpg,sd198,tinea_faciale,Tinea
Tinea/sd198_sd198_06191.jpg,sd198,tinea_faciale,Tinea
Tinea/sd198_sd198_06174.jpg,sd198,tinea_faciale,Tinea
Tinea/sd198_sd198_06181.jpg,sd198,tinea_faciale,Tinea
Tinea/sd198_sd198_06201.jpg,sd198,tinea_faciale,Tinea
Tinea/sd198_sd198_06159.jpg,sd198,tinea_faciale,Tinea
Tinea/sd198_sd198_06154.jpg,sd198,tinea_faciale,Tinea
Tinea/sd198_sd198_06179.jpg,sd198,tinea_faciale,Tinea
Tinea/sd198_sd198_06173.jpg,sd198,tinea_faciale,Tinea
Tinea/sd198_sd198_06198.jpg,sd198,tinea_faciale,Tinea
Tinea/sd198_sd198_06153.jpg,sd198,tinea_faciale,Tinea
Tinea/sd198_sd198_06164.jpg,sd198,tinea_faciale,Tinea
Tinea/sd198_sd198_06170.jpg,sd198,tinea_faciale,Tinea
Tinea/sd198_sd198_06183.jpg,sd198,tinea_faciale,Tinea
Tinea/sd198_sd198_06197.jpg,sd198,tinea_faciale,Tinea
Tinea/sd198_sd198_06192.jpg,sd198,tinea_faciale,Tinea
Tinea/sd198_sd198_06189.jpg,sd198,tinea_faciale,Tinea
Tinea/sd198_sd198_06167.jpg,sd198,tinea_faciale,Tinea
Tinea/sd198_sd198_06194.jpg,sd198,tinea_faciale,Tinea
Tinea/sd198_sd198_06178.jpg,sd198,tinea_faciale,Tinea
Tinea/sd198_sd198_06165.jpg,sd198,tinea_faciale,Tinea
Tinea/sd198_sd198_06157.jpg,sd198,tinea_faciale,Tinea
Tinea/sd198_sd198_06203.jpg,sd198,tinea_faciale,Tinea
Tinea/sd198_sd198_06185.jpg,sd198,tinea_faciale,Tinea
Tinea/sd198_sd198_06166.jpg,sd198,tinea_faciale,Tinea
Tinea/sd198_sd198_06156.jpg,sd198,tinea_faciale,Tinea
Tinea/sd198_sd198_06152.jpg,sd198,tinea_faciale,Tinea
Tinea/sd198_sd198_06204.jpg,sd198,tinea_faciale,Tinea
Tinea/sd198_sd198_06184.jpg,sd198,tinea_faciale,Tinea
Tinea/sd198_sd198_06190.jpg,sd198,tinea_faciale,Tinea
Tinea/sd198_sd198_06162.jpg,sd198,tinea_faciale,Tinea
Tinea/sd198_sd198_06211.jpg,sd198,tinea_faciale,Tinea
Tinea/sd198_sd198_06180.jpg,sd198,tinea_faciale,Tinea
Tinea/sd198_sd198_06209.jpg,sd198,tinea_faciale,Tinea
Tinea/sd198_sd198_06158.jpg,sd198,tinea_faciale,Tinea
Tinea/sd198_sd198_06200.jpg,sd198,tinea_faciale,Tinea
Tinea/sd198_sd198_06176.jpg,sd198,tinea_faciale,Tinea
Tinea/sd198_sd198_06172.jpg,sd198,tinea_faciale,Tinea
Tinea/sd198_sd198_06193.jpg,sd198,tinea_faciale,Tinea
Tinea/sd198_sd198_06202.jpg,sd198,tinea_faciale,Tinea
Tinea/sd198_sd198_06195.jpg,sd198,tinea_faciale,Tinea
Tinea/sd198_sd198_06187.jpg,sd198,tinea_faciale,Tinea
Tinea/sd198_sd198_06168.jpg,sd198,tinea_faciale,Tinea
Tinea/sd198_sd198_06207.jpg,sd198,tinea_faciale,Tinea
Tinea/sd198_sd198_06177.jpg,sd198,tinea_faciale,Tinea
Tinea/sd198_sd198_06196.jpg,sd198,tinea_faciale,Tinea
Tinea/sd198_sd198_06205.jpg,sd198,tinea_faciale,Tinea
Tinea/sd198_sd198_06169.jpg,sd198,tinea_faciale,Tinea
Tinea/sd198_sd198_06160.jpg,sd198,tinea_faciale,Tinea
Tinea/sd198_sd198_06186.jpg,sd198,tinea_faciale,Tinea
Tinea/sd198_sd198_06199.jpg,sd198,tinea_faciale,Tinea
Tinea/sd198_sd198_06208.jpg,sd198,tinea_faciale,Tinea
Tinea/sd198_sd198_06206.jpg,sd198,tinea_faciale,Tinea
Tinea/sd198_sd198_06188.jpg,sd198,tinea_faciale,Tinea
Tinea/sd198_sd198_06171.jpg,sd198,tinea_faciale,Tinea
Tinea/sd198_sd198_06175.jpg,sd198,tinea_faciale,Tinea
Tinea/sd198_sd198_06161.jpg,sd198,tinea_faciale,Tinea
Tinea/sd198_sd198_06270.jpg,sd198,tinea_manus,Tinea
Tinea/sd198_sd198_06223.jpg,sd198,tinea_manus,Tinea
Tinea/sd198_sd198_06249.jpg,sd198,tinea_manus,Tinea
Tinea/sd198_sd198_06244.jpg,sd198,tinea_manus,Tinea
Tinea/sd198_sd198_06248.jpg,sd198,tinea_manus,Tinea
Tinea/sd198_sd198_06243.jpg,sd198,tinea_manus,Tinea
Tinea/sd198_sd198_06264.jpg,sd198,tinea_manus,Tinea
Tinea/sd198_sd198_06222.jpg,sd198,tinea_manus,Tinea
Tinea/sd198_sd198_06221.jpg,sd198,tinea_manus,Tinea
Tinea/sd198_sd198_06232.jpg,sd198,tinea_manus,Tinea
Tinea/sd198_sd198_06260.jpg,sd198,tinea_manus,Tinea
Tinea/sd198_sd198_06213.jpg,sd198,tinea_manus,Tinea
Tinea/sd198_sd198_06258.jpg,sd198,tinea_manus,Tinea
Tinea/sd198_sd198_06234.jpg,sd198,tinea_manus,Tinea
Tinea/sd198_sd198_06263.jpg,sd198,tinea_manus,Tinea
Tinea/sd198_sd198_06254.jpg,sd198,tinea_manus,Tinea
Tinea/sd198_sd198_06266.jpg,sd198,tinea_manus,Tinea
Tinea/sd198_sd198_06240.jpg,sd198,tinea_manus,Tinea
Tinea/sd198_sd198_06214.jpg,sd198,tinea_manus,Tinea
Tinea/sd198_sd198_06238.jpg,sd198,tinea_manus,Tinea
Tinea/sd198_sd198_06218.jpg,sd198,tinea_manus,Tinea
Tinea/sd198_sd198_06217.jpg,sd198,tinea_manus,Tinea
Tinea/sd198_sd198_06269.jpg,sd198,tinea_manus,Tinea
Tinea/sd198_sd198_06219.jpg,sd198,tinea_manus,Tinea
Tinea/sd198_sd198_06224.jpg,sd198,tinea_manus,Tinea
Tinea/sd198_sd198_06228.jpg,sd198,tinea_manus,Tinea
Tinea/sd198_sd198_06231.jpg,sd198,tinea_manus,Tinea
Tinea/sd198_sd198_06212.jpg,sd198,tinea_manus,Tinea
Tinea/sd198_sd198_06261.jpg,sd198,tinea_manus,Tinea
Tinea/sd198_sd198_06226.jpg,sd198,tinea_manus,Tinea
Tinea/sd198_sd198_06257.jpg,sd198,tinea_manus,Tinea
Tinea/sd198_sd198_06256.jpg,sd198,tinea_manus,Tinea
Tinea/sd198_sd198_06245.jpg,sd198,tinea_manus,Tinea
Tinea/sd198_sd198_06227.jpg,sd198,tinea_manus,Tinea
Tinea/sd198_sd198_06246.jpg,sd198,tinea_manus,Tinea
Tinea/sd198_sd198_06215.jpg,sd198,tinea_manus,Tinea
Tinea/sd198_sd198_06271.jpg,sd198,tinea_manus,Tinea
Tinea/sd198_sd198_06241.jpg,sd198,tinea_manus,Tinea
Tinea/sd198_sd198_06255.jpg,sd198,tinea_manus,Tinea
Tinea/sd198_sd198_06247.jpg,sd198,tinea_manus,Tinea
Tinea/sd198_sd198_06216.jpg,sd198,tinea_manus,Tinea
Tinea/sd198_sd198_06251.jpg,sd198,tinea_manus,Tinea
Tinea/sd198_sd198_06233.jpg,sd198,tinea_manus,Tinea
Tinea/sd198_sd198_06220.jpg,sd198,tinea_manus,Tinea
Tinea/sd198_sd198_06253.jpg,sd198,tinea_manus,Tinea
Tinea/sd198_sd198_06267.jpg,sd198,tinea_manus,Tinea
Tinea/sd198_sd198_06262.jpg,sd198,tinea_manus,Tinea
Tinea/sd198_sd198_06239.jpg,sd198,tinea_manus,Tinea
Tinea/sd198_sd198_06252.jpg,sd198,tinea_manus,Tinea
Tinea/sd198_sd198_06250.jpg,sd198,tinea_manus,Tinea
Tinea/sd198_sd198_06229.jpg,sd198,tinea_manus,Tinea
Tinea/sd198_sd198_06242.jpg,sd198,tinea_manus,Tinea
Tinea/sd198_sd198_06259.jpg,sd198,tinea_manus,Tinea
Tinea/sd198_sd198_06265.jpg,sd198,tinea_manus,Tinea
Tinea/sd198_sd198_06237.jpg,sd198,tinea_manus,Tinea
Tinea/sd198_sd198_06235.jpg,sd198,tinea_manus,Tinea
Tinea/sd198_sd198_06225.jpg,sd198,tinea_manus,Tinea
Tinea/sd198_sd198_06236.jpg,sd198,tinea_manus,Tinea
Tinea/sd198_sd198_06230.jpg,sd198,tinea_manus,Tinea
Tinea/sd198_sd198_06268.jpg,sd198,tinea_manus,Tinea
Tinea/sd198_sd198_06307.jpg,sd198,tinea_pedis,Tinea
Tinea/sd198_sd198_06313.jpg,sd198,tinea_pedis,Tinea
Tinea/sd198_sd198_06292.jpg,sd198,tinea_pedis,Tinea
Tinea/sd198_sd198_06286.jpg,sd198,tinea_pedis,Tinea
Tinea/sd198_sd198_06316.jpg,sd198,tinea_pedis,Tinea
Tinea/sd198_sd198_06312.jpg,sd198,tinea_pedis,Tinea
Tinea/sd198_sd198_06311.jpg,sd198,tinea_pedis,Tinea
Tinea/sd198_sd198_06298.jpg,sd198,tinea_pedis,Tinea
Tinea/sd198_sd198_06326.jpg,sd198,tinea_pedis,Tinea
Tinea/sd198_sd198_06322.jpg,sd198,tinea_pedis,Tinea
Tinea/sd198_sd198_06275.jpg,sd198,tinea_pedis,Tinea
Tinea/sd198_sd198_06299.jpg,sd198,tinea_pedis,Tinea
Tinea/sd198_sd198_06328.jpg,sd198,tinea_pedis,Tinea
Tinea/sd198_sd198_06289.jpg,sd198,tinea_pedis,Tinea
Tinea/sd198_sd198_06296.jpg,sd198,tinea_pedis,Tinea
Tinea/sd198_sd198_06285.jpg,sd198,tinea_pedis,Tinea
Tinea/sd198_sd198_06310.jpg,sd198,tinea_pedis,Tinea
Tinea/sd198_sd198_06284.jpg,sd198,tinea_pedis,Tinea
Tinea/sd198_sd198_06291.jpg,sd198,tinea_pedis,Tinea
Tinea/sd198_sd198_06318.jpg,sd198,tinea_pedis,Tinea
Tinea/sd198_sd198_06306.jpg,sd198,tinea_pedis,Tinea
Tinea/sd198_sd198_06288.jpg,sd198,tinea_pedis,Tinea
Tinea/sd198_sd198_06304.jpg,sd198,tinea_pedis,Tinea
Tinea/sd198_sd198_06317.jpg,sd198,tinea_pedis,Tinea
Tinea/sd198_sd198_06290.jpg,sd198,tinea_pedis,Tinea
Tinea/sd198_sd198_06305.jpg,sd198,tinea_pedis,Tinea
Tinea/sd198_sd198_06331.jpg,sd198,tinea_pedis,Tinea
Tinea/sd198_sd198_06314.jpg,sd198,tinea_pedis,Tinea
Tinea/sd198_sd198_06330.jpg,sd198,tinea_pedis,Tinea
Tinea/sd198_sd198_06320.jpg,sd198,tinea_pedis,Tinea
Tinea/sd198_sd198_06273.jpg,sd198,tinea_pedis,Tinea
Tinea/sd198_sd198_06327.jpg,sd198,tinea_pedis,Tinea
Tinea/sd198_sd198_06281.jpg,sd198,tinea_pedis,Tinea
Tinea/sd198_sd198_06287.jpg,sd198,tinea_pedis,Tinea
Tinea/sd198_sd198_06295.jpg,sd198,tinea_pedis,Tinea
Tinea/sd198_sd198_06282.jpg,sd198,tinea_pedis,Tinea
Tinea/sd198_sd198_06276.jpg,sd198,tinea_pedis,Tinea
Tinea/sd198_sd198_06329.jpg,sd198,tinea_pedis,Tinea
Tinea/sd198_sd198_06278.jpg,sd198,tinea_pedis,Tinea
Tinea/sd198_sd198_06294.jpg,sd198,tinea_pedis,Tinea
Tinea/sd198_sd198_06293.jpg,sd198,tinea_pedis,Tinea
Tinea/sd198_sd198_06302.jpg,sd198,tinea_pedis,Tinea
Tinea/sd198_sd198_06301.jpg,sd198,tinea_pedis,Tinea
Tinea/sd198_sd198_06323.jpg,sd198,tinea_pedis,Tinea
Tinea/sd198_sd198_06309.jpg,sd198,tinea_pedis,Tinea
Tinea/sd198_sd198_06324.jpg,sd198,tinea_pedis,Tinea
Tinea/sd198_sd198_06325.jpg,sd198,tinea_pedis,Tinea
Tinea/sd198_sd198_06308.jpg,sd198,tinea_pedis,Tinea
Tinea/sd198_sd198_06315.jpg,sd198,tinea_pedis,Tinea
Tinea/sd198_sd198_06300.jpg,sd198,tinea_pedis,Tinea
Tinea/sd198_sd198_06274.jpg,sd198,tinea_pedis,Tinea
Tinea/sd198_sd198_06277.jpg,sd198,tinea_pedis,Tinea
Tinea/sd198_sd198_06279.jpg,sd198,tinea_pedis,Tinea
Tinea/sd198_sd198_06283.jpg,sd198,tinea_pedis,Tinea
Tinea/sd198_sd198_06303.jpg,sd198,tinea_pedis,Tinea
Tinea/sd198_sd198_06272.jpg,sd198,tinea_pedis,Tinea
Tinea/sd198_sd198_06297.jpg,sd198,tinea_pedis,Tinea
Tinea/sd198_sd198_06321.jpg,sd198,tinea_pedis,Tinea
Tinea/sd198_sd198_06319.jpg,sd198,tinea_pedis,Tinea
Tinea/sd198_sd198_06280.jpg,sd198,tinea_pedis,Tinea
Tinea/sd198_sd198_06384.jpg,sd198,tinea_versicolor,Tinea
Tinea/sd198_sd198_06386.jpg,sd198,tinea_versicolor,Tinea
Tinea/sd198_sd198_06334.jpg,sd198,tinea_versicolor,Tinea
Tinea/sd198_sd198_06356.jpg,sd198,tinea_versicolor,Tinea
Tinea/sd198_sd198_06355.jpg,sd198,tinea_versicolor,Tinea
Tinea/sd198_sd198_06376.jpg,sd198,tinea_versicolor,Tinea
Tinea/sd198_sd198_06351.jpg,sd198,tinea_versicolor,Tinea
Tinea/sd198_sd198_06336.jpg,sd198,tinea_versicolor,Tinea
Tinea/sd198_sd198_06363.jpg,sd198,tinea_versicolor,Tinea
Tinea/sd198_sd198_06367.jpg,sd198,tinea_versicolor,Tinea
Tinea/sd198_sd198_06357.jpg,sd198,tinea_versicolor,Tinea
Tinea/sd198_sd198_06344.jpg,sd198,tinea_versicolor,Tinea
Tinea/sd198_sd198_06388.jpg,sd198,tinea_versicolor,Tinea
Tinea/sd198_sd198_06350.jpg,sd198,tinea_versicolor,Tinea
Tinea/sd198_sd198_06371.jpg,sd198,tinea_versicolor,Tinea
Tinea/sd198_sd198_06365.jpg,sd198,tinea_versicolor,Tinea
Tinea/sd198_sd198_06385.jpg,sd198,tinea_versicolor,Tinea
Tinea/sd198_sd198_06354.jpg,sd198,tinea_versicolor,Tinea
Tinea/sd198_sd198_06361.jpg,sd198,tinea_versicolor,Tinea
Tinea/sd198_sd198_06339.jpg,sd198,tinea_versicolor,Tinea
Tinea/sd198_sd198_06390.jpg,sd198,tinea_versicolor,Tinea
Tinea/sd198_sd198_06377.jpg,sd198,tinea_versicolor,Tinea
Tinea/sd198_sd198_06375.jpg,sd198,tinea_versicolor,Tinea
Tinea/sd198_sd198_06387.jpg,sd198,tinea_versicolor,Tinea
Tinea/sd198_sd198_06360.jpg,sd198,tinea_versicolor,Tinea
Tinea/sd198_sd198_06333.jpg,sd198,tinea_versicolor,Tinea
Tinea/sd198_sd198_06340.jpg,sd198,tinea_versicolor,Tinea
Tinea/sd198_sd198_06372.jpg,sd198,tinea_versicolor,Tinea
Tinea/sd198_sd198_06389.jpg,sd198,tinea_versicolor,Tinea
Tinea/sd198_sd198_06345.jpg,sd198,tinea_versicolor,Tinea
Tinea/sd198_sd198_06381.jpg,sd198,tinea_versicolor,Tinea
Tinea/sd198_sd198_06338.jpg,sd198,tinea_versicolor,Tinea
Tinea/sd198_sd198_06352.jpg,sd198,tinea_versicolor,Tinea
Tinea/sd198_sd198_06343.jpg,sd198,tinea_versicolor,Tinea
Tinea/sd198_sd198_06383.jpg,sd198,tinea_versicolor,Tinea
Tinea/sd198_sd198_06364.jpg,sd198,tinea_versicolor,Tinea
Tinea/sd198_sd198_06349.jpg,sd198,tinea_versicolor,Tinea
Tinea/sd198_sd198_06382.jpg,sd198,tinea_versicolor,Tinea
Tinea/sd198_sd198_06378.jpg,sd198,tinea_versicolor,Tinea
Tinea/sd198_sd198_06370.jpg,sd198,tinea_versicolor,Tinea
Tinea/sd198_sd198_06362.jpg,sd198,tinea_versicolor,Tinea
Tinea/sd198_sd198_06348.jpg,sd198,tinea_versicolor,Tinea
Tinea/sd198_sd198_06342.jpg,sd198,tinea_versicolor,Tinea
Tinea/sd198_sd198_06332.jpg,sd198,tinea_versicolor,Tinea
Tinea/sd198_sd198_06347.jpg,sd198,tinea_versicolor,Tinea
Tinea/sd198_sd198_06346.jpg,sd198,tinea_versicolor,Tinea
Tinea/sd198_sd198_06337.jpg,sd198,tinea_versicolor,Tinea
Tinea/sd198_sd198_06379.jpg,sd198,tinea_versicolor,Tinea
Tinea/sd198_sd198_06391.jpg,sd198,tinea_versicolor,Tinea
Tinea/sd198_sd198_06380.jpg,sd198,tinea_versicolor,Tinea
Tinea/sd198_sd198_06358.jpg,sd198,tinea_versicolor,Tinea
Tinea/sd198_sd198_06359.jpg,sd198,tinea_versicolor,Tinea
Tinea/sd198_sd198_06368.jpg,sd198,tinea_versicolor,Tinea
Tinea/sd198_sd198_06335.jpg,sd198,tinea_versicolor,Tinea
Tinea/sd198_sd198_06353.jpg,sd198,tinea_versicolor,Tinea
Tinea/sd198_sd198_06341.jpg,sd198,tinea_versicolor,Tinea
Tinea/sd198_sd198_06369.jpg,sd198,tinea_versicolor,Tinea
Tinea/sd198_sd198_06373.jpg,sd198,tinea_versicolor,Tinea
Tinea/sd198_sd198_06374.jpg,sd198,tinea_versicolor,Tinea
Tinea/sd198_sd198_06366.jpg,sd198,tinea_versicolor,Tinea
Eczema/skin_10classes_0_7.jpg,skin_10classes,1. Eczema 1677,Eczema
Eczema/skin_10classes_1_3.jpg,skin_10classes,1. Eczema 1677,Eczema
Eczema/skin_10classes_2_16.jpg,skin_10classes,1. Eczema 1677,Eczema
Eczema/skin_10classes_3_30.jpg,skin_10classes,1. Eczema 1677,Eczema
Eczema/skin_10classes_1_0.jpg,skin_10classes,1. Eczema 1677,Eczema
Eczema/skin_10classes_3_13.jpg,skin_10classes,1. Eczema 1677,Eczema
Eczema/skin_10classes_1_12.jpg,skin_10classes,1. Eczema 1677,Eczema
Eczema/skin_10classes_1_8.jpg,skin_10classes,1. Eczema 1677,Eczema
Eczema/skin_10classes_0_34.jpg,skin_10classes,1. Eczema 1677,Eczema
Eczema/skin_10classes_1_15.jpg,skin_10classes,1. Eczema 1677,Eczema
Eczema/skin_10classes_3_16.jpg,skin_10classes,1. Eczema 1677,Eczema
Eczema/skin_10classes_4_2.jpg,skin_10classes,1. Eczema 1677,Eczema
Eczema/skin_10classes_1_2.jpg,skin_10classes,1. Eczema 1677,Eczema
Eczema/skin_10classes_0_19.jpg,skin_10classes,1. Eczema 1677,Eczema
Eczema/skin_10classes_0_18.jpg,skin_10classes,1. Eczema 1677,Eczema
Eczema/skin_10classes_0_33.jpg,skin_10classes,1. Eczema 1677,Eczema
Eczema/skin_10classes_2_1.jpg,skin_10classes,1. Eczema 1677,Eczema
Eczema/skin_10classes_1_26.jpg,skin_10classes,1. Eczema 1677,Eczema
Eczema/skin_10classes_0_1.jpg,skin_10classes,1. Eczema 1677,Eczema
Eczema/skin_10classes_2_7.jpg,skin_10classes,1. Eczema 1677,Eczema
Eczema/skin_10classes_2_2.jpg,skin_10classes,1. Eczema 1677,Eczema
Eczema/skin_10classes_0_42.jpg,skin_10classes,1. Eczema 1677,Eczema
Eczema/skin_10classes_1_22.jpg,skin_10classes,1. Eczema 1677,Eczema
Eczema/skin_10classes_0_5.jpg,skin_10classes,1. Eczema 1677,Eczema
Eczema/skin_10classes_3_31.jpg,skin_10classes,1. Eczema 1677,Eczema
Eczema/skin_10classes_0_23.jpg,skin_10classes,1. Eczema 1677,Eczema
Eczema/skin_10classes_0_9.jpg,skin_10classes,1. Eczema 1677,Eczema
Eczema/skin_10classes_2_6.jpg,skin_10classes,1. Eczema 1677,Eczema
Eczema/skin_10classes_1_25.jpg,skin_10classes,1. Eczema 1677,Eczema
Eczema/skin_10classes_1_7.jpg,skin_10classes,1. Eczema 1677,Eczema
Eczema/skin_10classes_3_21.jpg,skin_10classes,1. Eczema 1677,Eczema
Eczema/skin_10classes_3_19.jpg,skin_10classes,1. Eczema 1677,Eczema
Eczema/skin_10classes_1_24.jpg,skin_10classes,1. Eczema 1677,Eczema
Eczema/skin_10classes_3_18.jpg,skin_10classes,1. Eczema 1677,Eczema
Eczema/skin_10classes_4_10.jpg,skin_10classes,1. Eczema 1677,Eczema
Eczema/skin_10classes_2_9.jpg,skin_10classes,1. Eczema 1677,Eczema
Eczema/skin_10classes_4_3.jpg,skin_10classes,1. Eczema 1677,Eczema
Eczema/skin_10classes_0_4.jpg,skin_10classes,1. Eczema 1677,Eczema
Eczema/skin_10classes_3_15.jpg,skin_10classes,1. Eczema 1677,Eczema
Eczema/skin_10classes_0_13.jpg,skin_10classes,1. Eczema 1677,Eczema
Eczema/skin_10classes_1_13.jpg,skin_10classes,1. Eczema 1677,Eczema
Eczema/skin_10classes_1_9.jpg,skin_10classes,1. Eczema 1677,Eczema
Eczema/skin_10classes_0_15.jpg,skin_10classes,1. Eczema 1677,Eczema
Eczema/skin_10classes_1_19.jpg,skin_10classes,1. Eczema 1677,Eczema
Eczema/skin_10classes_3_28.jpg,skin_10classes,1. Eczema 1677,Eczema
Eczema/skin_10classes_3_26.jpg,skin_10classes,1. Eczema 1677,Eczema
Eczema/skin_10classes_0_36.jpg,skin_10classes,1. Eczema 1677,Eczema
Eczema/skin_10classes_3_29.jpg,skin_10classes,1. Eczema 1677,Eczema
Eczema/skin_10classes_3_1.jpg,skin_10classes,1. Eczema 1677,Eczema
Eczema/skin_10classes_0_17.jpg,skin_10classes,1. Eczema 1677,Eczema
Eczema/skin_10classes_1_6.jpg,skin_10classes,1. Eczema 1677,Eczema
Eczema/skin_10classes_0_37.jpg,skin_10classes,1. Eczema 1677,Eczema
Eczema/skin_10classes_3_4.jpg,skin_10classes,1. Eczema 1677,Eczema
Eczema/skin_10classes_4_7.jpg,skin_10classes,1. Eczema 1677,Eczema
Eczema/skin_10classes_4_8.jpg,skin_10classes,1. Eczema 1677,Eczema
Eczema/skin_10classes_3_6.jpg,skin_10classes,1. Eczema 1677,Eczema
Eczema/skin_10classes_4_6.jpg,skin_10classes,1. Eczema 1677,Eczema
Eczema/skin_10classes_3_7.jpg,skin_10classes,1. Eczema 1677,Eczema
Eczema/skin_10classes_3_12.jpg,skin_10classes,1. Eczema 1677,Eczema
Eczema/skin_10classes_3_23.jpg,skin_10classes,1. Eczema 1677,Eczema
Eczema/skin_10classes_1_14.jpg,skin_10classes,1. Eczema 1677,Eczema
Eczema/skin_10classes_0_31.jpg,skin_10classes,1. Eczema 1677,Eczema
Eczema/skin_10classes_3_22.jpg,skin_10classes,1. Eczema 1677,Eczema
Eczema/skin_10classes_2_12.jpg,skin_10classes,1. Eczema 1677,Eczema
Eczema/skin_10classes_3_5.jpg,skin_10classes,1. Eczema 1677,Eczema
Eczema/skin_10classes_1_20.jpg,skin_10classes,1. Eczema 1677,Eczema
Eczema/skin_10classes_2_3.jpg,skin_10classes,1. Eczema 1677,Eczema
Eczema/skin_10classes_1_10.jpg,skin_10classes,1. Eczema 1677,Eczema
Eczema/skin_10classes_1_1.jpg,skin_10classes,1. Eczema 1677,Eczema
Eczema/skin_10classes_4_5.jpg,skin_10classes,1. Eczema 1677,Eczema
Eczema/skin_10classes_3_3.jpg,skin_10classes,1. Eczema 1677,Eczema
Eczema/skin_10classes_2_17.jpg,skin_10classes,1. Eczema 1677,Eczema
Eczema/skin_10classes_1_4.jpg,skin_10classes,1. Eczema 1677,Eczema
Eczema/skin_10classes_0_22.jpg,skin_10classes,1. Eczema 1677,Eczema
Eczema/skin_10classes_3_8.jpg,skin_10classes,1. Eczema 1677,Eczema
Eczema/skin_10classes_0_6.jpg,skin_10classes,1. Eczema 1677,Eczema
Eczema/skin_10classes_2_10.jpg,skin_10classes,1. Eczema 1677,Eczema
Eczema/skin_10classes_4_0.jpg,skin_10classes,1. Eczema 1677,Eczema
Eczema/skin_10classes_0_30.jpg,skin_10classes,1. Eczema 1677,Eczema
Eczema/skin_10classes_1_21.jpg,skin_10classes,1. Eczema 1677,Eczema
Eczema/skin_10classes_4_4.jpg,skin_10classes,1. Eczema 1677,Eczema
Eczema/skin_10classes_0_3.jpg,skin_10classes,1. Eczema 1677,Eczema
Eczema/skin_10classes_1_18.jpg,skin_10classes,1. Eczema 1677,Eczema
Eczema/skin_10classes_0_39.jpg,skin_10classes,1. Eczema 1677,Eczema
Eczema/skin_10classes_3_24.jpg,skin_10classes,1. Eczema 1677,Eczema
Eczema/skin_10classes_0_32.jpg,skin_10classes,1. Eczema 1677,Eczema
Eczema/skin_10classes_0_0.jpg,skin_10classes,1. Eczema 1677,Eczema
Eczema/skin_10classes_1_16.jpg,skin_10classes,1. Eczema 1677,Eczema
Eczema/skin_10classes_3_14.jpg,skin_10classes,1. Eczema 1677,Eczema
Eczema/skin_10classes_3_25.jpg,skin_10classes,1. Eczema 1677,Eczema
Eczema/skin_10classes_3_0.jpg,skin_10classes,1. Eczema 1677,Eczema
Eczema/skin_10classes_0_2.jpg,skin_10classes,1. Eczema 1677,Eczema
Eczema/skin_10classes_0_16.jpg,skin_10classes,1. Eczema 1677,Eczema
Eczema/skin_10classes_0_10.jpg,skin_10classes,1. Eczema 1677,Eczema
Eczema/skin_10classes_2_5.jpg,skin_10classes,1. Eczema 1677,Eczema
Eczema/skin_10classes_4_9.jpg,skin_10classes,1. Eczema 1677,Eczema
Eczema/skin_10classes_0_35.jpg,skin_10classes,1. Eczema 1677,Eczema
Eczema/skin_10classes_0_24.jpg,skin_10classes,1. Eczema 1677,Eczema
Eczema/skin_10classes_0_29.jpg,skin_10classes,1. Eczema 1677,Eczema
Eczema/skin_10classes_0_14.jpg,skin_10classes,1. Eczema 1677,Eczema
Eczema/skin_10classes_2_11.jpg,skin_10classes,1. Eczema 1677,Eczema
Eczema/skin_10classes_0_40.jpg,skin_10classes,1. Eczema 1677,Eczema
Eczema/skin_10classes_3_17.jpg,skin_10classes,1. Eczema 1677,Eczema
Eczema/skin_10classes_2_4.jpg,skin_10classes,1. Eczema 1677,Eczema
Eczema/skin_10classes_4_11.jpg,skin_10classes,1. Eczema 1677,Eczema
Eczema/skin_10classes_0_41.jpg,skin_10classes,1. Eczema 1677,Eczema
Eczema/skin_10classes_0_21.jpg,skin_10classes,1. Eczema 1677,Eczema
Eczema/skin_10classes_4_1.jpg,skin_10classes,1. Eczema 1677,Eczema
Eczema/skin_10classes_0_8.jpg,skin_10classes,1. Eczema 1677,Eczema
Eczema/skin_10classes_3_27.jpg,skin_10classes,1. Eczema 1677,Eczema
Eczema/skin_10classes_0_26.jpg,skin_10classes,1. Eczema 1677,Eczema
Eczema/skin_10classes_2_0.jpg,skin_10classes,1. Eczema 1677,Eczema
Eczema/skin_10classes_1_5.jpg,skin_10classes,1. Eczema 1677,Eczema
Eczema/skin_10classes_0_38.jpg,skin_10classes,1. Eczema 1677,Eczema
Eczema/skin_10classes_0_28.jpg,skin_10classes,1. Eczema 1677,Eczema
Eczema/skin_10classes_1_11.jpg,skin_10classes,1. Eczema 1677,Eczema
Eczema/skin_10classes_0_27.jpg,skin_10classes,1. Eczema 1677,Eczema
Eczema/skin_10classes_4_12.jpg,skin_10classes,1. Eczema 1677,Eczema
Eczema/skin_10classes_1_23.jpg,skin_10classes,1. Eczema 1677,Eczema
Eczema/skin_10classes_0_11.jpg,skin_10classes,1. Eczema 1677,Eczema
Eczema/skin_10classes_2_8.jpg,skin_10classes,1. Eczema 1677,Eczema
Eczema/skin_10classes_2_13.jpg,skin_10classes,1. Eczema 1677,Eczema
Eczema/skin_10classes_3_2.jpg,skin_10classes,1. Eczema 1677,Eczema
Eczema/skin_10classes_0_12.jpg,skin_10classes,1. Eczema 1677,Eczema
Eczema/skin_10classes_2_15.jpg,skin_10classes,1. Eczema 1677,Eczema
Eczema/skin_10classes_3_9.jpg,skin_10classes,1. Eczema 1677,Eczema
Eczema/skin_10classes_3_11.jpg,skin_10classes,1. Eczema 1677,Eczema
Eczema/skin_10classes_3_20.jpg,skin_10classes,1. Eczema 1677,Eczema
Eczema/skin_10classes_1_17.jpg,skin_10classes,1. Eczema 1677,Eczema
Eczema/skin_10classes_2_14.jpg,skin_10classes,1. Eczema 1677,Eczema
Eczema/skin_10classes_0_20.jpg,skin_10classes,1. Eczema 1677,Eczema
Eczema/skin_10classes_3_10.jpg,skin_10classes,1. Eczema 1677,Eczema
Eczema/skin_10classes_0_25.jpg,skin_10classes,1. Eczema 1677,Eczema
Eczema/skin_10classes_6_49.jpg,skin_10classes,3. Atopic Dermatitis - 1.25k,Eczema
Eczema/skin_10classes_7_8.jpg,skin_10classes,3. Atopic Dermatitis - 1.25k,Eczema
Eczema/skin_10classes_t-26-0005.jpg,skin_10classes,3. Atopic Dermatitis - 1.25k,Eczema
Eczema/skin_10classes_v-05icththyosis1004041.jpg,skin_10classes,3. Atopic Dermatitis - 1.25k,Eczema
Eczema/skin_10classes_6_225.jpg,skin_10classes,3. Atopic Dermatitis - 1.25k,Eczema
Eczema/skin_10classes_6_10.jpg,skin_10classes,3. Atopic Dermatitis - 1.25k,Eczema
Eczema/skin_10classes_6_243.jpg,skin_10classes,3. Atopic Dermatitis - 1.25k,Eczema
Eczema/skin_10classes_0_7.jpg,skin_10classes,3. Atopic Dermatitis - 1.25k,Eczema
Eczema/skin_10classes_2_27.jpg,skin_10classes,3. Atopic Dermatitis - 1.25k,Eczema
Eczema/skin_10classes_6_130.jpg,skin_10classes,3. Atopic Dermatitis - 1.25k,Eczema
Eczema/skin_10classes_6_291.jpg,skin_10classes,3. Atopic Dermatitis - 1.25k,Eczema
Eczema/skin_10classes_t-6IMG005.jpg,skin_10classes,3. Atopic Dermatitis - 1.25k,Eczema
Eczema/skin_10classes_6_34.jpg,skin_10classes,3. Atopic Dermatitis - 1.25k,Eczema
Eczema/skin_10classes_6_315.jpg,skin_10classes,3. Atopic Dermatitis - 1.25k,Eczema
Eczema/skin_10classes_6_43.jpg,skin_10classes,3. Atopic Dermatitis - 1.25k,Eczema
Eczema/skin_10classes_1_36.jpg,skin_10classes,3. Atopic Dermatitis - 1.25k,Eczema
Eczema/skin_10classes_6_231.jpg,skin_10classes,3. Atopic Dermatitis - 1.25k,Eczema
Eczema/skin_10classes_t-IchthosisIMG025-GP3.jpg,skin_10classes,3. Atopic Dermatitis - 1.25k,Eczema
Eczema/skin_10classes_6_135.jpg,skin_10classes,3. Atopic Dermatitis - 1.25k,Eczema
Eczema/skin_10classes_1_44.jpg,skin_10classes,3. Atopic Dermatitis - 1.25k,Eczema
Eczema/skin_10classes_1_3.jpg,skin_10classes,3. Atopic Dermatitis - 1.25k,Eczema
Eczema/skin_10classes_t-5IMG002.jpg,skin_10classes,3. Atopic Dermatitis - 1.25k,Eczema
Eczema/skin_10classes_6_139.jpg,skin_10classes,3. Atopic Dermatitis - 1.25k,Eczema
Eczema/skin_10classes_t-05IchthyosisVulgaris0216.jpg,skin_10classes,3. Atopic Dermatitis - 1.25k,Eczema
Eczema/skin_10classes_6_121.jpg,skin_10classes,3. Atopic Dermatitis - 1.25k,Eczema
Eczema/skin_10classes_2_16.jpg,skin_10classes,3. Atopic Dermatitis - 1.25k,Eczema
Eczema/skin_10classes_2_31.jpg,skin_10classes,3. Atopic Dermatitis - 1.25k,Eczema
Eczema/skin_10classes_230_10_2.jpg,skin_10classes,3. Atopic Dermatitis - 1.25k,Eczema
Eczema/skin_10classes_6_329.jpg,skin_10classes,3. Atopic Dermatitis - 1.25k,Eczema
Eczema/skin_10classes_136_6_29.jpg,skin_10classes,3. Atopic Dermatitis - 1.25k,Eczema
Eczema/skin_10classes_10_7.jpg,skin_10classes,3. Atopic Dermatitis - 1.25k,Eczema
Eczema/skin_10classes_v-13IMG011.jpg,skin_10classes,3. Atopic Dermatitis - 1.25k,Eczema
Eczema/skin_10classes_5_7.jpg,skin_10classes,3. Atopic Dermatitis - 1.25k,Eczema
Eczema/skin_10classes_7_3.jpg,skin_10classes,3. Atopic Dermatitis - 1.25k,Eczema
Eczema/skin_10classes_t-05xlinkedIcthyosis082304.jpg,skin_10classes,3. Atopic Dermatitis - 1.25k,Eczema
Eczema/skin_10classes_v-05child0612051.jpg,skin_10classes,3. Atopic Dermatitis - 1.25k,Eczema
Eczema/skin_10classes_8_25.jpg,skin_10classes,3. Atopic Dermatitis - 1.25k,Eczema
Eczema/skin_10classes_6_194.jpg,skin_10classes,3. Atopic Dermatitis - 1.25k,Eczema
Eczema/skin_10classes_t-05pitAlba012306.jpg,skin_10classes,3. Atopic Dermatitis - 1.25k,Eczema
Eczema/skin_10classes_t-05xlinkedIcthyosis0823043.jpg,skin_10classes,3. Atopic Dermatitis - 1.25k,Eczema
Eczema/skin_10classes_6_159.jpg,skin_10classes,3. Atopic Dermatitis - 1.25k,Eczema
Eczema/skin_10classes_1_0.jpg,skin_10classes,3. Atopic Dermatitis - 1.25k,Eczema
Eczema/skin_10classes_6_310.jpg,skin_10classes,3. Atopic Dermatitis - 1.25k,Eczema
Eczema/skin_10classes_9_6.jpg,skin_10classes,3. Atopic Dermatitis - 1.25k,Eczema
Eczema/skin_10classes_9_17.jpg,skin_10classes,3. Atopic Dermatitis - 1.25k,Eczema
Eczema/skin_10classes_6_317.jpg,skin_10classes,3. Atopic Dermatitis - 1.25k,Eczema
Eczema/skin_10classes_6_333.jpg,skin_10classes,3. Atopic Dermatitis - 1.25k,Eczema
Eczema/skin_10classes_6_286.jpg,skin_10classes,3. Atopic Dermatitis - 1.25k,Eczema
Eczema/skin_10classes_t-IchthosisIMG003-GP3.jpg,skin_10classes,3. Atopic Dermatitis - 1.25k,Eczema
Eczema/skin_10classes_6_202.jpg,skin_10classes,3. Atopic Dermatitis - 1.25k,Eczema
Eczema/skin_10classes_1_37.jpg,skin_10classes,3. Atopic Dermatitis - 1.25k,Eczema
Eczema/skin_10classes_6_155.jpg,skin_10classes,3. Atopic Dermatitis - 1.25k,Eczema
Eczema/skin_10classes_t-3IMG014.jpg,skin_10classes,3. Atopic Dermatitis - 1.25k,Eczema
Eczema/skin_10classes_6_255.jpg,skin_10classes,3. Atopic Dermatitis - 1.25k,Eczema
Eczema/skin_10classes_t-9IMG015.jpg,skin_10classes,3. Atopic Dermatitis - 1.25k,Eczema
Eczema/skin_10classes_t-5IMG011.jpg,skin_10classes,3. Atopic Dermatitis - 1.25k,Eczema
Eczema/skin_10classes_t-05keratosisPilaris041904.jpg,skin_10classes,3. Atopic Dermatitis - 1.25k,Eczema
Eczema/skin_10classes_t-2IMG003.jpg,skin_10classes,3. Atopic Dermatitis - 1.25k,Eczema
Eczema/skin_10classes_6_320.jpg,skin_10classes,3. Atopic Dermatitis - 1.25k,Eczema
Eczema/skin_10classes_1_82.jpg,skin_10classes,3. Atopic Dermatitis - 1.25k,Eczema
Eczema/skin_10classes_1_40.jpg,skin_10classes,3. Atopic Dermatitis - 1.25k,Eczema
Eczema/skin_10classes_10_32.jpg,skin_10classes,3. Atopic Dermatitis - 1.25k,Eczema
Eczema/skin_10classes_v-03ichthyosis050127.jpg,skin_10classes,3. Atopic Dermatitis - 1.25k,Eczema
Eczema/skin_10classes_t-1IMG008.jpg,skin_10classes,3. Atopic Dermatitis - 1.25k,Eczema
Eczema/skin_10classes_v-11IMG017.jpg,skin_10classes,3. Atopic Dermatitis - 1.25k,Eczema
Eczema/skin_10classes_10_38.jpg,skin_10classes,3. Atopic Dermatitis - 1.25k,Eczema
Eczema/skin_10classes_1_43.jpg,skin_10classes,3. Atopic Dermatitis - 1.25k,Eczema
Eczema/skin_10classes_6_250.jpg,skin_10classes,3. Atopic Dermatitis - 1.25k,Eczema
Eczema/skin_10classes_t-5T-0018.jpg,skin_10classes,3. Atopic Dermatitis - 1.25k,Eczema
Eczema/skin_10classes_1_12.jpg,skin_10classes,3. Atopic Dermatitis - 1.25k,Eczema
Eczema/skin_10classes_6_56.jpg,skin_10classes,3. Atopic Dermatitis - 1.25k,Eczema
Eczema/skin_10classes_8_4.jpg,skin_10classes,3. Atopic Dermatitis - 1.25k,Eczema
Eczema/skin_10classes_6_223.jpg,skin_10classes,3. Atopic Dermatitis - 1.25k,Eczema
Eczema/skin_10classes_t-11IMG005.jpg,skin_10classes,3. Atopic Dermatitis - 1.25k,Eczema
Eczema/skin_10classes_v-11IMG018.jpg,skin_10classes,3. Atopic Dermatitis - 1.25k,Eczema
Eczema/skin_10classes_6_200.jpg,skin_10classes,3. Atopic Dermatitis - 1.25k,Eczema
Eczema/skin_10classes_1_75.jpg,skin_10classes,3. Atopic Dermatitis - 1.25k,Eczema
Eczema/skin_10classes_2_32.jpg,skin_10classes,3. Atopic Dermatitis - 1.25k,Eczema
Eczema/skin_10classes_6_221.jpg,skin_10classes,3. Atopic Dermatitis - 1.25k,Eczema
Eczema/skin_10classes_6_263.jpg,skin_10classes,3. Atopic Dermatitis - 1.25k,Eczema
Eczema/skin_10classes_1_8.jpg,skin_10classes,3. Atopic Dermatitis - 1.25k,Eczema
Eczema/skin_10classes_t-05pityriasisAlba050905.jpg,skin_10classes,3. Atopic Dermatitis - 1.25k,Eczema
Eczema/skin_10classes_6_257.jpg,skin_10classes,3. Atopic Dermatitis - 1.25k,Eczema
Eczema/skin_10classes_6_170.jpg,skin_10classes,3. Atopic Dermatitis - 1.25k,Eczema
Eczema/skin_10classes_v-11IMG019.jpg,skin_10classes,3. Atopic Dermatitis - 1.25k,Eczema
Eczema/skin_10classes_1_29.jpg,skin_10classes,3. Atopic Dermatitis - 1.25k,Eczema
Eczema/skin_10classes_8_15.jpg,skin_10classes,3. Atopic Dermatitis - 1.25k,Eczema
Eczema/skin_10classes_10_9.jpg,skin_10classes,3. Atopic Dermatitis - 1.25k,Eczema
Eczema/skin_10classes_t-6IMG015.jpg,skin_10classes,3. Atopic Dermatitis - 1.25k,Eczema
Eczema/skin_10classes_t-05SexLinkedEchthyosis02233.jpg,skin_10classes,3. Atopic Dermatitis - 1.25k,Eczema
Eczema/skin_10classes_v-IchthosisIMG030-GP3.jpg,skin_10classes,3. Atopic Dermatitis - 1.25k,Eczema
Eczema/skin_10classes_228_10_1.jpg,skin_10classes,3. Atopic Dermatitis - 1.25k,Eczema
Eczema/skin_10classes_v-05diaperDerm112204.jpg,skin_10classes,3. Atopic Dermatitis - 1.25k,Eczema
Eczema/skin_10classes_t-IchthosisIMG013-GP3.jpg,skin_10classes,3. Atopic Dermatitis - 1.25k,Eczema
Eczema/skin_10classes_6_212.jpg,skin_10classes,3. Atopic Dermatitis - 1.25k,Eczema
Eczema/skin_10classes_6_113.jpg,skin_10classes,3. Atopic Dermatitis - 1.25k,Eczema
Eczema/skin_10classes_v-16IMG007.jpg,skin_10classes,3. Atopic Dermatitis - 1.25k,Eczema
Eczema/skin_10classes_t-10IMG004.jpg,skin_10classes,3. Atopic Dermatitis - 1.25k,Eczema
Eczema/skin_10classes_v-IchthosisIMG012-GP3.jpg,skin_10classes,3. Atopic Dermatitis - 1.25k,Eczema
Eczema/skin_10classes_6_9.jpg,skin_10classes,3. Atopic Dermatitis - 1.25k,Eczema
Eczema/skin_10classes_t-IchthosisIMG034-GP3.jpg,skin_10classes,3. Atopic Dermatitis - 1.25k,Eczema
Eczema/skin_10classes_t-IchthosisIMG028-GP3.jpg,skin_10classes,3. Atopic Dermatitis - 1.25k,Eczema
Eczema/skin_10classes_t-05keratosisPilaris121304.jpg,skin_10classes,3. Atopic Dermatitis - 1.25k,Eczema
Eczema/skin_10classes_1_15.jpg,skin_10classes,3. Atopic Dermatitis - 1.25k,Eczema
Eczema/skin_10classes_6_74.jpg,skin_10classes,3. Atopic Dermatitis - 1.25k,Eczema
Eczema/skin_10classes_6_105.jpg,skin_10classes,3. Atopic Dermatitis - 1.25k,Eczema
Eczema/skin_10classes_6_67.jpg,skin_10classes,3. Atopic Dermatitis - 1.25k,Eczema
Eczema/skin_10classes_1_67.jpg,skin_10classes,3. Atopic Dermatitis - 1.25k,Eczema
Eczema/skin_10classes_6_217.jpg,skin_10classes,3. Atopic Dermatitis - 1.25k,Eczema
Eczema/skin_10classes_t-Img0057.jpg,skin_10classes,3. Atopic Dermatitis - 1.25k,Eczema
Eczema/skin_10classes_6_262.jpg,skin_10classes,3. Atopic Dermatitis - 1.25k,Eczema
Eczema/skin_10classes_5_6.jpg,skin_10classes,3. Atopic Dermatitis - 1.25k,Eczema
Eczema/skin_10classes_7_7.jpg,skin_10classes,3. Atopic Dermatitis - 1.25k,Eczema
Eczema/skin_10classes_6_288.jpg,skin_10classes,3. Atopic Dermatitis - 1.25k,Eczema
Eczema/skin_10classes_t-05pityriasisAlba94.jpg,skin_10classes,3. Atopic Dermatitis - 1.25k,Eczema
Eczema/skin_10classes_v-1IMG015.jpg,skin_10classes,3. Atopic Dermatitis - 1.25k,Eczema
Eczema/skin_10classes_t-IchthosisIMG019-GP3.jpg,skin_10classes,3. Atopic Dermatitis - 1.25k,Eczema
Eczema/skin_10classes_6_253.jpg,skin_10classes,3. Atopic Dermatitis - 1.25k,Eczema
Eczema/skin_10classes_1_33.jpg,skin_10classes,3. Atopic Dermatitis - 1.25k,Eczema
Eczema/skin_10classes_t-05child0612052.jpg,skin_10classes,3. Atopic Dermatitis - 1.25k,Eczema
Eczema/skin_10classes_6_168.jpg,skin_10classes,3. Atopic Dermatitis - 1.25k,Eczema
Eczema/skin_10classes_t-05icthyosis0124053.jpg,skin_10classes,3. Atopic Dermatitis - 1.25k,Eczema
Eczema/skin_10classes_t-03Icthyosis.jpg,skin_10classes,3. Atopic Dermatitis - 1.25k,Eczema
Eczema/skin_10classes_t-6IMG006.jpg,skin_10classes,3. Atopic Dermatitis - 1.25k,Eczema
Eczema/skin_10classes_6_167.jpg,skin_10classes,3. Atopic Dermatitis - 1.25k,Eczema
Eczema/skin_10classes_t-05KeratosisPilaris0510043.jpg,skin_10classes,3. Atopic Dermatitis - 1.25k,Eczema
Eczema/skin_10classes_6_163.jpg,skin_10classes,3. Atopic Dermatitis - 1.25k,Eczema
Eczema/skin_10classes_t-Img0053.jpg,skin_10classes,3. Atopic Dermatitis - 1.25k,Eczema
Eczema/skin_10classes_10_15.jpg,skin_10classes,3. Atopic Dermatitis - 1.25k,Eczema
Eczema/skin_10classes_6_23.jpg,skin_10classes,3. Atopic Dermatitis - 1.25k,Eczema
Eczema/skin_10classes_4_2.jpg,skin_10classes,3. Atopic Dermatitis - 1.25k,Eczema
Eczema/skin_10classes_t-11IMG002.jpg,skin_10classes,3. Atopic Dermatitis - 1.25k,Eczema
Eczema/skin_10classes_1_2.jpg,skin_10classes,3. Atopic Dermatitis - 1.25k,Eczema
Eczema/skin_10classes_t-05SexLinkIchthosis0328051.jpg,skin_10classes,3. Atopic Dermatitis - 1.25k,Eczema
Eczema/skin_10classes_9_13.jpg,skin_10classes,3. Atopic Dermatitis - 1.25k,Eczema
Eczema/skin_10classes_0_19.jpg,skin_10classes,3. Atopic Dermatitis - 1.25k,Eczema
Eczema/skin_10classes_0_18.jpg,skin_10classes,3. Atopic Dermatitis - 1.25k,Eczema
Eczema/skin_10classes_t-05IchthyosisSexLinked0308044.jpg,skin_10classes,3. Atopic Dermatitis - 1.25k,Eczema
Eczema/skin_10classes_t-5T-0019.jpg,skin_10classes,3. Atopic Dermatitis - 1.25k,Eczema
Eczema/skin_10classes_t-26-0004.jpg,skin_10classes,3. Atopic Dermatitis - 1.25k,Eczema
Eczema/skin_10classes_6_144.jpg,skin_10classes,3. Atopic Dermatitis - 1.25k,Eczema
Eczema/skin_10classes_6_182.jpg,skin_10classes,3. Atopic Dermatitis - 1.25k,Eczema
Eczema/skin_10classes_v-7IMG004.jpg,skin_10classes,3. Atopic Dermatitis - 1.25k,Eczema
Eczema/skin_10classes_7_1.jpg,skin_10classes,3. Atopic Dermatitis - 1.25k,Eczema
Eczema/skin_10classes_9_1.jpg,skin_10classes,3. Atopic Dermatitis - 1.25k,Eczema
Eczema/skin_10classes_1_54.jpg,skin_10classes,3. Atopic Dermatitis - 1.25k,Eczema
Eczema/skin_10classes_t-1IMG007.jpg,skin_10classes,3. Atopic Dermatitis - 1.25k,Eczema
Eczema/skin_10classes_6_183.jpg,skin_10classes,3. Atopic Dermatitis - 1.25k,Eczema
Eczema/skin_10classes_t-8IMG005.jpg,skin_10classes,3. Atopic Dermatitis - 1.25k,Eczema
Eczema/skin_10classes_v-05DryFeet060202.jpg,skin_10classes,3. Atopic Dermatitis - 1.25k,Eczema
Eczema/skin_10classes_t-5T-0006.jpg,skin_10classes,3. Atopic Dermatitis - 1.25k,Eczema
Eczema/skin_10classes_t-11IMG016.jpg,skin_10classes,3. Atopic Dermatitis - 1.25k,Eczema
Eczema/skin_10classes_t-16IMG009.jpg,skin_10classes,3. Atopic Dermatitis - 1.25k,Eczema
Eczema/skin_10classes_t-05hyperLinearCrease042804.jpg,skin_10classes,3. Atopic Dermatitis - 1.25k,Eczema
Eczema/skin_10classes_t-IchthosisIMG009-GP3.jpg,skin_10classes,3. Atopic Dermatitis - 1.25k,Eczema
Eczema/skin_10classes_6_128.jpg,skin_10classes,3. Atopic Dermatitis - 1.25k,Eczema
Eczema/skin_10classes_t-4th1IMG010.jpg,skin_10classes,3. Atopic Dermatitis - 1.25k,Eczema
Eczema/skin_10classes_121_6_13.jpg,skin_10classes,3. Atopic Dermatitis - 1.25k,Eczema
Eczema/skin_10classes_t-16IMG005.jpg,skin_10classes,3. Atopic Dermatitis - 1.25k,Eczema
Eczema/skin_10classes_t-05KeratosisPilaris14.jpg,skin_10classes,3. Atopic Dermatitis - 1.25k,Eczema
Eczema/skin_10classes_1_62.jpg,skin_10classes,3. Atopic Dermatitis - 1.25k,Eczema
Eczema/skin_10classes_1_78.jpg,skin_10classes,3. Atopic Dermatitis - 1.25k,Eczema
Eczema/skin_10classes_v-9IMG019.jpg,skin_10classes,3. Atopic Dermatitis - 1.25k,Eczema
Eczema/skin_10classes_v-7IMG016.jpg,skin_10classes,3. Atopic Dermatitis - 1.25k,Eczema
Eczema/skin_10classes_2_1.jpg,skin_10classes,3. Atopic Dermatitis - 1.25k,Eczema
Eczema/skin_10classes_6_249.jpg,skin_10classes,3. Atopic Dermatitis - 1.25k,Eczema
Eczema/skin_10classes_6_53.jpg,skin_10classes,3. Atopic Dermatitis - 1.25k,Eczema
Eczema/skin_10classes_6_226.jpg,skin_10classes,3. Atopic Dermatitis - 1.25k,Eczema
Eczema/skin_10classes_6_103.jpg,skin_10classes,3. Atopic Dermatitis - 1.25k,Eczema
Eczema/skin_10classes_6_150.jpg,skin_10classes,3. Atopic Dermatitis - 1.25k,Eczema
Eczema/skin_10classes_6_203.jpg,skin_10classes,3. Atopic Dermatitis - 1.25k,Eczema
Eczema/skin_10classes_6_8.jpg,skin_10classes,3. Atopic Dermatitis - 1.25k,Eczema
Eczema/skin_10classes_6_65.jpg,skin_10classes,3. Atopic Dermatitis - 1.25k,Eczema
Eczema/skin_10classes_6_251.jpg,skin_10classes,3. Atopic Dermatitis - 1.25k,Eczema
Eczema/skin_10classes_6_47.jpg,skin_10classes,3. Atopic Dermatitis - 1.25k,Eczema
Eczema/skin_10classes_t-3Eczema1-082.jpg,skin_10classes,3. Atopic Dermatitis - 1.25k,Eczema
Eczema/skin_10classes_6_224.jpg,skin_10classes,3. Atopic Dermatitis - 1.25k,Eczema
Eczema/skin_10classes_2_22.jpg,skin_10classes,3. Atopic Dermatitis - 1.25k,Eczema
Eczema/skin_10classes_t-9IMG007.jpg,skin_10classes,3. Atopic Dermatitis - 1.25k,Eczema
Eczema/skin_10classes_t-05DryFeet060204.jpg,skin_10classes,3. Atopic Dermatitis - 1.25k,Eczema
Eczema/skin_10classes_6_186.jpg,skin_10classes,3. Atopic Dermatitis - 1.25k,Eczema
Eczema/skin_10classes_1_53.jpg,skin_10classes,3. Atopic Dermatitis - 1.25k,Eczema
Eczema/skin_10classes_7_0.jpg,skin_10classes,3. Atopic Dermatitis - 1.25k,Eczema
Eczema/skin_10classes_10_39.jpg,skin_10classes,3. Atopic Dermatitis - 1.25k,Eczema
Eczema/skin_10classes_t-05hyperLinearCrease042802.jpg,skin_10classes,3. Atopic Dermatitis - 1.25k,Eczema
Eczema/skin_10classes_5_5.jpg,skin_10classes,3. Atopic Dermatitis - 1.25k,Eczema
Eczema/skin_10classes_t-8IMG016.jpg,skin_10classes,3. Atopic Dermatitis - 1.25k,Eczema
Eczema/skin_10classes_9_11.jpg,skin_10classes,3. Atopic Dermatitis - 1.25k,Eczema
Eczema/skin_10classes_1_26.jpg,skin_10classes,3. Atopic Dermatitis - 1.25k,Eczema
Eczema/skin_10classes_6_308.jpg,skin_10classes,3. Atopic Dermatitis - 1.25k,Eczema
Eczema/skin_10classes_10_29.jpg,skin_10classes,3. Atopic Dermatitis - 1.25k,Eczema
Eczema/skin_10classes_1_27.jpg,skin_10classes,3. Atopic Dermatitis - 1.25k,Eczema
Eczema/skin_10classes_6_13.jpg,skin_10classes,3. Atopic Dermatitis - 1.25k,Eczema
Eczema/skin_10classes_t-IchthosisIMG007-GP3.jpg,skin_10classes,3. Atopic Dermatitis - 1.25k,Eczema
Eczema/skin_10classes_6_116.jpg,skin_10classes,3. Atopic Dermatitis - 1.25k,Eczema
Eczema/skin_10classes_0_1.jpg,skin_10classes,3. Atopic Dermatitis - 1.25k,Eczema
Eczema/skin_10classes_2_7.jpg,skin_10classes,3. Atopic Dermatitis - 1.25k,Eczema
Eczema/skin_10classes_6_14.jpg,skin_10classes,3. Atopic Dermatitis - 1.25k,Eczema
Eczema/skin_10classes_6_142.jpg,skin_10classes,3. Atopic Dermatitis - 1.25k,Eczema
Eczema/skin_10classes_t-05hyperlinear070905.jpg,skin_10classes,3. Atopic Dermatitis - 1.25k,Eczema
Eczema/skin_10classes_235_10_8.jpg,skin_10classes,3. Atopic Dermatitis - 1.25k,Eczema
Eczema/skin_10classes_2_2.jpg,skin_10classes,3. Atopic Dermatitis - 1.25k,Eczema
Eczema/skin_10classes_6_304.jpg,skin_10classes,3. Atopic Dermatitis - 1.25k,Eczema
Eczema/skin_10classes_6_145.jpg,skin_10classes,3. Atopic Dermatitis - 1.25k,Eczema
Eczema/skin_10classes_6_40.jpg,skin_10classes,3. Atopic Dermatitis - 1.25k,Eczema
Eczema/skin_10classes_6_48.jpg,skin_10classes,3. Atopic Dermatitis - 1.25k,Eczema
Eczema/skin_10classes_6_218.jpg,skin_10classes,3. Atopic Dermatitis - 1.25k,Eczema
Eczema/skin_10classes_v-9IMG008.jpg,skin_10classes,3. Atopic Dermatitis - 1.25k,Eczema
Eczema/skin_10classes_v-6IMG011.jpg,skin_10classes,3. Atopic Dermatitis - 1.25k,Eczema
Eczema/skin_10classes_6_270.jpg,skin_10classes,3. Atopic Dermatitis - 1.25k,Eczema
Eczema/skin_10classes_8_20.jpg,skin_10classes,3. Atopic Dermatitis - 1.25k,Eczema
Eczema/skin_10classes_6_199.jpg,skin_10classes,3. Atopic Dermatitis - 1.25k,Eczema
Eczema/skin_10classes_10_49.jpg,skin_10classes,3. Atopic Dermatitis - 1.25k,Eczema
Eczema/skin_10classes_1_42.jpg,skin_10classes,3. Atopic Dermatitis - 1.25k,Eczema
Eczema/skin_10classes_v-10IMG006.jpg,skin_10classes,3. Atopic Dermatitis - 1.25k,Eczema
Eczema/skin_10classes_10_3.jpg,skin_10classes,3. Atopic Dermatitis - 1.25k,Eczema
Eczema/skin_10classes_t-3Eczema1-057.jpg,skin_10classes,3. Atopic Dermatitis - 1.25k,Eczema
Eczema/skin_10classes_236_10_9.jpg,skin_10classes,3. Atopic Dermatitis - 1.25k,Eczema
Eczema/skin_10classes_6_16.jpg,skin_10classes,3. Atopic Dermatitis - 1.25k,Eczema
Eczema/skin_10classes_126_6_18.jpg,skin_10classes,3. Atopic Dermatitis - 1.25k,Eczema
Eczema/skin_10classes_1_22.jpg,skin_10classes,3. Atopic Dermatitis - 1.25k,Eczema
Eczema/skin_10classes_t-IchthosisIMG033-GP3.jpg,skin_10classes,3. Atopic Dermatitis - 1.25k,Eczema
Eczema/skin_10classes_6_89.jpg,skin_10classes,3. Atopic Dermatitis - 1.25k,Eczema
Eczema/skin_10classes_t-3Eczema2-061.jpg,skin_10classes,3. Atopic Dermatitis - 1.25k,Eczema
Eczema/skin_10classes_6_175.jpg,skin_10classes,3. Atopic Dermatitis - 1.25k,Eczema
Eczema/skin_10classes_t-05PityriasisAlbal042604.jpg,skin_10classes,3. Atopic Dermatitis - 1.25k,Eczema
Eczema/skin_10classes_t-1IMG017.jpg,skin_10classes,3. Atopic Dermatitis - 1.25k,Eczema
Eczema/skin_10classes_0_5.jpg,skin_10classes,3. Atopic Dermatitis - 1.25k,Eczema
Eczema/skin_10classes_t-8IMG015.jpg,skin_10classes,3. Atopic Dermatitis - 1.25k,Eczema
Eczema/skin_10classes_v-05IchthyosisSexLinked0308045.jpg,skin_10classes,3. Atopic Dermatitis - 1.25k,Eczema
Eczema/skin_10classes_6_143.jpg,skin_10classes,3. Atopic Dermatitis - 1.25k,Eczema
Eczema/skin_10classes_6_75.jpg,skin_10classes,3. Atopic Dermatitis - 1.25k,Eczema
Eczema/skin_10classes_t-10IMG008.jpg,skin_10classes,3. Atopic Dermatitis - 1.25k,Eczema
Eczema/skin_10classes_1_80.jpg,skin_10classes,3. Atopic Dermatitis - 1.25k,Eczema
Eczema/skin_10classes_t-3IMG012.jpg,skin_10classes,3. Atopic Dermatitis - 1.25k,Eczema
Eczema/skin_10classes_6_64.jpg,skin_10classes,3. Atopic Dermatitis - 1.25k,Eczema
Eczema/skin_10classes_t-KeratosisIMG002-GP3.jpg,skin_10classes,3. Atopic Dermatitis - 1.25k,Eczema
Eczema/skin_10classes_v-4th1IMG007.jpg,skin_10classes,3. Atopic Dermatitis - 1.25k,Eczema
Eczema/skin_10classes_6_277.jpg,skin_10classes,3. Atopic Dermatitis - 1.25k,Eczema
Eczema/skin_10classes_6_120.jpg,skin_10classes,3. Atopic Dermatitis - 1.25k,Eczema
Eczema/skin_10classes_127_6_19.jpg,skin_10classes,3. Atopic Dermatitis - 1.25k,Eczema
Eczema/skin_10classes_6_4.jpg,skin_10classes,3. Atopic Dermatitis - 1.25k,Eczema
Eczema/skin_10classes_6_292.jpg,skin_10classes,3. Atopic Dermatitis - 1.25k,Eczema
Eczema/skin_10classes_t-11IMG008.jpg,skin_10classes,3. Atopic Dermatitis - 1.25k,Eczema
Eczema/skin_10classes_0_9.jpg,skin_10classes,3. Atopic Dermatitis - 1.25k,Eczema
Eczema/skin_10classes_2_6.jpg,skin_10classes,3. Atopic Dermatitis - 1.25k,Eczema
Eczema/skin_10classes_6_331.jpg,skin_10classes,3. Atopic Dermatitis - 1.25k,Eczema
Eczema/skin_10classes_8_6.jpg,skin_10classes,3. Atopic Dermatitis - 1.25k,Eczema
Eczema/skin_10classes_t-2IMG008.jpg,skin_10classes,3. Atopic Dermatitis - 1.25k,Eczema
Eczema/skin_10classes_t-IchthosisIMG001-GP3.jpg,skin_10classes,3. Atopic Dermatitis - 1.25k,Eczema
Eczema/skin_10classes_t-05papules061205.jpg,skin_10classes,3. Atopic Dermatitis - 1.25k,Eczema
Eczema/skin_10classes_1_25.jpg,skin_10classes,3. Atopic Dermatitis - 1.25k,Eczema
Eczema/skin_10classes_6_312.jpg,skin_10classes,3. Atopic Dermatitis - 1.25k,Eczema
Eczema/skin_10classes_v-05keratosisPilaris020204.jpg,skin_10classes,3. Atopic Dermatitis - 1.25k,Eczema
Eczema/skin_10classes_v-5IMG003.jpg,skin_10classes,3. Atopic Dermatitis - 1.25k,Eczema
Eczema/skin_10classes_6_206.jpg,skin_10classes,3. Atopic Dermatitis - 1.25k,Eczema
Eczema/skin_10classes_6_230.jpg,skin_10classes,3. Atopic Dermatitis - 1.25k,Eczema
Eczema/skin_10classes_v-05hyperLinearCrease042801.jpg,skin_10classes,3. Atopic Dermatitis - 1.25k,Eczema
Eczema/skin_10classes_v-05SexLinkedEchthyosis02235.jpg,skin_10classes,3. Atopic Dermatitis - 1.25k,Eczema
Eczema/skin_10classes_t-5T-0001.jpg,skin_10classes,3. Atopic Dermatitis - 1.25k,Eczema
Eczema/skin_10classes_6_36.jpg,skin_10classes,3. Atopic Dermatitis - 1.25k,Eczema
Eczema/skin_10classes_6_316.jpg,skin_10classes,3. Atopic Dermatitis - 1.25k,Eczema
Eczema/skin_10classes_t-8IMG012.jpg,skin_10classes,3. Atopic Dermatitis - 1.25k,Eczema
Eczema/skin_10classes_t-7IMG018.jpg,skin_10classes,3. Atopic Dermatitis - 1.25k,Eczema
Eczema/skin_10classes_1_81.jpg,skin_10classes,3. Atopic Dermatitis - 1.25k,Eczema
Eczema/skin_10classes_6_11.jpg,skin_10classes,3. Atopic Dermatitis - 1.25k,Eczema
Eczema/skin_10classes_6_22.jpg,skin_10classes,3. Atopic Dermatitis - 1.25k,Eczema
Eczema/skin_10classes_10_23.jpg,skin_10classes,3. Atopic Dermatitis - 1.25k,Eczema
Eczema/skin_10classes_t-9IMG016.jpg,skin_10classes,3. Atopic Dermatitis - 1.25k,Eczema
Eczema/skin_10classes_t-05keratosisPilaris020705.jpg,skin_10classes,3. Atopic Dermatitis - 1.25k,Eczema
Eczema/skin_10classes_6_309.jpg,skin_10classes,3. Atopic Dermatitis - 1.25k,Eczema
Eczema/skin_10classes_6_165.jpg,skin_10classes,3. Atopic Dermatitis - 1.25k,Eczema
Eczema/skin_10classes_v-IchthosisIMG024-GP3.jpg,skin_10classes,3. Atopic Dermatitis - 1.25k,Eczema
Eczema/skin_10classes_1_7.jpg,skin_10classes,3. Atopic Dermatitis - 1.25k,Eczema
Eczema/skin_10classes_t-11IMG009.jpg,skin_10classes,3. Atopic Dermatitis - 1.25k,Eczema
Eczema/skin_10classes_t-5IMG008.jpg,skin_10classes,3. Atopic Dermatitis - 1.25k,Eczema
Eczema/skin_10classes_1_60.jpg,skin_10classes,3. Atopic Dermatitis - 1.25k,Eczema
Eczema/skin_10classes_9_3.jpg,skin_10classes,3. Atopic Dermatitis - 1.25k,Eczema
Eczema/skin_10classes_6_1.jpg,skin_10classes,3. Atopic Dermatitis - 1.25k,Eczema
Eczema/skin_10classes_t-16IMG008.jpg,skin_10classes,3. Atopic Dermatitis - 1.25k,Eczema
Eczema/skin_10classes_t-05SexLinkedIcthyosis3.jpg,skin_10classes,3. Atopic Dermatitis - 1.25k,Eczema
Eczema/skin_10classes_t-05icthyosis0124051.jpg,skin_10classes,3. Atopic Dermatitis - 1.25k,Eczema
Eczema/skin_10classes_6_52.jpg,skin_10classes,3. Atopic Dermatitis - 1.25k,Eczema
Eczema/skin_10classes_t-05SexLinkedEchthyosis02231.jpg,skin_10classes,3. Atopic Dermatitis - 1.25k,Eczema
Eczema/skin_10classes_t-05KeratosisPilaris1013.jpg,skin_10classes,3. Atopic Dermatitis - 1.25k,Eczema
Eczema/skin_10classes_10_24.jpg,skin_10classes,3. Atopic Dermatitis - 1.25k,Eczema
Eczema/skin_10classes_t-05HyperlinearCreases.jpg,skin_10classes,3. Atopic Dermatitis - 1.25k,Eczema
Eczema/skin_10classes_t-05KeratosisPilaris051004.jpg,skin_10classes,3. Atopic Dermatitis - 1.25k,Eczema
Eczema/skin_10classes_110_6_2.jpg,skin_10classes,3. Atopic Dermatitis - 1.25k,Eczema
Eczema/skin_10classes_t-12IMG011.jpg,skin_10classes,3. Atopic Dermatitis - 1.25k,Eczema
Eczema/skin_10classes_1_24.jpg,skin_10classes,3. Atopic Dermatitis - 1.25k,Eczema
Eczema/skin_10classes_128_6_20.jpg,skin_10classes,3. Atopic Dermatitis - 1.25k,Eczema
Eczema/skin_10classes_v-4IMG005.jpg,skin_10classes,3. Atopic Dermatitis - 1.25k,Eczema
Eczema/skin_10classes_t-05wrist061205.jpg,skin_10classes,3. Atopic Dermatitis - 1.25k,Eczema
Eczema/skin_10classes_122_6_14.jpg,skin_10classes,3. Atopic Dermatitis - 1.25k,Eczema
Eczema/skin_10classes_v-11IMG001.jpg,skin_10classes,3. Atopic Dermatitis - 1.25k,Eczema
Eczema/skin_10classes_6_259.jpg,skin_10classes,3. Atopic Dermatitis - 1.25k,Eczema
Eczema/skin_10classes_133_6_25.jpg,skin_10classes,3. Atopic Dermatitis - 1.25k,Eczema
Eczema/skin_10classes_6_244.jpg,skin_10classes,3. Atopic Dermatitis - 1.25k,Eczema
Eczema/skin_10classes_t-3IMG009.jpg,skin_10classes,3. Atopic Dermatitis - 1.25k,Eczema
Eczema/skin_10classes_10_11.jpg,skin_10classes,3. Atopic Dermatitis - 1.25k,Eczema
Eczema/skin_10classes_9_18.jpg,skin_10classes,3. Atopic Dermatitis - 1.25k,Eczema
Eczema/skin_10classes_t-3Eczema2-219.jpg,skin_10classes,3. Atopic Dermatitis - 1.25k,Eczema
Eczema/skin_10classes_116_6_8.jpg,skin_10classes,3. Atopic Dermatitis - 1.25k,Eczema
Eczema/skin_10classes_6_37.jpg,skin_10classes,3. Atopic Dermatitis - 1.25k,Eczema
Eczema/skin_10classes_6_81.jpg,skin_10classes,3. Atopic Dermatitis - 1.25k,Eczema
Eczema/skin_10classes_t-36IMG010.jpg,skin_10classes,3. Atopic Dermatitis - 1.25k,Eczema
Eczema/skin_10classes_2_9.jpg,skin_10classes,3. Atopic Dermatitis - 1.25k,Eczema
Eczema/skin_10classes_t-Img0054.jpg,skin_10classes,3. Atopic Dermatitis - 1.25k,Eczema
Eczema/skin_10classes_6_6.jpg,skin_10classes,3. Atopic Dermatitis - 1.25k,Eczema
Eczema/skin_10classes_6_137.jpg,skin_10classes,3. Atopic Dermatitis - 1.25k,Eczema
Eczema/skin_10classes_t-10IMG002.jpg,skin_10classes,3. Atopic Dermatitis - 1.25k,Eczema
Eczema/skin_10classes_v-4th1IMG008.jpg,skin_10classes,3. Atopic Dermatitis - 1.25k,Eczema
Eczema/skin_10classes_4_3.jpg,skin_10classes,3. Atopic Dermatitis - 1.25k,Eczema
Eczema/skin_10classes_6_102.jpg,skin_10classes,3. Atopic Dermatitis - 1.25k,Eczema
Eczema/skin_10classes_v-IchthosisIMG022-GP3.jpg,skin_10classes,3. Atopic Dermatitis - 1.25k,Eczema
Eczema/skin_10classes_6_318.jpg,skin_10classes,3. Atopic Dermatitis - 1.25k,Eczema
Eczema/skin_10classes_6_283.jpg,skin_10classes,3. Atopic Dermatitis - 1.25k,Eczema
Eczema/skin_10classes_0_4.jpg,skin_10classes,3. Atopic Dermatitis - 1.25k,Eczema
Eczema/skin_10classes_t-3IMG003.jpg,skin_10classes,3. Atopic Dermatitis - 1.25k,Eczema
Eczema/skin_10classes_t-05Eczema1006.jpg,skin_10classes,3. Atopic Dermatitis - 1.25k,Eczema
Eczema/skin_10classes_6_71.jpg,skin_10classes,3. Atopic Dermatitis - 1.25k,Eczema
Eczema/skin_10classes_6_330.jpg,skin_10classes,3. Atopic Dermatitis - 1.25k,Eczema
Eczema/skin_10classes_10_48.jpg,skin_10classes,3. Atopic Dermatitis - 1.25k,Eczema
Eczema/skin_10classes_6_109.jpg,skin_10classes,3. Atopic Dermatitis - 1.25k,Eczema
Eczema/skin_10classes_0_13.jpg,skin_10classes,3. Atopic Dermatitis - 1.25k,Eczema
Eczema/skin_10classes_10_20.jpg,skin_10classes,3. Atopic Dermatitis - 1.25k,Eczema
Eczema/skin_10classes_6_300.jpg,skin_10classes,3. Atopic Dermatitis - 1.25k,Eczema
Eczema/skin_10classes_6_254.jpg,skin_10classes,3. Atopic Dermatitis - 1.25k,Eczema
Eczema/skin_10classes_1_13.jpg,skin_10classes,3. Atopic Dermatitis - 1.25k,Eczema
Eczema/skin_10classes_6_98.jpg,skin_10classes,3. Atopic Dermatitis - 1.25k,Eczema
Eczema/skin_10classes_6_7.jpg,skin_10classes,3. Atopic Dermatitis - 1.25k,Eczema
Eczema/skin_10classes_6_17.jpg,skin_10classes,3. Atopic Dermatitis - 1.25k,Eczema
Eczema/skin_10classes_1_9.jpg,skin_10classes,3. Atopic Dermatitis - 1.25k,Eczema
Eczema/skin_10classes_0_15.jpg,skin_10classes,3. Atopic Dermatitis - 1.25k,Eczema
Eczema/skin_10classes_t-05keratosisPilaris0508061.jpg,skin_10classes,3. Atopic Dermatitis - 1.25k,Eczema
Eczema/skin_10classes_6_322.jpg,skin_10classes,3. Atopic Dermatitis - 1.25k,Eczema
Eczema/skin_10classes_1_19.jpg,skin_10classes,3. Atopic Dermatitis - 1.25k,Eczema
Eczema/skin_10classes_6_86.jpg,skin_10classes,3. Atopic Dermatitis - 1.25k,Eczema
Eczema/skin_10classes_t-05KeratosisPilaris5.jpg,skin_10classes,3. Atopic Dermatitis - 1.25k,Eczema
Eczema/skin_10classes_9_10.jpg,skin_10classes,3. Atopic Dermatitis - 1.25k,Eczema
Eczema/skin_10classes_9_5.jpg,skin_10classes,3. Atopic Dermatitis - 1.25k,Eczema
Eczema/skin_10classes_t-IchthosisIMG011-GP3.jpg,skin_10classes,3. Atopic Dermatitis - 1.25k,Eczema
Eczema/skin_10classes_6_294.jpg,skin_10classes,3. Atopic Dermatitis - 1.25k,Eczema
Eczema/skin_10classes_v-7IMG015.jpg,skin_10classes,3. Atopic Dermatitis - 1.25k,Eczema
Eczema/skin_10classes_t-5T-0022.jpg,skin_10classes,3. Atopic Dermatitis - 1.25k,Eczema
Eczema/skin_10classes_2_28.jpg,skin_10classes,3. Atopic Dermatitis - 1.25k,Eczema
Eczema/skin_10classes_t-4th1IMG016.jpg,skin_10classes,3. Atopic Dermatitis - 1.25k,Eczema
Eczema/skin_10classes_6_272.jpg,skin_10classes,3. Atopic Dermatitis - 1.25k,Eczema
Eczema/skin_10classes_t-05KeratosisPilaris0510047.jpg,skin_10classes,3. Atopic Dermatitis - 1.25k,Eczema
Eczema/skin_10classes_6_85.jpg,skin_10classes,3. Atopic Dermatitis - 1.25k,Eczema
Eczema/skin_10classes_6_50.jpg,skin_10classes,3. Atopic Dermatitis - 1.25k,Eczema
Eczema/skin_10classes_6_129.jpg,skin_10classes,3. Atopic Dermatitis - 1.25k,Eczema
Eczema/skin_10classes_229_10_3.jpg,skin_10classes,3. Atopic Dermatitis - 1.25k,Eczema
Eczema/skin_10classes_8_13.jpg,skin_10classes,3. Atopic Dermatitis - 1.25k,Eczema
Eczema/skin_10classes_t-03ichthyosis040127.jpg,skin_10classes,3. Atopic Dermatitis - 1.25k,Eczema
Eczema/skin_10classes_1_32.jpg,skin_10classes,3. Atopic Dermatitis - 1.25k,Eczema
Eczema/skin_10classes_10_47.jpg,skin_10classes,3. Atopic Dermatitis - 1.25k,Eczema
Eczema/skin_10classes_t-1IMG013.jpg,skin_10classes,3. Atopic Dermatitis - 1.25k,Eczema
Eczema/skin_10classes_t-13IMG012.jpg,skin_10classes,3. Atopic Dermatitis - 1.25k,Eczema
Eczema/skin_10classes_t-IchthosisIMG027-GP3.jpg,skin_10classes,3. Atopic Dermatitis - 1.25k,Eczema
Eczema/skin_10classes_6_332.jpg,skin_10classes,3. Atopic Dermatitis - 1.25k,Eczema
Eczema/skin_10classes_v-KeratosisIMG004-GP3.jpg,skin_10classes,3. Atopic Dermatitis - 1.25k,Eczema
Eczema/skin_10classes_t-KeratosisIMG001-GP3.jpg,skin_10classes,3. Atopic Dermatitis - 1.25k,Eczema
Eczema/skin_10classes_t-5T-0005.jpg,skin_10classes,3. Atopic Dermatitis - 1.25k,Eczema
Eczema/skin_10classes_6_301.jpg,skin_10classes,3. Atopic Dermatitis - 1.25k,Eczema
Eczema/skin_10classes_1_59.jpg,skin_10classes,3. Atopic Dermatitis - 1.25k,Eczema
Eczema/skin_10classes_t-8IMG011.jpg,skin_10classes,3. Atopic Dermatitis - 1.25k,Eczema
Eczema/skin_10classes_6_39.jpg,skin_10classes,3. Atopic Dermatitis - 1.25k,Eczema
Eczema/skin_10classes_v-05KeratosisPilaris24.jpg,skin_10classes,3. Atopic Dermatitis - 1.25k,Eczema
Eczema/skin_10classes_v-4th1IMG013.jpg,skin_10classes,3. Atopic Dermatitis - 1.25k,Eczema
Eczema/skin_10classes_v-05hyperLinearCrease042803.jpg,skin_10classes,3. Atopic Dermatitis - 1.25k,Eczema
Eczema/skin_10classes_8_24.jpg,skin_10classes,3. Atopic Dermatitis - 1.25k,Eczema
Eczema/skin_10classes_t-1IMG016.jpg,skin_10classes,3. Atopic Dermatitis - 1.25k,Eczema
Eczema/skin_10classes_6_93.jpg,skin_10classes,3. Atopic Dermatitis - 1.25k,Eczema
Eczema/skin_10classes_8_10.jpg,skin_10classes,3. Atopic Dermatitis - 1.25k,Eczema
Eczema/skin_10classes_3_1.jpg,skin_10classes,3. Atopic Dermatitis - 1.25k,Eczema
Eczema/skin_10classes_6_227.jpg,skin_10classes,3. Atopic Dermatitis - 1.25k,Eczema
Eczema/skin_10classes_6_82.jpg,skin_10classes,3. Atopic Dermatitis - 1.25k,Eczema
Eczema/skin_10classes_t-05hyperLinearCreases2.jpg,skin_10classes,3. Atopic Dermatitis - 1.25k,Eczema
Eczema/skin_10classes_0_17.jpg,skin_10classes,3. Atopic Dermatitis - 1.25k,Eczema
Eczema/skin_10classes_1_6.jpg,skin_10classes,3. Atopic Dermatitis - 1.25k,Eczema
Eczema/skin_10classes_6_214.jpg,skin_10classes,3. Atopic Dermatitis - 1.25k,Eczema
Eczema/skin_10classes_1_84.jpg,skin_10classes,3. Atopic Dermatitis - 1.25k,Eczema
Eczema/skin_10classes_1_77.jpg,skin_10classes,3. Atopic Dermatitis - 1.25k,Eczema
Eczema/skin_10classes_6_80.jpg,skin_10classes,3. Atopic Dermatitis - 1.25k,Eczema
Eczema/skin_10classes_t-KeratosisIMG005-GP3.jpg,skin_10classes,3. Atopic Dermatitis - 1.25k,Eczema
Eczema/skin_10classes_6_172.jpg,skin_10classes,3. Atopic Dermatitis - 1.25k,Eczema
Eczema/skin_10classes_6_325.jpg,skin_10classes,3. Atopic Dermatitis - 1.25k,Eczema
Eczema/skin_10classes_6_140.jpg,skin_10classes,3. Atopic Dermatitis - 1.25k,Eczema
Eczema/skin_10classes_t-05keratosisPilaris08300430000.jpg,skin_10classes,3. Atopic Dermatitis - 1.25k,Eczema
Eczema/skin_10classes_t-05keratosisPilaris0807062.jpg,skin_10classes,3. Atopic Dermatitis - 1.25k,Eczema
Eczema/skin_10classes_2_26.jpg,skin_10classes,3. Atopic Dermatitis - 1.25k,Eczema
Eczema/skin_10classes_6_30.jpg,skin_10classes,3. Atopic Dermatitis - 1.25k,Eczema
Eczema/skin_10classes_6_238.jpg,skin_10classes,3. Atopic Dermatitis - 1.25k,Eczema
Eczema/skin_10classes_v-6IMG018.jpg,skin_10classes,3. Atopic Dermatitis - 1.25k,Eczema
Eczema/skin_10classes_t-IchthosisIMG015-GP3.jpg,skin_10classes,3. Atopic Dermatitis - 1.25k,Eczema
Eczema/skin_10classes_6_197.jpg,skin_10classes,3. Atopic Dermatitis - 1.25k,Eczema
Eczema/skin_10classes_6_157.jpg,skin_10classes,3. Atopic Dermatitis - 1.25k,Eczema
Eczema/skin_10classes_t-4IMG001.jpg,skin_10classes,3. Atopic Dermatitis - 1.25k,Eczema
Eczema/skin_10classes_6_46.jpg,skin_10classes,3. Atopic Dermatitis - 1.25k,Eczema
Eczema/skin_10classes_6_35.jpg,skin_10classes,3. Atopic Dermatitis - 1.25k,Eczema
Eczema/skin_10classes_6_76.jpg,skin_10classes,3. Atopic Dermatitis - 1.25k,Eczema
Eczema/skin_10classes_6_228.jpg,skin_10classes,3. Atopic Dermatitis - 1.25k,Eczema
Eczema/skin_10classes_3_4.jpg,skin_10classes,3. Atopic Dermatitis - 1.25k,Eczema
Eczema/skin_10classes_t-05Eczema10062.jpg,skin_10classes,3. Atopic Dermatitis - 1.25k,Eczema
Eczema/skin_10classes_10_46.jpg,skin_10classes,3. Atopic Dermatitis - 1.25k,Eczema
Eczema/skin_10classes_8_12.jpg,skin_10classes,3. Atopic Dermatitis - 1.25k,Eczema
Eczema/skin_10classes_6_124.jpg,skin_10classes,3. Atopic Dermatitis - 1.25k,Eczema
Eczema/skin_10classes_6_302.jpg,skin_10classes,3. Atopic Dermatitis - 1.25k,Eczema
Eczema/skin_10classes_125_6_16.jpg,skin_10classes,3. Atopic Dermatitis - 1.25k,Eczema
Eczema/skin_10classes_t-8IMG014.jpg,skin_10classes,3. Atopic Dermatitis - 1.25k,Eczema
Eczema/skin_10classes_6_45.jpg,skin_10classes,3. Atopic Dermatitis - 1.25k,Eczema
Eczema/skin_10classes_t-36IMG009.jpg,skin_10classes,3. Atopic Dermatitis - 1.25k,Eczema
Eczema/skin_10classes_8_1.jpg,skin_10classes,3. Atopic Dermatitis - 1.25k,Eczema
Eczema/skin_10classes_v-8IMG007.jpg,skin_10classes,3. Atopic Dermatitis - 1.25k,Eczema
Eczema/skin_10classes_7_5.jpg,skin_10classes,3. Atopic Dermatitis - 1.25k,Eczema
Eczema/skin_10classes_6_246.jpg,skin_10classes,3. Atopic Dermatitis - 1.25k,Eczema
Eczema/skin_10classes_t-05keratosisPilaris0807063.jpg,skin_10classes,3. Atopic Dermatitis - 1.25k,Eczema
Eczema/skin_10classes_1_85.jpg,skin_10classes,3. Atopic Dermatitis - 1.25k,Eczema
Eczema/skin_10classes_4_7.jpg,skin_10classes,3. Atopic Dermatitis - 1.25k,Eczema
Eczema/skin_10classes_4_8.jpg,skin_10classes,3. Atopic Dermatitis - 1.25k,Eczema
Eczema/skin_10classes_6_111.jpg,skin_10classes,3. Atopic Dermatitis - 1.25k,Eczema
Eczema/skin_10classes_231_10_4.jpg,skin_10classes,3. Atopic Dermatitis - 1.25k,Eczema
Eczema/skin_10classes_v-15IMG001.jpg,skin_10classes,3. Atopic Dermatitis - 1.25k,Eczema
Eczema/skin_10classes_t-05child061205.jpg,skin_10classes,3. Atopic Dermatitis - 1.25k,Eczema
Eczema/skin_10classes_10_21.jpg,skin_10classes,3. Atopic Dermatitis - 1.25k,Eczema
Eczema/skin_10classes_v-05ichthyosis082205.jpg,skin_10classes,3. Atopic Dermatitis - 1.25k,Eczema
Eczema/skin_10classes_t-12IMG001.jpg,skin_10classes,3. Atopic Dermatitis - 1.25k,Eczema
Eczema/skin_10classes_6_158.jpg,skin_10classes,3. Atopic Dermatitis - 1.25k,Eczema
Eczema/skin_10classes_t-3IMG005.jpg,skin_10classes,3. Atopic Dermatitis - 1.25k,Eczema
Eczema/skin_10classes_6_248.jpg,skin_10classes,3. Atopic Dermatitis - 1.25k,Eczema
Eczema/skin_10classes_t-05PityriasisAlba041204.jpg,skin_10classes,3. Atopic Dermatitis - 1.25k,Eczema
Eczema/skin_10classes_t-15IMG003.jpg,skin_10classes,3. Atopic Dermatitis - 1.25k,Eczema
Eczema/skin_10classes_v-05Ichthyosis1.jpg,skin_10classes,3. Atopic Dermatitis - 1.25k,Eczema
Eczema/skin_10classes_6_68.jpg,skin_10classes,3. Atopic Dermatitis - 1.25k,Eczema
Eczema/skin_10classes_t-11IMG010.jpg,skin_10classes,3. Atopic Dermatitis - 1.25k,Eczema
Eczema/skin_10classes_1_46.jpg,skin_10classes,3. Atopic Dermatitis - 1.25k,Eczema
Eczema/skin_10classes_130_6_21.jpg,skin_10classes,3. Atopic Dermatitis - 1.25k,Eczema
Eczema/skin_10classes_t-11IMG007.jpg,skin_10classes,3. Atopic Dermatitis - 1.25k,Eczema
Eczema/skin_10classes_6_216.jpg,skin_10classes,3. Atopic Dermatitis - 1.25k,Eczema
Eczema/skin_10classes_v-12IMG006.jpg,skin_10classes,3. Atopic Dermatitis - 1.25k,Eczema
Eczema/skin_10classes_t-15IMG013.jpg,skin_10classes,3. Atopic Dermatitis - 1.25k,Eczema
Eczema/skin_10classes_t-6IMG003.jpg,skin_10classes,3. Atopic Dermatitis - 1.25k,Eczema
Eczema/skin_10classes_t-8IMG008.jpg,skin_10classes,3. Atopic Dermatitis - 1.25k,Eczema
Eczema/skin_10classes_10_28.jpg,skin_10classes,3. Atopic Dermatitis - 1.25k,Eczema
Eczema/skin_10classes_2_24.jpg,skin_10classes,3. Atopic Dermatitis - 1.25k,Eczema
Eczema/skin_10classes_118_6_11.jpg,skin_10classes,3. Atopic Dermatitis - 1.25k,Eczema
Eczema/skin_10classes_6_245.jpg,skin_10classes,3. Atopic Dermatitis - 1.25k,Eczema
Eczema/skin_10classes_10_19.jpg,skin_10classes,3. Atopic Dermatitis - 1.25k,Eczema
Eczema/skin_10classes_10_13.jpg,skin_10classes,3. Atopic Dermatitis - 1.25k,Eczema
Eczema/skin_10classes_6_173.jpg,skin_10classes,3. Atopic Dermatitis - 1.25k,Eczema
Eczema/skin_10classes_6_117.jpg,skin_10classes,3. Atopic Dermatitis - 1.25k,Eczema
Eczema/skin_10classes_10_6.jpg,skin_10classes,3. Atopic Dermatitis - 1.25k,Eczema
Eczema/skin_10classes_6_273.jpg,skin_10classes,3. Atopic Dermatitis - 1.25k,Eczema
Eczema/skin_10classes_6_122.jpg,skin_10classes,3. Atopic Dermatitis - 1.25k,Eczema
Eczema/skin_10classes_10_42.jpg,skin_10classes,3. Atopic Dermatitis - 1.25k,Eczema
Eczema/skin_10classes_t-5T-0004.jpg,skin_10classes,3. Atopic Dermatitis - 1.25k,Eczema
Eczema/skin_10classes_6_95.jpg,skin_10classes,3. Atopic Dermatitis - 1.25k,Eczema
Eczema/skin_10classes_t-05KeratosisPilaris0510042.jpg,skin_10classes,3. Atopic Dermatitis - 1.25k,Eczema
Eczema/skin_10classes_8_18.jpg,skin_10classes,3. Atopic Dermatitis - 1.25k,Eczema
Eczema/skin_10classes_t-05KeratosisPilaris10131.jpg,skin_10classes,3. Atopic Dermatitis - 1.25k,Eczema
Eczema/skin_10classes_t-05xlinkedIcthyosis0823045.jpg,skin_10classes,3. Atopic Dermatitis - 1.25k,Eczema
Eczema/skin_10classes_8_7.jpg,skin_10classes,3. Atopic Dermatitis - 1.25k,Eczema
Eczema/skin_10classes_1_83.jpg,skin_10classes,3. Atopic Dermatitis - 1.25k,Eczema
Eczema/skin_10classes_1_74.jpg,skin_10classes,3. Atopic Dermatitis - 1.25k,Eczema
Eczema/skin_10classes_t-IchthosisIMG020-GP3.jpg,skin_10classes,3. Atopic Dermatitis - 1.25k,Eczema
Eczema/skin_10classes_6_252.jpg,skin_10classes,3. Atopic Dermatitis - 1.25k,Eczema
Eczema/skin_10classes_6_29.jpg,skin_10classes,3. Atopic Dermatitis - 1.25k,Eczema
Eczema/skin_10classes_6_269.jpg,skin_10classes,3. Atopic Dermatitis - 1.25k,Eczema
Eczema/skin_10classes_6_241.jpg,skin_10classes,3. Atopic Dermatitis - 1.25k,Eczema
Eczema/skin_10classes_t-8IMG013.jpg,skin_10classes,3. Atopic Dermatitis - 1.25k,Eczema
Eczema/skin_10classes_t-05keratosisPilaris0807061.jpg,skin_10classes,3. Atopic Dermatitis - 1.25k,Eczema
Eczema/skin_10classes_t-05Eczema10061.jpg,skin_10classes,3. Atopic Dermatitis - 1.25k,Eczema
Eczema/skin_10classes_4_6.jpg,skin_10classes,3. Atopic Dermatitis - 1.25k,Eczema
Eczema/skin_10classes_6_171.jpg,skin_10classes,3. Atopic Dermatitis - 1.25k,Eczema
Eczema/skin_10classes_10_41.jpg,skin_10classes,3. Atopic Dermatitis - 1.25k,Eczema
Eczema/skin_10classes_t-9IMG012.jpg,skin_10classes,3. Atopic Dermatitis - 1.25k,Eczema
Eczema/skin_10classes_t-Img0052.jpg,skin_10classes,3. Atopic Dermatitis - 1.25k,Eczema
Eczema/skin_10classes_9_0.jpg,skin_10classes,3. Atopic Dermatitis - 1.25k,Eczema
Eczema/skin_10classes_1_55.jpg,skin_10classes,3. Atopic Dermatitis - 1.25k,Eczema
Eczema/skin_10classes_t-05keratosisPilaris1213041.jpg,skin_10classes,3. Atopic Dermatitis - 1.25k,Eczema
Eczema/skin_10classes_t-05KeratosisPilaris15.jpg,skin_10classes,3. Atopic Dermatitis - 1.25k,Eczema
Eczema/skin_10classes_t-05KeratosisPilaris0510048.jpg,skin_10classes,3. Atopic Dermatitis - 1.25k,Eczema
Eczema/skin_10classes_6_126.jpg,skin_10classes,3. Atopic Dermatitis - 1.25k,Eczema
Eczema/skin_10classes_t-5T-0025.jpg,skin_10classes,3. Atopic Dermatitis - 1.25k,Eczema
Eczema/skin_10classes_v-05icthyosis0124052.jpg,skin_10classes,3. Atopic Dermatitis - 1.25k,Eczema
Eczema/skin_10classes_6_28.jpg,skin_10classes,3. Atopic Dermatitis - 1.25k,Eczema
Eczema/skin_10classes_6_2.jpg,skin_10classes,3. Atopic Dermatitis - 1.25k,Eczema
Eczema/skin_10classes_6_96.jpg,skin_10classes,3. Atopic Dermatitis - 1.25k,Eczema
Eczema/skin_10classes_t-05SexLinkedIcthyosis2.jpg,skin_10classes,3. Atopic Dermatitis - 1.25k,Eczema
Eczema/skin_10classes_6_229.jpg,skin_10classes,3. Atopic Dermatitis - 1.25k,Eczema
Eczema/skin_10classes_10_36.jpg,skin_10classes,3. Atopic Dermatitis - 1.25k,Eczema
Eczema/skin_10classes_t-05wrist0612051.jpg,skin_10classes,3. Atopic Dermatitis - 1.25k,Eczema
Eczema/skin_10classes_6_213.jpg,skin_10classes,3. Atopic Dermatitis - 1.25k,Eczema
Eczema/skin_10classes_6_235.jpg,skin_10classes,3. Atopic Dermatitis - 1.25k,Eczema
Eczema/skin_10classes_6_193.jpg,skin_10classes,3. Atopic Dermatitis - 1.25k,Eczema
Eczema/skin_10classes_t-05keratosisPilaris050806.jpg,skin_10classes,3. Atopic Dermatitis - 1.25k,Eczema
Eczema/skin_10classes_2_35.jpg,skin_10classes,3. Atopic Dermatitis - 1.25k,Eczema
Eczema/skin_10classes_6_179.jpg,skin_10classes,3. Atopic Dermatitis - 1.25k,Eczema
Eczema/skin_10classes_6_108.jpg,skin_10classes,3. Atopic Dermatitis - 1.25k,Eczema
Eczema/skin_10classes_v-7IMG017.jpg,skin_10classes,3. Atopic Dermatitis - 1.25k,Eczema
Eczema/skin_10classes_6_115.jpg,skin_10classes,3. Atopic Dermatitis - 1.25k,Eczema
Eczema/skin_10classes_v-05DryFeet060203.jpg,skin_10classes,3. Atopic Dermatitis - 1.25k,Eczema
Eczema/skin_10classes_6_132.jpg,skin_10classes,3. Atopic Dermatitis - 1.25k,Eczema
Eczema/skin_10classes_6_146.jpg,skin_10classes,3. Atopic Dermatitis - 1.25k,Eczema
Eczema/skin_10classes_t-05mouthChild122206.jpg,skin_10classes,3. Atopic Dermatitis - 1.25k,Eczema
Eczema/skin_10classes_t-Img0056.jpg,skin_10classes,3. Atopic Dermatitis - 1.25k,Eczema
Eczema/skin_10classes_t-IchthosisIMG008-GP3.jpg,skin_10classes,3. Atopic Dermatitis - 1.25k,Eczema
Eczema/skin_10classes_9_8.jpg,skin_10classes,3. Atopic Dermatitis - 1.25k,Eczema
Eczema/skin_10classes_t-05keratosisPilaris0321051.jpg,skin_10classes,3. Atopic Dermatitis - 1.25k,Eczema
Eczema/skin_10classes_2_30.jpg,skin_10classes,3. Atopic Dermatitis - 1.25k,Eczema
Eczema/skin_10classes_t-16IMG003.jpg,skin_10classes,3. Atopic Dermatitis - 1.25k,Eczema
Eczema/skin_10classes_t-12IMG002.jpg,skin_10classes,3. Atopic Dermatitis - 1.25k,Eczema
Eczema/skin_10classes_6_138.jpg,skin_10classes,3. Atopic Dermatitis - 1.25k,Eczema
Eczema/skin_10classes_5_1.jpg,skin_10classes,3. Atopic Dermatitis - 1.25k,Eczema
Eczema/skin_10classes_t-9IMG011.jpg,skin_10classes,3. Atopic Dermatitis - 1.25k,Eczema
Eczema/skin_10classes_t-05icththyosis100404.jpg,skin_10classes,3. Atopic Dermatitis - 1.25k,Eczema
Eczema/skin_10classes_9_2.jpg,skin_10classes,3. Atopic Dermatitis - 1.25k,Eczema
Eczema/skin_10classes_v-IchthosisIMG018-GP3.jpg,skin_10classes,3. Atopic Dermatitis - 1.25k,Eczema
Eczema/skin_10classes_t-6IMG010.jpg,skin_10classes,3. Atopic Dermatitis - 1.25k,Eczema
Eczema/skin_10classes_9_16.jpg,skin_10classes,3. Atopic Dermatitis - 1.25k,Eczema
Eczema/skin_10classes_6_276.jpg,skin_10classes,3. Atopic Dermatitis - 1.25k,Eczema
Eczema/skin_10classes_6_207.jpg,skin_10classes,3. Atopic Dermatitis - 1.25k,Eczema
Eczema/skin_10classes_t-5T-0020.jpg,skin_10classes,3. Atopic Dermatitis - 1.25k,Eczema
Eczema/skin_10classes_6_234.jpg,skin_10classes,3. Atopic Dermatitis - 1.25k,Eczema
Eczema/skin_10classes_1_69.jpg,skin_10classes,3. Atopic Dermatitis - 1.25k,Eczema
Eczema/skin_10classes_t-6IMG019.jpg,skin_10classes,3. Atopic Dermatitis - 1.25k,Eczema
Eczema/skin_10classes_t-3IMG016.jpg,skin_10classes,3. Atopic Dermatitis - 1.25k,Eczema
Eczema/skin_10classes_7_6.jpg,skin_10classes,3. Atopic Dermatitis - 1.25k,Eczema
Eczema/skin_10classes_t-4IMG011.jpg,skin_10classes,3. Atopic Dermatitis - 1.25k,Eczema
Eczema/skin_10classes_v-4IMG006.jpg,skin_10classes,3. Atopic Dermatitis - 1.25k,Eczema
Eczema/skin_10classes_t-05IchthyosisSexLinked0308042.jpg,skin_10classes,3. Atopic Dermatitis - 1.25k,Eczema
Eczema/skin_10classes_10_45.jpg,skin_10classes,3. Atopic Dermatitis - 1.25k,Eczema
Eczema/skin_10classes_6_237.jpg,skin_10classes,3. Atopic Dermatitis - 1.25k,Eczema
Eczema/skin_10classes_6_101.jpg,skin_10classes,3. Atopic Dermatitis - 1.25k,Eczema
Eczema/skin_10classes_10_27.jpg,skin_10classes,3. Atopic Dermatitis - 1.25k,Eczema
Eczema/skin_10classes_1_14.jpg,skin_10classes,3. Atopic Dermatitis - 1.25k,Eczema
Eczema/skin_10classes_1_47.jpg,skin_10classes,3. Atopic Dermatitis - 1.25k,Eczema
Eczema/skin_10classes_1_73.jpg,skin_10classes,3. Atopic Dermatitis - 1.25k,Eczema
Eczema/skin_10classes_6_284.jpg,skin_10classes,3. Atopic Dermatitis - 1.25k,Eczema
Eczema/skin_10classes_t-KeratosisIMG006-GP3.jpg,skin_10classes,3. Atopic Dermatitis - 1.25k,Eczema
Eczema/skin_10classes_6_63.jpg,skin_10classes,3. Atopic Dermatitis - 1.25k,Eczema
Eczema/skin_10classes_2_12.jpg,skin_10classes,3. Atopic Dermatitis - 1.25k,Eczema
Eczema/skin_10classes_t-9IMG014.jpg,skin_10classes,3. Atopic Dermatitis - 1.25k,Eczema
Eczema/skin_10classes_2_21.jpg,skin_10classes,3. Atopic Dermatitis - 1.25k,Eczema
Eczema/skin_10classes_10_1.jpg,skin_10classes,3. Atopic Dermatitis - 1.25k,Eczema
Eczema/skin_10classes_6_285.jpg,skin_10classes,3. Atopic Dermatitis - 1.25k,Eczema
Eczema/skin_10classes_9_7.jpg,skin_10classes,3. Atopic Dermatitis - 1.25k,Eczema
Eczema/skin_10classes_t-05DryCrackedHeels090803.jpg,skin_10classes,3. Atopic Dermatitis - 1.25k,Eczema
Eczema/skin_10classes_t-IchthosisIMG029-GP3.jpg,skin_10classes,3. Atopic Dermatitis - 1.25k,Eczema
Eczema/skin_10classes_1_39.jpg,skin_10classes,3. Atopic Dermatitis - 1.25k,Eczema
Eczema/skin_10classes_t-9IMG001.jpg,skin_10classes,3. Atopic Dermatitis - 1.25k,Eczema
Eczema/skin_10classes_v-14IMG010.jpg,skin_10classes,3. Atopic Dermatitis - 1.25k,Eczema
Eczema/skin_10classes_6_233.jpg,skin_10classes,3. Atopic Dermatitis - 1.25k,Eczema
Eczema/skin_10classes_1_28.jpg,skin_10classes,3. Atopic Dermatitis - 1.25k,Eczema
Eczema/skin_10classes_6_279.jpg,skin_10classes,3. Atopic Dermatitis - 1.25k,Eczema
Eczema/skin_10classes_8_22.jpg,skin_10classes,3. Atopic Dermatitis - 1.25k,Eczema
Eczema/skin_10classes_t-26-0002.jpg,skin_10classes,3. Atopic Dermatitis - 1.25k,Eczema
Eczema/skin_10classes_6_211.jpg,skin_10classes,3. Atopic Dermatitis - 1.25k,Eczema
Eczema/skin_10classes_t-05icthyosis012405.jpg,skin_10classes,3. Atopic Dermatitis - 1.25k,Eczema
Eczema/skin_10classes_6_44.jpg,skin_10classes,3. Atopic Dermatitis - 1.25k,Eczema
Eczema/skin_10classes_1_20.jpg,skin_10classes,3. Atopic Dermatitis - 1.25k,Eczema
Eczema/skin_10classes_t-05SexLinkIchthosis032805.jpg,skin_10classes,3. Atopic Dermatitis - 1.25k,Eczema
Eczema/skin_10classes_2_3.jpg,skin_10classes,3. Atopic Dermatitis - 1.25k,Eczema
Eczema/skin_10classes_2_34.jpg,skin_10classes,3. Atopic Dermatitis - 1.25k,Eczema
Eczema/skin_10classes_v-IchthosisIMG026-GP3.jpg,skin_10classes,3. Atopic Dermatitis - 1.25k,Eczema
Eczema/skin_10classes_6_73.jpg,skin_10classes,3. Atopic Dermatitis - 1.25k,Eczema
Eczema/skin_10classes_6_256.jpg,skin_10classes,3. Atopic Dermatitis - 1.25k,Eczema
Eczema/skin_10classes_t-05SexLinkedEchthyosis02234.jpg,skin_10classes,3. Atopic Dermatitis - 1.25k,Eczema
Eczema/skin_10classes_t-1IMG002.jpg,skin_10classes,3. Atopic Dermatitis - 1.25k,Eczema
Eczema/skin_10classes_6_311.jpg,skin_10classes,3. Atopic Dermatitis - 1.25k,Eczema
Eczema/skin_10classes_1_10.jpg,skin_10classes,3. Atopic Dermatitis - 1.25k,Eczema
Eczema/skin_10classes_6_31.jpg,skin_10classes,3. Atopic Dermatitis - 1.25k,Eczema
Eczema/skin_10classes_t-5IMG006.jpg,skin_10classes,3. Atopic Dermatitis - 1.25k,Eczema
Eczema/skin_10classes_1_68.jpg,skin_10classes,3. Atopic Dermatitis - 1.25k,Eczema
Eczema/skin_10classes_t-1IMG018.jpg,skin_10classes,3. Atopic Dermatitis - 1.25k,Eczema
Eczema/skin_10classes_6_87.jpg,skin_10classes,3. Atopic Dermatitis - 1.25k,Eczema
Eczema/skin_10classes_6_305.jpg,skin_10classes,3. Atopic Dermatitis - 1.25k,Eczema
Eczema/skin_10classes_6_189.jpg,skin_10classes,3. Atopic Dermatitis - 1.25k,Eczema
Eczema/skin_10classes_v-6IMG014.jpg,skin_10classes,3. Atopic Dermatitis - 1.25k,Eczema
Eczema/skin_10classes_1_57.jpg,skin_10classes,3. Atopic Dermatitis - 1.25k,Eczema
Eczema/skin_10classes_6_12.jpg,skin_10classes,3. Atopic Dermatitis - 1.25k,Eczema
Eczema/skin_10classes_1_1.jpg,skin_10classes,3. Atopic Dermatitis - 1.25k,Eczema
Eczema/skin_10classes_t-5T-0024.jpg,skin_10classes,3. Atopic Dermatitis - 1.25k,Eczema
Eczema/skin_10classes_6_153.jpg,skin_10classes,3. Atopic Dermatitis - 1.25k,Eczema
Eczema/skin_10classes_6_27.jpg,skin_10classes,3. Atopic Dermatitis - 1.25k,Eczema
Eczema/skin_10classes_6_19.jpg,skin_10classes,3. Atopic Dermatitis - 1.25k,Eczema
Eczema/skin_10classes_4_5.jpg,skin_10classes,3. Atopic Dermatitis - 1.25k,Eczema
Eczema/skin_10classes_6_258.jpg,skin_10classes,3. Atopic Dermatitis - 1.25k,Eczema
Eczema/skin_10classes_2_18.jpg,skin_10classes,3. Atopic Dermatitis - 1.25k,Eczema
Eczema/skin_10classes_v-7IMG014.jpg,skin_10classes,3. Atopic Dermatitis - 1.25k,Eczema
Eczema/skin_10classes_6_61.jpg,skin_10classes,3. Atopic Dermatitis - 1.25k,Eczema
Eczema/skin_10classes_v-05SexLinkIchthosis0328052.jpg,skin_10classes,3. Atopic Dermatitis - 1.25k,Eczema
Eczema/skin_10classes_1_65.jpg,skin_10classes,3. Atopic Dermatitis - 1.25k,Eczema
Eczema/skin_10classes_113_6_6.jpg,skin_10classes,3. Atopic Dermatitis - 1.25k,Eczema
Eczema/skin_10classes_5_2.jpg,skin_10classes,3. Atopic Dermatitis - 1.25k,Eczema
Eczema/skin_10classes_6_298.jpg,skin_10classes,3. Atopic Dermatitis - 1.25k,Eczema
Eczema/skin_10classes_t-IchthosisIMG014-GP3.jpg,skin_10classes,3. Atopic Dermatitis - 1.25k,Eczema
Eczema/skin_10classes_t-05KeratosisPilaris68.jpg,skin_10classes,3. Atopic Dermatitis - 1.25k,Eczema
Eczema/skin_10classes_t-03ichthyosis020127.jpg,skin_10classes,3. Atopic Dermatitis - 1.25k,Eczema
Eczema/skin_10classes_6_83.jpg,skin_10classes,3. Atopic Dermatitis - 1.25k,Eczema
Eczema/skin_10classes_8_9.jpg,skin_10classes,3. Atopic Dermatitis - 1.25k,Eczema
Eczema/skin_10classes_1_51.jpg,skin_10classes,3. Atopic Dermatitis - 1.25k,Eczema
Eczema/skin_10classes_t-05xlinkedIcthyosis0823042.jpg,skin_10classes,3. Atopic Dermatitis - 1.25k,Eczema
Eczema/skin_10classes_6_176.jpg,skin_10classes,3. Atopic Dermatitis - 1.25k,Eczema
Eczema/skin_10classes_t-7IMG002.jpg,skin_10classes,3. Atopic Dermatitis - 1.25k,Eczema
Eczema/skin_10classes_6_321.jpg,skin_10classes,3. Atopic Dermatitis - 1.25k,Eczema
Eczema/skin_10classes_3_3.jpg,skin_10classes,3. Atopic Dermatitis - 1.25k,Eczema
Eczema/skin_10classes_6_78.jpg,skin_10classes,3. Atopic Dermatitis - 1.25k,Eczema
Eczema/skin_10classes_6_59.jpg,skin_10classes,3. Atopic Dermatitis - 1.25k,Eczema
Eczema/skin_10classes_v-3IMG006.jpg,skin_10classes,3. Atopic Dermatitis - 1.25k,Eczema
Eczema/skin_10classes_6_196.jpg,skin_10classes,3. Atopic Dermatitis - 1.25k,Eczema
Eczema/skin_10classes_10_26.jpg,skin_10classes,3. Atopic Dermatitis - 1.25k,Eczema
Eczema/skin_10classes_v-05kerPilarisFlorid.jpg,skin_10classes,3. Atopic Dermatitis - 1.25k,Eczema
Eczema/skin_10classes_2_17.jpg,skin_10classes,3. Atopic Dermatitis - 1.25k,Eczema
Eczema/skin_10classes_t-1IMG014.jpg,skin_10classes,3. Atopic Dermatitis - 1.25k,Eczema
Eczema/skin_10classes_8_21.jpg,skin_10classes,3. Atopic Dermatitis - 1.25k,Eczema
Eczema/skin_10classes_t-1IMG004.jpg,skin_10classes,3. Atopic Dermatitis - 1.25k,Eczema
Eczema/skin_10classes_6_0.jpg,skin_10classes,3. Atopic Dermatitis - 1.25k,Eczema
Eczema/skin_10classes_6_123.jpg,skin_10classes,3. Atopic Dermatitis - 1.25k,Eczema
Eczema/skin_10classes_5_0.jpg,skin_10classes,3. Atopic Dermatitis - 1.25k,Eczema
Eczema/skin_10classes_6_222.jpg,skin_10classes,3. Atopic Dermatitis - 1.25k,Eczema
Eczema/skin_10classes_8_19.jpg,skin_10classes,3. Atopic Dermatitis - 1.25k,Eczema
Eczema/skin_10classes_t-05KeratosisPilaris32.jpg,skin_10classes,3. Atopic Dermatitis - 1.25k,Eczema
Eczema/skin_10classes_7_4.jpg,skin_10classes,3. Atopic Dermatitis - 1.25k,Eczema
Eczema/skin_10classes_t-14IMG012.jpg,skin_10classes,3. Atopic Dermatitis - 1.25k,Eczema
Eczema/skin_10classes_1_4.jpg,skin_10classes,3. Atopic Dermatitis - 1.25k,Eczema
Eczema/skin_10classes_6_114.jpg,skin_10classes,3. Atopic Dermatitis - 1.25k,Eczema
Eczema/skin_10classes_t-12IMG010.jpg,skin_10classes,3. Atopic Dermatitis - 1.25k,Eczema
Eczema/skin_10classes_6_326.jpg,skin_10classes,3. Atopic Dermatitis - 1.25k,Eczema
Eczema/skin_10classes_10_43.jpg,skin_10classes,3. Atopic Dermatitis - 1.25k,Eczema
Eczema/skin_10classes_t-05keratosisPilaris0830041.jpg,skin_10classes,3. Atopic Dermatitis - 1.25k,Eczema
Eczema/skin_10classes_1_48.jpg,skin_10classes,3. Atopic Dermatitis - 1.25k,Eczema
Eczema/skin_10classes_6_127.jpg,skin_10classes,3. Atopic Dermatitis - 1.25k,Eczema
Eczema/skin_10classes_6_313.jpg,skin_10classes,3. Atopic Dermatitis - 1.25k,Eczema
Eczema/skin_10classes_6_119.jpg,skin_10classes,3. Atopic Dermatitis - 1.25k,Eczema
Eczema/skin_10classes_6_280.jpg,skin_10classes,3. Atopic Dermatitis - 1.25k,Eczema
Eczema/skin_10classes_6_104.jpg,skin_10classes,3. Atopic Dermatitis - 1.25k,Eczema
Eczema/skin_10classes_9_9.jpg,skin_10classes,3. Atopic Dermatitis - 1.25k,Eczema
Eczema/skin_10classes_t-9IMG020.jpg,skin_10classes,3. Atopic Dermatitis - 1.25k,Eczema
Eczema/skin_10classes_6_187.jpg,skin_10classes,3. Atopic Dermatitis - 1.25k,Eczema
Eczema/skin_10classes_6_195.jpg,skin_10classes,3. Atopic Dermatitis - 1.25k,Eczema
Eczema/skin_10classes_6_77.jpg,skin_10classes,3. Atopic Dermatitis - 1.25k,Eczema
Eczema/skin_10classes_6_177.jpg,skin_10classes,3. Atopic Dermatitis - 1.25k,Eczema
Eczema/skin_10classes_1_70.jpg,skin_10classes,3. Atopic Dermatitis - 1.25k,Eczema
Eczema/skin_10classes_t-05KeratosisPilaris0510044.jpg,skin_10classes,3. Atopic Dermatitis - 1.25k,Eczema
Eczema/skin_10classes_6_106.jpg,skin_10classes,3. Atopic Dermatitis - 1.25k,Eczema
Eczema/skin_10classes_10_8.jpg,skin_10classes,3. Atopic Dermatitis - 1.25k,Eczema
Eczema/skin_10classes_0_6.jpg,skin_10classes,3. Atopic Dermatitis - 1.25k,Eczema
Eczema/skin_10classes_t-5IMG005.jpg,skin_10classes,3. Atopic Dermatitis - 1.25k,Eczema
Eczema/skin_10classes_6_278.jpg,skin_10classes,3. Atopic Dermatitis - 1.25k,Eczema
Eczema/skin_10classes_10_10.jpg,skin_10classes,3. Atopic Dermatitis - 1.25k,Eczema
Eczema/skin_10classes_t-6IMG013.jpg,skin_10classes,3. Atopic Dermatitis - 1.25k,Eczema
Eczema/skin_10classes_t-1IMG012.jpg,skin_10classes,3. Atopic Dermatitis - 1.25k,Eczema
Eczema/skin_10classes_2_10.jpg,skin_10classes,3. Atopic Dermatitis - 1.25k,Eczema
Eczema/skin_10classes_1_38.jpg,skin_10classes,3. Atopic Dermatitis - 1.25k,Eczema
Eczema/skin_10classes_4_0.jpg,skin_10classes,3. Atopic Dermatitis - 1.25k,Eczema
Eczema/skin_10classes_v-9IMG013.jpg,skin_10classes,3. Atopic Dermatitis - 1.25k,Eczema
Eczema/skin_10classes_6_271.jpg,skin_10classes,3. Atopic Dermatitis - 1.25k,Eczema
Eczema/skin_10classes_v-IchthosisIMG006-GP3.jpg,skin_10classes,3. Atopic Dermatitis - 1.25k,Eczema
Eczema/skin_10classes_8_14.jpg,skin_10classes,3. Atopic Dermatitis - 1.25k,Eczema
Eczema/skin_10classes_10_16.jpg,skin_10classes,3. Atopic Dermatitis - 1.25k,Eczema
Eczema/skin_10classes_6_188.jpg,skin_10classes,3. Atopic Dermatitis - 1.25k,Eczema
Eczema/skin_10classes_6_282.jpg,skin_10classes,3. Atopic Dermatitis - 1.25k,Eczema
Eczema/skin_10classes_t-05DennieMorganFolds.jpg,skin_10classes,3. Atopic Dermatitis - 1.25k,Eczema
Eczema/skin_10classes_227_10_0.jpg,skin_10classes,3. Atopic Dermatitis - 1.25k,Eczema
Eczema/skin_10classes_t-05keratosisPilaris080706.jpg,skin_10classes,3. Atopic Dermatitis - 1.25k,Eczema
Eczema/skin_10classes_1_21.jpg,skin_10classes,3. Atopic Dermatitis - 1.25k,Eczema
Eczema/skin_10classes_4_4.jpg,skin_10classes,3. Atopic Dermatitis - 1.25k,Eczema
Eczema/skin_10classes_t-05IchthyosisSexLinked030804.jpg,skin_10classes,3. Atopic Dermatitis - 1.25k,Eczema
Eczema/skin_10classes_t-14IMG001.jpg,skin_10classes,3. Atopic Dermatitis - 1.25k,Eczema
Eczema/skin_10classes_6_72.jpg,skin_10classes,3. Atopic Dermatitis - 1.25k,Eczema
Eczema/skin_10classes_0_3.jpg,skin_10classes,3. Atopic Dermatitis - 1.25k,Eczema
Eczema/skin_10classes_v-05DryFeet060201.jpg,skin_10classes,3. Atopic Dermatitis - 1.25k,Eczema
Eczema/skin_10classes_10_2.jpg,skin_10classes,3. Atopic Dermatitis - 1.25k,Eczema
Eczema/skin_10classes_t-14IMG002.jpg,skin_10classes,3. Atopic Dermatitis - 1.25k,Eczema
Eczema/skin_10classes_1_63.jpg,skin_10classes,3. Atopic Dermatitis - 1.25k,Eczema
Eczema/skin_10classes_1_18.jpg,skin_10classes,3. Atopic Dermatitis - 1.25k,Eczema
Eczema/skin_10classes_6_18.jpg,skin_10classes,3. Atopic Dermatitis - 1.25k,Eczema
Eczema/skin_10classes_t-5IMG001.jpg,skin_10classes,3. Atopic Dermatitis - 1.25k,Eczema
Eczema/skin_10classes_8_8.jpg,skin_10classes,3. Atopic Dermatitis - 1.25k,Eczema
Eczema/skin_10classes_v-05PityriasisAlba.jpg,skin_10classes,3. Atopic Dermatitis - 1.25k,Eczema
Eczema/skin_10classes_t-5T-0023.jpg,skin_10classes,3. Atopic Dermatitis - 1.25k,Eczema
Eczema/skin_10classes_2_19.jpg,skin_10classes,3. Atopic Dermatitis - 1.25k,Eczema
Eczema/skin_10classes_6_266.jpg,skin_10classes,3. Atopic Dermatitis - 1.25k,Eczema
Eczema/skin_10classes_6_295.jpg,skin_10classes,3. Atopic Dermatitis - 1.25k,Eczema
Eczema/skin_10classes_t-8IMG010.jpg,skin_10classes,3. Atopic Dermatitis - 1.25k,Eczema
Eczema/skin_10classes_6_5.jpg,skin_10classes,3. Atopic Dermatitis - 1.25k,Eczema
Eczema/skin_10classes_t-9IMG006.jpg,skin_10classes,3. Atopic Dermatitis - 1.25k,Eczema
Eczema/skin_10classes_t-5IMG004.jpg,skin_10classes,3. Atopic Dermatitis - 1.25k,Eczema
Eczema/skin_10classes_6_247.jpg,skin_10classes,3. Atopic Dermatitis - 1.25k,Eczema
Eczema/skin_10classes_6_161.jpg,skin_10classes,3. Atopic Dermatitis - 1.25k,Eczema
Eczema/skin_10classes_6_152.jpg,skin_10classes,3. Atopic Dermatitis - 1.25k,Eczema
Eczema/skin_10classes_10_0.jpg,skin_10classes,3. Atopic Dermatitis - 1.25k,Eczema
Eczema/skin_10classes_t-IchthosisIMG002-GP3.jpg,skin_10classes,3. Atopic Dermatitis - 1.25k,Eczema
Eczema/skin_10classes_v-1IMG011.jpg,skin_10classes,3. Atopic Dermatitis - 1.25k,Eczema
Eczema/skin_10classes_t-7IMG003.jpg,skin_10classes,3. Atopic Dermatitis - 1.25k,Eczema
Eczema/skin_10classes_6_94.jpg,skin_10classes,3. Atopic Dermatitis - 1.25k,Eczema
Eczema/skin_10classes_2_33.jpg,skin_10classes,3. Atopic Dermatitis - 1.25k,Eczema
Eczema/skin_10classes_6_287.jpg,skin_10classes,3. Atopic Dermatitis - 1.25k,Eczema
Eczema/skin_10classes_0_0.jpg,skin_10classes,3. Atopic Dermatitis - 1.25k,Eczema
Eczema/skin_10classes_1_16.jpg,skin_10classes,3. Atopic Dermatitis - 1.25k,Eczema
Eczema/skin_10classes_1_30.jpg,skin_10classes,3. Atopic Dermatitis - 1.25k,Eczema
Eczema/skin_10classes_8_23.jpg,skin_10classes,3. Atopic Dermatitis - 1.25k,Eczema
Eczema/skin_10classes_t-05IchthyosisSexLinked0308043.jpg,skin_10classes,3. Atopic Dermatitis - 1.25k,Eczema
Eczema/skin_10classes_t-11IMG013.jpg,skin_10classes,3. Atopic Dermatitis - 1.25k,Eczema
Eczema/skin_10classes_t-IchthosisIMG017-GP3.jpg,skin_10classes,3. Atopic Dermatitis - 1.25k,Eczema
Eczema/skin_10classes_8_16.jpg,skin_10classes,3. Atopic Dermatitis - 1.25k,Eczema
Eczema/skin_10classes_t-12IMG004.jpg,skin_10classes,3. Atopic Dermatitis - 1.25k,Eczema
Eczema/skin_10classes_t-5T-0021.jpg,skin_10classes,3. Atopic Dermatitis - 1.25k,Eczema
Eczema/skin_10classes_t-05KeratosisPilaris.jpg,skin_10classes,3. Atopic Dermatitis - 1.25k,Eczema
Eczema/skin_10classes_6_70.jpg,skin_10classes,3. Atopic Dermatitis - 1.25k,Eczema
Eczema/skin_10classes_6_164.jpg,skin_10classes,3. Atopic Dermatitis - 1.25k,Eczema
Eczema/skin_10classes_132_6_24.jpg,skin_10classes,3. Atopic Dermatitis - 1.25k,Eczema
Eczema/skin_10classes_6_296.jpg,skin_10classes,3. Atopic Dermatitis - 1.25k,Eczema
Eczema/skin_10classes_t-05ichthosis0207051.jpg,skin_10classes,3. Atopic Dermatitis - 1.25k,Eczema
Eczema/skin_10classes_8_0.jpg,skin_10classes,3. Atopic Dermatitis - 1.25k,Eczema
Eczema/skin_10classes_1_34.jpg,skin_10classes,3. Atopic Dermatitis - 1.25k,Eczema
Eczema/skin_10classes_t-05keratosisPilaris020120.jpg,skin_10classes,3. Atopic Dermatitis - 1.25k,Eczema
Eczema/skin_10classes_t-4IMG004.jpg,skin_10classes,3. Atopic Dermatitis - 1.25k,Eczema
Eczema/skin_10classes_3_0.jpg,skin_10classes,3. Atopic Dermatitis - 1.25k,Eczema
Eczema/skin_10classes_t-03ichthyosis030127.jpg,skin_10classes,3. Atopic Dermatitis - 1.25k,Eczema
Eczema/skin_10classes_v-15IMG002.jpg,skin_10classes,3. Atopic Dermatitis - 1.25k,Eczema
Eczema/skin_10classes_6_264.jpg,skin_10classes,3. Atopic Dermatitis - 1.25k,Eczema
Eczema/skin_10classes_6_268.jpg,skin_10classes,3. Atopic Dermatitis - 1.25k,Eczema
Eczema/skin_10classes_6_307.jpg,skin_10classes,3. Atopic Dermatitis - 1.25k,Eczema
Eczema/skin_10classes_6_215.jpg,skin_10classes,3. Atopic Dermatitis - 1.25k,Eczema
Eczema/skin_10classes_t-IchthosisIMG016-GP3.jpg,skin_10classes,3. Atopic Dermatitis - 1.25k,Eczema
Eczema/skin_10classes_t-IchthosisIMG010-GP3.jpg,skin_10classes,3. Atopic Dermatitis - 1.25k,Eczema
Eczema/skin_10classes_t-05hyperlinearCreases1.jpg,skin_10classes,3. Atopic Dermatitis - 1.25k,Eczema
Eczema/skin_10classes_t-4th1IMG021.jpg,skin_10classes,3. Atopic Dermatitis - 1.25k,Eczema
Eczema/skin_10classes_6_58.jpg,skin_10classes,3. Atopic Dermatitis - 1.25k,Eczema
Eczema/skin_10classes_0_2.jpg,skin_10classes,3. Atopic Dermatitis - 1.25k,Eczema
Eczema/skin_10classes_10_25.jpg,skin_10classes,3. Atopic Dermatitis - 1.25k,Eczema
Eczema/skin_10classes_6_21.jpg,skin_10classes,3. Atopic Dermatitis - 1.25k,Eczema
Eczema/skin_10classes_0_16.jpg,skin_10classes,3. Atopic Dermatitis - 1.25k,Eczema
Eczema/skin_10classes_6_324.jpg,skin_10classes,3. Atopic Dermatitis - 1.25k,Eczema
Eczema/skin_10classes_t-4th1IMG009.jpg,skin_10classes,3. Atopic Dermatitis - 1.25k,Eczema
Eczema/skin_10classes_6_220.jpg,skin_10classes,3. Atopic Dermatitis - 1.25k,Eczema
Eczema/skin_10classes_t-4IMG008.jpg,skin_10classes,3. Atopic Dermatitis - 1.25k,Eczema
Eczema/skin_10classes_1_58.jpg,skin_10classes,3. Atopic Dermatitis - 1.25k,Eczema
Eczema/skin_10classes_8_2.jpg,skin_10classes,3. Atopic Dermatitis - 1.25k,Eczema
Eczema/skin_10classes_v-05xlinkedIcthyosis0823041.jpg,skin_10classes,3. Atopic Dermatitis - 1.25k,Eczema
Eczema/skin_10classes_0_10.jpg,skin_10classes,3. Atopic Dermatitis - 1.25k,Eczema
Eczema/skin_10classes_t-KeratosisIMG007-GP3.jpg,skin_10classes,3. Atopic Dermatitis - 1.25k,Eczema
Eczema/skin_10classes_t-16IMG010.jpg,skin_10classes,3. Atopic Dermatitis - 1.25k,Eczema
Eczema/skin_10classes_2_5.jpg,skin_10classes,3. Atopic Dermatitis - 1.25k,Eczema
Eczema/skin_10classes_t-IchthosisIMG023-GP3.jpg,skin_10classes,3. Atopic Dermatitis - 1.25k,Eczema
Eczema/skin_10classes_6_185.jpg,skin_10classes,3. Atopic Dermatitis - 1.25k,Eczema
Eczema/skin_10classes_6_107.jpg,skin_10classes,3. Atopic Dermatitis - 1.25k,Eczema
Eczema/skin_10classes_t-05keratosisPilaris0508062.jpg,skin_10classes,3. Atopic Dermatitis - 1.25k,Eczema
Eczema/skin_10classes_6_169.jpg,skin_10classes,3. Atopic Dermatitis - 1.25k,Eczema
Eczema/skin_10classes_t-7IMG007.jpg,skin_10classes,3. Atopic Dermatitis - 1.25k,Eczema
Eczema/skin_10classes_9_15.jpg,skin_10classes,3. Atopic Dermatitis - 1.25k,Eczema
Eczema/skin_10classes_6_166.jpg,skin_10classes,3. Atopic Dermatitis - 1.25k,Eczema
Eczema/skin_10classes_1_64.jpg,skin_10classes,3. Atopic Dermatitis - 1.25k,Eczema
Eczema/skin_10classes_v-05keratosisPilaris0207051.jpg,skin_10classes,3. Atopic Dermatitis - 1.25k,Eczema
Eczema/skin_10classes_6_303.jpg,skin_10classes,3. Atopic Dermatitis - 1.25k,Eczema
Eczema/skin_10classes_9_14.jpg,skin_10classes,3. Atopic Dermatitis - 1.25k,Eczema
Eczema/skin_10classes_t-05KeratosisPilaris0510045.jpg,skin_10classes,3. Atopic Dermatitis - 1.25k,Eczema
Eczema/skin_10classes_109_6_1.jpg,skin_10classes,3. Atopic Dermatitis - 1.25k,Eczema
Eczema/skin_10classes_t-14IMG015.jpg,skin_10classes,3. Atopic Dermatitis - 1.25k,Eczema
Eczema/skin_10classes_t-11IMG012.jpg,skin_10classes,3. Atopic Dermatitis - 1.25k,Eczema
Eczema/skin_10classes_7_2.jpg,skin_10classes,3. Atopic Dermatitis - 1.25k,Eczema
Eczema/skin_10classes_10_12.jpg,skin_10classes,3. Atopic Dermatitis - 1.25k,Eczema
Eczema/skin_10classes_6_232.jpg,skin_10classes,3. Atopic Dermatitis - 1.25k,Eczema
Eczema/skin_10classes_t-05keratosisPilaris0508063.jpg,skin_10classes,3. Atopic Dermatitis - 1.25k,Eczema
Eczema/skin_10classes_0_14.jpg,skin_10classes,3. Atopic Dermatitis - 1.25k,Eczema
Eczema/skin_10classes_6_314.jpg,skin_10classes,3. Atopic Dermatitis - 1.25k,Eczema
Eczema/skin_10classes_10_34.jpg,skin_10classes,3. Atopic Dermatitis - 1.25k,Eczema
Eczema/skin_10classes_1_56.jpg,skin_10classes,3. Atopic Dermatitis - 1.25k,Eczema
Eczema/skin_10classes_2_11.jpg,skin_10classes,3. Atopic Dermatitis - 1.25k,Eczema
Eczema/skin_10classes_t-11IMG003.jpg,skin_10classes,3. Atopic Dermatitis - 1.25k,Eczema
Eczema/skin_10classes_t-05ichthosis020705.jpg,skin_10classes,3. Atopic Dermatitis - 1.25k,Eczema
Eczema/skin_10classes_1_52.jpg,skin_10classes,3. Atopic Dermatitis - 1.25k,Eczema
Eczema/skin_10classes_129_6_22.jpg,skin_10classes,3. Atopic Dermatitis - 1.25k,Eczema
Eczema/skin_10classes_10_31.jpg,skin_10classes,3. Atopic Dermatitis - 1.25k,Eczema
Eczema/skin_10classes_233_10_6.jpg,skin_10classes,3. Atopic Dermatitis - 1.25k,Eczema
Eczema/skin_10classes_10_40.jpg,skin_10classes,3. Atopic Dermatitis - 1.25k,Eczema
Eczema/skin_10classes_t-05KeratosisPilar1.jpg,skin_10classes,3. Atopic Dermatitis - 1.25k,Eczema
Eczema/skin_10classes_6_33.jpg,skin_10classes,3. Atopic Dermatitis - 1.25k,Eczema
Eczema/skin_10classes_t-05ichthyosis080105.jpg,skin_10classes,3. Atopic Dermatitis - 1.25k,Eczema
Eczema/skin_10classes_6_261.jpg,skin_10classes,3. Atopic Dermatitis - 1.25k,Eczema
Eczema/skin_10classes_6_323.jpg,skin_10classes,3. Atopic Dermatitis - 1.25k,Eczema
Eczema/skin_10classes_6_100.jpg,skin_10classes,3. Atopic Dermatitis - 1.25k,Eczema
Eczema/skin_10classes_6_15.jpg,skin_10classes,3. Atopic Dermatitis - 1.25k,Eczema
Eczema/skin_10classes_10_17.jpg,skin_10classes,3. Atopic Dermatitis - 1.25k,Eczema
Eczema/skin_10classes_6_26.jpg,skin_10classes,3. Atopic Dermatitis - 1.25k,Eczema
Eczema/skin_10classes_t-05child0612053.jpg,skin_10classes,3. Atopic Dermatitis - 1.25k,Eczema
Eczema/skin_10classes_6_275.jpg,skin_10classes,3. Atopic Dermatitis - 1.25k,Eczema
Eczema/skin_10classes_t-5T-0007.jpg,skin_10classes,3. Atopic Dermatitis - 1.25k,Eczema
Eczema/skin_10classes_v-12IMG003.jpg,skin_10classes,3. Atopic Dermatitis - 1.25k,Eczema
Eczema/skin_10classes_6_20.jpg,skin_10classes,3. Atopic Dermatitis - 1.25k,Eczema
Eczema/skin_10classes_115_6_7.jpg,skin_10classes,3. Atopic Dermatitis - 1.25k,Eczema
Eczema/skin_10classes_9_20.jpg,skin_10classes,3. Atopic Dermatitis - 1.25k,Eczema
Eczema/skin_10classes_2_4.jpg,skin_10classes,3. Atopic Dermatitis - 1.25k,Eczema
Eczema/skin_10classes_6_88.jpg,skin_10classes,3. Atopic Dermatitis - 1.25k,Eczema
Eczema/skin_10classes_t-05keratosisPilaris0609.jpg,skin_10classes,3. Atopic Dermatitis - 1.25k,Eczema
Eczema/skin_10classes_5_4.jpg,skin_10classes,3. Atopic Dermatitis - 1.25k,Eczema
Eczema/skin_10classes_t-7IMG001.jpg,skin_10classes,3. Atopic Dermatitis - 1.25k,Eczema
Eczema/skin_10classes_t-5IMG009.jpg,skin_10classes,3. Atopic Dermatitis - 1.25k,Eczema
Eczema/skin_10classes_6_147.jpg,skin_10classes,3. Atopic Dermatitis - 1.25k,Eczema
Eczema/skin_10classes_v-05KeratosisPilaris1.jpg,skin_10classes,3. Atopic Dermatitis - 1.25k,Eczema
Eczema/skin_10classes_6_319.jpg,skin_10classes,3. Atopic Dermatitis - 1.25k,Eczema
Eczema/skin_10classes_6_84.jpg,skin_10classes,3. Atopic Dermatitis - 1.25k,Eczema
Eczema/skin_10classes_t-9IMG017.jpg,skin_10classes,3. Atopic Dermatitis - 1.25k,Eczema
Eczema/skin_10classes_t-12IMG005.jpg,skin_10classes,3. Atopic Dermatitis - 1.25k,Eczema
Eczema/skin_10classes_6_242.jpg,skin_10classes,3. Atopic Dermatitis - 1.25k,Eczema
Eczema/skin_10classes_6_92.jpg,skin_10classes,3. Atopic Dermatitis - 1.25k,Eczema
Eczema/skin_10classes_6_260.jpg,skin_10classes,3. Atopic Dermatitis - 1.25k,Eczema
Eczema/skin_10classes_1_50.jpg,skin_10classes,3. Atopic Dermatitis - 1.25k,Eczema
Eczema/skin_10classes_v-05PityriasisAlba010504.jpg,skin_10classes,3. Atopic Dermatitis - 1.25k,Eczema
Eczema/skin_10classes_1_61.jpg,skin_10classes,3. Atopic Dermatitis - 1.25k,Eczema
Eczema/skin_10classes_1_72.jpg,skin_10classes,3. Atopic Dermatitis - 1.25k,Eczema
Eczema/skin_10classes_t-8IMG006.jpg,skin_10classes,3. Atopic Dermatitis - 1.25k,Eczema
Eczema/skin_10classes_10_14.jpg,skin_10classes,3. Atopic Dermatitis - 1.25k,Eczema
Eczema/skin_10classes_6_265.jpg,skin_10classes,3. Atopic Dermatitis - 1.25k,Eczema
Eczema/skin_10classes_v-03ichthyosis0213061.jpg,skin_10classes,3. Atopic Dermatitis - 1.25k,Eczema
Eczema/skin_10classes_10_37.jpg,skin_10classes,3. Atopic Dermatitis - 1.25k,Eczema
Eczema/skin_10classes_108_6_0.jpg,skin_10classes,3. Atopic Dermatitis - 1.25k,Eczema
Eczema/skin_10classes_t-Img0055.jpg,skin_10classes,3. Atopic Dermatitis - 1.25k,Eczema
Eczema/skin_10classes_6_192.jpg,skin_10classes,3. Atopic Dermatitis - 1.25k,Eczema
Eczema/skin_10classes_4_1.jpg,skin_10classes,3. Atopic Dermatitis - 1.25k,Eczema
Eczema/skin_10classes_6_293.jpg,skin_10classes,3. Atopic Dermatitis - 1.25k,Eczema
Eczema/skin_10classes_10_4.jpg,skin_10classes,3. Atopic Dermatitis - 1.25k,Eczema
Eczema/skin_10classes_t-6IMG009.jpg,skin_10classes,3. Atopic Dermatitis - 1.25k,Eczema
Eczema/skin_10classes_0_8.jpg,skin_10classes,3. Atopic Dermatitis - 1.25k,Eczema
Eczema/skin_10classes_1_79.jpg,skin_10classes,3. Atopic Dermatitis - 1.25k,Eczema
Eczema/skin_10classes_10_30.jpg,skin_10classes,3. Atopic Dermatitis - 1.25k,Eczema
Eczema/skin_10classes_6_3.jpg,skin_10classes,3. Atopic Dermatitis - 1.25k,Eczema
Eczema/skin_10classes_t-05SexLinkIchthy.jpg,skin_10classes,3. Atopic Dermatitis - 1.25k,Eczema
Eczema/skin_10classes_10_35.jpg,skin_10classes,3. Atopic Dermatitis - 1.25k,Eczema
Eczema/skin_10classes_6_141.jpg,skin_10classes,3. Atopic Dermatitis - 1.25k,Eczema
Eczema/skin_10classes_t-9IMG002.jpg,skin_10classes,3. Atopic Dermatitis - 1.25k,Eczema
Eczema/skin_10classes_v-7IMG012.jpg,skin_10classes,3. Atopic Dermatitis - 1.25k,Eczema
Eczema/skin_10classes_6_154.jpg,skin_10classes,3. Atopic Dermatitis - 1.25k,Eczema
Eczema/skin_10classes_6_328.jpg,skin_10classes,3. Atopic Dermatitis - 1.25k,Eczema
Eczema/skin_10classes_t-05keratosisPilaris010120.jpg,skin_10classes,3. Atopic Dermatitis - 1.25k,Eczema
Eczema/skin_10classes_t-IchthosisIMG032-GP3.jpg,skin_10classes,3. Atopic Dermatitis - 1.25k,Eczema
Eczema/skin_10classes_t-05SexLinkedIcthyosis4.jpg,skin_10classes,3. Atopic Dermatitis - 1.25k,Eczema
Eczema/skin_10classes_2_0.jpg,skin_10classes,3. Atopic Dermatitis - 1.25k,Eczema
Eczema/skin_10classes_6_191.jpg,skin_10classes,3. Atopic Dermatitis - 1.25k,Eczema
Eczema/skin_10classes_6_79.jpg,skin_10classes,3. Atopic Dermatitis - 1.25k,Eczema
Eczema/skin_10classes_1_5.jpg,skin_10classes,3. Atopic Dermatitis - 1.25k,Eczema
Eczema/skin_10classes_1_41.jpg,skin_10classes,3. Atopic Dermatitis - 1.25k,Eczema
Eczema/skin_10classes_6_209.jpg,skin_10classes,3. Atopic Dermatitis - 1.25k,Eczema
Eczema/skin_10classes_6_162.jpg,skin_10classes,3. Atopic Dermatitis - 1.25k,Eczema
Eczema/skin_10classes_t-3IMG013.jpg,skin_10classes,3. Atopic Dermatitis - 1.25k,Eczema
Eczema/skin_10classes_t-10IMG007.jpg,skin_10classes,3. Atopic Dermatitis - 1.25k,Eczema
Eczema/skin_10classes_v-8IMG001.jpg,skin_10classes,3. Atopic Dermatitis - 1.25k,Eczema
Eczema/skin_10classes_t-6IMG016.jpg,skin_10classes,3. Atopic Dermatitis - 1.25k,Eczema
Eczema/skin_10classes_t-3IMG017.jpg,skin_10classes,3. Atopic Dermatitis - 1.25k,Eczema
Eczema/skin_10classes_6_151.jpg,skin_10classes,3. Atopic Dermatitis - 1.25k,Eczema
Eczema/skin_10classes_10_33.jpg,skin_10classes,3. Atopic Dermatitis - 1.25k,Eczema
Eczema/skin_10classes_t-13IMG008.jpg,skin_10classes,3. Atopic Dermatitis - 1.25k,Eczema
Eczema/skin_10classes_t-7IMG011.jpg,skin_10classes,3. Atopic Dermatitis - 1.25k,Eczema
Eczema/skin_10classes_t-8IMG009.jpg,skin_10classes,3. Atopic Dermatitis - 1.25k,Eczema
Eczema/skin_10classes_6_148.jpg,skin_10classes,3. Atopic Dermatitis - 1.25k,Eczema
Eczema/skin_10classes_9_12.jpg,skin_10classes,3. Atopic Dermatitis - 1.25k,Eczema
Eczema/skin_10classes_6_125.jpg,skin_10classes,3. Atopic Dermatitis - 1.25k,Eczema
Eczema/skin_10classes_2_23.jpg,skin_10classes,3. Atopic Dermatitis - 1.25k,Eczema
Eczema/skin_10classes_1_11.jpg,skin_10classes,3. Atopic Dermatitis - 1.25k,Eczema
Eczema/skin_10classes_t-36IMG007.jpg,skin_10classes,3. Atopic Dermatitis - 1.25k,Eczema
Eczema/skin_10classes_t-05keratosisPilaris032105.jpg,skin_10classes,3. Atopic Dermatitis - 1.25k,Eczema
Eczema/skin_10classes_6_134.jpg,skin_10classes,3. Atopic Dermatitis - 1.25k,Eczema
Eczema/skin_10classes_6_267.jpg,skin_10classes,3. Atopic Dermatitis - 1.25k,Eczema
Eczema/skin_10classes_5_3.jpg,skin_10classes,3. Atopic Dermatitis - 1.25k,Eczema
Eczema/skin_10classes_v-5IMG007.jpg,skin_10classes,3. Atopic Dermatitis - 1.25k,Eczema
Eczema/skin_10classes_6_281.jpg,skin_10classes,3. Atopic Dermatitis - 1.25k,Eczema
Eczema/skin_10classes_t-9IMG018.jpg,skin_10classes,3. Atopic Dermatitis - 1.25k,Eczema
Eczema/skin_10classes_t-05SexLinkedEchthyosis02236.jpg,skin_10classes,3. Atopic Dermatitis - 1.25k,Eczema
Eczema/skin_10classes_t-IchthosisIMG004-GP3.jpg,skin_10classes,3. Atopic Dermatitis - 1.25k,Eczema
Eczema/skin_10classes_6_240.jpg,skin_10classes,3. Atopic Dermatitis - 1.25k,Eczema
Eczema/skin_10classes_10_18.jpg,skin_10classes,3. Atopic Dermatitis - 1.25k,Eczema
Eczema/skin_10classes_6_57.jpg,skin_10classes,3. Atopic Dermatitis - 1.25k,Eczema
Eczema/skin_10classes_10_5.jpg,skin_10classes,3. Atopic Dermatitis - 1.25k,Eczema
Eczema/skin_10classes_t-3IMG007.jpg,skin_10classes,3. Atopic Dermatitis - 1.25k,Eczema
Eczema/skin_10classes_6_60.jpg,skin_10classes,3. Atopic Dermatitis - 1.25k,Eczema
Eczema/skin_10classes_t-6IMG017.jpg,skin_10classes,3. Atopic Dermatitis - 1.25k,Eczema
Eczema/skin_10classes_8_3.jpg,skin_10classes,3. Atopic Dermatitis - 1.25k,Eczema
Eczema/skin_10classes_v-9IMG003.jpg,skin_10classes,3. Atopic Dermatitis - 1.25k,Eczema
Eczema/skin_10classes_6_41.jpg,skin_10classes,3. Atopic Dermatitis - 1.25k,Eczema
Eczema/skin_10classes_t-14IMG014.jpg,skin_10classes,3. Atopic Dermatitis - 1.25k,Eczema
Eczema/skin_10classes_t-10IMG005.jpg,skin_10classes,3. Atopic Dermatitis - 1.25k,Eczema
Eczema/skin_10classes_1_71.jpg,skin_10classes,3. Atopic Dermatitis - 1.25k,Eczema
Eczema/skin_10classes_6_133.jpg,skin_10classes,3. Atopic Dermatitis - 1.25k,Eczema
Eczema/skin_10classes_6_174.jpg,skin_10classes,3. Atopic Dermatitis - 1.25k,Eczema
Eczema/skin_10classes_1_76.jpg,skin_10classes,3. Atopic Dermatitis - 1.25k,Eczema
Eczema/skin_10classes_6_38.jpg,skin_10classes,3. Atopic Dermatitis - 1.25k,Eczema
Eczema/skin_10classes_t-11IMG015.jpg,skin_10classes,3. Atopic Dermatitis - 1.25k,Eczema
Eczema/skin_10classes_v-IchthosisIMG005-GP3.jpg,skin_10classes,3. Atopic Dermatitis - 1.25k,Eczema
Eczema/skin_10classes_10_50.jpg,skin_10classes,3. Atopic Dermatitis - 1.25k,Eczema
Eczema/skin_10classes_t-05keratosisPilaris083004.jpg,skin_10classes,3. Atopic Dermatitis - 1.25k,Eczema
Eczema/skin_10classes_t-1IMG001.jpg,skin_10classes,3. Atopic Dermatitis - 1.25k,Eczema
Eczema/skin_10classes_1_23.jpg,skin_10classes,3. Atopic Dermatitis - 1.25k,Eczema
Eczema/skin_10classes_t-4IMG007.jpg,skin_10classes,3. Atopic Dermatitis - 1.25k,Eczema
Eczema/skin_10classes_t-05PityriasisAlba0105041.jpg,skin_10classes,3. Atopic Dermatitis - 1.25k,Eczema
Eczema/skin_10classes_v-05PityriasisAlba0412042.jpg,skin_10classes,3. Atopic Dermatitis - 1.25k,Eczema
Eczema/skin_10classes_t-4th1IMG014.jpg,skin_10classes,3. Atopic Dermatitis - 1.25k,Eczema
Eczema/skin_10classes_0_11.jpg,skin_10classes,3. Atopic Dermatitis - 1.25k,Eczema
Eczema/skin_10classes_2_8.jpg,skin_10classes,3. Atopic Dermatitis - 1.25k,Eczema
Eczema/skin_10classes_v-10IMG009.jpg,skin_10classes,3. Atopic Dermatitis - 1.25k,Eczema
Eczema/skin_10classes_1_45.jpg,skin_10classes,3. Atopic Dermatitis - 1.25k,Eczema
Eczema/skin_10classes_8_11.jpg,skin_10classes,3. Atopic Dermatitis - 1.25k,Eczema
Eczema/skin_10classes_t-05HyperlinearCreases0126.jpg,skin_10classes,3. Atopic Dermatitis - 1.25k,Eczema
Eczema/skin_10classes_6_239.jpg,skin_10classes,3. Atopic Dermatitis - 1.25k,Eczema
Eczema/skin_10classes_t-26-0006.jpg,skin_10classes,3. Atopic Dermatitis - 1.25k,Eczema
Eczema/skin_10classes_9_4.jpg,skin_10classes,3. Atopic Dermatitis - 1.25k,Eczema
Eczema/skin_10classes_t-05SexLinkedEchthyosis02232.jpg,skin_10classes,3. Atopic Dermatitis - 1.25k,Eczema
Eczema/skin_10classes_10_44.jpg,skin_10classes,3. Atopic Dermatitis - 1.25k,Eczema
Eczema/skin_10classes_2_13.jpg,skin_10classes,3. Atopic Dermatitis - 1.25k,Eczema
Eczema/skin_10classes_6_178.jpg,skin_10classes,3. Atopic Dermatitis - 1.25k,Eczema
Eczema/skin_10classes_3_2.jpg,skin_10classes,3. Atopic Dermatitis - 1.25k,Eczema
Eczema/skin_10classes_0_12.jpg,skin_10classes,3. Atopic Dermatitis - 1.25k,Eczema
Eczema/skin_10classes_6_190.jpg,skin_10classes,3. Atopic Dermatitis - 1.25k,Eczema
Eczema/skin_10classes_t-16IMG004.jpg,skin_10classes,3. Atopic Dermatitis - 1.25k,Eczema
Eczema/skin_10classes_2_15.jpg,skin_10classes,3. Atopic Dermatitis - 1.25k,Eczema
Eczema/skin_10classes_6_299.jpg,skin_10classes,3. Atopic Dermatitis - 1.25k,Eczema
Eczema/skin_10classes_8_5.jpg,skin_10classes,3. Atopic Dermatitis - 1.25k,Eczema
Eczema/skin_10classes_t-4th1IMG006.jpg,skin_10classes,3. Atopic Dermatitis - 1.25k,Eczema
Eczema/skin_10classes_9_19.jpg,skin_10classes,3. Atopic Dermatitis - 1.25k,Eczema
Eczema/skin_10classes_t-11IMG014.jpg,skin_10classes,3. Atopic Dermatitis - 1.25k,Eczema
Eczema/skin_10classes_1_17.jpg,skin_10classes,3. Atopic Dermatitis - 1.25k,Eczema
Eczema/skin_10classes_t-KeratosisIMG003-GP3.jpg,skin_10classes,3. Atopic Dermatitis - 1.25k,Eczema
Eczema/skin_10classes_v-15IMG009.jpg,skin_10classes,3. Atopic Dermatitis - 1.25k,Eczema
Eczema/skin_10classes_t-05SexLinkedEchthyosis0223.jpg,skin_10classes,3. Atopic Dermatitis - 1.25k,Eczema
Eczema/skin_10classes_2_14.jpg,skin_10classes,3. Atopic Dermatitis - 1.25k,Eczema
Eczema/skin_10classes_10_22.jpg,skin_10classes,3. Atopic Dermatitis - 1.25k,Eczema
Eczema/skin_10classes_t-3Eczema2-139.jpg,skin_10classes,3. Atopic Dermatitis - 1.25k,Eczema
Eczema/skin_10classes_t-05IchthyosisSexLinked0308041.jpg,skin_10classes,3. Atopic Dermatitis - 1.25k,Eczema
Eczema/skin_10classes_2_29.jpg,skin_10classes,3. Atopic Dermatitis - 1.25k,Eczema
Eczema/skin_10classes_t-05keratosisPilaris23.jpg,skin_10classes,3. Atopic Dermatitis - 1.25k,Eczema
Eczema/skin_10classes_t-05KeratosisPilaris0510041.jpg,skin_10classes,3. Atopic Dermatitis - 1.25k,Eczema
Eczema/skin_10classes_t-10IMG001.jpg,skin_10classes,3. Atopic Dermatitis - 1.25k,Eczema
Eczema/skin_10classes_6_208.jpg,skin_10classes,3. Atopic Dermatitis - 1.25k,Eczema
Eczema/skin_10classes_t-IchthosisIMG031-GP3.jpg,skin_10classes,3. Atopic Dermatitis - 1.25k,Eczema
Eczema/skin_10classes_t-36IMG008.jpg,skin_10classes,3. Atopic Dermatitis - 1.25k,Eczema
Eczema/skin_10classes_117_6_9.jpg,skin_10classes,3. Atopic Dermatitis - 1.25k,Eczema
Eczema/skin_10classes_6_32.jpg,skin_10classes,3. Atopic Dermatitis - 1.25k,Eczema
Eczema/skin_10classes_6_24.jpg,skin_10classes,3. Atopic Dermatitis - 1.25k,Eczema
Eczema/skin_10classes_t-5T-0008.jpg,skin_10classes,3. Atopic Dermatitis - 1.25k,Eczema
Eczema/skin_10classes_234_10_7.jpg,skin_10classes,3. Atopic Dermatitis - 1.25k,Eczema
Eczema/skin_10classes_v-11IMG006.jpg,skin_10classes,3. Atopic Dermatitis - 1.25k,Eczema
Eczema/skin_10classes_6_97.jpg,skin_10classes,3. Atopic Dermatitis - 1.25k,Eczema
Eczema/skin_10classes_6_160.jpg,skin_10classes,3. Atopic Dermatitis - 1.25k,Eczema
Eczema/skin_10classes_6_201.jpg,skin_10classes,3. Atopic Dermatitis - 1.25k,Eczema
Eczema/skin_10classes_6_181.jpg,skin_10classes,3. Atopic Dermatitis - 1.25k,Eczema
Eczema/skin_10classes_232_10_5.jpg,skin_10classes,3. Atopic Dermatitis - 1.25k,Eczema
Eczema/skin_10classes_6_51.jpg,skin_10classes,3. Atopic Dermatitis - 1.25k,Eczema
Eczema/skin_10classes_2_20.jpg,skin_10classes,3. Atopic Dermatitis - 1.25k,Eczema
Eczema/skin_10classes_6_210.jpg,skin_10classes,3. Atopic Dermatitis - 1.25k,Eczema
Eczema/skin_10classes_t-3Eczema2-206.jpg,skin_10classes,3. Atopic Dermatitis - 1.25k,Eczema
Eczema/skin_10classes_1_35.jpg,skin_10classes,3. Atopic Dermatitis - 1.25k,Eczema
Eczema/skin_10classes_1_31.jpg,skin_10classes,3. Atopic Dermatitis - 1.25k,Eczema
Eczema/skin_10classes_t-15IMG005.jpg,skin_10classes,3. Atopic Dermatitis - 1.25k,Eczema
Eczema/skin_10classes_v-4th1IMG015.jpg,skin_10classes,3. Atopic Dermatitis - 1.25k,Eczema
Eczema/skin_10classes_8_17.jpg,skin_10classes,3. Atopic Dermatitis - 1.25k,Eczema
Eczema/skin_10classes_1_66.jpg,skin_10classes,3. Atopic Dermatitis - 1.25k,Eczema
Eczema/skin_10classes_t-IchthosisIMG021-GP3.jpg,skin_10classes,3. Atopic Dermatitis - 1.25k,Eczema
Eczema/skin_10classes_6_131.jpg,skin_10classes,3. Atopic Dermatitis - 1.25k,Eczema
Eczema/skin_10classes_6_110.jpg,skin_10classes,3. Atopic Dermatitis - 1.25k,Eczema
Eczema/skin_10classes_2_25.jpg,skin_10classes,3. Atopic Dermatitis - 1.25k,Eczema
Psoriasis/skin_10classes_18_47.jpg,skin_10classes,7. Psoriasis pictures Lichen Planus and related diseases - 2k,Psoriasis
Psoriasis/skin_10classes_0_7.jpg,skin_10classes,7. Psoriasis pictures Lichen Planus and related diseases - 2k,Psoriasis
Psoriasis/skin_10classes_15_24.jpg,skin_10classes,7. Psoriasis pictures Lichen Planus and related diseases - 2k,Psoriasis
Psoriasis/skin_10classes_15_87.jpg,skin_10classes,7. Psoriasis pictures Lichen Planus and related diseases - 2k,Psoriasis
Psoriasis/skin_10classes_0_48.jpg,skin_10classes,7. Psoriasis pictures Lichen Planus and related diseases - 2k,Psoriasis
Psoriasis/skin_10classes_1_44.jpg,skin_10classes,7. Psoriasis pictures Lichen Planus and related diseases - 2k,Psoriasis
Psoriasis/skin_10classes_5_7.jpg,skin_10classes,7. Psoriasis pictures Lichen Planus and related diseases - 2k,Psoriasis
Psoriasis/skin_10classes_18_14.jpg,skin_10classes,7. Psoriasis pictures Lichen Planus and related diseases - 2k,Psoriasis
Psoriasis/skin_10classes_7_3.jpg,skin_10classes,7. Psoriasis pictures Lichen Planus and related diseases - 2k,Psoriasis
Psoriasis/skin_10classes_8_25.jpg,skin_10classes,7. Psoriasis pictures Lichen Planus and related diseases - 2k,Psoriasis
Psoriasis/skin_10classes_1_0.jpg,skin_10classes,7. Psoriasis pictures Lichen Planus and related diseases - 2k,Psoriasis
Psoriasis/skin_10classes_9_6.jpg,skin_10classes,7. Psoriasis pictures Lichen Planus and related diseases - 2k,Psoriasis
Psoriasis/skin_10classes_9_17.jpg,skin_10classes,7. Psoriasis pictures Lichen Planus and related diseases - 2k,Psoriasis
Psoriasis/skin_10classes_12_16.jpg,skin_10classes,7. Psoriasis pictures Lichen Planus and related diseases - 2k,Psoriasis
Psoriasis/skin_10classes_13_13.jpg,skin_10classes,7. Psoriasis pictures Lichen Planus and related diseases - 2k,Psoriasis
Psoriasis/skin_10classes_18_43.jpg,skin_10classes,7. Psoriasis pictures Lichen Planus and related diseases - 2k,Psoriasis
Psoriasis/skin_10classes_8_4.jpg,skin_10classes,7. Psoriasis pictures Lichen Planus and related diseases - 2k,Psoriasis
Psoriasis/skin_10classes_1_8.jpg,skin_10classes,7. Psoriasis pictures Lichen Planus and related diseases - 2k,Psoriasis
Psoriasis/skin_10classes_11_8.jpg,skin_10classes,7. Psoriasis pictures Lichen Planus and related diseases - 2k,Psoriasis
Psoriasis/skin_10classes_1_29.jpg,skin_10classes,7. Psoriasis pictures Lichen Planus and related diseases - 2k,Psoriasis
Psoriasis/skin_10classes_19_35.jpg,skin_10classes,7. Psoriasis pictures Lichen Planus and related diseases - 2k,Psoriasis
Psoriasis/skin_10classes_15_97.jpg,skin_10classes,7. Psoriasis pictures Lichen Planus and related diseases - 2k,Psoriasis
Psoriasis/skin_10classes_18_21.jpg,skin_10classes,7. Psoriasis pictures Lichen Planus and related diseases - 2k,Psoriasis
Psoriasis/skin_10classes_19_0.jpg,skin_10classes,7. Psoriasis pictures Lichen Planus and related diseases - 2k,Psoriasis
Psoriasis/skin_10classes_7_12.jpg,skin_10classes,7. Psoriasis pictures Lichen Planus and related diseases - 2k,Psoriasis
Psoriasis/skin_10classes_1_33.jpg,skin_10classes,7. Psoriasis pictures Lichen Planus and related diseases - 2k,Psoriasis
Psoriasis/skin_10classes_12_8.jpg,skin_10classes,7. Psoriasis pictures Lichen Planus and related diseases - 2k,Psoriasis
Psoriasis/skin_10classes_12_17.jpg,skin_10classes,7. Psoriasis pictures Lichen Planus and related diseases - 2k,Psoriasis
Psoriasis/skin_10classes_15_13.jpg,skin_10classes,7. Psoriasis pictures Lichen Planus and related diseases - 2k,Psoriasis
Psoriasis/skin_10classes_1_2.jpg,skin_10classes,7. Psoriasis pictures Lichen Planus and related diseases - 2k,Psoriasis
Psoriasis/skin_10classes_9_13.jpg,skin_10classes,7. Psoriasis pictures Lichen Planus and related diseases - 2k,Psoriasis
Psoriasis/skin_10classes_15_17.jpg,skin_10classes,7. Psoriasis pictures Lichen Planus and related diseases - 2k,Psoriasis
Psoriasis/skin_10classes_8_42.jpg,skin_10classes,7. Psoriasis pictures Lichen Planus and related diseases - 2k,Psoriasis
Psoriasis/skin_10classes_15_38.jpg,skin_10classes,7. Psoriasis pictures Lichen Planus and related diseases - 2k,Psoriasis
Psoriasis/skin_10classes_8_61.jpg,skin_10classes,7. Psoriasis pictures Lichen Planus and related diseases - 2k,Psoriasis
Psoriasis/skin_10classes_1_62.jpg,skin_10classes,7. Psoriasis pictures Lichen Planus and related diseases - 2k,Psoriasis
Psoriasis/skin_10classes_11_4.jpg,skin_10classes,7. Psoriasis pictures Lichen Planus and related diseases - 2k,Psoriasis
Psoriasis/skin_10classes_0_1.jpg,skin_10classes,7. Psoriasis pictures Lichen Planus and related diseases - 2k,Psoriasis
Psoriasis/skin_10classes_2_7.jpg,skin_10classes,7. Psoriasis pictures Lichen Planus and related diseases - 2k,Psoriasis
Psoriasis/skin_10classes_14_8.jpg,skin_10classes,7. Psoriasis pictures Lichen Planus and related diseases - 2k,Psoriasis
Psoriasis/skin_10classes_8_53.jpg,skin_10classes,7. Psoriasis pictures Lichen Planus and related diseases - 2k,Psoriasis
Psoriasis/skin_10classes_18_73.jpg,skin_10classes,7. Psoriasis pictures Lichen Planus and related diseases - 2k,Psoriasis
Psoriasis/skin_10classes_14_17.jpg,skin_10classes,7. Psoriasis pictures Lichen Planus and related diseases - 2k,Psoriasis
Psoriasis/skin_10classes_0_5.jpg,skin_10classes,7. Psoriasis pictures Lichen Planus and related diseases - 2k,Psoriasis
Psoriasis/skin_10classes_12_4.jpg,skin_10classes,7. Psoriasis pictures Lichen Planus and related diseases - 2k,Psoriasis
Psoriasis/skin_10classes_13_12.jpg,skin_10classes,7. Psoriasis pictures Lichen Planus and related diseases - 2k,Psoriasis
Psoriasis/skin_10classes_18_45.jpg,skin_10classes,7. Psoriasis pictures Lichen Planus and related diseases - 2k,Psoriasis
Psoriasis/skin_10classes_15_95.jpg,skin_10classes,7. Psoriasis pictures Lichen Planus and related diseases - 2k,Psoriasis
Psoriasis/skin_10classes_15_57.jpg,skin_10classes,7. Psoriasis pictures Lichen Planus and related diseases - 2k,Psoriasis
Psoriasis/skin_10classes_14_18.jpg,skin_10classes,7. Psoriasis pictures Lichen Planus and related diseases - 2k,Psoriasis
Psoriasis/skin_10classes_8_64.jpg,skin_10classes,7. Psoriasis pictures Lichen Planus and related diseases - 2k,Psoriasis
Psoriasis/skin_10classes_8_57.jpg,skin_10classes,7. Psoriasis pictures Lichen Planus and related diseases - 2k,Psoriasis
Psoriasis/skin_10classes_8_59.jpg,skin_10classes,7. Psoriasis pictures Lichen Planus and related diseases - 2k,Psoriasis
Psoriasis/skin_10classes_15_98.jpg,skin_10classes,7. Psoriasis pictures Lichen Planus and related diseases - 2k,Psoriasis
Psoriasis/skin_10classes_2_9.jpg,skin_10classes,7. Psoriasis pictures Lichen Planus and related diseases - 2k,Psoriasis
Psoriasis/skin_10classes_6_6.jpg,skin_10classes,7. Psoriasis pictures Lichen Planus and related diseases - 2k,Psoriasis
Psoriasis/skin_10classes_0_45.jpg,skin_10classes,7. Psoriasis pictures Lichen Planus and related diseases - 2k,Psoriasis
Psoriasis/skin_10classes_18_9.jpg,skin_10classes,7. Psoriasis pictures Lichen Planus and related diseases - 2k,Psoriasis
Psoriasis/skin_10classes_18_35.jpg,skin_10classes,7. Psoriasis pictures Lichen Planus and related diseases - 2k,Psoriasis
Psoriasis/skin_10classes_1_13.jpg,skin_10classes,7. Psoriasis pictures Lichen Planus and related diseases - 2k,Psoriasis
Psoriasis/skin_10classes_0_15.jpg,skin_10classes,7. Psoriasis pictures Lichen Planus and related diseases - 2k,Psoriasis
Psoriasis/skin_10classes_1_19.jpg,skin_10classes,7. Psoriasis pictures Lichen Planus and related diseases - 2k,Psoriasis
Psoriasis/skin_10classes_9_10.jpg,skin_10classes,7. Psoriasis pictures Lichen Planus and related diseases - 2k,Psoriasis
Psoriasis/skin_10classes_8_26.jpg,skin_10classes,7. Psoriasis pictures Lichen Planus and related diseases - 2k,Psoriasis
Psoriasis/skin_10classes_8_13.jpg,skin_10classes,7. Psoriasis pictures Lichen Planus and related diseases - 2k,Psoriasis
Psoriasis/skin_10classes_1_32.jpg,skin_10classes,7. Psoriasis pictures Lichen Planus and related diseases - 2k,Psoriasis
Psoriasis/skin_10classes_8_32.jpg,skin_10classes,7. Psoriasis pictures Lichen Planus and related diseases - 2k,Psoriasis
Psoriasis/skin_10classes_16_43.jpg,skin_10classes,7. Psoriasis pictures Lichen Planus and related diseases - 2k,Psoriasis
Psoriasis/skin_10classes_1_59.jpg,skin_10classes,7. Psoriasis pictures Lichen Planus and related diseases - 2k,Psoriasis
Psoriasis/skin_10classes_0_36.jpg,skin_10classes,7. Psoriasis pictures Lichen Planus and related diseases - 2k,Psoriasis
Psoriasis/skin_10classes_8_24.jpg,skin_10classes,7. Psoriasis pictures Lichen Planus and related diseases - 2k,Psoriasis
Psoriasis/skin_10classes_3_1.jpg,skin_10classes,7. Psoriasis pictures Lichen Planus and related diseases - 2k,Psoriasis
Psoriasis/skin_10classes_0_17.jpg,skin_10classes,7. Psoriasis pictures Lichen Planus and related diseases - 2k,Psoriasis
Psoriasis/skin_10classes_15_77.jpg,skin_10classes,7. Psoriasis pictures Lichen Planus and related diseases - 2k,Psoriasis
Psoriasis/skin_10classes_12_1.jpg,skin_10classes,7. Psoriasis pictures Lichen Planus and related diseases - 2k,Psoriasis
Psoriasis/skin_10classes_18_64.jpg,skin_10classes,7. Psoriasis pictures Lichen Planus and related diseases - 2k,Psoriasis
Psoriasis/skin_10classes_15_80.jpg,skin_10classes,7. Psoriasis pictures Lichen Planus and related diseases - 2k,Psoriasis
Psoriasis/skin_10classes_15_83.jpg,skin_10classes,7. Psoriasis pictures Lichen Planus and related diseases - 2k,Psoriasis
Psoriasis/skin_10classes_18_10.jpg,skin_10classes,7. Psoriasis pictures Lichen Planus and related diseases - 2k,Psoriasis
Psoriasis/skin_10classes_8_12.jpg,skin_10classes,7. Psoriasis pictures Lichen Planus and related diseases - 2k,Psoriasis
Psoriasis/skin_10classes_15_71.jpg,skin_10classes,7. Psoriasis pictures Lichen Planus and related diseases - 2k,Psoriasis
Psoriasis/skin_10classes_18_60.jpg,skin_10classes,7. Psoriasis pictures Lichen Planus and related diseases - 2k,Psoriasis
Psoriasis/skin_10classes_15_39.jpg,skin_10classes,7. Psoriasis pictures Lichen Planus and related diseases - 2k,Psoriasis
Psoriasis/skin_10classes_19_25.jpg,skin_10classes,7. Psoriasis pictures Lichen Planus and related diseases - 2k,Psoriasis
Psoriasis/skin_10classes_7_13.jpg,skin_10classes,7. Psoriasis pictures Lichen Planus and related diseases - 2k,Psoriasis
Psoriasis/skin_10classes_19_19.jpg,skin_10classes,7. Psoriasis pictures Lichen Planus and related diseases - 2k,Psoriasis
Psoriasis/skin_10classes_14_27.jpg,skin_10classes,7. Psoriasis pictures Lichen Planus and related diseases - 2k,Psoriasis
Psoriasis/skin_10classes_1_46.jpg,skin_10classes,7. Psoriasis pictures Lichen Planus and related diseases - 2k,Psoriasis
Psoriasis/skin_10classes_8_56.jpg,skin_10classes,7. Psoriasis pictures Lichen Planus and related diseases - 2k,Psoriasis
Psoriasis/skin_10classes_18_78.jpg,skin_10classes,7. Psoriasis pictures Lichen Planus and related diseases - 2k,Psoriasis
Psoriasis/skin_10classes_18_54.jpg,skin_10classes,7. Psoriasis pictures Lichen Planus and related diseases - 2k,Psoriasis
Psoriasis/skin_10classes_15_89.jpg,skin_10classes,7. Psoriasis pictures Lichen Planus and related diseases - 2k,Psoriasis
Psoriasis/skin_10classes_18_61.jpg,skin_10classes,7. Psoriasis pictures Lichen Planus and related diseases - 2k,Psoriasis
Psoriasis/skin_10classes_15_11.jpg,skin_10classes,7. Psoriasis pictures Lichen Planus and related diseases - 2k,Psoriasis
Psoriasis/skin_10classes_9_0.jpg,skin_10classes,7. Psoriasis pictures Lichen Planus and related diseases - 2k,Psoriasis
Psoriasis/skin_10classes_18_40.jpg,skin_10classes,7. Psoriasis pictures Lichen Planus and related diseases - 2k,Psoriasis
Psoriasis/skin_10classes_6_2.jpg,skin_10classes,7. Psoriasis pictures Lichen Planus and related diseases - 2k,Psoriasis
Psoriasis/skin_10classes_3_7.jpg,skin_10classes,7. Psoriasis pictures Lichen Planus and related diseases - 2k,Psoriasis
Psoriasis/skin_10classes_15_20.jpg,skin_10classes,7. Psoriasis pictures Lichen Planus and related diseases - 2k,Psoriasis
Psoriasis/skin_10classes_15_8.jpg,skin_10classes,7. Psoriasis pictures Lichen Planus and related diseases - 2k,Psoriasis
Psoriasis/skin_10classes_9_8.jpg,skin_10classes,7. Psoriasis pictures Lichen Planus and related diseases - 2k,Psoriasis
Psoriasis/skin_10classes_18_57.jpg,skin_10classes,7. Psoriasis pictures Lichen Planus and related diseases - 2k,Psoriasis
Psoriasis/skin_10classes_5_1.jpg,skin_10classes,7. Psoriasis pictures Lichen Planus and related diseases - 2k,Psoriasis
Psoriasis/skin_10classes_9_2.jpg,skin_10classes,7. Psoriasis pictures Lichen Planus and related diseases - 2k,Psoriasis
Psoriasis/skin_10classes_11_35.jpg,skin_10classes,7. Psoriasis pictures Lichen Planus and related diseases - 2k,Psoriasis
Psoriasis/skin_10classes_9_16.jpg,skin_10classes,7. Psoriasis pictures Lichen Planus and related diseases - 2k,Psoriasis
Psoriasis/skin_10classes_19_16.jpg,skin_10classes,7. Psoriasis pictures Lichen Planus and related diseases - 2k,Psoriasis
Psoriasis/skin_10classes_7_6.jpg,skin_10classes,7. Psoriasis pictures Lichen Planus and related diseases - 2k,Psoriasis
Psoriasis/skin_10classes_8_51.jpg,skin_10classes,7. Psoriasis pictures Lichen Planus and related diseases - 2k,Psoriasis
Psoriasis/skin_10classes_1_47.jpg,skin_10classes,7. Psoriasis pictures Lichen Planus and related diseases - 2k,Psoriasis
Psoriasis/skin_10classes_3_5.jpg,skin_10classes,7. Psoriasis pictures Lichen Planus and related diseases - 2k,Psoriasis
Psoriasis/skin_10classes_15_19.jpg,skin_10classes,7. Psoriasis pictures Lichen Planus and related diseases - 2k,Psoriasis
Psoriasis/skin_10classes_1_39.jpg,skin_10classes,7. Psoriasis pictures Lichen Planus and related diseases - 2k,Psoriasis
Psoriasis/skin_10classes_1_28.jpg,skin_10classes,7. Psoriasis pictures Lichen Planus and related diseases - 2k,Psoriasis
Psoriasis/skin_10classes_15_1.jpg,skin_10classes,7. Psoriasis pictures Lichen Planus and related diseases - 2k,Psoriasis
Psoriasis/skin_10classes_8_22.jpg,skin_10classes,7. Psoriasis pictures Lichen Planus and related diseases - 2k,Psoriasis
Psoriasis/skin_10classes_12_18.jpg,skin_10classes,7. Psoriasis pictures Lichen Planus and related diseases - 2k,Psoriasis
Psoriasis/skin_10classes_12_10.jpg,skin_10classes,7. Psoriasis pictures Lichen Planus and related diseases - 2k,Psoriasis
Psoriasis/skin_10classes_1_20.jpg,skin_10classes,7. Psoriasis pictures Lichen Planus and related diseases - 2k,Psoriasis
Psoriasis/skin_10classes_15_26.jpg,skin_10classes,7. Psoriasis pictures Lichen Planus and related diseases - 2k,Psoriasis
Psoriasis/skin_10classes_7_10.jpg,skin_10classes,7. Psoriasis pictures Lichen Planus and related diseases - 2k,Psoriasis
Psoriasis/skin_10classes_18_36.jpg,skin_10classes,7. Psoriasis pictures Lichen Planus and related diseases - 2k,Psoriasis
Psoriasis/skin_10classes_8_29.jpg,skin_10classes,7. Psoriasis pictures Lichen Planus and related diseases - 2k,Psoriasis
Psoriasis/skin_10classes_18_25.jpg,skin_10classes,7. Psoriasis pictures Lichen Planus and related diseases - 2k,Psoriasis
Psoriasis/skin_10classes_8_77.jpg,skin_10classes,7. Psoriasis pictures Lichen Planus and related diseases - 2k,Psoriasis
Psoriasis/skin_10classes_1_65.jpg,skin_10classes,7. Psoriasis pictures Lichen Planus and related diseases - 2k,Psoriasis
Psoriasis/skin_10classes_5_2.jpg,skin_10classes,7. Psoriasis pictures Lichen Planus and related diseases - 2k,Psoriasis
Psoriasis/skin_10classes_1_51.jpg,skin_10classes,7. Psoriasis pictures Lichen Planus and related diseases - 2k,Psoriasis
Psoriasis/skin_10classes_19_18.jpg,skin_10classes,7. Psoriasis pictures Lichen Planus and related diseases - 2k,Psoriasis
Psoriasis/skin_10classes_18_46.jpg,skin_10classes,7. Psoriasis pictures Lichen Planus and related diseases - 2k,Psoriasis
Psoriasis/skin_10classes_15_43.jpg,skin_10classes,7. Psoriasis pictures Lichen Planus and related diseases - 2k,Psoriasis
Psoriasis/skin_10classes_18_86.jpg,skin_10classes,7. Psoriasis pictures Lichen Planus and related diseases - 2k,Psoriasis
Psoriasis/skin_10classes_14_9.jpg,skin_10classes,7. Psoriasis pictures Lichen Planus and related diseases - 2k,Psoriasis
Psoriasis/skin_10classes_8_46.jpg,skin_10classes,7. Psoriasis pictures Lichen Planus and related diseases - 2k,Psoriasis
Psoriasis/skin_10classes_5_0.jpg,skin_10classes,7. Psoriasis pictures Lichen Planus and related diseases - 2k,Psoriasis
Psoriasis/skin_10classes_8_19.jpg,skin_10classes,7. Psoriasis pictures Lichen Planus and related diseases - 2k,Psoriasis
Psoriasis/skin_10classes_7_4.jpg,skin_10classes,7. Psoriasis pictures Lichen Planus and related diseases - 2k,Psoriasis
Psoriasis/skin_10classes_8_67.jpg,skin_10classes,7. Psoriasis pictures Lichen Planus and related diseases - 2k,Psoriasis
Psoriasis/skin_10classes_0_22.jpg,skin_10classes,7. Psoriasis pictures Lichen Planus and related diseases - 2k,Psoriasis
Psoriasis/skin_10classes_19_27.jpg,skin_10classes,7. Psoriasis pictures Lichen Planus and related diseases - 2k,Psoriasis
Psoriasis/skin_10classes_18_89.jpg,skin_10classes,7. Psoriasis pictures Lichen Planus and related diseases - 2k,Psoriasis
Psoriasis/skin_10classes_19_21.jpg,skin_10classes,7. Psoriasis pictures Lichen Planus and related diseases - 2k,Psoriasis
Psoriasis/skin_10classes_0_30.jpg,skin_10classes,7. Psoriasis pictures Lichen Planus and related diseases - 2k,Psoriasis
Psoriasis/skin_10classes_12_5.jpg,skin_10classes,7. Psoriasis pictures Lichen Planus and related diseases - 2k,Psoriasis
Psoriasis/skin_10classes_15_5.jpg,skin_10classes,7. Psoriasis pictures Lichen Planus and related diseases - 2k,Psoriasis
Psoriasis/skin_10classes_4_4.jpg,skin_10classes,7. Psoriasis pictures Lichen Planus and related diseases - 2k,Psoriasis
Psoriasis/skin_10classes_17_24.jpg,skin_10classes,7. Psoriasis pictures Lichen Planus and related diseases - 2k,Psoriasis
Psoriasis/skin_10classes_19_11.jpg,skin_10classes,7. Psoriasis pictures Lichen Planus and related diseases - 2k,Psoriasis
Psoriasis/skin_10classes_8_37.jpg,skin_10classes,7. Psoriasis pictures Lichen Planus and related diseases - 2k,Psoriasis
Psoriasis/skin_10classes_15_76.jpg,skin_10classes,7. Psoriasis pictures Lichen Planus and related diseases - 2k,Psoriasis
Psoriasis/skin_10classes_15_82.jpg,skin_10classes,7. Psoriasis pictures Lichen Planus and related diseases - 2k,Psoriasis
Psoriasis/skin_10classes_19_4.jpg,skin_10classes,7. Psoriasis pictures Lichen Planus and related diseases - 2k,Psoriasis
Psoriasis/skin_10classes_0_39.jpg,skin_10classes,7. Psoriasis pictures Lichen Planus and related diseases - 2k,Psoriasis
Psoriasis/skin_10classes_0_0.jpg,skin_10classes,7. Psoriasis pictures Lichen Planus and related diseases - 2k,Psoriasis
Psoriasis/skin_10classes_1_30.jpg,skin_10classes,7. Psoriasis pictures Lichen Planus and related diseases - 2k,Psoriasis
Psoriasis/skin_10classes_3_0.jpg,skin_10classes,7. Psoriasis pictures Lichen Planus and related diseases - 2k,Psoriasis
Psoriasis/skin_10classes_18_67.jpg,skin_10classes,7. Psoriasis pictures Lichen Planus and related diseases - 2k,Psoriasis
Psoriasis/skin_10classes_8_39.jpg,skin_10classes,7. Psoriasis pictures Lichen Planus and related diseases - 2k,Psoriasis
Psoriasis/skin_10classes_0_2.jpg,skin_10classes,7. Psoriasis pictures Lichen Planus and related diseases - 2k,Psoriasis
Psoriasis/skin_10classes_1_58.jpg,skin_10classes,7. Psoriasis pictures Lichen Planus and related diseases - 2k,Psoriasis
Psoriasis/skin_10classes_0_10.jpg,skin_10classes,7. Psoriasis pictures Lichen Planus and related diseases - 2k,Psoriasis
Psoriasis/skin_10classes_2_5.jpg,skin_10classes,7. Psoriasis pictures Lichen Planus and related diseases - 2k,Psoriasis
Psoriasis/skin_10classes_18_65.jpg,skin_10classes,7. Psoriasis pictures Lichen Planus and related diseases - 2k,Psoriasis
Psoriasis/skin_10classes_9_15.jpg,skin_10classes,7. Psoriasis pictures Lichen Planus and related diseases - 2k,Psoriasis
Psoriasis/skin_10classes_0_24.jpg,skin_10classes,7. Psoriasis pictures Lichen Planus and related diseases - 2k,Psoriasis
Psoriasis/skin_10classes_7_2.jpg,skin_10classes,7. Psoriasis pictures Lichen Planus and related diseases - 2k,Psoriasis
Psoriasis/skin_10classes_19_3.jpg,skin_10classes,7. Psoriasis pictures Lichen Planus and related diseases - 2k,Psoriasis
Psoriasis/skin_10classes_0_14.jpg,skin_10classes,7. Psoriasis pictures Lichen Planus and related diseases - 2k,Psoriasis
Psoriasis/skin_10classes_1_56.jpg,skin_10classes,7. Psoriasis pictures Lichen Planus and related diseases - 2k,Psoriasis
Psoriasis/skin_10classes_12_21.jpg,skin_10classes,7. Psoriasis pictures Lichen Planus and related diseases - 2k,Psoriasis
Psoriasis/skin_10classes_0_40.jpg,skin_10classes,7. Psoriasis pictures Lichen Planus and related diseases - 2k,Psoriasis
Psoriasis/skin_10classes_15_63.jpg,skin_10classes,7. Psoriasis pictures Lichen Planus and related diseases - 2k,Psoriasis
Psoriasis/skin_10classes_12_0.jpg,skin_10classes,7. Psoriasis pictures Lichen Planus and related diseases - 2k,Psoriasis
Psoriasis/skin_10classes_0_51.jpg,skin_10classes,7. Psoriasis pictures Lichen Planus and related diseases - 2k,Psoriasis
Psoriasis/skin_10classes_11_19.jpg,skin_10classes,7. Psoriasis pictures Lichen Planus and related diseases - 2k,Psoriasis
Psoriasis/skin_10classes_9_20.jpg,skin_10classes,7. Psoriasis pictures Lichen Planus and related diseases - 2k,Psoriasis
Psoriasis/skin_10classes_12_2.jpg,skin_10classes,7. Psoriasis pictures Lichen Planus and related diseases - 2k,Psoriasis
Psoriasis/skin_10classes_7_11.jpg,skin_10classes,7. Psoriasis pictures Lichen Planus and related diseases - 2k,Psoriasis
Psoriasis/skin_10classes_15_92.jpg,skin_10classes,7. Psoriasis pictures Lichen Planus and related diseases - 2k,Psoriasis
Psoriasis/skin_10classes_15_32.jpg,skin_10classes,7. Psoriasis pictures Lichen Planus and related diseases - 2k,Psoriasis
Psoriasis/skin_10classes_1_50.jpg,skin_10classes,7. Psoriasis pictures Lichen Planus and related diseases - 2k,Psoriasis
Psoriasis/skin_10classes_18_50.jpg,skin_10classes,7. Psoriasis pictures Lichen Planus and related diseases - 2k,Psoriasis
Psoriasis/skin_10classes_1_61.jpg,skin_10classes,7. Psoriasis pictures Lichen Planus and related diseases - 2k,Psoriasis
Psoriasis/skin_10classes_15_70.jpg,skin_10classes,7. Psoriasis pictures Lichen Planus and related diseases - 2k,Psoriasis
Psoriasis/skin_10classes_4_1.jpg,skin_10classes,7. Psoriasis pictures Lichen Planus and related diseases - 2k,Psoriasis
Psoriasis/skin_10classes_0_8.jpg,skin_10classes,7. Psoriasis pictures Lichen Planus and related diseases - 2k,Psoriasis
Psoriasis/skin_10classes_18_48.jpg,skin_10classes,7. Psoriasis pictures Lichen Planus and related diseases - 2k,Psoriasis
Psoriasis/skin_10classes_2_0.jpg,skin_10classes,7. Psoriasis pictures Lichen Planus and related diseases - 2k,Psoriasis
Psoriasis/skin_10classes_1_41.jpg,skin_10classes,7. Psoriasis pictures Lichen Planus and related diseases - 2k,Psoriasis
Psoriasis/skin_10classes_15_14.jpg,skin_10classes,7. Psoriasis pictures Lichen Planus and related diseases - 2k,Psoriasis
Psoriasis/skin_10classes_18_37.jpg,skin_10classes,7. Psoriasis pictures Lichen Planus and related diseases - 2k,Psoriasis
Psoriasis/skin_10classes_14_20.jpg,skin_10classes,7. Psoriasis pictures Lichen Planus and related diseases - 2k,Psoriasis
Psoriasis/skin_10classes_14_0.jpg,skin_10classes,7. Psoriasis pictures Lichen Planus and related diseases - 2k,Psoriasis
Psoriasis/skin_10classes_19_39.jpg,skin_10classes,7. Psoriasis pictures Lichen Planus and related diseases - 2k,Psoriasis
Psoriasis/skin_10classes_0_27.jpg,skin_10classes,7. Psoriasis pictures Lichen Planus and related diseases - 2k,Psoriasis
Psoriasis/skin_10classes_18_66.jpg,skin_10classes,7. Psoriasis pictures Lichen Planus and related diseases - 2k,Psoriasis
Psoriasis/skin_10classes_8_58.jpg,skin_10classes,7. Psoriasis pictures Lichen Planus and related diseases - 2k,Psoriasis
Psoriasis/skin_10classes_18_74.jpg,skin_10classes,7. Psoriasis pictures Lichen Planus and related diseases - 2k,Psoriasis
Psoriasis/skin_10classes_0_44.jpg,skin_10classes,7. Psoriasis pictures Lichen Planus and related diseases - 2k,Psoriasis
Psoriasis/skin_10classes_8_3.jpg,skin_10classes,7. Psoriasis pictures Lichen Planus and related diseases - 2k,Psoriasis
Psoriasis/skin_10classes_18_11.jpg,skin_10classes,7. Psoriasis pictures Lichen Planus and related diseases - 2k,Psoriasis
Psoriasis/skin_10classes_13_14.jpg,skin_10classes,7. Psoriasis pictures Lichen Planus and related diseases - 2k,Psoriasis
Psoriasis/skin_10classes_18_26.jpg,skin_10classes,7. Psoriasis pictures Lichen Planus and related diseases - 2k,Psoriasis
Psoriasis/skin_10classes_1_23.jpg,skin_10classes,7. Psoriasis pictures Lichen Planus and related diseases - 2k,Psoriasis
Psoriasis/skin_10classes_0_11.jpg,skin_10classes,7. Psoriasis pictures Lichen Planus and related diseases - 2k,Psoriasis
Psoriasis/skin_10classes_12_9.jpg,skin_10classes,7. Psoriasis pictures Lichen Planus and related diseases - 2k,Psoriasis
Psoriasis/skin_10classes_8_62.jpg,skin_10classes,7. Psoriasis pictures Lichen Planus and related diseases - 2k,Psoriasis
Psoriasis/skin_10classes_18_30.jpg,skin_10classes,7. Psoriasis pictures Lichen Planus and related diseases - 2k,Psoriasis
Psoriasis/skin_10classes_9_4.jpg,skin_10classes,7. Psoriasis pictures Lichen Planus and related diseases - 2k,Psoriasis
Psoriasis/skin_10classes_19_15.jpg,skin_10classes,7. Psoriasis pictures Lichen Planus and related diseases - 2k,Psoriasis
Psoriasis/skin_10classes_9_19.jpg,skin_10classes,7. Psoriasis pictures Lichen Planus and related diseases - 2k,Psoriasis
Psoriasis/skin_10classes_0_20.jpg,skin_10classes,7. Psoriasis pictures Lichen Planus and related diseases - 2k,Psoriasis
Psoriasis/skin_10classes_19_5.jpg,skin_10classes,7. Psoriasis pictures Lichen Planus and related diseases - 2k,Psoriasis
Psoriasis/skin_10classes_13_15.jpg,skin_10classes,7. Psoriasis pictures Lichen Planus and related diseases - 2k,Psoriasis
Psoriasis/skin_10classes_18_77.jpg,skin_10classes,7. Psoriasis pictures Lichen Planus and related diseases - 2k,Psoriasis
Psoriasis/skin_10classes_15_84.jpg,skin_10classes,7. Psoriasis pictures Lichen Planus and related diseases - 2k,Psoriasis
Psoriasis/skin_10classes_8_68.jpg,skin_10classes,7. Psoriasis pictures Lichen Planus and related diseases - 2k,Psoriasis
Psoriasis/skin_10classes_14_4.jpg,skin_10classes,7. Psoriasis pictures Lichen Planus and related diseases - 2k,Psoriasis
Psoriasis/skin_10classes_12_12.jpg,skin_10classes,7. Psoriasis pictures Lichen Planus and related diseases - 2k,Psoriasis
Psoriasis/skin_10classes_15_75.jpg,skin_10classes,7. Psoriasis pictures Lichen Planus and related diseases - 2k,Psoriasis
Normal/skin_normal_normal212.png,skin_normal,normal,Normal
Normal/skin_normal_normal121.png,skin_normal,normal,Normal
Normal/skin_normal_IMG20240115125647 - Fito Aprilius.jpg,skin_normal,normal,Normal
Normal/skin_normal_normal109.png,skin_normal,normal,Normal
Normal/skin_normal_normal134.png,skin_normal,normal,Normal
Normal/skin_normal_normal56.png,skin_normal,normal,Normal
Normal/skin_normal_normal112.png,skin_normal,normal,Normal
Normal/skin_normal_IMG20240115122458.jpg,skin_normal,normal,Normal
Normal/skin_normal_20240115_183707.jpg,skin_normal,normal,Normal
Normal/skin_normal_normal63.png,skin_normal,normal,Normal
Normal/skin_normal_normal224.png,skin_normal,normal,Normal
Normal/skin_normal_normal193.png,skin_normal,normal,Normal
Normal/skin_normal_normal21.png,skin_normal,normal,Normal
Normal/skin_normal_normal290.png,skin_normal,normal,Normal
Normal/skin_normal_normal79.png,skin_normal,normal,Normal
Normal/skin_normal_normal138.png,skin_normal,normal,Normal
Normal/skin_normal_normal39.png,skin_normal,normal,Normal
Normal/skin_normal_normal282.png,skin_normal,normal,Normal
Normal/skin_normal_normal293.png,skin_normal,normal,Normal
Normal/skin_normal_normal102.png,skin_normal,normal,Normal
Normal/skin_normal_normal47.png,skin_normal,normal,Normal
Normal/skin_normal_IMG20240115125606 - Fito Aprilius.jpg,skin_normal,normal,Normal
Normal/skin_normal_normal45.png,skin_normal,normal,Normal
Normal/skin_normal_normal101.png,skin_normal,normal,Normal
Normal/skin_normal_IMG20240115130508 - Fito Aprilius.jpg,skin_normal,normal,Normal
Normal/skin_normal_normal131.png,skin_normal,normal,Normal
Normal/skin_normal_normal71.png,skin_normal,normal,Normal
Normal/skin_normal_normal5.png,skin_normal,normal,Normal
Normal/skin_normal_normal90.png,skin_normal,normal,Normal
Normal/skin_normal_normal1.png,skin_normal,normal,Normal
Normal/skin_normal_normal120.png,skin_normal,normal,Normal
Normal/skin_normal_normal11.png,skin_normal,normal,Normal
Normal/skin_normal_normal86.png,skin_normal,normal,Normal
Normal/skin_normal_IMG-20240115-WA0028.jpg,skin_normal,normal,Normal
Normal/skin_normal_normal218.png,skin_normal,normal,Normal
Normal/skin_normal_normal175.png,skin_normal,normal,Normal
Normal/skin_normal_normal93.png,skin_normal,normal,Normal
Normal/skin_normal_normal8.png,skin_normal,normal,Normal
Normal/skin_normal_normal4.png,skin_normal,normal,Normal
Normal/skin_normal_normal65.png,skin_normal,normal,Normal
Normal/skin_normal_normal16.png,skin_normal,normal,Normal
Normal/skin_normal_normal51.png,skin_normal,normal,Normal
Normal/skin_normal_IMG20240115130227 - Fito Aprilius.jpg,skin_normal,normal,Normal
Normal/skin_normal_normal291.png,skin_normal,normal,Normal
Normal/skin_normal_normal97.png,skin_normal,normal,Normal
Normal/skin_normal_normal127.png,skin_normal,normal,Normal
Normal/skin_normal_normal222.png,skin_normal,normal,Normal
Normal/skin_normal_normal31.png,skin_normal,normal,Normal
Normal/skin_normal_IMG-20240115-WA0032.jpg,skin_normal,normal,Normal
Normal/skin_normal_normal116.png,skin_normal,normal,Normal
Normal/skin_normal_normal62.png,skin_normal,normal,Normal
Normal/skin_normal_normal158.png,skin_normal,normal,Normal
Normal/skin_normal_normal188.png,skin_normal,normal,Normal
Normal/skin_normal_normal13.png,skin_normal,normal,Normal
Normal/skin_normal_normal132.png,skin_normal,normal,Normal
Normal/skin_normal_normal213.png,skin_normal,normal,Normal
Normal/skin_normal_normal214.png,skin_normal,normal,Normal
Normal/skin_normal_normal12.png,skin_normal,normal,Normal
Normal/skin_normal_normal177.png,skin_normal,normal,Normal
Normal/skin_normal_normal292.png,skin_normal,normal,Normal
Normal/skin_normal_normal29.png,skin_normal,normal,Normal
Normal/skin_normal_normal110.png,skin_normal,normal,Normal
Normal/skin_normal_normal204.png,skin_normal,normal,Normal
Normal/skin_normal_normal180.png,skin_normal,normal,Normal
Normal/skin_normal_normal211.png,skin_normal,normal,Normal
Normal/skin_normal_normal207.png,skin_normal,normal,Normal
Normal/skin_normal_20240115_195449.jpg,skin_normal,normal,Normal
Normal/skin_normal_normal18.png,skin_normal,normal,Normal
Normal/skin_normal_20240115_121041.jpg,skin_normal,normal,Normal
Normal/skin_normal_normal266.png,skin_normal,normal,Normal
Normal/skin_normal_normal171.png,skin_normal,normal,Normal
Normal/skin_normal_normal111.png,skin_normal,normal,Normal
Normal/skin_normal_normal185.png,skin_normal,normal,Normal
Normal/skin_normal_IMG-20240115-WA0031.jpg,skin_normal,normal,Normal
Normal/skin_normal_IMG20240115180441_01.jpg,skin_normal,normal,Normal
Normal/skin_normal_normal208.png,skin_normal,normal,Normal
Normal/skin_normal_normal66.png,skin_normal,normal,Normal
Normal/skin_normal_normal139.png,skin_normal,normal,Normal
Normal/skin_normal_IMG-20240115-WA0027.jpg,skin_normal,normal,Normal
Normal/skin_normal_normal72.png,skin_normal,normal,Normal
Normal/skin_normal_normal209.png,skin_normal,normal,Normal
Normal/skin_normal_normal37.png,skin_normal,normal,Normal
Normal/skin_normal_normal196.png,skin_normal,normal,Normal
Normal/skin_normal_normal160.png,skin_normal,normal,Normal
Normal/skin_normal_normal126.png,skin_normal,normal,Normal
Normal/skin_normal_normal87.png,skin_normal,normal,Normal
Normal/skin_normal_normal156.png,skin_normal,normal,Normal
Normal/skin_normal_normal64.png,skin_normal,normal,Normal
Normal/skin_normal_normal288.png,skin_normal,normal,Normal
Normal/skin_normal_normal174.png,skin_normal,normal,Normal
Normal/skin_normal_normal119.png,skin_normal,normal,Normal
Normal/skin_normal_normal33.png,skin_normal,normal,Normal
Normal/skin_normal_normal32.png,skin_normal,normal,Normal
Normal/skin_normal_normal58.png,skin_normal,normal,Normal
Normal/skin_normal_20240115_183658.jpg,skin_normal,normal,Normal
Normal/skin_normal_normal269.png,skin_normal,normal,Normal
Normal/skin_normal_normal92.png,skin_normal,normal,Normal
Normal/skin_normal_normal220.png,skin_normal,normal,Normal
Normal/skin_normal_normal44.png,skin_normal,normal,Normal
Normal/skin_normal_normal42.png,skin_normal,normal,Normal
Normal/skin_normal_IMG20240115130511 - Fito Aprilius.jpg,skin_normal,normal,Normal
Normal/skin_normal_20240115_120358.jpg,skin_normal,normal,Normal
Normal/skin_normal_normal257.png,skin_normal,normal,Normal
Normal/skin_normal_20240115_115549.jpg,skin_normal,normal,Normal
Normal/skin_normal_IMG20240115122526_01.jpg,skin_normal,normal,Normal
Normal/skin_normal_normal130.png,skin_normal,normal,Normal
Normal/skin_normal_normal137.png,skin_normal,normal,Normal
Normal/skin_normal_normal272.png,skin_normal,normal,Normal
Normal/skin_normal_normal2.png,skin_normal,normal,Normal
Normal/skin_normal_normal215.png,skin_normal,normal,Normal
Normal/skin_normal_normal267.png,skin_normal,normal,Normal
Normal/skin_normal_normal202.png,skin_normal,normal,Normal
Normal/skin_normal_normal77.png,skin_normal,normal,Normal
Normal/skin_normal_normal265.png,skin_normal,normal,Normal
Normal/skin_normal_normal48.png,skin_normal,normal,Normal
Normal/skin_normal_normal166.png,skin_normal,normal,Normal
Normal/skin_normal_normal201.png,skin_normal,normal,Normal
Normal/skin_normal_normal271.png,skin_normal,normal,Normal
Normal/skin_normal_normal256.png,skin_normal,normal,Normal
Normal/skin_normal_IMG20240115125638 - Fito Aprilius.jpg,skin_normal,normal,Normal
Normal/skin_normal_IMG20240115122555.jpg,skin_normal,normal,Normal
Normal/skin_normal_normal191.png,skin_normal,normal,Normal
Normal/skin_normal_normal100.png,skin_normal,normal,Normal
Normal/skin_normal_normal60.png,skin_normal,normal,Normal
Normal/skin_normal_normal98.png,skin_normal,normal,Normal
Normal/skin_normal_normal14.png,skin_normal,normal,Normal
Normal/skin_normal_normal125.png,skin_normal,normal,Normal
Normal/skin_normal_normal192.png,skin_normal,normal,Normal
Normal/skin_normal_normal19.png,skin_normal,normal,Normal
Normal/skin_normal_normal23.png,skin_normal,normal,Normal
Normal/skin_normal_normal172.png,skin_normal,normal,Normal
Normal/skin_normal_normal286.png,skin_normal,normal,Normal
Normal/skin_normal_normal26.png,skin_normal,normal,Normal
Normal/skin_normal_normal30.png,skin_normal,normal,Normal
Normal/skin_normal_normal28.png,skin_normal,normal,Normal
Normal/skin_normal_normal161.png,skin_normal,normal,Normal
Normal/skin_normal_normal20.png,skin_normal,normal,Normal
Normal/skin_normal_normal49.png,skin_normal,normal,Normal
Normal/skin_normal_normal50.png,skin_normal,normal,Normal
Normal/skin_normal_normal115.png,skin_normal,normal,Normal
Normal/skin_normal_normal40.png,skin_normal,normal,Normal
Normal/skin_normal_17053005206957139408735922636266 - Gabriel Marcaellino -.jpg,skin_normal,normal,Normal
Normal/skin_normal_normal276.png,skin_normal,normal,Normal
Normal/skin_normal_IMG20240115122817.jpg,skin_normal,normal,Normal
Normal/skin_normal_normal136.png,skin_normal,normal,Normal
Normal/skin_normal_IMG20240115130501 - Fito Aprilius.jpg,skin_normal,normal,Normal
Normal/skin_normal_normal259.png,skin_normal,normal,Normal
Normal/skin_normal_normal114.png,skin_normal,normal,Normal
Normal/skin_normal_normal283.png,skin_normal,normal,Normal
Normal/skin_normal_IMG20240115122619_01.jpg,skin_normal,normal,Normal
Normal/skin_normal_IMG20240115122546.jpg,skin_normal,normal,Normal
Normal/skin_normal_normal169.png,skin_normal,normal,Normal
Normal/skin_normal_normal270.png,skin_normal,normal,Normal
Normal/skin_normal_normal184.png,skin_normal,normal,Normal
Normal/skin_normal_normal258.png,skin_normal,normal,Normal
Normal/skin_normal_normal280.png,skin_normal,normal,Normal
Normal/skin_normal_20240115_195251.jpg,skin_normal,normal,Normal
Normal/skin_normal_IMG20240115130428 - Fito Aprilius.jpg,skin_normal,normal,Normal
Normal/skin_normal_normal181.png,skin_normal,normal,Normal
Normal/skin_normal_20240115_195458.jpg,skin_normal,normal,Normal
Normal/skin_normal_normal73.png,skin_normal,normal,Normal
Normal/skin_normal_normal107.png,skin_normal,normal,Normal
Normal/skin_normal_normal27.png,skin_normal,normal,Normal
Normal/skin_normal_normal268.png,skin_normal,normal,Normal
Normal/skin_normal_normal96.png,skin_normal,normal,Normal
Normal/skin_normal_normal83.png,skin_normal,normal,Normal
Normal/skin_normal_normal264.png,skin_normal,normal,Normal
Normal/skin_normal_normal24.png,skin_normal,normal,Normal
Normal/skin_normal_20240115_121553.jpg,skin_normal,normal,Normal
Normal/skin_normal_normal278.png,skin_normal,normal,Normal
Normal/skin_normal_normal88.png,skin_normal,normal,Normal
Normal/skin_normal_normal170.png,skin_normal,normal,Normal
Normal/skin_normal_normal70.png,skin_normal,normal,Normal
Normal/skin_normal_normal168.png,skin_normal,normal,Normal
Normal/skin_normal_normal165.png,skin_normal,normal,Normal
Normal/skin_normal_normal197.png,skin_normal,normal,Normal
Normal/skin_normal_normal155.png,skin_normal,normal,Normal
Normal/skin_normal_normal190.png,skin_normal,normal,Normal
Normal/skin_normal_normal43.png,skin_normal,normal,Normal
Normal/skin_normal_normal129.png,skin_normal,normal,Normal
Normal/skin_normal_IMG20240115122646_01.jpg,skin_normal,normal,Normal
Normal/skin_normal_IMG20240115180419_01.jpg,skin_normal,normal,Normal
Normal/skin_normal_20240115_120853.jpg,skin_normal,normal,Normal
Normal/skin_normal_normal157.png,skin_normal,normal,Normal
Normal/skin_normal_normal217.png,skin_normal,normal,Normal
Normal/skin_normal_normal210.png,skin_normal,normal,Normal
Normal/skin_normal_normal3.png,skin_normal,normal,Normal
Normal/skin_normal_normal53.png,skin_normal,normal,Normal
Normal/skin_normal_normal85.png,skin_normal,normal,Normal
Normal/skin_normal_normal260.png,skin_normal,normal,Normal
Normal/skin_normal_IMG20240115130514 - Fito Aprilius.jpg,skin_normal,normal,Normal
Normal/skin_normal_normal104.png,skin_normal,normal,Normal
Normal/skin_normal_IMG_20240115_120457_970.jpg,skin_normal,normal,Normal
Normal/skin_normal_normal46.png,skin_normal,normal,Normal
Normal/skin_normal_normal75.png,skin_normal,normal,Normal
Normal/skin_normal_normal194.png,skin_normal,normal,Normal
Normal/skin_normal_normal273.png,skin_normal,normal,Normal
Normal/skin_normal_20240115_120344.jpg,skin_normal,normal,Normal
Normal/skin_normal_IMG20240115125636 - Fito Aprilius.jpg,skin_normal,normal,Normal
Normal/skin_normal_IMG20240115130150 - Fito Aprilius.jpg,skin_normal,normal,Normal
Normal/skin_normal_normal182.png,skin_normal,normal,Normal
Normal/skin_normal_normal52.png,skin_normal,normal,Normal
Normal/skin_normal_normal289.png,skin_normal,normal,Normal
Normal/skin_normal_normal159.png,skin_normal,normal,Normal
Normal/skin_normal_IMG20240115130406 - Fito Aprilius.jpg,skin_normal,normal,Normal
Normal/skin_normal_normal68.png,skin_normal,normal,Normal
Normal/skin_normal_normal274.png,skin_normal,normal,Normal
Normal/skin_normal_normal133.png,skin_normal,normal,Normal
Normal/skin_normal_normal95.png,skin_normal,normal,Normal
Normal/skin_normal_normal38.png,skin_normal,normal,Normal
Normal/skin_normal_normal135.png,skin_normal,normal,Normal
Normal/skin_normal_normal113.png,skin_normal,normal,Normal
Normal/skin_normal_normal108.png,skin_normal,normal,Normal
Normal/skin_normal_normal81.png,skin_normal,normal,Normal
Normal/skin_normal_normal198.png,skin_normal,normal,Normal
Normal/skin_normal_20240115_115615.jpg,skin_normal,normal,Normal
Normal/skin_normal_normal216.png,skin_normal,normal,Normal
Normal/skin_normal_normal164.png,skin_normal,normal,Normal
Normal/skin_normal_normal163.png,skin_normal,normal,Normal
Normal/skin_normal_normal59.png,skin_normal,normal,Normal
Normal/skin_normal_20240116_114521 - Ridho Dimas Ramadhan.jpg,skin_normal,normal,Normal
Normal/skin_normal_IMG-20240115-WA0029.jpg,skin_normal,normal,Normal
Normal/skin_normal_normal221.png,skin_normal,normal,Normal
Normal/skin_normal_normal84.png,skin_normal,normal,Normal
Normal/skin_normal_normal205.png,skin_normal,normal,Normal
Normal/skin_normal_normal179.png,skin_normal,normal,Normal
Normal/skin_normal_normal80.png,skin_normal,normal,Normal
Normal/skin_normal_normal186.png,skin_normal,normal,Normal
Normal/skin_normal_normal74.png,skin_normal,normal,Normal
Normal/skin_normal_20240115_195330.jpg,skin_normal,normal,Normal
Normal/skin_normal_normal287.png,skin_normal,normal,Normal
Normal/skin_normal_IMG20240115122606_01.jpg,skin_normal,normal,Normal
Normal/skin_normal_normal206.png,skin_normal,normal,Normal
Normal/skin_normal_normal167.png,skin_normal,normal,Normal
Normal/skin_normal_normal255.png,skin_normal,normal,Normal
Normal/skin_normal_normal69.png,skin_normal,normal,Normal
Normal/skin_normal_normal17.png,skin_normal,normal,Normal
Normal/skin_normal_normal189.png,skin_normal,normal,Normal
Normal/skin_normal_normal263.png,skin_normal,normal,Normal
Normal/skin_normal_normal122.png,skin_normal,normal,Normal
Normal/skin_normal_IMG20240115130357 - Fito Aprilius.jpg,skin_normal,normal,Normal
Normal/skin_normal_normal54.png,skin_normal,normal,Normal
Normal/skin_normal_20240116_114512 - Ridho Dimas Ramadhan.jpg,skin_normal,normal,Normal
Normal/skin_normal_normal36.png,skin_normal,normal,Normal
Normal/skin_normal_normal76.png,skin_normal,normal,Normal
Normal/skin_normal_normal9.png,skin_normal,normal,Normal
Normal/skin_normal_normal78.png,skin_normal,normal,Normal
Normal/skin_normal_normal117.png,skin_normal,normal,Normal
Normal/skin_normal_normal6.png,skin_normal,normal,Normal
Normal/skin_normal_normal284.png,skin_normal,normal,Normal
Normal/skin_normal_normal261.png,skin_normal,normal,Normal
Normal/skin_normal_IMG20240115130505 - Fito Aprilius.jpg,skin_normal,normal,Normal
Normal/skin_normal_IMG20240115122718_01.jpg,skin_normal,normal,Normal
Normal/skin_normal_17053016125375393346221463682922 - Billy Endryanto.jpg,skin_normal,normal,Normal
Normal/skin_normal_normal94.png,skin_normal,normal,Normal
Normal/skin_normal_normal162.png,skin_normal,normal,Normal
Normal/skin_normal_normal195.png,skin_normal,normal,Normal
Normal/skin_normal_normal173.png,skin_normal,normal,Normal
Normal/skin_normal_normal91.png,skin_normal,normal,Normal
Normal/skin_normal_normal34.png,skin_normal,normal,Normal
Normal/skin_normal_normal25.png,skin_normal,normal,Normal
Normal/skin_normal_normal176.png,skin_normal,normal,Normal
Normal/skin_normal_normal67.png,skin_normal,normal,Normal
Normal/skin_normal_normal89.png,skin_normal,normal,Normal
Normal/skin_normal_normal41.png,skin_normal,normal,Normal
Normal/skin_normal_normal219.png,skin_normal,normal,Normal
Normal/skin_normal_normal106.png,skin_normal,normal,Normal
Normal/skin_normal_IMG20240115125559 - Fito Aprilius.jpg,skin_normal,normal,Normal
Normal/skin_normal_normal55.png,skin_normal,normal,Normal
Normal/skin_normal_IMG20240115130401 - Fito Aprilius.jpg,skin_normal,normal,Normal
Normal/skin_normal_normal279.png,skin_normal,normal,Normal
Normal/skin_normal_normal105.png,skin_normal,normal,Normal
Normal/skin_normal_normal262.png,skin_normal,normal,Normal
Normal/skin_normal_normal123.png,skin_normal,normal,Normal
Normal/skin_normal_normal15.png,skin_normal,normal,Normal
Normal/skin_normal_normal183.png,skin_normal,normal,Normal
Normal/skin_normal_normal178.png,skin_normal,normal,Normal
Normal/skin_normal_normal200.png,skin_normal,normal,Normal
Normal/skin_normal_normal10.png,skin_normal,normal,Normal
Normal/skin_normal_normal275.png,skin_normal,normal,Normal
Normal/skin_normal_normal285.png,skin_normal,normal,Normal
Normal/skin_normal_IMG-20240115-WA0033.jpg,skin_normal,normal,Normal
Normal/skin_normal_normal281.png,skin_normal,normal,Normal
Normal/skin_normal_normal99.png,skin_normal,normal,Normal
Normal/skin_normal_normal35.png,skin_normal,normal,Normal
Normal/skin_normal_normal7.png,skin_normal,normal,Normal
Normal/skin_normal_normal203.png,skin_normal,normal,Normal
Normal/skin_normal_normal124.png,skin_normal,normal,Normal
Normal/skin_normal_normal187.png,skin_normal,normal,Normal
Normal/skin_normal_normal82.png,skin_normal,normal,Normal
Normal/skin_normal_normal118.png,skin_normal,normal,Normal
Normal/skin_normal_normal22.png,skin_normal,normal,Normal
Normal/skin_normal_normal277.png,skin_normal,normal,Normal
Normal/skin_normal_normal199.png,skin_normal,normal,Normal
Normal/skin_normal_normal103.png,skin_normal,normal,Normal
Normal/skin_normal_IMG-20240115-WA0030.jpg,skin_normal,normal,Normal
Normal/skin_normal_normal223.png,skin_normal,normal,Normal
Normal/skin_normal_normal61.png,skin_normal,normal,Normal
