path,y_true,y_true_idx,y_pred,y_pred_idx,proba_Acne,proba_Candidiasis,proba_Eczema,proba_NailFungus,proba_Normal,proba_Psoriasis,proba_Tinea
datasets\data\test\Acne\test_07SteroidPerioral1.jpg,Acne,0,Acne,0,0.6923754811286926,0.05041605979204178,0.054463744163513184,0.04556457698345184,0.05555422976613045,0.04614429920911789,0.05548162758350372
datasets\data\test\Acne\test_rosacea-10.jpg,Acne,0,Acne,0,0.43902596831321716,0.03899987041950226,0.09448585659265518,0.0364367738366127,0.03615189343690872,0.3321981132030487,0.022701503708958626
datasets\data\test\Acne\test_rosacea-76.jpg,Acne,0,Acne,0,0.48598968982696533,0.05121367797255516,0.034996241331100464,0.07493220269680023,0.05202657729387283,0.08871962130069733,0.21212196350097656
datasets\data\test\Acne\test_rosacea-84.jpg,Acne,0,Acne,0,0.3376527428627014,0.03609171882271767,0.24669136106967926,0.03614162653684616,0.0701017901301384,0.12561653554439545,0.14770422875881195
datasets\data\test\Acne\train_07sebDerem1101052.jpg,Acne,0,Acne,0,0.6936709880828857,0.03543684631586075,0.05848268046975136,0.03837692737579346,0.03815917298197746,0.11931999772787094,0.016553420573472977
datasets\data\test\Acne\train_acne-closed-comedo-10.jpg,Acne,0,Psoriasis,5,0.2858106791973114,0.04252760857343674,0.23668308556079865,0.03527155518531799,0.040908243507146835,0.3397218883037567,0.01907690241932869
datasets\data\test\Acne\train_acne-closed-comedo-2.jpg,Acne,0,Acne,0,0.674157977104187,0.056196726858615875,0.051911719143390656,0.06429710984230042,0.05618145316839218,0.05066164210438728,0.0465933196246624
datasets\data\test\Acne\train_acne-closed-comedo-21.jpg,Acne,0,Acne,0,0.666296660900116,0.03699861466884613,0.052808381617069244,0.04773237928748131,0.035096827894449234,0.05236437916755676,0.10870271176099777
datasets\data\test\Acne\train_acne-closed-comedo-35.jpg,Acne,0,Acne,0,0.5512994527816772,0.050869159400463104,0.20100930333137512,0.055040400475263596,0.04613843560218811,0.03668805584311485,0.058955173939466476
datasets\data\test\Acne\train_acne-cystic-104.jpg,Acne,0,Acne,0,0.672951340675354,0.05515288934111595,0.0544862374663353,0.06696976721286774,0.054231949150562286,0.03439663350582123,0.061811208724975586
datasets\data\test\Acne\train_acne-cystic-111.jpeg,Acne,0,Acne,0,0.6651302576065063,0.051089853048324585,0.062190741300582886,0.05729396268725395,0.06052667275071144,0.06508008390665054,0.03868841007351875
datasets\data\test\Acne\train_acne-cystic-116.jpeg,Acne,0,Acne,0,0.6561768651008606,0.06108458712697029,0.0577084943652153,0.06125428527593613,0.055627696216106415,0.03463893383741379,0.07350920885801315
datasets\data\test\Acne\train_acne-cystic-122.jpg,Acne,0,Acne,0,0.6413868069648743,0.056848298758268356,0.10198092460632324,0.04391218349337578,0.0428694523870945,0.05994538590312004,0.053056906908750534
datasets\data\test\Acne\train_acne-cystic-124.jpeg,Acne,0,Acne,0,0.6856912970542908,0.05647360906004906,0.04893975332379341,0.054838601499795914,0.05534982681274414,0.04423239454627037,0.05447446182370186
datasets\data\test\Acne\train_acne-cystic-151.jpeg,Acne,0,Acne,0,0.824558436870575,0.03012635000050068,0.024376315996050835,0.02677847258746624,0.034879863262176514,0.0314985029399395,0.027782095596194267
datasets\data\test\Acne\train_acne-cystic-16.jpg,Acne,0,Acne,0,0.7110751867294312,0.05283725634217262,0.05026113986968994,0.04806777462363243,0.05387503281235695,0.04397030174732208,0.039913300424814224
datasets\data\test\Acne\train_acne-cystic-32.jpg,Acne,0,Acne,0,0.6825515031814575,0.05568254739046097,0.06358129531145096,0.049747686833143234,0.054361987859010696,0.04107607901096344,0.05299892649054527
datasets\data\test\Acne\train_acne-cystic-5.jpg,Acne,0,Acne,0,0.7130790948867798,0.05180123820900917,0.05329935997724533,0.04701461270451546,0.05600918084383011,0.04306933283805847,0.03572723641991615
datasets\data\test\Acne\train_acne-cystic-58.jpg,Acne,0,Acne,0,0.7005823850631714,0.0418592132627964,0.04429895803332329,0.048222675919532776,0.04032575711607933,0.08350449055433273,0.04120657220482826
datasets\data\test\Acne\train_acne-cystic-85.jpeg,Acne,0,Acne,0,0.587641179561615,0.04299653694033623,0.15390105545520782,0.044398870319128036,0.041610538959503174,0.05382155627012253,0.07563022524118423
datasets\data\test\Acne\train_acne-cystic-99.jpeg,Acne,0,Acne,0,0.6903509497642517,0.04892391338944435,0.08443713933229446,0.04109923541545868,0.04814329743385315,0.03460929915308952,0.052436091005802155
datasets\data\test\Acne\train_acne-excoriated-17.jpg,Acne,0,Acne,0,0.7223833203315735,0.03208180516958237,0.04543581232428551,0.03549957275390625,0.03761136159300804,0.08145365118980408,0.04553449526429176
datasets\data\test\Acne\train_acne-excoriated-20.jpeg,Acne,0,Acne,0,0.6937461495399475,0.05268625169992447,0.04390046373009682,0.05468615144491196,0.05406380817294121,0.04097604751586914,0.05994110554456711
datasets\data\test\Acne\train_acne-face-1-16__ProtectWyJQcm90ZWN0Il0_FocusFillWzI5NCwyMjIsInkiLDg1XQ.jpeg,Acne,0,Acne,0,0.689453125,0.056087616831064224,0.05065389722585678,0.04904448986053467,0.05232026055455208,0.05488031357526779,0.04756031185388565
datasets\data\test\Acne\train_acne-face-1-26__ProtectWyJQcm90ZWN0Il0_FocusFillWzI5NCwyMjIsIngiLDFd.jpeg,Acne,0,Acne,0,0.6885849833488464,0.07550207525491714,0.0377720445394516,0.057862505316734314,0.05514567717909813,0.04277379810810089,0.042358867824077606
datasets\data\test\Acne\train_acne-face-1-28__ProtectWyJQcm90ZWN0Il0_FocusFillWzI5NCwyMjIsIngiLDFd.jpeg,Acne,0,Acne,0,0.6594493389129639,0.052026521414518356,0.04644770920276642,0.05542609840631485,0.05453675240278244,0.09271042048931122,0.039403099566698074
datasets\data\test\Acne\train_acne-face-1-28__WatermarkedWyJXYXRlcm1hcmtlZCJd (1).jpeg,Acne,0,Acne,0,0.6731739640235901,0.0529964417219162,0.050479549914598465,0.05660807341337204,0.0607881024479866,0.06363517791032791,0.042318712919950485
datasets\data\test\Acne\train_acne-face-1-29__ProtectWyJQcm90ZWN0Il0_FocusFillWzI5NCwyMjIsIngiLDFd.jpeg,Acne,0,Acne,0,0.7147571444511414,0.05589890852570534,0.04584027826786041,0.048357099294662476,0.04974255710840225,0.04669779911637306,0.03870619460940361
datasets\data\test\Acne\train_acne-face-1-44__ProtectWyJQcm90ZWN0Il0_FocusFillWzI5NCwyMjIsInkiLDg1XQ.jpeg,Acne,0,Acne,0,0.6623001098632812,0.0693742111325264,0.04550745710730553,0.06531621515750885,0.0631265640258789,0.05364247038960457,0.040732987225055695
datasets\data\test\Acne\train_acne-face-1-5__ProtectWyJQcm90ZWN0Il0_FocusFillWzI5NCwyMjIsIngiLDFd.jpeg,Acne,0,Acne,0,0.6494098901748657,0.07340184599161148,0.053134433925151825,0.06337638199329376,0.062423720955848694,0.052533555775880814,0.04572014510631561
datasets\data\test\Acne\train_acne-face-11-1__ProtectWyJQcm90ZWN0Il0_FocusFillWzI5NCwyMjIsIngiLDFd.jpeg,Acne,0,Acne,0,0.6613814830780029,0.06122824549674988,0.05701930448412895,0.05663347244262695,0.06235496699810028,0.0571567639708519,0.044225867837667465
datasets\data\test\Acne\train_acne-face-19-1__ProtectWyJQcm90ZWN0Il0_FocusFillWzI5NCwyMjIsIngiLDFd.jpeg,Acne,0,Acne,0,0.6986764073371887,0.0589376725256443,0.04417288675904274,0.05374676734209061,0.0511430986225605,0.047285743057727814,0.046037375926971436
datasets\data\test\Acne\train_acne-face-2-10__ProtectWyJQcm90ZWN0Il0_FocusFillWzI5NCwyMjIsIngiLDFd.jpeg,Acne,0,Acne,0,0.6614670753479004,0.05523257702589035,0.08898778259754181,0.0424981415271759,0.05421748384833336,0.07132724672555923,0.026269707828760147
datasets\data\test\Acne\train_acne-face-2-24__ProtectWyJQcm90ZWN0Il0_FocusFillWzI5NCwyMjIsIngiLDFd.jpeg,Acne,0,Acne,0,0.7538985013961792,0.045134205371141434,0.050184402614831924,0.03733047842979431,0.0443444661796093,0.039130598306655884,0.02997739054262638
datasets\data\test\Acne\train_acne-face-2-26__ProtectWyJQcm90ZWN0Il0_FocusFillWzI5NCwyMjIsInkiLDg1XQ.jpeg,Acne,0,Acne,0,0.6728746891021729,0.05650011822581291,0.04664813354611397,0.060888200998306274,0.0635586827993393,0.04706251621246338,0.05246762931346893
datasets\data\test\Acne\train_acne-face-2-36__ProtectWyJQcm90ZWN0Il0_FocusFillWzI5NCwyMjIsIngiLDFd.jpeg,Acne,0,Acne,0,0.6731864809989929,0.060125961899757385,0.05181661620736122,0.05624479800462723,0.05998825654387474,0.05365970730781555,0.04497816041111946
datasets\data\test\Acne\train_acne-face-3-19__ProtectWyJQcm90ZWN0Il0_FocusFillWzI5NCwyMjIsIngiLDFd.jpeg,Acne,0,Acne,0,0.7128779888153076,0.04912352189421654,0.042440738528966904,0.045963652431964874,0.04999113827943802,0.07020395249128342,0.029398955404758453
datasets\data\test\Acne\train_acne-face-3-22__ProtectWyJQcm90ZWN0Il0_FocusFillWzI5NCwyMjIsIngiLDFd.jpeg,Acne,0,Acne,0,0.6817978024482727,0.05512221157550812,0.04866496101021767,0.06123385205864906,0.061621926724910736,0.05076262354850769,0.0407966673374176
datasets\data\test\Acne\train_acne-face-3-6__ProtectWyJQcm90ZWN0Il0_FocusFillWzI5NCwyMjIsIngiLDFd.jpeg,Acne,0,Acne,0,0.7184520959854126,0.05119413882493973,0.04105672240257263,0.049228448420763016,0.04715503379702568,0.04989916831254959,0.04301433637738228
datasets\data\test\Acne\train_acne-face-3-8__ProtectWyJQcm90ZWN0Il0_FocusFillWzI5NCwyMjIsIngiLDFd.jpeg,Acne,0,Acne,0,0.6883524060249329,0.05898414924740791,0.04847748205065727,0.051779359579086304,0.05141742154955864,0.05059101805090904,0.050398197025060654
datasets\data\test\Acne\train_acne-face-4-14__ProtectWyJQcm90ZWN0Il0_FocusFillWzI5NCwyMjIsIngiLDFd.jpeg,Acne,0,Acne,0,0.6756159067153931,0.06763703376054764,0.05256619304418564,0.0581953302025795,0.058570779860019684,0.04734783619642258,0.04006686061620712
datasets\data\test\Acne\train_acne-face-4-6__ProtectWyJQcm90ZWN0Il0_FocusFillWzI5NCwyMjIsIngiLDFd.jpeg,Acne,0,Acne,0,0.5469717383384705,0.05757591873407364,0.13403145968914032,0.08659142255783081,0.050423718988895416,0.09699418395757675,0.0274115689098835
datasets\data\test\Acne\train_acne-face-5-3__ProtectWyJQcm90ZWN0Il0_FocusFillWzI5NCwyMjIsIngiLDFd.jpeg,Acne,0,Acne,0,0.6915132999420166,0.06189240887761116,0.04345133900642395,0.05300058424472809,0.05236715078353882,0.048668064177036285,0.04910722374916077
datasets\data\test\Acne\train_acne-face-55__ProtectWyJQcm90ZWN0Il0_FocusFillWzI5NCwyMjIsIngiLDFd.jpeg,Acne,0,Acne,0,0.691500186920166,0.05332563817501068,0.0628482922911644,0.04353341460227966,0.051076870411634445,0.0567045621573925,0.04101100564002991
datasets\data\test\Acne\train_acne-face-66__ProtectWyJQcm90ZWN0Il0_FocusFillWzI5NCwyMjIsIngiLDFd.jpeg,Acne,0,Acne,0,0.3889819085597992,0.04563932493329048,0.046682823449373245,0.12107782810926437,0.04766533896327019,0.19765137135982513,0.15230143070220947
datasets\data\test\Acne\train_acne-face-7-1__ProtectWyJQcm90ZWN0Il0_FocusFillWzI5NCwyMjIsIngiLDE4XQ.jpeg,Acne,0,Acne,0,0.7124215364456177,0.04551861435174942,0.060846470296382904,0.04612153396010399,0.047819044440984726,0.05324345827102661,0.03402935713529587
datasets\data\test\Acne\train_acne-face-74__ProtectWyJQcm90ZWN0Il0_FocusFillWzI5NCwyMjIsIngiLDFd.jpeg,Acne,0,Acne,0,0.707504153251648,0.05296009033918381,0.04347796365618706,0.052966948598623276,0.05878276750445366,0.05005592852830887,0.0342521108686924
datasets\data\test\Acne\train_acne-face-77__ProtectWyJQcm90ZWN0Il0_FocusFillWzI5NCwyMjIsIngiLDFd.jpeg,Acne,0,Acne,0,0.6288502216339111,0.09005536139011383,0.07522700726985931,0.048940710723400116,0.06625644117593765,0.03607742488384247,0.0545928068459034
datasets\data\test\Acne\train_acne-face-78__ProtectWyJQcm90ZWN0Il0_FocusFillWzI5NCwyMjIsIngiLDFd.jpeg,Acne,0,Acne,0,0.7414601445198059,0.05114671215415001,0.03886737301945686,0.04289466142654419,0.04587353765964508,0.04790114611387253,0.03185638040304184
datasets\data\test\Acne\train_acne-histology-3.jpg,Acne,0,Psoriasis,5,0.07643293589353561,0.047758445143699646,0.12682397663593292,0.034073758870363235,0.0356304906308651,0.636458158493042,0.04282226040959358
datasets\data\test\Acne\train_acne-infantile-9.jpg,Acne,0,Acne,0,0.6840034127235413,0.05337638035416603,0.06775841861963272,0.04691192880272865,0.05382857844233513,0.056414760649204254,0.03770659491419792
datasets\data\test\Acne\train_acne-open-comedo-10.jpeg,Acne,0,Acne,0,0.5267684459686279,0.051618002355098724,0.08210279792547226,0.07926445454359055,0.0829930230975151,0.14665761590003967,0.03059566579759121
datasets\data\test\Acne\train_acne-open-comedo-12.jpeg,Acne,0,Acne,0,0.6133120059967041,0.0653349906206131,0.04118514806032181,0.0744825229048729,0.0845082625746727,0.07603451609611511,0.045142557471990585
datasets\data\test\Acne\train_acne-open-comedo-22.jpeg,Acne,0,Acne,0,0.6931746006011963,0.04655430093407631,0.060903776437044144,0.060986898839473724,0.05100253224372864,0.056112755089998245,0.03126506507396698
datasets\data\test\Acne\train_acne-open-comedo-38.jpeg,Acne,0,Acne,0,0.6650585532188416,0.05075569450855255,0.04387621209025383,0.07149913161993027,0.04677624627947807,0.05640791356563568,0.06562619656324387
datasets\data\test\Acne\train_acne-open-comedo-57.jpg,Acne,0,Acne,0,0.7261598706245422,0.036177996546030045,0.042176611721515656,0.0433710552752018,0.03649035468697548,0.09044709801673889,0.025177042931318283
datasets\data\test\Acne\train_acne-open-comedo-65.jpeg,Acne,0,Acne,0,0.6194053292274475,0.04718557372689247,0.04893044754862785,0.09604880958795547,0.05956055596470833,0.061920732259750366,0.06694848090410233
datasets\data\test\Acne\train_acne-open-comedo-69.jpeg,Acne,0,Acne,0,0.6885181069374084,0.051297467201948166,0.054476380348205566,0.054096780717372894,0.05276256799697876,0.05616737902164459,0.04268135875463486
datasets\data\test\Acne\train_acne-open-comedo-8.jpeg,Acne,0,Acne,0,0.7435306310653687,0.0382518470287323,0.06494517624378204,0.033537883311510086,0.03566177189350128,0.03894485533237457,0.045127782970666885
datasets\data\test\Acne\train_acne-primary-lesion-7.jpg,Acne,0,Acne,0,0.6244573593139648,0.05155717581510544,0.05727030709385872,0.06804023683071136,0.08574286103248596,0.07334927469491959,0.039582785218954086
datasets\data\test\Acne\train_acne-pustular-34.jpeg,Acne,0,Acne,0,0.6544762253761292,0.05559356510639191,0.04734358191490173,0.07500072568655014,0.05303601548075676,0.055790651589632034,0.0587591677904129
datasets\data\test\Acne\train_acne-pustular-40.jpeg,Acne,0,Acne,0,0.6822351813316345,0.05311327055096626,0.055140942335128784,0.053593579679727554,0.05451178178191185,0.04730752855539322,0.05409775674343109
datasets\data\test\Acne\train_acne-pustular-48.jpeg,Acne,0,Acne,0,0.6624062061309814,0.058262038975954056,0.06081797182559967,0.054002124816179276,0.06011412292718887,0.059063661843538284,0.045333828777074814
datasets\data\test\Acne\train_acne-pustular-50.jpeg,Acne,0,Acne,0,0.6822741031646729,0.057361673563718796,0.04975903406739235,0.05820521339774132,0.057521332055330276,0.04256303980946541,0.05231565982103348
datasets\data\test\Acne\train_acne-pustular-53.jpeg,Acne,0,Acne,0,0.7112061381340027,0.05278424546122551,0.04452304542064667,0.051749683916568756,0.05038105696439743,0.03765866160392761,0.05169714614748955
datasets\data\test\Acne\train_acne-pustular-54.jpeg,Acne,0,Acne,0,0.6744273900985718,0.05782701075077057,0.051872316747903824,0.05356156453490257,0.056583892554044724,0.04697588458657265,0.05875198915600777
datasets\data\test\Acne\train_acne-pustular-56.jpeg,Acne,0,Acne,0,0.6143002510070801,0.062117353081703186,0.07434400916099548,0.06556475907564163,0.06385020911693573,0.08011850714683533,0.03970493748784065
datasets\data\test\Acne\train_acne-pustular-65.jpeg,Acne,0,Acne,0,0.6265787482261658,0.05099271610379219,0.09148380905389786,0.051615964621305466,0.05553784966468811,0.07270301133394241,0.05108794942498207
datasets\data\test\Acne\train_acne-pustular-69.jpeg,Acne,0,Acne,0,0.70610511302948,0.04820871353149414,0.0651264563202858,0.043331459164619446,0.0439012311398983,0.039456095546483994,0.05387095734477043
datasets\data\test\Acne\train_acne-pustular-74.jpeg,Acne,0,Acne,0,0.72454434633255,0.048530373722314835,0.050075963139534,0.0503455325961113,0.04422616958618164,0.03951118886470795,0.04276646673679352
datasets\data\test\Acne\train_gram-negative-folliculitis-1.jpg,Acne,0,Acne,0,0.6857128143310547,0.05133211240172386,0.05205316096544266,0.04828591272234917,0.053988490253686905,0.05051179230213165,0.058115653693675995
datasets\data\test\Acne\train_hidradenitis-suppurativa-21.jpg,Acne,0,Acne,0,0.8067359924316406,0.03551153838634491,0.02435818873345852,0.03890063241124153,0.03032495081424713,0.031637925654649734,0.03253074362874031
datasets\data\test\Acne\train_hidradenitis-suppurativa-4.jpg,Acne,0,Acne,0,0.6853395104408264,0.06525317579507828,0.061636459082365036,0.05417595058679581,0.055284496396780014,0.044816892594099045,0.03349347412586212
datasets\data\test\Acne\train_hidradenitis-suppurativa-41.jpg,Acne,0,Acne,0,0.6678969264030457,0.0765872448682785,0.032136619091033936,0.04075385630130768,0.043341927230358124,0.10375292599201202,0.035530511289834976
datasets\data\test\Acne\train_hidradenitis-suppurativa-52.jpg,Acne,0,Acne,0,0.7063530087471008,0.057418230921030045,0.04694513976573944,0.05382825806736946,0.04802900180220604,0.036527492105960846,0.05089889094233513
datasets\data\test\Acne\train_hidradenitis-suppurativa-64.jpg,Acne,0,Acne,0,0.5213788151741028,0.026435071602463722,0.018304316326975822,0.136703759431839,0.03701396286487579,0.22496257722377777,0.03520150110125542
datasets\data\test\Acne\train_hidradenitis-suppurativa-65.jpg,Acne,0,Acne,0,0.7247885465621948,0.04694075137376785,0.032873932272195816,0.04787832126021385,0.04225977510213852,0.031227700412273407,0.07403093576431274
datasets\data\test\Acne\train_hidradenitis-suppurativa-66.jpg,Acne,0,Acne,0,0.7781547904014587,0.041440557688474655,0.04028727486729622,0.04188070073723793,0.035656969994306564,0.024429693818092346,0.03815004974603653
datasets\data\test\Acne\train_hidradenitis-suppurativa-92.jpg,Acne,0,Acne,0,0.6566300392150879,0.05226520821452141,0.043442800641059875,0.062035124748945236,0.05518251284956932,0.05272889882326126,0.07771536707878113
datasets\data\test\Acne\train_Hidradenitis-Suppurativa-Areola-2.jpg,Acne,0,Acne,0,0.4579509496688843,0.046198248863220215,0.3297601640224457,0.048172228038311005,0.05642153322696686,0.03279288858175278,0.028703993186354637
datasets\data\test\Acne\train_milia-13.jpg,Acne,0,Acne,0,0.5983568429946899,0.0627226009964943,0.06696077436208725,0.06838122010231018,0.07221788167953491,0.05913185328245163,0.0722288191318512
datasets\data\test\Acne\train_perioral-dermatitis-102.jpg,Acne,0,Eczema,2,0.14255812764167786,0.05406617745757103,0.34565091133117676,0.05236171931028366,0.04764552414417267,0.05772953853011131,0.2999880015850067
datasets\data\test\Acne\train_perioral-dermatitis-105.jpg,Acne,0,Acne,0,0.370272696018219,0.06791885942220688,0.18274934589862823,0.05056638643145561,0.054490648210048676,0.02643163874745369,0.24757038056850433
datasets\data\test\Acne\train_perioral-dermatitis-118.jpg,Acne,0,Acne,0,0.7243131995201111,0.04169142246246338,0.05521068722009659,0.05814932659268379,0.043790433555841446,0.04476635903120041,0.03207862004637718
datasets\data\test\Acne\train_perioral-dermatitis-122.jpg,Acne,0,Acne,0,0.6741183400154114,0.06253565102815628,0.06022960692644119,0.0645114853978157,0.0600273422896862,0.04027014598250389,0.03830740973353386
datasets\data\test\Acne\train_perioral-dermatitis-124.jpg,Acne,0,NailFungus,3,0.20504795014858246,0.05888141319155693,0.06218191236257553,0.27935463190078735,0.05960584431886673,0.06456015259027481,0.27036812901496887
datasets\data\test\Acne\train_perioral-dermatitis-129.jpg,Acne,0,Acne,0,0.6541001200675964,0.05521686375141144,0.07339576631784439,0.05060732737183571,0.04686534032225609,0.051170624792575836,0.0686439797282219
datasets\data\test\Acne\train_perioral-dermatitis-13.jpg,Acne,0,Acne,0,0.6641191840171814,0.05067160353064537,0.06321290135383606,0.056071918457746506,0.05092455446720123,0.07210734486579895,0.042892515659332275
datasets\data\test\Acne\train_perioral-dermatitis-139.jpg,Acne,0,NailFungus,3,0.2092888355255127,0.052712682634592056,0.11773336678743362,0.21517929434776306,0.06426246464252472,0.18294312059879303,0.15788021683692932
datasets\data\test\Acne\train_perioral-dermatitis-22.jpg,Acne,0,Acne,0,0.571854293346405,0.046377431601285934,0.04674647003412247,0.04774365574121475,0.048484399914741516,0.09812376648187637,0.140670046210289
datasets\data\test\Acne\train_perioral-dermatitis-26.jpg,Acne,0,Acne,0,0.6321917176246643,0.042006831616163254,0.10952857881784439,0.033716052770614624,0.04515937715768814,0.09504303336143494,0.042354386299848557
datasets\data\test\Acne\train_perioral-dermatitis-3.jpg,Acne,0,Acne,0,0.6060155034065247,0.04814552515745163,0.09953378885984421,0.041450779885053635,0.042525988072156906,0.1208917647600174,0.041436634957790375
datasets\data\test\Acne\train_perioral-dermatitis-54.jpg,Acne,0,Acne,0,0.6719405055046082,0.037903979420661926,0.03307031840085983,0.042338378727436066,0.04466519132256508,0.12946008145809174,0.040621571242809296
datasets\data\test\Acne\train_perioral-dermatitis-59.jpg,Acne,0,Eczema,2,0.19455896317958832,0.06776437163352966,0.3318711221218109,0.21556083858013153,0.04899989068508148,0.028566723689436913,0.11267807334661484
datasets\data\test\Acne\train_perioral-dermatitis-99.jpg,Acne,0,Acne,0,0.6923986673355103,0.051895610988140106,0.05405399203300476,0.045577339828014374,0.05247132480144501,0.05402195081114769,0.049581129103899
datasets\data\test\Acne\train_rosacea-17.jpg,Acne,0,Acne,0,0.6979573369026184,0.053975578397512436,0.060969237238168716,0.04184003174304962,0.04842494800686836,0.04208033159375191,0.05475259944796562
datasets\data\test\Acne\train_rosacea-41.jpg,Acne,0,Acne,0,0.6551664471626282,0.055217523127794266,0.06562582403421402,0.05620163679122925,0.05047450214624405,0.06878726184368134,0.048526838421821594
datasets\data\test\Acne\train_rosacea-47.jpg,Acne,0,Acne,0,0.6916550397872925,0.04214734211564064,0.08716309070587158,0.030739188194274902,0.03495461493730545,0.08518961817026138,0.028151139616966248
datasets\data\test\Acne\train_rosacea-51.jpg,Acne,0,Acne,0,0.6938794255256653,0.05321614444255829,0.05604923516511917,0.053681932389736176,0.06092477962374687,0.04602573439478874,0.03622279688715935
datasets\data\test\Acne\train_rosacea-57.jpg,Acne,0,Acne,0,0.6817238330841064,0.0542428120970726,0.0652739480137825,0.04796793684363365,0.05620883032679558,0.05339852347970009,0.041184138506650925
datasets\data\test\Acne\train_rosacea-69.jpg,Acne,0,Psoriasis,5,0.029991524294018745,0.03251972794532776,0.035879142582416534,0.04030463844537735,0.05431768298149109,0.7630271911621094,0.043960075825452805
datasets\data\test\Acne\train_rosacea-83.jpg,Acne,0,Acne,0,0.7037534713745117,0.056765537708997726,0.0404980294406414,0.04949936643242836,0.052278224378824234,0.0556919127702713,0.04151352867484093
datasets\data\test\Acne\train_rosacea-89.jpg,Acne,0,Acne,0,0.46192649006843567,0.056850481778383255,0.0357203483581543,0.09533725678920746,0.053147755563259125,0.17691922187805176,0.12009844183921814
datasets\data\test\Acne\train_rosacea-9.jpg,Acne,0,Acne,0,0.6637029647827148,0.04204510524868965,0.05643937736749649,0.04466383904218674,0.05152919888496399,0.06871846318244934,0.07290112227201462
datasets\data\test\Acne\train_rosacea-90.jpg,Acne,0,Acne,0,0.7100317478179932,0.03895828500390053,0.093972347676754,0.05397215485572815,0.0384819395840168,0.02712065353989601,0.03746286779642105
datasets\data\test\Acne\train_rosacea-92.jpg,Acne,0,Acne,0,0.4553353786468506,0.059436898678541183,0.05319155380129814,0.10247775167226791,0.07704319059848785,0.0543346181511879,0.19818054139614105
datasets\data\test\Acne\train_rosacea-97.jpg,Acne,0,Acne,0,0.6737731695175171,0.054162487387657166,0.05838724225759506,0.054135292768478394,0.05720929056406021,0.053765811026096344,0.048566728830337524
datasets\data\test\Acne\train_rosacea-nose-38.jpg,Acne,0,Acne,0,0.6873286366462708,0.0484674833714962,0.043974924832582474,0.058699995279312134,0.05897962301969528,0.04508831724524498,0.05746106058359146
datasets\data\test\Acne\train_rosacea-nose-41.jpg,Acne,0,Acne,0,0.6467010974884033,0.04486894980072975,0.04786786809563637,0.04250645264983177,0.04822511970996857,0.08098677545785904,0.08884379267692566
datasets\data\test\Acne\train_rosacea-nose-7.jpg,Acne,0,Acne,0,0.7620748281478882,0.035283830016851425,0.033094536513090134,0.03940945491194725,0.042738135904073715,0.05168499797582626,0.03571426123380661
datasets\data\test\Acne\train_rosacea-steroid-4.jpg,Acne,0,Acne,0,0.6270260810852051,0.04536215960979462,0.06222917139530182,0.047159343957901,0.05705343931913376,0.05462247133255005,0.10654738545417786
datasets\data\test\Acne\train_sebaceous-glands-upper-lip-1.jpg,Acne,0,Acne,0,0.7147777676582336,0.041950773447752,0.031384676694869995,0.04428793862462044,0.04785566404461861,0.07031388580799103,0.04942934587597847
datasets\data\test\Acne\valid_179__ProtectWyJQcm90ZWN0Il0_FocusFillWzI5NCwyMjIsIngiLDFd.jpeg,Acne,0,Acne,0,0.6318027973175049,0.06661050021648407,0.0665840357542038,0.05430750548839569,0.051158398389816284,0.05317523702979088,0.07636154443025589
datasets\data\test\Acne\valid_194__ProtectWyJQcm90ZWN0Il0_FocusFillWzI5NCwyMjIsIngiLDFd.jpeg,Acne,0,Acne,0,0.6972647309303284,0.05335729941725731,0.044534843415021896,0.053834471851587296,0.06093231216073036,0.04389996454119682,0.04617634043097496
datasets\data\test\Acne\valid_acne-comedones-57-v2__ProtectWyJQcm90ZWN0Il0_FocusFillWzI5NCwyMjIsIngiLDE3XQ.jpeg,Acne,0,Acne,0,0.680620014667511,0.06034915894269943,0.04166760295629501,0.050292566418647766,0.04941685497760773,0.03860130533576012,0.07905250787734985
datasets\data\test\Acne\valid_acne-cystic-33.jpeg,Acne,0,Acne,0,0.7052589058876038,0.05464659631252289,0.05220096930861473,0.052492011338472366,0.05192282795906067,0.044200364500284195,0.039278384298086166
datasets\data\test\Candidiasis\test_1308__ProtectWyJQcm90ZWN0Il0_FocusFillWzI5NCwyMjIsIngiLDFd.jpeg,Candidiasis,1,Candidiasis,1,0.062506303191185,0.6501373648643494,0.05369602516293526,0.058899059891700745,0.05954236909747124,0.0538792759180069,0.061339572072029114
datasets\data\test\Candidiasis\test_candidiasis-large-skin-folds-172.jpeg,Candidiasis,1,Candidiasis,1,0.04826514050364494,0.5662750601768494,0.05194753780961037,0.059582751244306564,0.05692187324166298,0.1036338210105896,0.11337382346391678
datasets\data\test\Candidiasis\train_1285-small__ProtectWyJQcm90ZWN0Il0_FocusFillWzI5NCwyMjIsInkiLDg1XQ.jpeg,Candidiasis,1,Candidiasis,1,0.03756403177976608,0.6397720575332642,0.04740083962678909,0.04769350215792656,0.08472142368555069,0.048382315784692764,0.09446580708026886
datasets\data\test\Candidiasis\train_1295-small__ProtectWyJQcm90ZWN0Il0_FocusFillWzI5NCwyMjIsInkiLDg1XQ.jpeg,Candidiasis,1,Candidiasis,1,0.04738345742225647,0.6106996536254883,0.04579395055770874,0.0467567965388298,0.06841088086366653,0.12819476425647736,0.052760545164346695
datasets\data\test\Candidiasis\train_1296__ProtectWyJQcm90ZWN0Il0_FocusFillWzI5NCwyMjIsIngiLDFd.jpeg,Candidiasis,1,Candidiasis,1,0.0564347542822361,0.6452885270118713,0.054362934082746506,0.05964437127113342,0.06015002354979515,0.05382097139954567,0.07029838114976883
datasets\data\test\Candidiasis\train_1311-small__ProtectWyJQcm90ZWN0Il0_FocusFillWzI5NCwyMjIsIngiLDFd.jpeg,Candidiasis,1,Candidiasis,1,0.08288498222827911,0.5686743259429932,0.04937560856342316,0.05109773203730583,0.0756574347615242,0.09332837909460068,0.07898154854774475
datasets\data\test\Candidiasis\train_13CandidaAxillae020210.jpeg,Candidiasis,1,Tinea,6,0.047724589705467224,0.0295039601624012,0.16348856687545776,0.022599682211875916,0.026766879484057426,0.14382728934288025,0.5660890936851501
datasets\data\test\Candidiasis\train_13CandidaBreast.jpeg,Candidiasis,1,Candidiasis,1,0.06123388931155205,0.6602517366409302,0.05599324777722359,0.05656374245882034,0.05405670776963234,0.05027378723025322,0.06162688881158829
datasets\data\test\Candidiasis\train_candida-groin-14.jpeg,Candidiasis,1,Tinea,6,0.05825037509202957,0.23138321936130524,0.04280944913625717,0.03863753005862236,0.05213101580739021,0.08021695166826248,0.49657142162323
datasets\data\test\Candidiasis\train_candida-penis-24.jpeg,Candidiasis,1,Candidiasis,1,0.05887104570865631,0.6663629412651062,0.055431630462408066,0.05469898879528046,0.05343873053789139,0.05689899995923042,0.05429770052433014
datasets\data\test\Candidiasis\train_candida-penis-25.jpeg,Candidiasis,1,Candidiasis,1,0.05697888135910034,0.6720021367073059,0.05244155600667,0.054122403264045715,0.05599641054868698,0.050583742558956146,0.05787494406104088
datasets\data\test\Candidiasis\train_candida-penis-47.jpeg,Candidiasis,1,Candidiasis,1,0.04959170147776604,0.6706392168998718,0.05466977134346962,0.051445841789245605,0.05328429490327835,0.06358009576797485,0.05678906291723251
datasets\data\test\Candidiasis\train_Candida-penis-765.jpeg,Candidiasis,1,Candidiasis,1,0.06136184185743332,0.5957145094871521,0.06442728638648987,0.05079210177063942,0.057931866496801376,0.11537763476371765,0.054394710808992386
datasets\data\test\Candidiasis\train_candidiasis-diaper-25.jpeg,Candidiasis,1,Eczema,2,0.060731466859579086,0.07470016181468964,0.3260761499404907,0.07174362987279892,0.04991161450743675,0.17461155354976654,0.24222548305988312
datasets\data\test\Candidiasis\train_candidiasis-diaper-31.jpeg,Candidiasis,1,Candidiasis,1,0.04818592965602875,0.704762876033783,0.05358211323618889,0.0524488240480423,0.0506150908768177,0.043045926839113235,0.047359172254800797
datasets\data\test\Candidiasis\train_candidiasis-large-skin-folds-117.jpeg,Candidiasis,1,Candidiasis,1,0.056183766573667526,0.6877412796020508,0.053720928728580475,0.05063484609127045,0.05070725455880165,0.041786227375268936,0.059225719422101974
datasets\data\test\Candidiasis\train_candidiasis-large-skin-folds-131.jpeg,Candidiasis,1,Tinea,6,0.044279225170612335,0.04657866060733795,0.030771352350711823,0.04236448556184769,0.044548556208610535,0.27823272347450256,0.5132250785827637
datasets\data\test\Candidiasis\train_candidiasis-large-skin-folds-142.jpeg,Candidiasis,1,Candidiasis,1,0.0597604401409626,0.6354687213897705,0.05937551334500313,0.06697182357311249,0.05967949703335762,0.05868975445628166,0.0600542314350605
datasets\data\test\Candidiasis\train_candidiasis-large-skin-folds-163.jpeg,Candidiasis,1,Candidiasis,1,0.05429787188768387,0.6731551289558411,0.060049962252378464,0.05338554456830025,0.05310157686471939,0.041221946477890015,0.06478790938854218
datasets\data\test\Candidiasis\train_candidiasis-large-skin-folds-166.jpeg,Candidiasis,1,Candidiasis,1,0.05990162491798401,0.6389220356941223,0.05894489213824272,0.055052708834409714,0.058585844933986664,0.06113836169242859,0.06745456159114838
datasets\data\test\Candidiasis\train_candidiasis-large-skin-folds-17.jpeg,Candidiasis,1,Acne,0,0.46885907649993896,0.04335587099194527,0.035582974553108215,0.04666377604007721,0.04601879417896271,0.06129169091582298,0.29822778701782227
datasets\data\test\Candidiasis\train_candidiasis-large-skin-folds-170.jpeg,Candidiasis,1,Candidiasis,1,0.05333024263381958,0.6702030301094055,0.052191466093063354,0.05723586678504944,0.054530754685401917,0.05478336662054062,0.057725269347429276
datasets\data\test\Candidiasis\train_candidiasis-large-skin-folds-175.jpeg,Candidiasis,1,Candidiasis,1,0.06887322664260864,0.5509524345397949,0.06074797362089157,0.04920586943626404,0.052683934569358826,0.10607995092868805,0.11145661026239395
datasets\data\test\Candidiasis\train_candidiasis-large-skin-folds-176.jpeg,Candidiasis,1,Candidiasis,1,0.05536942929029465,0.6948349475860596,0.05020856112241745,0.05241381376981735,0.05189752206206322,0.052041005343198776,0.04323473945260048
datasets\data\test\Candidiasis\train_candidiasis-large-skin-folds-95.jpeg,Candidiasis,1,Candidiasis,1,0.04895912483334541,0.692152202129364,0.05498542636632919,0.04992866888642311,0.04999977722764015,0.051840025931596756,0.05213474482297897
datasets\data\test\Candidiasis\train_candidiasis-mouth-11.jpeg,Candidiasis,1,Psoriasis,5,0.057154275476932526,0.07603035122156143,0.049080487340688705,0.050851307809352875,0.05552520975470543,0.5352743864059448,0.17608390748500824
datasets\data\test\Eczema\test_05Atopic0712046.jpeg,Eczema,2,Eczema,2,0.03475720062851906,0.04982105270028114,0.7167087197303772,0.029645226895809174,0.041968829929828644,0.03824083134531975,0.08885814994573593
datasets\data\test\Eczema\test_Dyshidrosis-14.jpg,Eczema,2,Tinea,6,0.04244207590818405,0.04374372586607933,0.11095545440912247,0.043156251311302185,0.04094651713967323,0.032284338027238846,0.6864715218544006
datasets\data\test\Eczema\test_Dyshidrosis-31.jpg,Eczema,2,Eczema,2,0.06956200301647186,0.04082605987787247,0.6177279949188232,0.03090905211865902,0.0380658395588398,0.18762892484664917,0.015280133113265038
datasets\data\test\Eczema\test_eczema-fingertips-142.jpeg,Eczema,2,Eczema,2,0.04691334813833237,0.04445154219865799,0.7033913731575012,0.04643426835536957,0.05233581364154816,0.031016698107123375,0.07545702904462814
datasets\data\test\Eczema\test_lichen-simplex-chronicus-177.jpg,Eczema,2,Eczema,2,0.042780131101608276,0.04590148106217384,0.7091473937034607,0.0665476843714714,0.04906225949525833,0.02544550783932209,0.0611155740916729
datasets\data\test\Eczema\test_lichen-simplex-chronicus-89.jpg,Eczema,2,Psoriasis,5,0.06074490770697594,0.02654411643743515,0.045890096575021744,0.021636173129081726,0.025007493793964386,0.7285457253456116,0.09163141250610352
datasets\data\test\Eczema\test_lichen-simplex-chronicus-91.jpg,Eczema,2,Eczema,2,0.05666617304086685,0.024394676089286804,0.7924681901931763,0.03084917739033699,0.025544723495841026,0.018486686050891876,0.051590342074632645
datasets\data\test\Eczema\test_neurotic-excoriations-13.jpg,Eczema,2,Eczema,2,0.03739436715841293,0.04665422439575195,0.6018171906471252,0.05276833102107048,0.04813120886683464,0.1473727524280548,0.06586193293333054
datasets\data\test\Eczema\test_neurotic-excoriations-27.jpg,Eczema,2,Eczema,2,0.035062726587057114,0.04712346941232681,0.5666854381561279,0.07643678784370422,0.0451839342713356,0.12169928103685379,0.10780838876962662
datasets\data\test\Eczema\test_pompholyx-7.jpg,Eczema,2,Eczema,2,0.144398495554924,0.060290541499853134,0.3975924849510193,0.07381182909011841,0.04825431481003761,0.04254266619682312,0.233109712600708
datasets\data\test\Eczema\test_prurigo-nodularis-22.jpg,Eczema,2,Eczema,2,0.05916992947459221,0.05602254346013069,0.6143403649330139,0.04739442840218544,0.05871540307998657,0.12044044584035873,0.04391685873270035
datasets\data\test\Eczema\test_stasis-dermatitis-115.jpg,Eczema,2,Eczema,2,0.038570303469896317,0.05360560119152069,0.6473121047019958,0.06852427124977112,0.04987494647502899,0.08780204504728317,0.05431079491972923
datasets\data\test\Eczema\test_stasis-dermatitis-122.jpg,Eczema,2,Eczema,2,0.04147930443286896,0.047535546123981476,0.7248006463050842,0.03183309733867645,0.04204434156417847,0.051517143845558167,0.060789886862039566
datasets\data\test\Eczema\test_stasis-dermatitis-135.jpg,Eczema,2,Eczema,2,0.033714503049850464,0.028614532202482224,0.6831639409065247,0.06722918897867203,0.030205335468053818,0.09897344559431076,0.058099087327718735
datasets\data\test\Eczema\test_stasis-dermatitis-93.jpg,Eczema,2,Eczema,2,0.06325043737888336,0.059787508100271225,0.6649867296218872,0.04240994527935982,0.060777515172958374,0.03929795324802399,0.0694899931550026
datasets\data\test\Eczema\train_chapped-fissured-feet-1.jpg,Eczema,2,Eczema,2,0.0459618866443634,0.0467425175011158,0.6590325236320496,0.04170367494225502,0.04736175388097763,0.04209089279174805,0.11710675805807114
datasets\data\test\Eczema\train_chapped-fissured-feet-17.jpg,Eczema,2,Eczema,2,0.032204851508140564,0.0420413464307785,0.7103754878044128,0.03850006312131882,0.04079120233654976,0.06512835621833801,0.07095874845981598
datasets\data\test\Eczema\train_chapped-fissured-feet-34.jpg,Eczema,2,Eczema,2,0.039015255868434906,0.038892291486263275,0.7706038951873779,0.02767307683825493,0.03725036606192589,0.04066917672753334,0.04589604213833809
datasets\data\test\Eczema\train_chapped-fissured-feet-5.jpg,Eczema,2,Eczema,2,0.05038335546851158,0.05693608522415161,0.6253488063812256,0.04940148442983627,0.06162986531853676,0.03167518600821495,0.12462516874074936
datasets\data\test\Eczema\train_desquamation-7.jpg,Eczema,2,Eczema,2,0.03294765204191208,0.0522814616560936,0.549516499042511,0.032755475491285324,0.07252329587936401,0.1440144032239914,0.1159612312912941
datasets\data\test\Eczema\train_Dyshidrosis-17.jpg,Eczema,2,Eczema,2,0.06276831775903702,0.05680510029196739,0.5427923798561096,0.0399349182844162,0.062194064259529114,0.1502142697572708,0.08529093116521835
datasets\data\test\Eczema\train_Dyshidrosis-23.jpg,Eczema,2,Eczema,2,0.037346746772527695,0.034310825169086456,0.718191921710968,0.03406033664941788,0.04122539237141609,0.11265260726213455,0.022212155163288116
datasets\data\test\Eczema\train_Dyshidrosis-25.jpg,Eczema,2,Eczema,2,0.06362443417310715,0.04540694132447243,0.6282287836074829,0.05272265896201134,0.04446245729923248,0.10864539444446564,0.056909285485744476
datasets\data\test\Eczema\train_Dyshidrosis-32.jpg,Eczema,2,Eczema,2,0.06636966019868851,0.048175547271966934,0.4616703689098358,0.05080444738268852,0.04889967292547226,0.29985395073890686,0.024226360023021698
datasets\data\test\Eczema\train_Dyshidrosis-38.jpg,Eczema,2,Eczema,2,0.035848088562488556,0.036817245185375214,0.747472882270813,0.031962692737579346,0.057015560567379,0.04196714237332344,0.04891638457775116
datasets\data\test\Eczema\train_Dyshidrosis-6.jpg,Eczema,2,Eczema,2,0.030773643404245377,0.04373549669981003,0.7541661262512207,0.03958354890346527,0.031815726310014725,0.0323563814163208,0.06756914407014847
datasets\data\test\Eczema\train_eczema-acute-2.jpeg,Eczema,2,Eczema,2,0.0395800955593586,0.03449362516403198,0.45817965269088745,0.03104095160961151,0.031952936202287674,0.36986100673675537,0.034891724586486816
datasets\data\test\Eczema\train_eczema-areola-10.jpeg,Eczema,2,Eczema,2,0.0419468879699707,0.0489029623568058,0.6168038249015808,0.03909781575202942,0.04501903057098389,0.05688202753663063,0.15134742856025696
datasets\data\test\Eczema\train_eczema-areola-11.jpeg,Eczema,2,Eczema,2,0.05850799009203911,0.05768289789557457,0.6124985218048096,0.05545518547296524,0.06483937799930573,0.03687170147895813,0.11414430290460587
datasets\data\test\Eczema\train_eczema-areola-22.jpeg,Eczema,2,Psoriasis,5,0.04407999664545059,0.04290255159139633,0.22112788259983063,0.05402990058064461,0.053961094468832016,0.4312914311885834,0.15260720252990723
datasets\data\test\Eczema\train_eczema-areola-8.jpeg,Eczema,2,Eczema,2,0.27457737922668457,0.05673769488930702,0.4625988304615021,0.060616541653871536,0.055189479142427444,0.0695081502199173,0.020771902054548264
datasets\data\test\Eczema\train_eczema-asteatotic-15.jpeg,Eczema,2,Eczema,2,0.05430547893047333,0.057194940745830536,0.6893341541290283,0.05956368148326874,0.059845663607120514,0.03149716556072235,0.048258937895298004
datasets\data\test\Eczema\train_eczema-asteatotic-24.jpeg,Eczema,2,Eczema,2,0.03702986612915993,0.04617539048194885,0.4516310691833496,0.0592242106795311,0.10370640456676483,0.09012945741415024,0.21210364997386932
datasets\data\test\Eczema\train_eczema-asteatotic-29.jpeg,Eczema,2,Eczema,2,0.057704370468854904,0.0554637536406517,0.6258078217506409,0.04984024539589882,0.05237021669745445,0.04776376485824585,0.11104981601238251
datasets\data\test\Eczema\train_eczema-asteatotic-30.jpeg,Eczema,2,Eczema,2,0.0668836161494255,0.05698176100850105,0.5927965044975281,0.053520314395427704,0.05527426302433014,0.10899985581636429,0.06554362177848816
datasets\data\test\Eczema\train_eczema-asteatotic-39.jpeg,Eczema,2,Eczema,2,0.04041833057999611,0.03662711754441261,0.7582411766052246,0.05544472858309746,0.0570138655602932,0.03250572457909584,0.019749056547880173
datasets\data\test\Eczema\train_eczema-asteatotic-53.jpeg,Eczema,2,Eczema,2,0.032350484281778336,0.05163199082016945,0.35195866227149963,0.06291738897562027,0.05574700981378555,0.2064739465713501,0.23892052471637726
datasets\data\test\Eczema\train_eczema-asteatotic-6.jpeg,Eczema,2,Eczema,2,0.03573693335056305,0.04447746276855469,0.7408430576324463,0.059005577117204666,0.04893748462200165,0.031006865203380585,0.03999263048171997
datasets\data\test\Eczema\train_eczema-chronic-12.jpeg,Eczema,2,Eczema,2,0.029455043375492096,0.028917545452713966,0.8027827143669128,0.03048151545226574,0.019475940614938736,0.07189671695232391,0.0169905424118042
datasets\data\test\Eczema\train_eczema-chronic-4.jpeg,Eczema,2,Eczema,2,0.0405261255800724,0.024630507454276085,0.6086977124214172,0.08639799803495407,0.028035327792167664,0.024508828297257423,0.1872035413980484
datasets\data\test\Eczema\train_eczema-chronic-48.jpeg,Eczema,2,Psoriasis,5,0.02465708740055561,0.02848822809755802,0.29465651512145996,0.03108520433306694,0.023730453103780746,0.5521056056022644,0.045276861637830734
datasets\data\test\Eczema\train_eczema-fingertips-1.jpeg,Eczema,2,Eczema,2,0.038418933749198914,0.03576960042119026,0.7534847855567932,0.05972784012556076,0.03747221454977989,0.050739847123622894,0.024386780336499214
datasets\data\test\Eczema\train_eczema-fingertips-125.jpeg,Eczema,2,Eczema,2,0.03666314110159874,0.043681565672159195,0.7335547208786011,0.056512072682380676,0.05063401535153389,0.05790897458791733,0.021045459434390068
datasets\data\test\Eczema\train_eczema-fingertips-126.jpeg,Eczema,2,Eczema,2,0.050701506435871124,0.032084882259368896,0.7397768497467041,0.062257565557956696,0.04497027397155762,0.03559308126568794,0.03461587429046631
datasets\data\test\Eczema\train_eczema-fingertips-130.jpeg,Eczema,2,Eczema,2,0.03358260914683342,0.04369933158159256,0.6080448031425476,0.03697894513607025,0.04731405898928642,0.18705523014068604,0.04332505911588669
datasets\data\test\Eczema\train_eczema-fingertips-143.jpeg,Eczema,2,Psoriasis,5,0.030785253271460533,0.04561593383550644,0.22436051070690155,0.04451372101902962,0.0450141541659832,0.590226948261261,0.019483407959342003
datasets\data\test\Eczema\train_eczema-fingertips-26.jpeg,Eczema,2,Eczema,2,0.04984543099999428,0.04767033830285072,0.6626919507980347,0.03827706724405289,0.04635638743638992,0.10373888164758682,0.05141988769173622
datasets\data\test\Eczema\train_eczema-fingertips-27.jpeg,Eczema,2,Eczema,2,0.0434323251247406,0.040452610701322556,0.7389082908630371,0.029718566685914993,0.037792399525642395,0.06784335523843765,0.041852474212646484
datasets\data\test\Eczema\train_eczema-fingertips-36.jpg,Eczema,2,Eczema,2,0.06093376502394676,0.051806479692459106,0.6869120597839355,0.06974698603153229,0.05811043828725815,0.029515238478779793,0.0429750457406044
datasets\data\test\Eczema\train_eczema-fingertips-43.jpeg,Eczema,2,Eczema,2,0.04808852821588516,0.05216630548238754,0.6642081141471863,0.05089341849088669,0.058124031871557236,0.09842472523450851,0.028094874694943428
datasets\data\test\Eczema\train_eczema-fingertips-44.jpeg,Eczema,2,Eczema,2,0.071208655834198,0.0738844946026802,0.4367009997367859,0.07019519805908203,0.09729722142219543,0.20181436836719513,0.04889901727437973
datasets\data\test\Eczema\train_eczema-fingertips-6.jpeg,Eczema,2,Eczema,2,0.03491169586777687,0.038247302174568176,0.712172269821167,0.0864826887845993,0.044399719685316086,0.058581914752721786,0.025204358622431755
datasets\data\test\Eczema\train_eczema-fingertips-60.jpeg,Eczema,2,Eczema,2,0.049500830471515656,0.04903693124651909,0.7026623487472534,0.06923183798789978,0.06527183949947357,0.027386929839849472,0.036909300833940506
datasets\data\test\Eczema\train_eczema-fingertips-74.jpeg,Eczema,2,Eczema,2,0.05491272732615471,0.06407041102647781,0.677483081817627,0.05404846370220184,0.07220292836427689,0.034294918179512024,0.04298748821020126
datasets\data\test\Eczema\train_eczema-fingertips-76.jpeg,Eczema,2,Eczema,2,0.03905512019991875,0.0411822609603405,0.7511835694313049,0.04662301018834114,0.04766162857413292,0.05135174095630646,0.022942792624235153
datasets\data\test\Eczema\train_eczema-fingertips-88.jpeg,Eczema,2,Eczema,2,0.05229051783680916,0.04856475442647934,0.6969615817070007,0.06682371348142624,0.05526086688041687,0.05609574913978577,0.024002788588404655
datasets\data\test\Eczema\train_eczema-fingertips-98.jpg,Eczema,2,Eczema,2,0.0423782579600811,0.03672267124056816,0.6219202876091003,0.1908729076385498,0.042407166212797165,0.03656699135899544,0.029131663963198662
datasets\data\test\Eczema\train_eczema-foot-102.jpeg,Eczema,2,Eczema,2,0.03470216691493988,0.05360095202922821,0.4725927412509918,0.04374369978904724,0.050241705030202866,0.035571057349443436,0.30954766273498535
datasets\data\test\Eczema\train_eczema-foot-16.jpeg,Eczema,2,Eczema,2,0.046530358493328094,0.036587171256542206,0.7009983658790588,0.04194165766239166,0.04116303473711014,0.026246538385748863,0.10653285682201385
datasets\data\test\Eczema\train_eczema-foot-20.jpeg,Eczema,2,Tinea,6,0.056092556565999985,0.06093967333436012,0.14932067692279816,0.0373278483748436,0.049748778343200684,0.03358833119273186,0.6129821538925171
datasets\data\test\Eczema\train_eczema-foot-22.jpeg,Eczema,2,Eczema,2,0.05712789669632912,0.0624406635761261,0.668910801410675,0.05028240382671356,0.052929315716028214,0.03866890072822571,0.06964008510112762
datasets\data\test\Eczema\train_eczema-foot-29.jpeg,Eczema,2,Eczema,2,0.026175545528531075,0.03018452785909176,0.7650833129882812,0.03241406008601189,0.03459683805704117,0.07119689136743546,0.040348805487155914
datasets\data\test\Eczema\train_eczema-foot-31.jpeg,Eczema,2,Psoriasis,5,0.045957840979099274,0.05557229742407799,0.3495907187461853,0.05243157967925072,0.04980212822556496,0.4120887815952301,0.034556690603494644
datasets\data\test\Eczema\train_eczema-foot-33.jpeg,Eczema,2,Psoriasis,5,0.039894845336675644,0.030090445652604103,0.13491016626358032,0.02956574596464634,0.04877201467752457,0.6943044662475586,0.02246231399476528
datasets\data\test\Eczema\train_eczema-foot-52.jpeg,Eczema,2,Eczema,2,0.03931104764342308,0.03961450606584549,0.7545823454856873,0.031990669667720795,0.043801408261060715,0.06135061755776405,0.029349442571401596
datasets\data\test\Eczema\train_eczema-foot-74.jpeg,Eczema,2,Eczema,2,0.03327445685863495,0.037822749465703964,0.7839227914810181,0.04374581575393677,0.03363800421357155,0.02306250110268593,0.044533621519804
datasets\data\test\Eczema\train_eczema-foot-81.jpeg,Eczema,2,Eczema,2,0.04380663111805916,0.050186727195978165,0.7115577459335327,0.043548792600631714,0.04883909225463867,0.054880376905202866,0.04718058556318283
datasets\data\test\Eczema\train_eczema-foot-96.jpeg,Eczema,2,Eczema,2,0.03912348300218582,0.028798025101423264,0.7580059170722961,0.025712953880429268,0.03407701849937439,0.09390003234148026,0.020382637158036232
datasets\data\test\Eczema\train_eczema-hand-108.jpeg,Eczema,2,Eczema,2,0.03849070519208908,0.03849346935749054,0.7402660250663757,0.02249034121632576,0.03853493928909302,0.09972648322582245,0.021998006850481033
datasets\data\test\Eczema\train_eczema-hand-119.jpeg,Eczema,2,Tinea,6,0.06397239863872528,0.05629771947860718,0.15377597510814667,0.05172755941748619,0.047376032918691635,0.05733722448348999,0.5695130825042725
datasets\data\test\Eczema\train_eczema-hand-130.jpeg,Eczema,2,Eczema,2,0.06078676879405975,0.052404168993234634,0.6442959308624268,0.0338062047958374,0.053267188370227814,0.10768217593431473,0.04775761067867279
datasets\data\test\Eczema\train_eczema-hand-132.jpeg,Eczema,2,Eczema,2,0.05613170936703682,0.06244572997093201,0.6779494881629944,0.04389599710702896,0.05687906965613365,0.025933433324098587,0.07676457613706589
datasets\data\test\Eczema\train_eczema-hand-138.jpeg,Eczema,2,Eczema,2,0.0740007609128952,0.06336212903261185,0.6089938879013062,0.05405546724796295,0.08024420589208603,0.08050335943698883,0.03884022310376167
datasets\data\test\Eczema\train_eczema-hand-143.jpeg,Eczema,2,Eczema,2,0.05619563162326813,0.038881752640008926,0.7328149080276489,0.04039948806166649,0.0502760224044323,0.047274257987737656,0.03415792062878609
datasets\data\test\Eczema\train_eczema-hand-144.jpeg,Eczema,2,Eczema,2,0.04160284250974655,0.0437094010412693,0.6717646718025208,0.04358866810798645,0.047768719494342804,0.042491745203733444,0.10907398164272308
datasets\data\test\Eczema\train_eczema-hand-151.jpeg,Eczema,2,Eczema,2,0.05924496427178383,0.05639415979385376,0.6260544657707214,0.0547487847507,0.05732378736138344,0.07737017422914505,0.06886370480060577
datasets\data\test\Eczema\train_eczema-hand-166.jpg,Eczema,2,Eczema,2,0.04457760602235794,0.050407715141773224,0.716720700263977,0.041674308478832245,0.06043024733662605,0.0372486375272274,0.048940762877464294
datasets\data\test\Eczema\train_eczema-hand-175.jpeg,Eczema,2,Eczema,2,0.07275133579969406,0.056999191641807556,0.6670033931732178,0.05867435783147812,0.07328291237354279,0.03181165084242821,0.039477236568927765
datasets\data\test\Eczema\train_eczema-hand-185.jpeg,Eczema,2,Eczema,2,0.08597429096698761,0.05709363892674446,0.5872952938079834,0.047492146492004395,0.07188238203525543,0.11980217695236206,0.03046015277504921
datasets\data\test\Eczema\train_eczema-hand-190.jpeg,Eczema,2,Eczema,2,0.05598687753081322,0.04733165353536606,0.6709117293357849,0.048800431191921234,0.05497096851468086,0.07583112269639969,0.04616721346974373
datasets\data\test\Eczema\train_eczema-hand-191.jpeg,Eczema,2,Eczema,2,0.05001046508550644,0.04807749018073082,0.7239370942115784,0.05041598901152611,0.05432577431201935,0.043915774673223495,0.029317384585738182
datasets\data\test\Eczema\train_eczema-hand-90.jpeg,Eczema,2,Eczema,2,0.04386868327856064,0.04986884444952011,0.49512389302253723,0.034667350351810455,0.050059814006090164,0.23722192645072937,0.08918950706720352
datasets\data\test\Eczema\train_eczema-hand-91.jpeg,Eczema,2,Eczema,2,0.030884116888046265,0.033861853182315826,0.4971117675304413,0.029884370043873787,0.07189410924911499,0.30343079566955566,0.03293295204639435
datasets\data\test\Eczema\train_eczema-impetiginized-1.jpeg,Eczema,2,Tinea,6,0.024759456515312195,0.039011552929878235,0.09135399758815765,0.040361884981393814,0.06177479773759842,0.10307955741882324,0.6396587491035461
datasets\data\test\Eczema\train_eczema-impetiginized-10.jpeg,Eczema,2,Psoriasis,5,0.09119006246328354,0.02549402043223381,0.1499776542186737,0.03832276538014412,0.03625380992889404,0.5608988404273987,0.09786283224821091
datasets\data\test\Eczema\train_eczema-leg-14.jpeg,Eczema,2,Eczema,2,0.04712401330471039,0.046749308705329895,0.6556645631790161,0.047379523515701294,0.04506661370396614,0.03876277804374695,0.1192532405257225
datasets\data\test\Eczema\train_eczema-leg-20.jpeg,Eczema,2,Eczema,2,0.04315536096692085,0.04222896322607994,0.7578991055488586,0.042869824916124344,0.0468277633190155,0.029792947694659233,0.03722597286105156
datasets\data\test\Eczema\train_eczema-nummular-105.jpeg,Eczema,2,Eczema,2,0.03390371426939964,0.030393796041607857,0.6896568536758423,0.03878471627831459,0.02752462960779667,0.15849974751472473,0.021236523985862732
datasets\data\test\Eczema\train_eczema-nummular-115.jpeg,Eczema,2,Eczema,2,0.2279028743505478,0.026504991576075554,0.36827731132507324,0.051190320402383804,0.07107985764741898,0.21605774760246277,0.03898691013455391
datasets\data\test\Eczema\train_eczema-nummular-144.jpeg,Eczema,2,Psoriasis,5,0.036201417446136475,0.05086217075586319,0.08700226992368698,0.033380791544914246,0.05518508329987526,0.6092745065689087,0.12809376418590546
datasets\data\test\Eczema\train_eczema-nummular-156.jpg,Eczema,2,Eczema,2,0.03520349785685539,0.0465489998459816,0.6043752431869507,0.08750235289335251,0.05071304738521576,0.11437332630157471,0.06128350645303726
datasets\data\test\Eczema\train_eczema-nummular-165.jpeg,Eczema,2,Eczema,2,0.06466849893331528,0.06443356722593307,0.4722644090652466,0.05259779840707779,0.06093093752861023,0.11665201187133789,0.16845278441905975
datasets\data\test\Eczema\train_eczema-nummular-173.jpeg,Eczema,2,Eczema,2,0.043155770748853683,0.034221723675727844,0.66168612241745,0.045472919940948486,0.03357015177607536,0.11868846416473389,0.06320492178201675
datasets\data\test\Eczema\train_eczema-nummular-180.jpeg,Eczema,2,Eczema,2,0.04297369346022606,0.05305928364396095,0.711829662322998,0.040824245661497116,0.05373808741569519,0.0528152771294117,0.044759709388017654
datasets\data\test\Eczema\train_eczema-nummular-80.jpeg,Eczema,2,Eczema,2,0.07780596613883972,0.05485222861170769,0.6216493844985962,0.05998910963535309,0.05633111670613289,0.06637381762266159,0.06299837678670883
datasets\data\test\Eczema\train_eczema-nummular-82.jpeg,Eczema,2,Psoriasis,5,0.06968620419502258,0.04334467649459839,0.2019418478012085,0.024453403428196907,0.03564215078949928,0.5907430648803711,0.03418862447142601
datasets\data\test\Eczema\train_eczema-scrotum-4.jpeg,Eczema,2,Eczema,2,0.04671866446733475,0.03023568168282509,0.5201451778411865,0.08203752338886261,0.03304610028862953,0.2639392912387848,0.023877553641796112
datasets\data\test\Eczema\train_eczema-subacute-105.jpeg,Eczema,2,Eczema,2,0.06965729594230652,0.05509325861930847,0.6921105980873108,0.045561328530311584,0.05784255266189575,0.030852066352963448,0.04888293519616127
datasets\data\test\Eczema\train_eczema-subacute-19.jpeg,Eczema,2,Eczema,2,0.144723579287529,0.05001245066523552,0.5800086855888367,0.03632795810699463,0.04584984481334686,0.08529574424028397,0.05778168514370918
datasets\data\test\Eczema\train_eczema-subacute-77.jpeg,Eczema,2,Eczema,2,0.043305762112140656,0.05190996825695038,0.6699354648590088,0.05582096800208092,0.043442413210868835,0.07614407688379288,0.059441305696964264
datasets\data\test\Eczema\train_eczema-subacute-9.jpeg,Eczema,2,Eczema,2,0.02213176339864731,0.026884211227297783,0.7604553699493408,0.02615935541689396,0.030140170827507973,0.062079980969429016,0.07214919477701187
datasets\data\test\Eczema\train_eczema-trunk-generalized-19.jpeg,Eczema,2,Eczema,2,0.061002425849437714,0.04874371737241745,0.3918284773826599,0.04064168781042099,0.0435577929019928,0.3698710501194,0.04435483366250992
datasets\data\test\Eczema\train_eczema-trunk-generalized-2.jpeg,Eczema,2,Eczema,2,0.05284631624817848,0.03149568289518356,0.7802408933639526,0.034008294343948364,0.03190847486257553,0.04961579665541649,0.019884498789906502
datasets\data\test\Eczema\train_eczema-vulva-5.jpeg,Eczema,2,Psoriasis,5,0.035928238183259964,0.05067477747797966,0.19539383053779602,0.026047641411423683,0.04160721227526665,0.49601638317108154,0.15433190762996674
datasets\data\test\Eczema\train_eczema-vulva-6.jpg,Eczema,2,Psoriasis,5,0.03985198587179184,0.04466872662305832,0.16710726916790009,0.03832589462399483,0.05139918997883797,0.49584245681762695,0.1628044694662094
datasets\data\test\Eczema\train_eczema-vulva-7.jpeg,Eczema,2,Eczema,2,0.02314557135105133,0.015431132167577744,0.7955103516578674,0.022631190717220306,0.017576947808265686,0.08553526550531387,0.04016964137554169
datasets\data\test\Eczema\train_emersion-foot-4.jpg,Eczema,2,Psoriasis,5,0.03902044892311096,0.043261345475912094,0.24437318742275238,0.06950855255126953,0.05017469823360443,0.3274906575679779,0.22617101669311523
datasets\data\test\Eczema\train_fiberglass-dermatitis-1.jpg,Eczema,2,Tinea,6,0.04029857739806175,0.03927140682935715,0.08551114797592163,0.10073364526033401,0.04520632326602936,0.05800636485219002,0.6309726238250732
datasets\data\test\Eczema\train_fissure-11.jpg,Eczema,2,Eczema,2,0.048299532383680344,0.03830020874738693,0.7211892604827881,0.08072337508201599,0.04151463508605957,0.03814186528325081,0.031831152737140656
datasets\data\test\Eczema\train_keratolysis-exfoliativa-10.jpg,Eczema,2,Eczema,2,0.04446554556488991,0.036432936787605286,0.7340570092201233,0.046928904950618744,0.04939693585038185,0.05463572219014168,0.03408290073275566
datasets\data\test\Eczema\train_keratolysis-exfoliativa-17.jpg,Eczema,2,Eczema,2,0.044197987765073776,0.05822043865919113,0.6301811337471008,0.044834475964307785,0.05512070283293724,0.03557068482041359,0.13187457621097565
datasets\data\test\Eczema\train_keratolysis-exfoliativa-20.jpg,Eczema,2,Eczema,2,0.0458228662610054,0.06505707651376724,0.6565525531768799,0.047331131994724274,0.05563142150640488,0.04370731860399246,0.08589768409729004
datasets\data\test\Eczema\train_keratolysis-exfoliativa-21.jpg,Eczema,2,Eczema,2,0.05818585678935051,0.07228939235210419,0.5678689479827881,0.04888802021741867,0.04585308954119682,0.026685060933232307,0.18022964894771576
datasets\data\test\Eczema\train_keratolysis-exfoliativa-24.jpg,Eczema,2,Eczema,2,0.11115553230047226,0.05034980550408363,0.34584638476371765,0.041417572647333145,0.057270847260951996,0.08509909361600876,0.30886074900627136
datasets\data\test\Eczema\train_keratolysis-exfoliativa-25.jpg,Eczema,2,Eczema,2,0.04332909360527992,0.05283448472619057,0.6926525831222534,0.039512645453214645,0.05111440271139145,0.027826573699712753,0.09273020178079605
datasets\data\test\Eczema\train_keratolysis-exfoliativa-30.jpg,Eczema,2,Eczema,2,0.0570417158305645,0.05496355891227722,0.5316866636276245,0.040632981806993484,0.04618667811155319,0.2287507802248001,0.04073761776089668
datasets\data\test\Eczema\train_keratolysis-exfoliativa-32.jpg,Eczema,2,Eczema,2,0.04591462388634682,0.04098367318511009,0.6136364340782166,0.03193001076579094,0.03736052289605141,0.20403659343719482,0.026138149201869965
datasets\data\test\Eczema\train_keratolysis-exfoliativa-47.jpg,Eczema,2,Eczema,2,0.03643685579299927,0.04735187068581581,0.7287895679473877,0.018895991146564484,0.03054956905543804,0.06267419457435608,0.07530193030834198
datasets\data\test\Eczema\train_lichen-simplex-chronicus-110.jpg,Eczema,2,Eczema,2,0.058749306946992874,0.0480843260884285,0.5488038659095764,0.044049251824617386,0.044328492134809494,0.06190595030784607,0.19407880306243896
datasets\data\test\Eczema\train_lichen-simplex-chronicus-111.jpg,Eczema,2,Eczema,2,0.04112591594457626,0.04765808582305908,0.37789982557296753,0.09450555592775345,0.05049492046236992,0.11452469229698181,0.27379110455513
datasets\data\test\Eczema\train_lichen-simplex-chronicus-120.jpg,Eczema,2,Eczema,2,0.05168496444821358,0.05165873467922211,0.68851637840271,0.04235249385237694,0.05239107832312584,0.08944906294345856,0.023947296664118767
datasets\data\test\Eczema\train_lichen-simplex-chronicus-131.jpg,Eczema,2,Eczema,2,0.09183190762996674,0.04281952232122421,0.42635899782180786,0.0697394534945488,0.05936572700738907,0.29803937673568726,0.011845016852021217
datasets\data\test\Eczema\train_lichen-simplex-chronicus-133.jpg,Eczema,2,Eczema,2,0.04469864442944527,0.05335665121674538,0.6832666397094727,0.03962100297212601,0.05263213440775871,0.022756289690732956,0.10366866737604141
datasets\data\test\Eczema\train_lichen-simplex-chronicus-181.jpg,Eczema,2,Eczema,2,0.05046725273132324,0.03212206810712814,0.7879235744476318,0.02839856967329979,0.029115261510014534,0.03135926276445389,0.04061397537589073
datasets\data\test\Eczema\train_lichen-simplex-chronicus-182.jpg,Eczema,2,Eczema,2,0.03143107518553734,0.02991368994116783,0.5535748600959778,0.025845753028988838,0.038037750869989395,0.3014511466026306,0.019745783880352974
datasets\data\test\Eczema\train_lichen-simplex-chronicus-191.jpg,Eczema,2,Eczema,2,0.0272708460688591,0.026148080825805664,0.7886539101600647,0.03000686503946781,0.029796168208122253,0.042033154517412186,0.05609098821878433
datasets\data\test\Eczema\train_lichen-simplex-chronicus-83.jpg,Eczema,2,Candidiasis,1,0.053610850125551224,0.6013918519020081,0.08819813281297684,0.05721457675099373,0.0681687518954277,0.05852692574262619,0.07288893312215805
datasets\data\test\Eczema\train_maceration-1.jpg,Eczema,2,Eczema,2,0.0276528000831604,0.04623240604996681,0.48209959268569946,0.027318205684423447,0.034266356378793716,0.30249929428100586,0.07993129640817642
datasets\data\test\Eczema\train_milroy-disease-1.jpg,Eczema,2,Psoriasis,5,0.051644086837768555,0.06146027892827988,0.08106023073196411,0.05231005698442459,0.04560345783829689,0.47422030568122864,0.23370160162448883
datasets\data\test\Eczema\train_neurotic-excoriations-2.jpg,Eczema,2,Eczema,2,0.10653938353061676,0.03209895268082619,0.744924008846283,0.028287772089242935,0.0445251390337944,0.015133868902921677,0.02849091775715351
datasets\data\test\Eczema\train_neurotic-excoriations-21.jpg,Eczema,2,Psoriasis,5,0.03988258168101311,0.04674185439944267,0.27649372816085815,0.06638815253973007,0.04596077278256416,0.4884531795978546,0.0360797680914402
datasets\data\test\Eczema\train_neurotic-excoriations-38.jpg,Eczema,2,Eczema,2,0.10717041045427322,0.02723916433751583,0.6364684104919434,0.09639107435941696,0.03081478178501129,0.06193535029888153,0.039980776607990265
datasets\data\test\Eczema\train_neurotic-excoriations-59.jpg,Eczema,2,Eczema,2,0.04682408645749092,0.03234602138400078,0.8092770576477051,0.024437909945845604,0.03164837136864662,0.028187580406665802,0.027278997004032135
datasets\data\test\Eczema\train_neurotic-excoriations-8.jpg,Eczema,2,Eczema,2,0.038458772003650665,0.042381785809993744,0.6139683723449707,0.04586063697934151,0.038617026060819626,0.16308586299419403,0.05762757360935211
datasets\data\test\Eczema\train_notalgia-paraesthetica-2.jpg,Eczema,2,Eczema,2,0.07057536393404007,0.03785417228937149,0.5999565720558167,0.04101181775331497,0.03484717011451721,0.15253444015979767,0.06322041898965836
datasets\data\test\Eczema\train_phlebitis-superficial-5.jpg,Eczema,2,Eczema,2,0.055837150663137436,0.0548807792365551,0.5318130850791931,0.08442814648151398,0.0532749779522419,0.16127489507198334,0.05849101021885872
datasets\data\test\Eczema\train_prurigo-nodularis-27.jpg,Eczema,2,Psoriasis,5,0.04178495332598686,0.03461962938308716,0.13498832285404205,0.020120417699217796,0.03694223240017891,0.5934439897537231,0.13810047507286072
datasets\data\test\Eczema\train_prurigo-nodularis-28.jpg,Eczema,2,Tinea,6,0.0615072101354599,0.06671915203332901,0.26355138421058655,0.06107928603887558,0.06591372191905975,0.0932684913277626,0.3879607319831848
datasets\data\test\Eczema\train_prurigo-nodularis-29.jpg,Eczema,2,Tinea,6,0.07678523659706116,0.04827561229467392,0.13787314295768738,0.053237803280353546,0.0566055029630661,0.18100540339946747,0.44621720910072327
datasets\data\test\Eczema\train_prurigo-nodularis-3.jpg,Eczema,2,Eczema,2,0.22501608729362488,0.05548974871635437,0.5374359488487244,0.044778283685445786,0.0727425068616867,0.019797243177890778,0.04474017024040222
datasets\data\test\Eczema\train_prurigo-nodularis-31.jpg,Eczema,2,Eczema,2,0.041170597076416016,0.04884255677461624,0.703873336315155,0.041016656905412674,0.048022251576185226,0.02552425116300583,0.0915503278374672
datasets\data\test\Eczema\train_stasis-dermatitis-10.jpg,Eczema,2,Eczema,2,0.035300713032484055,0.04047895222902298,0.7665584087371826,0.02950475923717022,0.042059868574142456,0.0495067797601223,0.03659050539135933
datasets\data\test\Eczema\train_stasis-dermatitis-114.jpg,Eczema,2,Eczema,2,0.028639039024710655,0.029173409566283226,0.8268294930458069,0.02612694539129734,0.031025096774101257,0.017240511253476143,0.0409654900431633
datasets\data\test\Eczema\train_stasis-dermatitis-131.jpg,Eczema,2,Eczema,2,0.05511077865958214,0.04405958205461502,0.731795072555542,0.056221265345811844,0.04319801554083824,0.04147502779960632,0.028140302747488022
datasets\data\test\Eczema\train_stasis-dermatitis-139.jpg,Eczema,2,Eczema,2,0.04594430327415466,0.030374160036444664,0.8023119568824768,0.042516473680734634,0.0323103703558445,0.02288038469851017,0.0236623864620924
datasets\data\test\Eczema\train_stasis-dermatitis-14.jpg,Eczema,2,Eczema,2,0.04320891946554184,0.049847450107336044,0.7472456693649292,0.04145623743534088,0.04978785663843155,0.028546560555696487,0.03990739956498146
datasets\data\test\Eczema\train_stasis-dermatitis-167.jpg,Eczema,2,Eczema,2,0.054206378757953644,0.04765932634472847,0.6554545164108276,0.04020284488797188,0.04608416557312012,0.0405753031373024,0.11581740528345108
datasets\data\test\Eczema\train_stasis-dermatitis-20.jpg,Eczema,2,Eczema,2,0.035421472042798996,0.0489860437810421,0.6888395547866821,0.023599080741405487,0.040401872247457504,0.1291595846414566,0.033592429012060165
datasets\data\test\Eczema\train_stasis-dermatitis-83.jpg,Eczema,2,Eczema,2,0.06619074940681458,0.058714184910058975,0.6883605718612671,0.03694815933704376,0.06714186072349548,0.03315989673137665,0.0494844913482666
datasets\data\test\Eczema\train_stasis-dermatitis-86.jpg,Eczema,2,Eczema,2,0.061668772250413895,0.054685767740011215,0.69635009765625,0.04740418866276741,0.06273279339075089,0.041049886494874954,0.036108508706092834
datasets\data\test\Eczema\valid_05atopic0123068.jpeg,Eczema,2,Eczema,2,0.03786304593086243,0.04432395473122597,0.6798872351646423,0.0918496623635292,0.0459539033472538,0.060851532965898514,0.03927060589194298
datasets\data\test\Eczema\valid_05Atopic0329041.jpeg,Eczema,2,Eczema,2,0.06349059194326401,0.030675120651721954,0.7128250598907471,0.0188447218388319,0.02761686034500599,0.12470871210098267,0.021838905289769173
datasets\data\test\Eczema\valid_05atopic0411054.jpeg,Eczema,2,Eczema,2,0.03004174679517746,0.03170633316040039,0.694841742515564,0.03675911948084831,0.03507738932967186,0.11570855975151062,0.0558650828897953
datasets\data\test\Eczema\valid_05atopic0411056.jpeg,Eczema,2,Eczema,2,0.044512588530778885,0.04273207485675812,0.7761930823326111,0.036159224808216095,0.04014994204044342,0.021155891939997673,0.039097175002098083
datasets\data\test\Eczema\valid_05Atopic0712048.jpeg,Eczema,2,Eczema,2,0.046251606196165085,0.06782432645559311,0.6290359497070312,0.07790820300579071,0.06447220593690872,0.05935685709118843,0.055150825530290604
datasets\data\test\Eczema\valid_05Atopic10065.jpeg,Eczema,2,Eczema,2,0.04310175031423569,0.039605580270290375,0.5894689559936523,0.20371347665786743,0.04694049060344696,0.04856482148170471,0.028604894876480103
datasets\data\test\Eczema\valid_05Atopic10067.jpeg,Eczema,2,Eczema,2,0.046582192182540894,0.044628292322158813,0.7573968768119812,0.03421558812260628,0.049725696444511414,0.0425729937851429,0.024878377094864845
datasets\data\test\Eczema\valid_05atopic1107057.jpeg,Eczema,2,Eczema,2,0.03839173540472984,0.04783517122268677,0.63890141248703,0.0679548904299736,0.03563229739665985,0.05283966660499573,0.11844484508037567
datasets\data\test\Eczema\valid_05Atopic1206043.jpeg,Eczema,2,Eczema,2,0.052034229040145874,0.05197199806571007,0.7263680100440979,0.051440224051475525,0.04945855215191841,0.03828795999288559,0.030439039692282677
datasets\data\test\Eczema\valid_05Atopic2.jpeg,Eczema,2,Eczema,2,0.052653953433036804,0.04582618921995163,0.7248505353927612,0.041516322642564774,0.0536622479557991,0.04164312407374382,0.03984763100743294
datasets\data\test\Eczema\valid_05AtopicDerm0112042.jpeg,Eczema,2,Eczema,2,0.04397134855389595,0.052059605717659,0.6001420617103577,0.056175876408815384,0.04799477756023407,0.10311789810657501,0.09653843194246292
datasets\data\test\Eczema\valid_05AtopicFace0105042ok.jpeg,Eczema,2,Eczema,2,0.06929024308919907,0.02518116682767868,0.7913820743560791,0.030720209702849388,0.028700247406959534,0.02399878017604351,0.03072730079293251
datasets\data\test\Eczema\valid_05atopicFace100305.jpeg,Eczema,2,Eczema,2,0.17783842980861664,0.0408252514898777,0.50617516040802,0.05356522649526596,0.03848901018500328,0.09824547171592712,0.08486144989728928
datasets\data\test\Eczema\valid_05atopicFeet0801052.jpeg,Eczema,2,Eczema,2,0.04664583504199982,0.043835099786520004,0.7147694230079651,0.04540184140205383,0.04830944538116455,0.06702496856451035,0.03401341289281845
datasets\data\test\Eczema\valid_05atopicFoot050806.jpeg,Eczema,2,Eczema,2,0.040792904794216156,0.04644415155053139,0.6982959508895874,0.04857775568962097,0.04441807419061661,0.040329236537218094,0.08114192634820938
datasets\data\test\Eczema\valid_05atopicKnee0801051.jpeg,Eczema,2,Eczema,2,0.1334141343832016,0.05898766592144966,0.4037601053714752,0.10379938036203384,0.06003802642226219,0.0989326611161232,0.14106808602809906
datasets\data\test\Eczema\valid_05AtopicMouth54.jpeg,Eczema,2,Tinea,6,0.06588298082351685,0.04435015842318535,0.22878876328468323,0.06361503154039383,0.033147379755973816,0.015067847445607185,0.5491477847099304
datasets\data\test\NailFungus\test_acute-paronychia-25.jpg,NailFungus,3,NailFungus,3,0.04659273102879524,0.05863676965236664,0.050807200372219086,0.6496478319168091,0.052700724452733994,0.08021780848503113,0.06139696016907692
datasets\data\test\NailFungus\test_alopecia-areata-67.jpg,NailFungus,3,NailFungus,3,0.03666986525058746,0.07202614843845367,0.036122310906648636,0.5277653336524963,0.04922005534172058,0.03964093327522278,0.2385554015636444
datasets\data\test\NailFungus\test_alopecia-areata-81.jpg,NailFungus,3,NailFungus,3,0.10141028463840485,0.03802502527832985,0.0367586687207222,0.5991787314414978,0.04469485953450203,0.05481565371155739,0.12511670589447021
datasets\data\test\NailFungus\test_beaus-lines-17.jpg,NailFungus,3,NailFungus,3,0.05016007274389267,0.04947240278124809,0.038442280143499374,0.7074307203292847,0.047622423619031906,0.05734452232718468,0.04952758550643921
datasets\data\test\NailFungus\test_beaus-lines-28.jpg,NailFungus,3,NailFungus,3,0.04077580198645592,0.03721082583069801,0.04330848902463913,0.707832932472229,0.03592177480459213,0.09654424339532852,0.03840600326657295
datasets\data\test\NailFungus\test_BedRidges-1.jpg,NailFungus,3,NailFungus,3,0.04692826047539711,0.05241056904196739,0.053322404623031616,0.6840659976005554,0.05053535848855972,0.06112082675099373,0.051616571843624115
datasets\data\test\NailFungus\test_chronic-paronychia-34.jpg,NailFungus,3,NailFungus,3,0.05123356729745865,0.0556383915245533,0.053774308413267136,0.6694974899291992,0.05128464102745056,0.06967679411172867,0.04889481142163277
datasets\data\test\NailFungus\test_chronic-paronychia-35.jpg,NailFungus,3,NailFungus,3,0.054404065012931824,0.05713135376572609,0.05780358240008354,0.661460816860199,0.057823557406663895,0.05757187679409981,0.053804781287908554
datasets\data\test\NailFungus\test_chronic-paronychia-43.jpg,NailFungus,3,NailFungus,3,0.0480734184384346,0.046731654554605484,0.04517211392521858,0.6995826959609985,0.04574541375041008,0.05691424757242203,0.05778044834733009
datasets\data\test\NailFungus\test_chronic-paronychia-48.jpg,NailFungus,3,NailFungus,3,0.05088724568486214,0.05372960492968559,0.07209895551204681,0.6715786457061768,0.054860737174749374,0.048556335270404816,0.0482885017991066
datasets\data\test\NailFungus\test_distal-subungual-onychomycosis-114.jpg,NailFungus,3,NailFungus,3,0.0501454696059227,0.048651546239852905,0.04172908142209053,0.7188593745231628,0.045823074877262115,0.04950517416000366,0.045286279171705246
datasets\data\test\NailFungus\test_distal-subungual-onychomycosis-14.jpg,NailFungus,3,NailFungus,3,0.04212261736392975,0.04842093586921692,0.0353948213160038,0.6892720460891724,0.04450544714927673,0.09818706661462784,0.04209708049893379
datasets\data\test\NailFungus\test_distal-subungual-onychomycosis-40.jpg,NailFungus,3,NailFungus,3,0.04193418473005295,0.04231049865484238,0.03825332596898079,0.7333109378814697,0.044237710535526276,0.06377314776182175,0.03618016093969345
datasets\data\test\NailFungus\test_eczema-nail-5.jpg,NailFungus,3,NailFungus,3,0.04380206763744354,0.04486870393157005,0.0647418349981308,0.6982997059822083,0.047448765486478806,0.0404033288359642,0.060435596853494644
datasets\data\test\NailFungus\test_koilonychia-12.jpg,NailFungus,3,NailFungus,3,0.05463358014822006,0.057692669332027435,0.05264616757631302,0.6687216758728027,0.05613033100962639,0.05164747312664986,0.05852806195616722
datasets\data\test\NailFungus\test_mucous-cyst-22.jpg,NailFungus,3,NailFungus,3,0.047729358077049255,0.055351875722408295,0.2039594203233719,0.5553144812583923,0.060500532388687134,0.027754737064242363,0.04938954859972
datasets\data\test\NailFungus\test_mucous-cyst-39.jpg,NailFungus,3,NailFungus,3,0.04409598931670189,0.04760659113526344,0.05363064631819725,0.7114777565002441,0.04574471339583397,0.04948386177420616,0.04796046018600464
datasets\data\test\NailFungus\test_nail-melanoma-4.jpg,NailFungus,3,NailFungus,3,0.049422986805438995,0.05540182441473007,0.05043632537126541,0.686586856842041,0.052244748920202255,0.05590350925922394,0.050003740936517715
datasets\data\test\NailFungus\test_onychogryphosis-7.jpg,NailFungus,3,NailFungus,3,0.05614023655653,0.05215776339173317,0.03702406957745552,0.7024113535881042,0.04981313645839691,0.05748807638883591,0.04496536776423454
datasets\data\test\NailFungus\test_onycholysis-48.jpg,NailFungus,3,NailFungus,3,0.05738009139895439,0.051304157823324203,0.037406884133815765,0.6866297721862793,0.05409392714500427,0.06101047247648239,0.05217478424310684
datasets\data\test\NailFungus\test_periungual-warts-9.jpg,NailFungus,3,NailFungus,3,0.05318448320031166,0.05076364055275917,0.10781434923410416,0.6366170644760132,0.054818667471408844,0.04884866252541542,0.04795316234230995
datasets\data\test\NailFungus\test_pincer-nails-3.jpg,NailFungus,3,NailFungus,3,0.046265438199043274,0.0463835708796978,0.0627947598695755,0.6946877837181091,0.04862191900610924,0.04747261106967926,0.05377388745546341
datasets\data\test\NailFungus\test_pseudomonas-22.jpg,NailFungus,3,NailFungus,3,0.05480387434363365,0.0559031218290329,0.03754520043730736,0.6761749982833862,0.05437394976615906,0.07213595509529114,0.04906291142106056
datasets\data\test\NailFungus\test_psoriasis-166.jpg,NailFungus,3,NailFungus,3,0.041643161326646805,0.05033670365810394,0.047901418060064316,0.6891293525695801,0.039475470781326294,0.09022276848554611,0.041291143745183945
datasets\data\test\NailFungus\test_psoriasis-32.jpg,NailFungus,3,NailFungus,3,0.046165790408849716,0.05892757326364517,0.050049785524606705,0.5682880878448486,0.049902115017175674,0.1902436763048172,0.03642302751541138
datasets\data\test\NailFungus\test_ridging-beading-25.jpg,NailFungus,3,NailFungus,3,0.04774247482419014,0.057085566222667694,0.06290577352046967,0.6773404479026794,0.04947010055184364,0.0585763044655323,0.046879302710294724
datasets\data\test\NailFungus\test_yellow-nails-14.jpg,NailFungus,3,NailFungus,3,0.05068708583712578,0.052678462117910385,0.04308271408081055,0.694247841835022,0.052991993725299835,0.05941144376993179,0.04690048098564148
datasets\data\test\NailFungus\train_alopecia-areata-104.jpg,NailFungus,3,NailFungus,3,0.049043770879507065,0.05453861877322197,0.06586731970310211,0.6521725058555603,0.04455637186765671,0.027125876396894455,0.10669557005167007
datasets\data\test\NailFungus\train_alopecia-areata-106.jpg,NailFungus,3,NailFungus,3,0.019633421674370766,0.01367916353046894,0.010441815480589867,0.9018786549568176,0.01546227652579546,0.024394461885094643,0.014510171487927437
datasets\data\test\NailFungus\train_alopecia-areata-29.jpg,NailFungus,3,NailFungus,3,0.11308608204126358,0.04210403934121132,0.0318533293902874,0.6717579364776611,0.058574724942445755,0.03721950948238373,0.04540445655584335
datasets\data\test\NailFungus\train_alopecia-areata-36.jpg,NailFungus,3,NailFungus,3,0.026722891256213188,0.03631099686026573,0.037002988159656525,0.7817862033843994,0.031635891646146774,0.04930448904633522,0.03723648563027382
datasets\data\test\NailFungus\train_alopecia-areata-45.jpg,NailFungus,3,NailFungus,3,0.029831789433956146,0.059217918664216995,0.042857736349105835,0.5262890458106995,0.06321186572313309,0.23414358496665955,0.044448040425777435
datasets\data\test\NailFungus\train_alopecia-areata-65.jpg,NailFungus,3,Tinea,6,0.051667362451553345,0.06142512708902359,0.041261136531829834,0.17838254570960999,0.08624544739723206,0.1034451350569725,0.4775732159614563
datasets\data\test\NailFungus\train_alopecia-areata-71.jpg,NailFungus,3,Tinea,6,0.03803442418575287,0.045918796211481094,0.05928459018468857,0.11470219492912292,0.05060915648937225,0.22564764320850372,0.46580320596694946
datasets\data\test\NailFungus\train_alopecia-areata-73.jpg,NailFungus,3,NailFungus,3,0.042866505682468414,0.061122749000787735,0.054131221026182175,0.5905941724777222,0.0878099575638771,0.0717569887638092,0.09171836823225021
datasets\data\test\NailFungus\train_alopecia-areata-98.jpg,NailFungus,3,Normal,4,0.06449173390865326,0.08176464587450027,0.06956960260868073,0.1587388664484024,0.29453045129776,0.21038590371608734,0.12051878124475479
datasets\data\test\NailFungus\train_biting-excoriation-20.jpg,NailFungus,3,Eczema,2,0.05723198130726814,0.05673258751630783,0.6384223103523254,0.07115133106708527,0.06475929170846939,0.0668160617351532,0.04488648101687431
datasets\data\test\NailFungus\train_chronic-paronychia-1.jpg,NailFungus,3,NailFungus,3,0.0540451817214489,0.05222699046134949,0.05216386541724205,0.6647253036499023,0.04997270181775093,0.07756900042295456,0.049296893179416656
datasets\data\test\NailFungus\train_chronic-paronychia-30.jpg,NailFungus,3,NailFungus,3,0.051402170211076736,0.05105031654238701,0.04891667515039444,0.6927942633628845,0.052426427602767944,0.05511036887764931,0.04829973727464676
datasets\data\test\NailFungus\train_chronic-paronychia-33.jpg,NailFungus,3,NailFungus,3,0.05539638549089432,0.057996343821287155,0.050862379372119904,0.6470096707344055,0.05565337836742401,0.08276379853487015,0.050318047404289246
datasets\data\test\NailFungus\train_chronic-paronychia-4.jpg,NailFungus,3,NailFungus,3,0.04942735657095909,0.048851385712623596,0.04272769019007683,0.6936477422714233,0.05020435154438019,0.0743052214384079,0.040836285799741745
datasets\data\test\NailFungus\train_chronic-paronychia-49.jpg,NailFungus,3,NailFungus,3,0.05205289646983147,0.052189722657203674,0.05219614878296852,0.6726963520050049,0.05162981525063515,0.06933564692735672,0.0498993918299675
datasets\data\test\NailFungus\train_chronic-paronychia-50.jpg,NailFungus,3,NailFungus,3,0.04899554327130318,0.050156258046627045,0.0487956739962101,0.7073818445205688,0.048046234995126724,0.05157037451863289,0.045054152607917786
datasets\data\test\NailFungus\train_chronic-paronychia-6.jpg,NailFungus,3,NailFungus,3,0.04904055595397949,0.056458041071891785,0.046957358717918396,0.6732447743415833,0.05382581427693367,0.07137730717658997,0.04909619688987732
datasets\data\test\NailFungus\train_congenital-anomalies-1.jpg,NailFungus,3,NailFungus,3,0.052297890186309814,0.051262132823467255,0.04902886971831322,0.6730631589889526,0.046789877116680145,0.07836246490478516,0.04919569194316864
datasets\data\test\NailFungus\train_congenital-anomalies-7.jpg,NailFungus,3,NailFungus,3,0.05072695389389992,0.049133412539958954,0.06235576421022415,0.7050987482070923,0.04492499306797981,0.04174673184752464,0.04601341858506203
datasets\data\test\NailFungus\train_darier-nails-1.jpg,NailFungus,3,NailFungus,3,0.045084819197654724,0.04788947477936745,0.03961712867021561,0.7152729630470276,0.04458281397819519,0.06174081936478615,0.045812029391527176
datasets\data\test\NailFungus\train_distal-subungual-onychomycosis-121.jpg,NailFungus,3,NailFungus,3,0.05855425074696541,0.05392002314329147,0.04317835718393326,0.6809759140014648,0.05599277466535568,0.06258202344179153,0.04479660838842392
datasets\data\test\NailFungus\train_distal-subungual-onychomycosis-122.jpg,NailFungus,3,NailFungus,3,0.056913111358881,0.05337781459093094,0.03916236385703087,0.6844407320022583,0.056610431522130966,0.05772602558135986,0.051769617944955826
datasets\data\test\NailFungus\train_distal-subungual-onychomycosis-131.jpg,NailFungus,3,NailFungus,3,0.04939930886030197,0.052457038313150406,0.05635446310043335,0.6864303946495056,0.046296294778585434,0.05552724748849869,0.053535230457782745
datasets\data\test\NailFungus\train_distal-subungual-onychomycosis-146.jpg,NailFungus,3,NailFungus,3,0.04563871771097183,0.04239783063530922,0.06111050397157669,0.732361912727356,0.04581587761640549,0.03336724638938904,0.03930792957544327
datasets\data\test\NailFungus\train_distal-subungual-onychomycosis-15.jpg,NailFungus,3,NailFungus,3,0.043313801288604736,0.04707740247249603,0.034461136907339096,0.6839126348495483,0.045422427356243134,0.10309198498725891,0.04272053763270378
datasets\data\test\NailFungus\train_distal-subungual-onychomycosis-23.jpg,NailFungus,3,NailFungus,3,0.04951902851462364,0.050032839179039,0.04659796506166458,0.6867755055427551,0.047792673110961914,0.07212955504655838,0.04715245962142944
datasets\data\test\NailFungus\train_distal-subungual-onychomycosis-31.jpg,NailFungus,3,NailFungus,3,0.047632940113544464,0.04826143756508827,0.04451104626059532,0.6992790699005127,0.04811346158385277,0.06700810045003891,0.045193929225206375
datasets\data\test\NailFungus\train_distal-subungual-onychomycosis-36.jpg,NailFungus,3,Tinea,6,0.03365693613886833,0.039503537118434906,0.12357362359762192,0.053351063281297684,0.04808833450078964,0.08406751602888107,0.6177589297294617
datasets\data\test\NailFungus\train_distal-subungual-onychomycosis-38.jpg,NailFungus,3,NailFungus,3,0.04921407625079155,0.047893039882183075,0.041149359196424484,0.7141664028167725,0.043344222009181976,0.06433174759149551,0.03990109637379646
datasets\data\test\NailFungus\train_distal-subungual-onychomycosis-41.jpg,NailFungus,3,NailFungus,3,0.042251698672771454,0.04753435030579567,0.04216275364160538,0.6830191612243652,0.045878104865550995,0.09693107008934021,0.04222282022237778
datasets\data\test\NailFungus\train_distal-subungual-onychomycosis-90.jpg,NailFungus,3,NailFungus,3,0.05310465767979622,0.05838796868920326,0.04978276789188385,0.6730234026908875,0.054940517991781235,0.04969973862171173,0.06106100231409073
datasets\data\test\NailFungus\train_distal-subungual-onychomycosis-92.jpg,NailFungus,3,NailFungus,3,0.05108474940061569,0.05033323913812637,0.03885945305228233,0.7065321803092957,0.0484953448176384,0.0561450831592083,0.04854992777109146
datasets\data\test\NailFungus\train_distal-subungual-onychomycosis-93.jpg,NailFungus,3,NailFungus,3,0.0556032694876194,0.055412884801626205,0.03830470144748688,0.6825596690177917,0.0549953356385231,0.06354735046625137,0.0495767816901207
datasets\data\test\NailFungus\train_dry-nails-6.jpg,NailFungus,3,NailFungus,3,0.04128863662481308,0.04653855040669441,0.04971536248922348,0.6873204112052917,0.04531880468130112,0.08658406138420105,0.043234169483184814
datasets\data\test\NailFungus\train_eczema-nail-6.jpg,NailFungus,3,NailFungus,3,0.04683645814657211,0.04847324639558792,0.036969851702451706,0.7199887633323669,0.048157501965761185,0.05275054648518562,0.046823568642139435
datasets\data\test\NailFungus\train_habit-tic-deformity-16.jpg,NailFungus,3,NailFungus,3,0.044418588280677795,0.053267233073711395,0.04380195960402489,0.6743189096450806,0.04825508967041969,0.08904086798429489,0.046897295862436295
datasets\data\test\NailFungus\train_habit-tic-deformity-18.jpg,NailFungus,3,NailFungus,3,0.04805588349699974,0.050767093896865845,0.04254356771707535,0.6794066429138184,0.05043302848935127,0.08418233692646027,0.044611383229494095
datasets\data\test\NailFungus\train_habit-tic-deformity-35.jpg,NailFungus,3,NailFungus,3,0.047015540301799774,0.047334808856248856,0.04600396379828453,0.687283992767334,0.04935950040817261,0.08177261054515839,0.04122956469655037
datasets\data\test\NailFungus\train_habit-tic-deformity-38.jpg,NailFungus,3,NailFungus,3,0.05253572762012482,0.052534788846969604,0.05453001707792282,0.6895185112953186,0.051971375942230225,0.05155047029256821,0.047359079122543335
datasets\data\test\NailFungus\train_habit-tic-deformity-45.jpg,NailFungus,3,NailFungus,3,0.051226574927568436,0.054446615278720856,0.05341888219118118,0.6883803009986877,0.05172805115580559,0.05259691923856735,0.04820273071527481
datasets\data\test\NailFungus\train_koilonychia-13.jpg,NailFungus,3,NailFungus,3,0.05475446581840515,0.05858489125967026,0.04658815637230873,0.6795119047164917,0.05761401355266571,0.05113188549876213,0.05181468278169632
datasets\data\test\NailFungus\train_koilonychia-3.jpg,NailFungus,3,NailFungus,3,0.05196806415915489,0.05420193076133728,0.05139804631471634,0.6769762635231018,0.053518880158662796,0.060646459460258484,0.05129026994109154
datasets\data\test\NailFungus\train_lichen-planus-107.jpg,NailFungus,3,Psoriasis,5,0.05888281390070915,0.04289652034640312,0.12905316054821014,0.2711147964000702,0.04216333478689194,0.4156658947467804,0.04022349789738655
datasets\data\test\NailFungus\train_lichen-planus-109.jpg,NailFungus,3,Tinea,6,0.032473545521497726,0.045193273574113846,0.06281063705682755,0.09745278209447861,0.041997797787189484,0.06202295422554016,0.6580489873886108
datasets\data\test\NailFungus\train_lichen-planus-110.jpg,NailFungus,3,NailFungus,3,0.026406140998005867,0.03384597599506378,0.05175184831023216,0.7150641679763794,0.03499405086040497,0.1142280250787735,0.023709744215011597
datasets\data\test\NailFungus\train_lichen-planus-115.jpg,NailFungus,3,Tinea,6,0.04293401911854744,0.049226388335227966,0.10502467304468155,0.14805209636688232,0.055405449122190475,0.2652060091495514,0.33415132761001587
datasets\data\test\NailFungus\train_lichen-planus-166.jpg,NailFungus,3,Eczema,2,0.04637538269162178,0.05162746086716652,0.33541247248649597,0.2143801897764206,0.05936145409941673,0.23102638125419617,0.061816662549972534
datasets\data\test\NailFungus\train_lichen-planus-184.jpg,NailFungus,3,NailFungus,3,0.02986001782119274,0.030954532325267792,0.04434928670525551,0.694123387336731,0.034090735018253326,0.1273256093263626,0.03929649665951729
datasets\data\test\NailFungus\train_lichen-planus-188.jpg,NailFungus,3,NailFungus,3,0.01844402588903904,0.026143040508031845,0.017081091180443764,0.7475135922431946,0.026377392932772636,0.11486949771642685,0.04957133159041405
datasets\data\test\NailFungus\train_lichen-planus-195.jpg,NailFungus,3,NailFungus,3,0.04221959039568901,0.04681416600942612,0.34789714217185974,0.3652189075946808,0.046486083418130875,0.10472256690263748,0.04664146527647972
datasets\data\test\NailFungus\train_lichen-planus-2.jpg,NailFungus,3,NailFungus,3,0.03934838995337486,0.03675201162695885,0.24622204899787903,0.5600980520248413,0.035843584686517715,0.05722332373261452,0.02451256662607193
datasets\data\test\NailFungus\train_lichen-planus-96.jpg,NailFungus,3,Psoriasis,5,0.049601729959249496,0.03522119298577309,0.20276683568954468,0.10018657147884369,0.029105721041560173,0.4856800138950348,0.09743794053792953
datasets\data\test\NailFungus\train_median-nail-dystrophy-19.jpg,NailFungus,3,NailFungus,3,0.04583485797047615,0.05267840996384621,0.04245268553495407,0.684687077999115,0.04811008647084236,0.07810396701097488,0.04813292250037193
datasets\data\test\NailFungus\train_median-nail-dystrophy-5.jpg,NailFungus,3,NailFungus,3,0.03912900760769844,0.046180687844753265,0.03985822573304176,0.7097485661506653,0.04434116184711456,0.07510672509670258,0.04563562199473381
datasets\data\test\NailFungus\train_mucous-cyst-102.jpg,NailFungus,3,NailFungus,3,0.047293126583099365,0.04962819069623947,0.0424039289355278,0.6764277815818787,0.04383539780974388,0.0934634804725647,0.046948086470365524
datasets\data\test\NailFungus\train_mucous-cyst-14.jpg,NailFungus,3,NailFungus,3,0.06198816001415253,0.042804501950740814,0.04228898510336876,0.6912924647331238,0.051506441086530685,0.06460072845220566,0.045518726110458374
datasets\data\test\NailFungus\train_mucous-cyst-19.jpg,NailFungus,3,NailFungus,3,0.05650879070162773,0.05190770700573921,0.04865512624382973,0.6556954383850098,0.061751700937747955,0.0583479106426239,0.06713331490755081
datasets\data\test\NailFungus\train_mucous-cyst-27.jpg,NailFungus,3,Tinea,6,0.028453029692173004,0.047118134796619415,0.14997178316116333,0.17428721487522125,0.0655018761754036,0.17685814201831818,0.35780978202819824
datasets\data\test\NailFungus\train_mucous-cyst-4.jpg,NailFungus,3,NailFungus,3,0.03848704695701599,0.049835626035928726,0.09729631245136261,0.6593321561813354,0.03955512121319771,0.04578804224729538,0.06970573216676712
datasets\data\test\NailFungus\train_mucous-cyst-50.jpg,NailFungus,3,NailFungus,3,0.04688267037272453,0.05129862576723099,0.05798688158392906,0.672347903251648,0.04586463421583176,0.07379939407110214,0.051819901913404465
datasets\data\test\NailFungus\train_mucous-cyst-7.jpg,NailFungus,3,NailFungus,3,0.04781927540898323,0.05023481696844101,0.05413202568888664,0.6928869485855103,0.0470883846282959,0.06439490616321564,0.04344361647963524
datasets\data\test\NailFungus\train_mucous-cyst-72.jpg,NailFungus,3,NailFungus,3,0.07368595153093338,0.05861464515328407,0.04141649603843689,0.5388892292976379,0.07734642177820206,0.0900963768362999,0.11995088309049606
datasets\data\test\NailFungus\train_mucous-cyst-80.jpg,NailFungus,3,NailFungus,3,0.04670698940753937,0.04752235487103462,0.06503405421972275,0.6937832236289978,0.049624327570199966,0.05141516029834747,0.04591389000415802
datasets\data\test\NailFungus\train_mucous-cyst-92.jpg,NailFungus,3,NailFungus,3,0.04660073667764664,0.05120740830898285,0.05006331577897072,0.688914954662323,0.048828136175870895,0.06521720439195633,0.04916827380657196
datasets\data\test\NailFungus\train_mucous-cyst-96.jpg,NailFungus,3,NailFungus,3,0.04271743819117546,0.05172908678650856,0.04091741144657135,0.6756235957145691,0.04438909888267517,0.07499414682388306,0.0696292296051979
datasets\data\test\NailFungus\train_mucous-cyst-98.jpg,NailFungus,3,NailFungus,3,0.04258016496896744,0.04463554546236992,0.34037235379219055,0.4527289867401123,0.04246455803513527,0.03739716857671738,0.03982120379805565
datasets\data\test\NailFungus\train_nail-distal-splitting-11.jpg,NailFungus,3,NailFungus,3,0.046730492264032364,0.04956136643886566,0.04289974272251129,0.6873000264167786,0.04785439372062683,0.07377762347459793,0.05187635123729706
datasets\data\test\NailFungus\train_nail-distal-splitting-13.jpg,NailFungus,3,NailFungus,3,0.04515307769179344,0.05039132013916969,0.04341011121869087,0.6728666424751282,0.04973587021231651,0.09947028756141663,0.03897269815206528
datasets\data\test\NailFungus\train_nail-distal-splitting-19.jpg,NailFungus,3,NailFungus,3,0.04602932184934616,0.04953231289982796,0.041292015463113785,0.6904253363609314,0.046578966081142426,0.08355842530727386,0.04258360341191292
datasets\data\test\NailFungus\train_nail-distal-splitting-3.jpg,NailFungus,3,NailFungus,3,0.043090660125017166,0.04312826693058014,0.050357282161712646,0.7215928435325623,0.04332901909947395,0.05023825541138649,0.048263631761074066
datasets\data\test\NailFungus\train_nail-melanoma-1.jpg,NailFungus,3,NailFungus,3,0.04192737489938736,0.054405950009822845,0.2721286714076996,0.351306289434433,0.043335381895303726,0.1863068789243698,0.050589416176080704
datasets\data\test\NailFungus\train_onycholysis-3.jpg,NailFungus,3,NailFungus,3,0.04720069468021393,0.053945474326610565,0.03960041701793671,0.6937609910964966,0.04734280705451965,0.06840109825134277,0.0497485026717186
datasets\data\test\NailFungus\train_onycholysis-31.jpg,NailFungus,3,NailFungus,3,0.04775772616267204,0.05618029832839966,0.05044810473918915,0.6750009059906006,0.052094753831624985,0.06973082572221756,0.04878738150000572
datasets\data\test\NailFungus\train_onycholysis-34.jpg,NailFungus,3,NailFungus,3,0.046220943331718445,0.05086984485387802,0.04005572944879532,0.689132571220398,0.045934271067380905,0.08623211830854416,0.04155457019805908
datasets\data\test\NailFungus\train_periungual-epidermal-cyst-1.jpg,NailFungus,3,NailFungus,3,0.04693695157766342,0.047611311078071594,0.06243494525551796,0.6986244916915894,0.04732191935181618,0.04510471597313881,0.0519656240940094
datasets\data\test\NailFungus\train_periungual-epidermal-cyst-2.jpg,NailFungus,3,NailFungus,3,0.036139391362667084,0.035939306020736694,0.05112734064459801,0.7478257417678833,0.03724242001771927,0.049815669655799866,0.04191017150878906
datasets\data\test\NailFungus\train_pincer-nails-1.jpg,NailFungus,3,NailFungus,3,0.050502710044384,0.050176214426755905,0.0509149469435215,0.697574257850647,0.05304299667477608,0.0452224463224411,0.05256643146276474
datasets\data\test\NailFungus\train_pincer-nails-19.jpg,NailFungus,3,NailFungus,3,0.04916895553469658,0.0530010387301445,0.046596501022577286,0.6932284235954285,0.05215238034725189,0.05988025665283203,0.045972488820552826
datasets\data\test\NailFungus\train_pincer-nails-7.jpg,NailFungus,3,NailFungus,3,0.04707648232579231,0.04342219606041908,0.10383427888154984,0.7042282819747925,0.03980880230665207,0.025157257914543152,0.03647271543741226
datasets\data\test\NailFungus\train_proximal-subungual-onychomycosis-123.jpg,NailFungus,3,NailFungus,3,0.058022115379571915,0.05206539109349251,0.03244644030928612,0.6868239045143127,0.055304769426584244,0.07030991464853287,0.0450274832546711
datasets\data\test\NailFungus\train_pseudomonas-20.jpg,NailFungus,3,NailFungus,3,0.04566710442304611,0.050518669188022614,0.041549015790224075,0.7008731365203857,0.046974316239356995,0.06708186119794846,0.04733589291572571
datasets\data\test\NailFungus\train_pseudomonas-33.jpg,NailFungus,3,NailFungus,3,0.050213489681482315,0.04751632735133171,0.03917824849486351,0.7131231427192688,0.04703480750322342,0.05961700528860092,0.0433170348405838
datasets\data\test\NailFungus\train_pseudomonas-34.jpg,NailFungus,3,NailFungus,3,0.053245659917593,0.05484965443611145,0.04242929816246033,0.673773467540741,0.05406700447201729,0.0673632025718689,0.05427171289920807
datasets\data\test\NailFungus\train_pseudomonas-4.jpg,NailFungus,3,NailFungus,3,0.05256566405296326,0.045555274933576584,0.03502434864640236,0.6917271018028259,0.04868952929973602,0.08407668769359589,0.04236144199967384
datasets\data\test\NailFungus\train_pseudomonas-7.jpg,NailFungus,3,NailFungus,3,0.052418820559978485,0.04657546058297157,0.04107503592967987,0.7084477543830872,0.04497617855668068,0.06563758850097656,0.04086907580494881
datasets\data\test\NailFungus\train_psoriasis-103.jpg,NailFungus,3,NailFungus,3,0.055854976177215576,0.05469013378024101,0.04065784811973572,0.6894980072975159,0.05277489870786667,0.060245078057050705,0.046279098838567734
datasets\data\test\NailFungus\train_psoriasis-114.jpg,NailFungus,3,NailFungus,3,0.04674220085144043,0.040602196007966995,0.11474533379077911,0.588145911693573,0.04486754909157753,0.13730329275131226,0.02759348601102829
datasets\data\test\NailFungus\train_psoriasis-136.jpg,NailFungus,3,NailFungus,3,0.04936861991882324,0.04874241352081299,0.040931057184934616,0.679588258266449,0.046935055404901505,0.09043201804161072,0.04400251805782318
datasets\data\test\NailFungus\train_ridging-beading-16.jpg,NailFungus,3,NailFungus,3,0.04616048187017441,0.051491089165210724,0.049721598625183105,0.6744866371154785,0.05088081210851669,0.08053930848836899,0.046719975769519806
datasets\data\test\NailFungus\train_splinter-hemorrhage-4.jpg,NailFungus,3,NailFungus,3,0.045786306262016296,0.05136774852871895,0.044757917523384094,0.662582278251648,0.04778427630662918,0.090114526450634,0.05760692432522774
datasets\data\test\NailFungus\train_subungual-hematoma-2.jpg,NailFungus,3,NailFungus,3,0.04114339128136635,0.03898124024271965,0.14347441494464874,0.6440860033035278,0.046765994280576706,0.05424017459154129,0.031308747828006744
datasets\data\test\NailFungus\train_subungual-hematoma-6.jpg,NailFungus,3,NailFungus,3,0.052767567336559296,0.05221627652645111,0.04808437079191208,0.6884640455245972,0.05481480807065964,0.05187030881643295,0.05178261920809746
datasets\data\test\NailFungus\train_trauma-12.jpg,NailFungus,3,NailFungus,3,0.053091611713171005,0.053625885397195816,0.062240682542324066,0.6715335249900818,0.05127616971731186,0.052435506135225296,0.05579664558172226
datasets\data\test\NailFungus\train_trauma-22.jpg,NailFungus,3,NailFungus,3,0.052898798137903214,0.054267458617687225,0.04377264529466629,0.6949743628501892,0.05471554398536682,0.05200406163930893,0.047367170453071594
datasets\data\test\NailFungus\train_trauma-27.jpg,NailFungus,3,NailFungus,3,0.049313172698020935,0.053037505596876144,0.047248389571905136,0.6931902170181274,0.051746491342782974,0.05651703476905823,0.04894721135497093
datasets\data\test\NailFungus\train_trauma-6.jpg,NailFungus,3,NailFungus,3,0.06888888776302338,0.05872119218111038,0.030575016513466835,0.6356338858604431,0.05179288238286972,0.106744185090065,0.04764392971992493
datasets\data\test\NailFungus\train_twenty-nail-dystrophy-14.jpg,NailFungus,3,NailFungus,3,0.049874044954776764,0.04970695823431015,0.06343209743499756,0.6451462507247925,0.044383469969034195,0.10598082840442657,0.041476305574178696
datasets\data\test\NailFungus\train_twenty-nail-dystrophy-9.jpg,NailFungus,3,NailFungus,3,0.05675319582223892,0.06650332361459732,0.04781904071569443,0.6259124875068665,0.06301503628492355,0.07675499469041824,0.0632418841123581
datasets\data\test\NailFungus\train_yellow-nails-11.jpg,NailFungus,3,NailFungus,3,0.051485028117895126,0.04763617739081383,0.039152540266513824,0.6931942105293274,0.04942487180233002,0.07370773702859879,0.045399390161037445
datasets\data\test\Normal\test_214_jpg.rf.7e30201e5d7531031dfd18ce88691292.jpeg,Normal,4,Normal,4,0.044885776937007904,0.04871848225593567,0.05517199635505676,0.04315590858459473,0.7121151089668274,0.05060508847236633,0.045347660779953
datasets\data\test\Normal\test_6 (104).jpeg,Normal,4,Normal,4,0.04409335181117058,0.04627440869808197,0.04522411897778511,0.04597599804401398,0.7205539345741272,0.049287453293800354,0.048590775579214096
datasets\data\test\Normal\test_6 (26).jpeg,Normal,4,Normal,4,0.04603828862309456,0.046321965754032135,0.0488034188747406,0.04733680561184883,0.7110117673873901,0.05748669058084488,0.04300106689333916
datasets\data\test\Normal\test_71OHGRMj2FL._AC_UF226226_FMjpg_.jpeg,Normal,4,Normal,4,0.051571473479270935,0.04129204526543617,0.04455101862549782,0.042262639850378036,0.730402410030365,0.04258342832326889,0.04733703285455704
datasets\data\test\Normal\test_Hand_0005704.jpeg,Normal,4,Normal,4,0.053757015615701675,0.04958393797278404,0.0540829561650753,0.05061023682355881,0.6789343953132629,0.05740620940923691,0.05562514066696167
datasets\data\test\Normal\test_Hand_0010193.jpeg,Normal,4,Normal,4,0.058749668300151825,0.052304793149232864,0.04875083267688751,0.0569368377327919,0.6646013855934143,0.053245365619659424,0.06541115045547485
datasets\data\test\Normal\test_hurikan-440-right-side-view2.jpeg,Normal,4,Normal,4,0.056876588612794876,0.04952908679842949,0.047058697789907455,0.0662335455417633,0.6570714712142944,0.0384768545627594,0.08475377410650253
datasets\data\test\Normal\test_images (1) (13).jpeg,Normal,4,Normal,4,0.03801189735531807,0.04556921124458313,0.04940024018287659,0.039311837404966354,0.7553201913833618,0.030871419236063957,0.041515231132507324
datasets\data\test\Normal\test_images (2) (12).jpeg,Normal,4,Normal,4,0.05224385857582092,0.05151908099651337,0.05320524051785469,0.05991750583052635,0.6742498874664307,0.06266962736845016,0.04619477316737175
datasets\data\test\Normal\test_images (2) (30).jpeg,Normal,4,Normal,4,0.051990680396556854,0.050760168582201004,0.0529557541012764,0.05572273209691048,0.681706964969635,0.05296258628368378,0.053901106119155884
datasets\data\test\Normal\test_images (2) (9).jpeg,Normal,4,Normal,4,0.05405581742525101,0.05804771929979324,0.051883842796087265,0.0529574379324913,0.6699341535568237,0.05849378556013107,0.05462723597884178
datasets\data\test\Normal\test_images (30).jpeg,Normal,4,Normal,4,0.05467568710446358,0.04761677607893944,0.058121904730796814,0.05402274429798126,0.6855847835540771,0.04188708961009979,0.05809103697538376
datasets\data\test\Normal\test_photo-1459262838948-3e2de6c1ec80.jpeg,Normal,4,Normal,4,0.0544062964618206,0.05709688737988472,0.05592033267021179,0.05245300754904747,0.671030580997467,0.05402013659477234,0.05507272109389305
datasets\data\test\Normal\test_photo-1557242836-b5ab8bb0ebb4.jpeg,Normal,4,Normal,4,0.05661612004041672,0.04149317741394043,0.04468562453985214,0.03998354449868202,0.7473754286766052,0.035017065703868866,0.03482910618185997
datasets\data\test\Normal\test_photo-1561780535-118e36e56095.jpeg,Normal,4,Normal,4,0.054944172501564026,0.056181300431489944,0.06611628830432892,0.05849260836839676,0.6646270751953125,0.04761819541454315,0.052020419389009476
datasets\data\test\Normal\test_photo-1586617356423-52763004deac.jpeg,Normal,4,Normal,4,0.06427737325429916,0.06178011745214462,0.054256148636341095,0.06191526725888252,0.6512268781661987,0.04808664694428444,0.05845757946372032
datasets\data\test\Normal\test_photo-1587334207407-deb137a955ba.jpeg,Normal,4,Normal,4,0.06381144374608994,0.05043258145451546,0.05560573562979698,0.05950680375099182,0.6459183692932129,0.06128377094864845,0.06344125419855118
datasets\data\test\Normal\train_Image1021.jpeg,Normal,4,Normal,4,0.0693267360329628,0.06871587038040161,0.07169011980295181,0.06041308492422104,0.5638641715049744,0.09534328430891037,0.07064671814441681
datasets\data\test\Normal\train_Image1027.jpeg,Normal,4,Normal,4,0.0717134103178978,0.06545142829418182,0.058144256472587585,0.05237176641821861,0.5833373665809631,0.0906929224729538,0.07828878611326218
datasets\data\test\Normal\train_Image1047.jpeg,Normal,4,Normal,4,0.05834507942199707,0.05861372500658035,0.06125963479280472,0.05486148223280907,0.6541591882705688,0.0568445660173893,0.05591626092791557
datasets\data\test\Normal\train_Image1057.jpeg,Normal,4,Normal,4,0.05721927806735039,0.05409801006317139,0.05898023769259453,0.05325327813625336,0.673747181892395,0.04860686510801315,0.05409511178731918
datasets\data\test\Normal\train_Image1067.jpeg,Normal,4,Normal,4,0.051016513258218765,0.05274582281708717,0.04968862235546112,0.05497559532523155,0.6784835457801819,0.056117378175258636,0.05697248876094818
datasets\data\test\Normal\train_Image1069.jpeg,Normal,4,Normal,4,0.05036568269133568,0.0616573728621006,0.05933673679828644,0.05685798078775406,0.6538382768630981,0.054175250232219696,0.063768669962883
datasets\data\test\Normal\train_Image1071.jpeg,Normal,4,Normal,4,0.04101294279098511,0.03983603045344353,0.034103672951459885,0.04151112213730812,0.7734905481338501,0.03926251456141472,0.030783096328377724
datasets\data\test\Normal\train_Image1108.jpeg,Normal,4,Normal,4,0.04802664369344711,0.037170544266700745,0.046918585896492004,0.04318355396389961,0.7256180047988892,0.05507224053144455,0.04401034861803055
datasets\data\test\Normal\train_Image1119.jpeg,Normal,4,Normal,4,0.06169433891773224,0.07710728049278259,0.0726851150393486,0.07394144684076309,0.5921286940574646,0.0667930617928505,0.055650096386671066
datasets\data\test\Normal\train_Image1121.jpeg,Normal,4,Normal,4,0.0513281375169754,0.05416952818632126,0.058883801102638245,0.05735259875655174,0.6617269515991211,0.055233120918273926,0.06130587309598923
datasets\data\test\Normal\train_Image1125.jpeg,Normal,4,Normal,4,0.050563111901283264,0.05381493642926216,0.05303141847252846,0.056122537702322006,0.6641190648078918,0.04629254341125488,0.07605638355016708
datasets\data\test\Normal\train_Image1178.jpeg,Normal,4,Normal,4,0.05074659734964371,0.058465830981731415,0.05852360650897026,0.05552687123417854,0.6402356624603271,0.06883975863456726,0.06766165792942047
datasets\data\test\Normal\train_Image1198.jpeg,Normal,4,Normal,4,0.05974103882908821,0.05594716966152191,0.05131232365965843,0.060952652245759964,0.6512333154678345,0.05599100515246391,0.06482243537902832
datasets\data\test\Normal\train_Image1205.jpeg,Normal,4,Normal,4,0.05990701541304588,0.06778372079133987,0.059907373040914536,0.06820569932460785,0.6315372586250305,0.058172453194856644,0.05448645353317261
datasets\data\test\Normal\train_Image1212.jpeg,Normal,4,Normal,4,0.03596179932355881,0.040086131542921066,0.052152521908283234,0.045794952660799026,0.7378652095794678,0.043081603944301605,0.04505776986479759
datasets\data\test\Normal\train_Image1221.jpeg,Normal,4,Normal,4,0.05237288773059845,0.05938034504652023,0.06192547827959061,0.06178895756602287,0.650320827960968,0.051769185811281204,0.06244225800037384
datasets\data\test\Normal\train_Image1229.jpeg,Normal,4,Normal,4,0.05124106630682945,0.05739676579833031,0.07277175784111023,0.06168902665376663,0.6398879885673523,0.061752475798130035,0.055260930210351944
datasets\data\test\Normal\train_Image1247.jpeg,Normal,4,Normal,4,0.05108585208654404,0.05926169082522392,0.056446563452482224,0.05557369068264961,0.6677162647247314,0.05274774506688118,0.05716821551322937
datasets\data\test\Normal\train_Image1250.jpeg,Normal,4,Normal,4,0.04418979957699776,0.07107720524072647,0.04464279115200043,0.060974568128585815,0.6685845255851746,0.07332964241504669,0.037201449275016785
datasets\data\test\Normal\train_Image1254.jpeg,Normal,4,Normal,4,0.035980384796857834,0.030611956492066383,0.030464421957731247,0.03917009383440018,0.7897190451622009,0.03625328466296196,0.03780080005526543
datasets\data\test\Normal\train_Image1257.jpeg,Normal,4,Acne,0,0.5399109721183777,0.05892030522227287,0.05025243014097214,0.04391762614250183,0.2244008332490921,0.05817951261997223,0.02441835217177868
datasets\data\test\Normal\train_Image1260.jpeg,Normal,4,Normal,4,0.057001836597919464,0.05323381349444389,0.05431368947029114,0.06331592798233032,0.6489413380622864,0.05137217044830322,0.07182124257087708
datasets\data\test\Normal\train_Image1271.jpeg,Normal,4,Normal,4,0.08123689889907837,0.06337480247020721,0.055147040635347366,0.07401254028081894,0.5928288698196411,0.05950065702199936,0.07389920949935913
datasets\data\test\Normal\train_Image1281.jpeg,Normal,4,Normal,4,0.04840372875332832,0.05032622814178467,0.05632348731160164,0.04918058216571808,0.6980138421058655,0.04777556285262108,0.04997653514146805
datasets\data\test\Normal\train_Image1285.jpeg,Normal,4,Normal,4,0.052609510719776154,0.05207382142543793,0.05085333436727524,0.05799706652760506,0.6858822703361511,0.05033281818032265,0.05025111511349678
datasets\data\test\Normal\train_Image13.jpeg,Normal,4,Normal,4,0.041955556720495224,0.04630905017256737,0.04638061672449112,0.04760650172829628,0.7087363004684448,0.057504281401634216,0.05150771141052246
datasets\data\test\Normal\train_Image1314.jpeg,Normal,4,Normal,4,0.044935259968042374,0.04769722744822502,0.03364221379160881,0.04247206449508667,0.7226641774177551,0.047108568251132965,0.06148039549589157
datasets\data\test\Normal\train_Image1316.jpeg,Normal,4,Normal,4,0.05180474743247032,0.055397532880306244,0.06566701084375381,0.052676886320114136,0.6669521927833557,0.05239095538854599,0.05511065199971199
datasets\data\test\Normal\train_Image1335.jpeg,Normal,4,Normal,4,0.04889364168047905,0.05427820235490799,0.07744976133108139,0.06733806431293488,0.6290685534477234,0.04818196967244148,0.07478974014520645
datasets\data\test\Normal\train_Image1342.jpeg,Normal,4,Normal,4,0.06775795668363571,0.06676594167947769,0.08178752660751343,0.07400789111852646,0.5761860013008118,0.06875903904438019,0.06473561376333237
datasets\data\test\Normal\train_Image1350.jpeg,Normal,4,Normal,4,0.04325595870614052,0.04274677112698555,0.05155520141124725,0.04470701888203621,0.7335342168807983,0.041460100561380386,0.042740680277347565
datasets\data\test\Normal\train_Image1353.jpeg,Normal,4,Normal,4,0.05372817814350128,0.053852882236242294,0.05995938554406166,0.054632171988487244,0.6748561859130859,0.048160310834646225,0.05481085926294327
datasets\data\test\Normal\train_Image1361.jpeg,Normal,4,Normal,4,0.045914944261312485,0.057773783802986145,0.05244006961584091,0.04576612263917923,0.6733543276786804,0.0638052299618721,0.06094544753432274
datasets\data\test\Normal\train_Image1362.jpeg,Normal,4,Normal,4,0.05394476652145386,0.0584384985268116,0.03431866317987442,0.10420778393745422,0.5362200140953064,0.11755482107400894,0.09531542658805847
datasets\data\test\Normal\train_Image1372.jpeg,Normal,4,Normal,4,0.05943966284394264,0.043748874217271805,0.04413227736949921,0.05212705582380295,0.6678116321563721,0.08323493599891663,0.049505554139614105
datasets\data\test\Normal\train_Image1378.jpeg,Normal,4,Normal,4,0.06251133233308792,0.05645883083343506,0.05941419675946236,0.07493942975997925,0.6378453373908997,0.04718758538365364,0.061643317341804504
datasets\data\test\Normal\train_Image1385.jpeg,Normal,4,Normal,4,0.046854764223098755,0.05335015058517456,0.05719386041164398,0.04684952273964882,0.6952793598175049,0.05796137452125549,0.042511019855737686
datasets\data\test\Normal\train_Image1393.jpeg,Normal,4,Normal,4,0.042179640382528305,0.043027814477682114,0.03757117688655853,0.046872325241565704,0.7244353294372559,0.04755522683262825,0.058358531445264816
datasets\data\test\Normal\train_Image1408.jpeg,Normal,4,Normal,4,0.046483054757118225,0.04866376519203186,0.05634872242808342,0.04643971100449562,0.7000667452812195,0.045375097543001175,0.056622933596372604
datasets\data\test\Normal\train_Image1418.jpeg,Normal,4,Normal,4,0.05543605983257294,0.06068873405456543,0.054655659943819046,0.055551789700984955,0.6379421353340149,0.06622664630413055,0.06949898600578308
datasets\data\test\Normal\train_Image1423.jpeg,Normal,4,Normal,4,0.04617009311914444,0.050278350710868835,0.04217324033379555,0.060598183423280716,0.6582093834877014,0.05644989758729935,0.08612079173326492
datasets\data\test\Normal\train_Image1424.jpeg,Normal,4,Normal,4,0.0462617427110672,0.047236621379852295,0.04169594123959541,0.042584579437971115,0.7138763666152954,0.05081776902079582,0.057526927441358566
datasets\data\test\Normal\train_Image1430.jpeg,Normal,4,Normal,4,0.052226293832063675,0.053434018045663834,0.056117214262485504,0.05932971462607384,0.6727451086044312,0.054922573268413544,0.051225073635578156
datasets\data\test\Normal\train_Image1432.jpeg,Normal,4,Normal,4,0.055936574935913086,0.051808252930641174,0.05062853917479515,0.04643003270030022,0.6998703479766846,0.04942245036363602,0.04590381309390068
datasets\data\test\Normal\train_Image1437.jpeg,Normal,4,Normal,4,0.055024873465299606,0.05625251680612564,0.058193329721689224,0.0626588687300682,0.6599988341331482,0.04936841130256653,0.05850321799516678
datasets\data\test\Normal\train_Image1439.jpeg,Normal,4,Normal,4,0.06002677232027054,0.057652175426483154,0.05663275718688965,0.06570857763290405,0.649347722530365,0.05075354129076004,0.059878475964069366
datasets\data\test\Normal\train_Image1442.jpeg,Normal,4,Normal,4,0.05577324703335762,0.05177023634314537,0.04463234171271324,0.05068869888782501,0.6793721914291382,0.05838341265916824,0.059379883110523224
datasets\data\test\Normal\train_Image1449.jpeg,Normal,4,Normal,4,0.06314212083816528,0.06071330979466438,0.06075431406497955,0.06144699081778526,0.6268395781517029,0.05695094168186188,0.07015278935432434
datasets\data\test\Normal\train_Image1472.jpeg,Normal,4,Normal,4,0.04835625737905502,0.05372858792543411,0.05898675695061684,0.051095373928546906,0.6885908842086792,0.049393754452466965,0.04984835162758827
datasets\data\test\Normal\train_Image1488.jpeg,Normal,4,Normal,4,0.06149351969361305,0.0615914911031723,0.057569921016693115,0.06945528090000153,0.6150078177452087,0.0579458549618721,0.07693611830472946
datasets\data\test\Normal\train_Image1489.jpeg,Normal,4,Normal,4,0.0608878992497921,0.048751771450042725,0.059028759598731995,0.058872539550065994,0.673015296459198,0.04990505054593086,0.04953869432210922
datasets\data\test\Normal\train_Image1490.jpeg,Normal,4,Normal,4,0.059776708483695984,0.05833658203482628,0.05431007966399193,0.05518867075443268,0.671514630317688,0.051280535757541656,0.04959269240498543
datasets\data\test\Normal\train_Image1496.jpeg,Normal,4,Normal,4,0.05230904743075371,0.05666410177946091,0.05139125511050224,0.057405781000852585,0.6689443588256836,0.0534290112555027,0.05985643342137337
datasets\data\test\Normal\train_Image1506.jpeg,Normal,4,Normal,4,0.0490962490439415,0.05443307012319565,0.05358294025063515,0.057624343782663345,0.6732490062713623,0.05373862013220787,0.05827578157186508
datasets\data\test\Normal\train_Image1515.jpeg,Normal,4,Normal,4,0.054862093180418015,0.06508859246969223,0.0680750161409378,0.06311219185590744,0.6333457827568054,0.061081379652023315,0.05443490296602249
datasets\data\test\Normal\train_Image1541.jpeg,Normal,4,Normal,4,0.08447148650884628,0.06500697880983353,0.05554836243391037,0.06831271201372147,0.552371084690094,0.08609643578529358,0.08819291740655899
datasets\data\test\Normal\train_Image1544.jpeg,Normal,4,Normal,4,0.06367998570203781,0.0529242604970932,0.05379490554332733,0.06550584733486176,0.6545088291168213,0.055643949657678604,0.05394218862056732
datasets\data\test\Normal\train_Image1547.jpeg,Normal,4,Normal,4,0.05274498462677002,0.05671907961368561,0.05608800798654556,0.05413983389735222,0.6672576069831848,0.05823002755641937,0.05482042580842972
datasets\data\test\Normal\train_Image1560.jpeg,Normal,4,Normal,4,0.044453706592321396,0.04436545446515083,0.04327540844678879,0.04711519554257393,0.7359331250190735,0.04221022129058838,0.04264690354466438
datasets\data\test\Normal\train_Image1563.jpeg,Normal,4,Normal,4,0.05678805708885193,0.057329244911670685,0.05478719621896744,0.07264114171266556,0.6629284024238586,0.04531178995966911,0.05021420866250992
datasets\data\test\Normal\train_Image1579.jpeg,Normal,4,Normal,4,0.05114509537816048,0.045789241790771484,0.043003641068935394,0.0623507983982563,0.6925899386405945,0.04641156271100044,0.058709707111120224
datasets\data\test\Normal\train_Image1585.jpeg,Normal,4,Normal,4,0.05493824928998947,0.05023442581295967,0.05399305373430252,0.04613310471177101,0.6941697001457214,0.0546673908829689,0.04586413502693176
datasets\data\test\Normal\train_Image1591.jpeg,Normal,4,Normal,4,0.047267887741327286,0.04604700952768326,0.03773651272058487,0.04704315960407257,0.7174679040908813,0.052068255841732025,0.05236935615539551
datasets\data\test\Normal\train_Image1599.jpeg,Normal,4,Normal,4,0.06153004616498947,0.05424567312002182,0.04829610511660576,0.06840004771947861,0.6458908319473267,0.05914332717657089,0.06249396130442619
datasets\data\test\Normal\train_Image1617.jpeg,Normal,4,Normal,4,0.047394052147865295,0.04236803203821182,0.04097733646631241,0.05036089941859245,0.7245410680770874,0.0454840250313282,0.04887465015053749
datasets\data\test\Normal\train_Image1618.jpeg,Normal,4,Normal,4,0.056785259395837784,0.058678038418293,0.05317603796720505,0.05774494633078575,0.6629297137260437,0.05206943303346634,0.0586165152490139
datasets\data\test\Normal\train_Image1619.jpeg,Normal,4,Normal,4,0.05107293650507927,0.047312285751104355,0.06953340768814087,0.057131920009851456,0.6909706592559814,0.042070649564266205,0.04190807044506073
datasets\data\test\Normal\train_Image1639.jpeg,Normal,4,Normal,4,0.052542898803949356,0.0522279255092144,0.0690639466047287,0.05804253742098808,0.6764215230941772,0.045253120362758636,0.0464479997754097
datasets\data\test\Normal\train_Image1678.jpeg,Normal,4,Normal,4,0.06347299367189407,0.06145269423723221,0.0630083978176117,0.06776322424411774,0.6402660608291626,0.0485544316470623,0.05548219010233879
datasets\data\test\Normal\train_Image1708.jpeg,Normal,4,Acne,0,0.4746522605419159,0.05431602895259857,0.05707873776555061,0.06226572394371033,0.19783569872379303,0.08070754259824753,0.07314407080411911
datasets\data\test\Normal\train_Image1712.jpeg,Normal,4,Normal,4,0.04953377693891525,0.053938545286655426,0.05372878164052963,0.05257261171936989,0.6810367107391357,0.05283687263727188,0.056352607905864716
datasets\data\test\Normal\train_Image1719.jpeg,Normal,4,Normal,4,0.045206714421510696,0.0500885434448719,0.0421036072075367,0.047702617943286896,0.6964235305786133,0.056625474244356155,0.06184946000576019
datasets\data\test\Normal\train_Image1729.jpeg,Normal,4,Normal,4,0.05136523023247719,0.051167722791433334,0.0584145188331604,0.05619862303137779,0.689423680305481,0.04192884638905525,0.051501352339982986
datasets\data\test\Normal\train_Image1737.jpeg,Normal,4,Normal,4,0.057762060314416885,0.0572378970682621,0.06046080216765404,0.06214470788836479,0.651883602142334,0.05485617741942406,0.055654704570770264
datasets\data\test\Normal\train_Image188.jpeg,Normal,4,Normal,4,0.04193402826786041,0.05167039483785629,0.04807952418923378,0.04463198408484459,0.6817994117736816,0.07072697579860687,0.06115754693746567
datasets\data\test\Normal\train_Image196.jpeg,Normal,4,Normal,4,0.0522749237716198,0.05008063092827797,0.044668007642030716,0.04927783086895943,0.6998041868209839,0.05549025908112526,0.048404157161712646
datasets\data\test\Normal\train_Image214.jpeg,Normal,4,Normal,4,0.04861582815647125,0.04875898361206055,0.046823300421237946,0.05405813828110695,0.6956799030303955,0.05573420971632004,0.05032951757311821
datasets\data\test\Normal\train_Image218.jpeg,Normal,4,Normal,4,0.04174637049436569,0.04535950720310211,0.04829420894384384,0.04264676570892334,0.7356024980545044,0.04503035172820091,0.041320327669382095
datasets\data\test\Normal\train_Image220.jpeg,Normal,4,Normal,4,0.05122422054409981,0.0492248460650444,0.04061358422040939,0.050812579691410065,0.6968621611595154,0.05913085117936134,0.052131764590740204
datasets\data\test\Normal\train_Image227.jpeg,Normal,4,Normal,4,0.05289896950125694,0.05056272819638252,0.051916975528001785,0.05192696303129196,0.6840528845787048,0.0594010092318058,0.049240510910749435
datasets\data\test\Normal\train_Image246.jpeg,Normal,4,Normal,4,0.04226088523864746,0.04524894803762436,0.04848518967628479,0.04751955345273018,0.7240811586380005,0.04603781923651695,0.04636639729142189
datasets\data\test\Normal\train_Image247.jpeg,Normal,4,Normal,4,0.05387398228049278,0.05317022651433945,0.06428619474172592,0.05599715933203697,0.646166980266571,0.05872916057705879,0.06777627021074295
datasets\data\test\Normal\train_Image257.jpeg,Normal,4,Normal,4,0.04642118513584137,0.0453982949256897,0.04525088891386986,0.04752293974161148,0.7207428812980652,0.05492555722594261,0.039738282561302185
datasets\data\test\Normal\train_Image274.jpeg,Normal,4,Normal,4,0.05084722489118576,0.04754646494984627,0.05249185860157013,0.04950425401329994,0.7003979086875916,0.04756958410143852,0.0516427718102932
datasets\data\test\Normal\train_Image275.jpeg,Normal,4,Normal,4,0.049166031181812286,0.0490984283387661,0.06036129221320152,0.05873851478099823,0.6872574687004089,0.04234761744737625,0.05303068086504936
datasets\data\test\Normal\train_Image28.jpeg,Normal,4,Normal,4,0.052944354712963104,0.05210608243942261,0.050247885286808014,0.05364253371953964,0.6907002925872803,0.04720231518149376,0.05315658077597618
datasets\data\test\Normal\train_Image296.jpeg,Normal,4,Normal,4,0.053021837025880814,0.0642399787902832,0.09949248284101486,0.05573165416717529,0.403919517993927,0.19617387652397156,0.12742066383361816
datasets\data\test\Normal\train_Image298.jpeg,Normal,4,Normal,4,0.04768359288573265,0.0463639572262764,0.04362872242927551,0.04971569404006004,0.7131617069244385,0.0432296022772789,0.056216731667518616
datasets\data\test\Normal\train_Image338.jpeg,Normal,4,Normal,4,0.059645164757966995,0.05627528205513954,0.056821465492248535,0.05656657740473747,0.6599941253662109,0.05210229381918907,0.05859500169754028
datasets\data\test\Normal\train_Image343.jpeg,Normal,4,Normal,4,0.05530843883752823,0.0579131543636322,0.06541215628385544,0.06479781866073608,0.6450933218002319,0.05079241842031479,0.06068265438079834
datasets\data\test\Normal\train_Image344.jpeg,Normal,4,Normal,4,0.055502500385046005,0.056846462190151215,0.048494189977645874,0.053748492151498795,0.6667916774749756,0.06002410128712654,0.058592624962329865
datasets\data\test\Normal\train_Image368.jpeg,Normal,4,Normal,4,0.05570439249277115,0.05044439062476158,0.05521625280380249,0.05256359651684761,0.6835737824440002,0.05230211466550827,0.05019548535346985
datasets\data\test\Normal\train_Image395.jpeg,Normal,4,Normal,4,0.05994506925344467,0.05218116194009781,0.055692821741104126,0.08344622701406479,0.56382155418396,0.04358169808983803,0.14133144915103912
datasets\data\test\Normal\train_Image432.jpeg,Normal,4,Normal,4,0.05030784383416176,0.04756017401814461,0.051302894949913025,0.04491283744573593,0.7050318121910095,0.05025803670287132,0.050626400858163834
datasets\data\test\Normal\train_Image437.jpeg,Normal,4,Acne,0,0.36543476581573486,0.037012916058301926,0.02546600252389908,0.13963697850704193,0.2612529695034027,0.1125044971704483,0.05869179591536522
datasets\data\test\Normal\train_Image458.jpeg,Normal,4,Normal,4,0.053297244012355804,0.05166976526379585,0.05087912827730179,0.05495026335120201,0.6911235451698303,0.0506269596517086,0.04745306447148323
datasets\data\test\Normal\train_Image465.jpeg,Normal,4,Normal,4,0.06680914759635925,0.05847771838307381,0.06929466128349304,0.05917094275355339,0.6253607273101807,0.056433748453855515,0.06445303559303284
datasets\data\test\Normal\train_Image483.jpeg,Normal,4,Normal,4,0.051935020834207535,0.05492757633328438,0.05113746598362923,0.05578572675585747,0.6751357913017273,0.046983830630779266,0.06409461051225662
datasets\data\test\Normal\train_Image514.jpeg,Normal,4,Normal,4,0.04701550304889679,0.05793435499072075,0.057437337934970856,0.04271307587623596,0.7156373858451843,0.038956593722105026,0.04030567780137062
datasets\data\test\Normal\train_Image515.jpeg,Normal,4,Normal,4,0.045679446309804916,0.04721738398075104,0.03749927133321762,0.054821643978357315,0.6969003081321716,0.0701390728354454,0.04774289205670357
datasets\data\test\Normal\train_Image539.jpeg,Normal,4,Normal,4,0.05103321745991707,0.052036020904779434,0.04423511028289795,0.05585886910557747,0.6873840689659119,0.05231968313455582,0.05713297799229622
datasets\data\test\Normal\train_Image540.jpeg,Normal,4,Normal,4,0.05369408801198006,0.053582243621349335,0.05083207041025162,0.055955670773983,0.6894391775131226,0.046740319579839706,0.04975639283657074
datasets\data\test\Normal\train_Image546.jpeg,Normal,4,Normal,4,0.050669144839048386,0.04524094983935356,0.04440935701131821,0.05372503772377968,0.7075188159942627,0.04549248144030571,0.05294416472315788
datasets\data\test\Normal\train_Image561.jpeg,Normal,4,Normal,4,0.05817780643701553,0.06092626601457596,0.06084571033716202,0.05773128941655159,0.6414966583251953,0.060013577342033386,0.060808662325143814
datasets\data\test\Normal\train_Image576.jpeg,Normal,4,Normal,4,0.06746696680784225,0.0535898320376873,0.05481472238898277,0.07581554353237152,0.5742190480232239,0.07545791566371918,0.09863593429327011
datasets\data\test\Normal\train_Image581.jpeg,Normal,4,Normal,4,0.0605633407831192,0.050079673528671265,0.05365647003054619,0.08912640064954758,0.6289262175559998,0.05390510708093643,0.06374279409646988
datasets\data\test\Normal\train_Image629.jpeg,Normal,4,Normal,4,0.046204645186662674,0.04559747874736786,0.04800590127706528,0.045604921877384186,0.7139451503753662,0.05932385474443436,0.04131798446178436
datasets\data\test\Normal\train_Image639.jpeg,Normal,4,Normal,4,0.061357203871011734,0.04606334865093231,0.06593811511993408,0.058273110538721085,0.6723898649215698,0.04396224394440651,0.05201619118452072
datasets\data\test\Normal\train_Image659.jpeg,Normal,4,Normal,4,0.050929103046655655,0.046841733157634735,0.04643844813108444,0.050333451479673386,0.7049928903579712,0.05187453329563141,0.04858987033367157
datasets\data\test\Normal\train_Image662.jpeg,Normal,4,Normal,4,0.04405324161052704,0.037854041904211044,0.04595054313540459,0.05331766605377197,0.719656229019165,0.038903046399354935,0.060265183448791504
datasets\data\test\Normal\train_Image672.jpeg,Normal,4,Normal,4,0.04743919149041176,0.04787028953433037,0.04299416020512581,0.049017615616321564,0.7185290455818176,0.04863943159580231,0.045510318130254745
datasets\data\test\Normal\train_Image683.jpeg,Normal,4,Normal,4,0.059813402593135834,0.05143578350543976,0.052972547709941864,0.051991790533065796,0.6676857471466064,0.0601864755153656,0.055914223194122314
datasets\data\test\Normal\train_Image687.jpeg,Normal,4,Normal,4,0.06994181871414185,0.06530071049928665,0.06380605697631836,0.06268391013145447,0.608465313911438,0.07151393592357635,0.05828820914030075
datasets\data\test\Normal\train_Image694.jpeg,Normal,4,Normal,4,0.04320241138339043,0.0414583720266819,0.03888098895549774,0.04477039724588394,0.7403063178062439,0.0475708432495594,0.043810684233903885
datasets\data\test\Normal\train_Image7.jpeg,Normal,4,Normal,4,0.0468696653842926,0.04932805895805359,0.051900509744882584,0.04465550556778908,0.7168101072311401,0.042201898992061615,0.04823426902294159
datasets\data\test\Normal\train_Image700.jpeg,Normal,4,Normal,4,0.043883565813302994,0.05474983528256416,0.05664605274796486,0.05229818448424339,0.694659411907196,0.05223924666643143,0.04552370309829712
datasets\data\test\Normal\train_Image712.jpeg,Normal,4,Normal,4,0.04385559633374214,0.05535457655787468,0.049844615161418915,0.044911351054906845,0.6841506361961365,0.05826825648546219,0.06361491978168488
datasets\data\test\Normal\train_Image726.jpeg,Normal,4,Normal,4,0.05654822662472725,0.0654243603348732,0.07899972796440125,0.06633368879556656,0.6144170165061951,0.05765463039278984,0.060622379183769226
datasets\data\test\Normal\train_Image752.jpeg,Normal,4,Normal,4,0.05078909918665886,0.04446260258555412,0.04669833555817604,0.046158317476511,0.7110577821731567,0.04996293783187866,0.0508708655834198
datasets\data\test\Normal\train_Image760.jpeg,Normal,4,Normal,4,0.052061114460229874,0.05222579091787338,0.047321073710918427,0.04510195925831795,0.6664187908172607,0.06965309381484985,0.06721815466880798
datasets\data\test\Normal\train_Image764.jpeg,Normal,4,Normal,4,0.050526898354291916,0.05356835201382637,0.05746695399284363,0.04831443727016449,0.6709015369415283,0.06181640923023224,0.057405389845371246
datasets\data\test\Normal\train_Image767.jpeg,Normal,4,Normal,4,0.04812061786651611,0.04599139094352722,0.048965148627758026,0.04226669296622276,0.7014477252960205,0.062383022159338,0.05082540214061737
datasets\data\test\Normal\train_Image770.jpeg,Normal,4,Normal,4,0.046320002526044846,0.04486685246229172,0.05333198979496956,0.042340781539678574,0.7044559121131897,0.05630001053214073,0.05238451436161995
datasets\data\test\Normal\train_Image773.jpeg,Normal,4,Normal,4,0.0464794784784317,0.04602975398302078,0.04544730484485626,0.0478772334754467,0.7126052379608154,0.04949146509170532,0.052069537341594696
datasets\data\test\Normal\train_Image776.jpeg,Normal,4,Normal,4,0.04992099106311798,0.04740501195192337,0.046514153480529785,0.047324229031801224,0.7003197073936462,0.052728381007909775,0.05578760802745819
datasets\data\test\Normal\train_Image778.jpeg,Normal,4,Normal,4,0.04551432281732559,0.04829336702823639,0.047994088381528854,0.06065211817622185,0.6900571584701538,0.05046837404370308,0.05702061578631401
datasets\data\test\Normal\train_Image786.jpeg,Normal,4,Normal,4,0.05135282129049301,0.04606756195425987,0.037665579468011856,0.04892599955201149,0.6951608657836914,0.06712739169597626,0.053699735552072525
datasets\data\test\Normal\train_Image791.jpeg,Normal,4,Normal,4,0.05008438602089882,0.04767776280641556,0.04629477113485336,0.04052383080124855,0.7118075489997864,0.05268939957022667,0.050922371447086334
datasets\data\test\Normal\train_Image792.jpeg,Normal,4,Normal,4,0.051681824028491974,0.05447377264499664,0.04838111251592636,0.0464622937142849,0.6820332407951355,0.05365055426955223,0.06331723183393478
datasets\data\test\Normal\train_Image793.jpeg,Normal,4,Normal,4,0.05001308396458626,0.04473268613219261,0.04189686477184296,0.04749314486980438,0.7140224575996399,0.05570150911808014,0.04614018648862839
datasets\data\test\Normal\train_Image794.jpeg,Normal,4,Normal,4,0.05304878577589989,0.04710233956575394,0.047768693417310715,0.048510223627090454,0.7022026181221008,0.04965599253773689,0.05171132832765579
datasets\data\test\Normal\train_Image799.jpeg,Normal,4,Normal,4,0.04844982922077179,0.04645974189043045,0.044144876301288605,0.05195336788892746,0.6961936950683594,0.058345988392829895,0.05445244163274765
datasets\data\test\Normal\train_Image804.jpeg,Normal,4,Normal,4,0.05191998556256294,0.046077530831098557,0.04602953791618347,0.05329126864671707,0.6886110901832581,0.058614302426576614,0.055456310510635376
datasets\data\test\Normal\train_Image808.jpeg,Normal,4,Normal,4,0.05528075993061066,0.048029929399490356,0.04468569904565811,0.04849886894226074,0.6891488432884216,0.054681699723005295,0.059674255549907684
datasets\data\test\Normal\train_Image815.jpeg,Normal,4,Normal,4,0.05084804818034172,0.045374006032943726,0.04085635393857956,0.07187310606241226,0.6724493503570557,0.05569013953208923,0.06290894001722336
datasets\data\test\Normal\train_Image821.jpeg,Normal,4,Normal,4,0.053057726472616196,0.04340086877346039,0.04601646959781647,0.04534854367375374,0.7197015881538391,0.04409169405698776,0.04838305711746216
datasets\data\test\Normal\train_Image832.jpeg,Normal,4,Normal,4,0.04816097021102905,0.0477755032479763,0.05240979045629501,0.04964273050427437,0.7023033499717712,0.049925241619348526,0.04978246986865997
datasets\data\test\Normal\train_Image833.jpeg,Normal,4,Normal,4,0.04784741997718811,0.047578223049640656,0.0529402531683445,0.05119975656270981,0.6975253820419312,0.04915777966380119,0.05375118926167488
datasets\data\test\Normal\train_Image858.jpeg,Normal,4,Normal,4,0.05052317678928375,0.046307072043418884,0.037664856761693954,0.04455575719475746,0.702166736125946,0.061267316341400146,0.05751514062285423
datasets\data\test\Normal\train_Image867.jpeg,Normal,4,Normal,4,0.053281400352716446,0.04376242309808731,0.042691487818956375,0.05737806856632233,0.7011258602142334,0.05362355709075928,0.04813715070486069
datasets\data\test\Normal\train_Image877.jpeg,Normal,4,Normal,4,0.049314696341753006,0.0466180145740509,0.043060868978500366,0.04790559783577919,0.7058385014533997,0.05019035562872887,0.0570719838142395
datasets\data\test\Normal\train_Image891.jpeg,Normal,4,Normal,4,0.060723792761564255,0.042751189321279526,0.03598283603787422,0.04600982740521431,0.6858079433441162,0.07583268731832504,0.052891720086336136
datasets\data\test\Normal\train_Image894.jpeg,Normal,4,Normal,4,0.048762377351522446,0.04571417346596718,0.042810481041669846,0.047880660742521286,0.7009896039962769,0.06070203706622124,0.05314064398407936
datasets\data\test\Normal\train_Image895.jpeg,Normal,4,Normal,4,0.059124454855918884,0.048984888941049576,0.04843258857727051,0.0561741441488266,0.684461772441864,0.05039175599813461,0.052430376410484314
datasets\data\test\Normal\train_Image898.jpeg,Normal,4,Normal,4,0.0496225506067276,0.04842419922351837,0.04828130826354027,0.04981394484639168,0.6971980929374695,0.05051371455192566,0.056146152317523956
datasets\data\test\Normal\train_Image908.jpeg,Normal,4,Normal,4,0.05400707572698593,0.04698767140507698,0.045160189270973206,0.04828134551644325,0.6985651254653931,0.053792499005794525,0.053206101059913635
datasets\data\test\Normal\train_Image914.jpeg,Normal,4,Normal,4,0.05148366466164589,0.04856311157345772,0.05367475003004074,0.06090610846877098,0.6536043286323547,0.06175558269023895,0.07001248747110367
datasets\data\test\Normal\train_Image930.jpeg,Normal,4,Normal,4,0.05356689915060997,0.051921483129262924,0.06071110814809799,0.055871348828077316,0.667838990688324,0.058353129774332047,0.05173706263303757
datasets\data\test\Normal\train_Image940.jpeg,Normal,4,Normal,4,0.05027354881167412,0.0481049120426178,0.05208408087491989,0.047564879059791565,0.6922294497489929,0.06081412732601166,0.04892900586128235
datasets\data\test\Normal\train_Image949.jpeg,Normal,4,Normal,4,0.04997747391462326,0.05069110170006752,0.05257346108555794,0.05151855945587158,0.6888483762741089,0.05383235961198807,0.05255872756242752
datasets\data\test\Normal\train_Image958.jpeg,Normal,4,Normal,4,0.049447447061538696,0.04933447763323784,0.05540500208735466,0.051791682839393616,0.688186526298523,0.05096391215920448,0.054870884865522385
datasets\data\test\Normal\train_Image962.jpeg,Normal,4,Normal,4,0.051076531410217285,0.05234311893582344,0.05979454889893532,0.058316636830568314,0.6681008338928223,0.05257801711559296,0.05779028311371803
datasets\data\test\Normal\train_Image996.jpeg,Normal,4,Normal,4,0.051547572016716,0.04583565518260002,0.04464399814605713,0.04842274263501167,0.7048737406730652,0.04831286519765854,0.05636335164308548
datasets\data\test\Normal\valid_Image100.jpeg,Normal,4,Normal,4,0.05430562421679497,0.052597418427467346,0.059747397899627686,0.046199869364500046,0.6828064322471619,0.04678305238485336,0.05756022781133652
datasets\data\test\Normal\valid_Image102.jpeg,Normal,4,Normal,4,0.0574391633272171,0.05244586989283562,0.0458541177213192,0.05904746800661087,0.6734514236450195,0.05682380497455597,0.05493824928998947
datasets\data\test\Normal\valid_Image114.jpeg,Normal,4,Normal,4,0.054395269602537155,0.04958115145564079,0.045187126845121384,0.0474984236061573,0.7083580493927002,0.05142933502793312,0.043550629168748856
datasets\data\test\Normal\valid_Image119.jpeg,Normal,4,Normal,4,0.04539741575717926,0.04761044308543205,0.056785017251968384,0.044444795697927475,0.7205607295036316,0.04528982937335968,0.039911702275276184
datasets\data\test\Normal\valid_Image136.jpeg,Normal,4,Normal,4,0.03912125155329704,0.04543577879667282,0.04673617333173752,0.04427512362599373,0.7359007000923157,0.040870338678359985,0.04766065254807472
datasets\data\test\Normal\valid_Image141.jpeg,Normal,4,Normal,4,0.0468595027923584,0.051768116652965546,0.04363299906253815,0.048069968819618225,0.7331725358963013,0.036445166915655136,0.040051694959402084
datasets\data\test\Normal\valid_Image163.jpeg,Normal,4,Normal,4,0.056191690266132355,0.05458686873316765,0.04268985614180565,0.06369279325008392,0.6704398393630981,0.05589296296238899,0.05650598183274269
datasets\data\test\Normal\valid_Image176.jpeg,Normal,4,Normal,4,0.04187663644552231,0.041263606399297714,0.043148450553417206,0.04753146320581436,0.7190796732902527,0.05143313109874725,0.05566703528165817
datasets\data\test\Normal\valid_Image179.jpeg,Normal,4,Normal,4,0.05334249138832092,0.05358055233955383,0.03380082920193672,0.058522436767816544,0.690944254398346,0.0712258443236351,0.03858356177806854
datasets\data\test\Normal\valid_Image180.jpeg,Normal,4,Normal,4,0.05252000689506531,0.058298684656620026,0.07197704911231995,0.056800492107868195,0.643423855304718,0.05833575502038002,0.05864410847425461
datasets\data\test\Normal\valid_Image49.jpeg,Normal,4,Normal,4,0.05687388777732849,0.04735424742102623,0.04708907753229141,0.05235452204942703,0.6976293921470642,0.04602992162108421,0.05266895890235901
datasets\data\test\Normal\valid_Image56.jpeg,Normal,4,Normal,4,0.05225902423262596,0.05033380538225174,0.05061839520931244,0.05229676142334938,0.683372974395752,0.05491470545530319,0.05620440095663071
datasets\data\test\Normal\valid_Image71.jpeg,Normal,4,Normal,4,0.06319190561771393,0.045502919703722,0.044377103447914124,0.06653419882059097,0.6568925380706787,0.05044722557067871,0.07305412739515305
datasets\data\test\Normal\valid_Image96.jpeg,Normal,4,Normal,4,0.0417899563908577,0.048209358006715775,0.07314612716436386,0.052244242280721664,0.6808494329452515,0.04205533489584923,0.061705559492111206
datasets\data\test\Psoriasis\test_08sebKerm1122046.jpg,Psoriasis,5,Acne,0,0.4280661940574646,0.04015609249472618,0.10719142854213715,0.038782861083745956,0.039891861379146576,0.28751140832901,0.05840008705854416
datasets\data\test\Psoriasis\test_Lichen-Planus-Drug-28.jpg,Psoriasis,5,NailFungus,3,0.060473255813121796,0.04421113803982735,0.07260620594024658,0.6378120183944702,0.042166948318481445,0.10045702010393143,0.042273491621017456
datasets\data\test\Psoriasis\test_lichen-planus-vaginal-9.jpg,Psoriasis,5,Tinea,6,0.03501026704907417,0.03158006817102432,0.02173314243555069,0.031785398721694946,0.040673110634088516,0.29516297578811646,0.5440549850463867
datasets\data\test\Psoriasis\test_Lichen-Sclerosus-Skin-127.jpg,Psoriasis,5,Psoriasis,5,0.018184497952461243,0.015043996274471283,0.025806235149502754,0.02336297370493412,0.012812243774533272,0.8694940209388733,0.03529598191380501
datasets\data\test\Psoriasis\test_Lichen-Sclerosus-Skin-90.jpg,Psoriasis,5,Psoriasis,5,0.06954313069581985,0.07787919044494629,0.12816122174263,0.041092850267887115,0.07096996158361435,0.42393338680267334,0.18842031061649323
datasets\data\test\Psoriasis\test_pityriasis-rosea-143.jpg,Psoriasis,5,Psoriasis,5,0.036216530948877335,0.03808537498116493,0.10078729689121246,0.02692071534693241,0.027741147205233574,0.7240386605262756,0.04621012136340141
datasets\data\test\Psoriasis\test_pityriasis-rosea-191.jpg,Psoriasis,5,Psoriasis,5,0.060262128710746765,0.04879837483167648,0.08438296616077423,0.03790803998708725,0.04725772142410278,0.6096346974372864,0.11175607889890671
datasets\data\test\Psoriasis\test_pityriasis-rubra-pilaris-1.jpg,Psoriasis,5,Psoriasis,5,0.039544641971588135,0.03963293507695198,0.07929374277591705,0.06043686717748642,0.049753766506910324,0.7097757458686829,0.021562306210398674
datasets\data\test\Psoriasis\test_pityriasis-rubra-pilaris-13.jpg,Psoriasis,5,Psoriasis,5,0.032940562814474106,0.040941327810287476,0.04346241056919098,0.039636991918087006,0.04307414963841438,0.7394431829452515,0.06050126627087593
datasets\data\test\Psoriasis\test_pityriasis-rubra-pilaris-49.jpg,Psoriasis,5,Psoriasis,5,0.07251241058111191,0.05813635140657425,0.06915808469057083,0.05617117881774902,0.04597039893269539,0.43764728307724,0.2604042589664459
datasets\data\test\Psoriasis\test_Psoriasis-Histology-4.jpg,Psoriasis,5,Psoriasis,5,0.04034047573804855,0.04703548923134804,0.24956592917442322,0.06896669417619705,0.07751873135566711,0.4881763756275177,0.02839641086757183
datasets\data\test\Psoriasis\test_scalp-psoriasis-0003__ProtectWyJQcm90ZWN0Il0_FocusFillWzI5NCwyMjIsIngiLDFd.jpeg,Psoriasis,5,Psoriasis,5,0.0446811318397522,0.03371034562587738,0.04852405935525894,0.03676234185695648,0.06723550707101822,0.7194467186927795,0.049639858305454254
datasets\data\test\Psoriasis\test_scalp-psoriasis-0006__ProtectWyJQcm90ZWN0Il0_FocusFillWzI5NCwyMjIsIngiLDFd.jpeg,Psoriasis,5,Psoriasis,5,0.04486198350787163,0.058860693126916885,0.06665646284818649,0.050250403583049774,0.10991314053535461,0.5069050192832947,0.16255231201648712
datasets\data\test\Psoriasis\test_seborrheic-dermatitis-129.jpg,Psoriasis,5,Psoriasis,5,0.03410620614886284,0.01939268782734871,0.055293187499046326,0.016619812697172165,0.023005411028862,0.8038324117660522,0.04775025323033333
datasets\data\test\Psoriasis\test_seborrheic-dermatitis-15.jpg,Psoriasis,5,Psoriasis,5,0.08203480392694473,0.044703517109155655,0.06589283794164658,0.038802482187747955,0.04346445947885513,0.7015408873558044,0.023561013862490654
datasets\data\test\Psoriasis\train_08PsoriasisPitting1.jpg,Psoriasis,5,NailFungus,3,0.04966772720217705,0.05991113558411598,0.03991042077541351,0.543469250202179,0.05118122696876526,0.20888757705688477,0.04697263985872269
datasets\data\test\Psoriasis\train_08SebDermEAr.jpg,Psoriasis,5,Acne,0,0.42444780468940735,0.054257623851299286,0.1683466136455536,0.05136674642562866,0.05025854706764221,0.21899043023586273,0.032332178205251694
datasets\data\test\Psoriasis\train_08sebDermEar031306.jpg,Psoriasis,5,Psoriasis,5,0.06303209066390991,0.05260210111737251,0.05870484933257103,0.10632625222206116,0.04008931294083595,0.6609501838684082,0.01829518750309944
datasets\data\test\Psoriasis\train_08SebDermPresternal063002.jpg,Psoriasis,5,Psoriasis,5,0.03280267119407654,0.019537145271897316,0.13808150589466095,0.06526289880275726,0.021159954369068146,0.6524899005889893,0.07066589593887329
datasets\data\test\Psoriasis\train_08sebDermScalp111308.jpg,Psoriasis,5,Psoriasis,5,0.02473563887178898,0.027951158583164215,0.009500407613813877,0.05530018359422684,0.03430619463324547,0.8146474957466125,0.03355896472930908
datasets\data\test\Psoriasis\train_08SebDermScalp3.jpg,Psoriasis,5,Psoriasis,5,0.039010606706142426,0.0517895482480526,0.16434277594089508,0.03304826468229294,0.048431482166051865,0.5796946883201599,0.08368262648582458
datasets\data\test\Psoriasis\train_08TineaAmiantacea.jpg,Psoriasis,5,Psoriasis,5,0.023992324247956276,0.03944435715675354,0.025132136419415474,0.041741929948329926,0.04269470274448395,0.7735701203346252,0.05342455953359604
datasets\data\test\Psoriasis\train_Axillary-Granular-Parakeratosis-4.jpg,Psoriasis,5,Tinea,6,0.03789800405502319,0.2504466474056244,0.1677086055278778,0.0344657339155674,0.04183760657906532,0.051021039485931396,0.4166224002838135
datasets\data\test\Psoriasis\train_Axillary-Granular-Parakeratosis-6.jpg,Psoriasis,5,Eczema,2,0.03222367540001869,0.029237544164061546,0.7930536270141602,0.025620710104703903,0.025562390685081482,0.043839532881975174,0.050462592393159866
datasets\data\test\Psoriasis\train_Axillary-Granular-Parakeratosis-7.jpg,Psoriasis,5,Eczema,2,0.06873173266649246,0.11122032254934311,0.5849514603614807,0.04417940601706505,0.05435631424188614,0.1047104001045227,0.03185037896037102
datasets\data\test\Psoriasis\train_lichen-planus-20.jpg,Psoriasis,5,NailFungus,3,0.034789398312568665,0.04044732451438904,0.17284293472766876,0.5659393072128296,0.039162054657936096,0.10875187814235687,0.03806708753108978
datasets\data\test\Psoriasis\train_lichen-planus-204.jpg,Psoriasis,5,NailFungus,3,0.04145527631044388,0.040717706084251404,0.03975537791848183,0.4957261085510254,0.04394832253456116,0.1369902640581131,0.20140692591667175
datasets\data\test\Psoriasis\train_Lichen-Planus-Drug-14.jpg,Psoriasis,5,Tinea,6,0.06265246123075485,0.04961463436484337,0.16889767348766327,0.04153519868850708,0.11418026685714722,0.1466456949710846,0.4164741039276123
datasets\data\test\Psoriasis\train_Lichen-Planus-Drug-16.jpg,Psoriasis,5,Acne,0,0.29850971698760986,0.04112895205616951,0.1202448233962059,0.05496782436966896,0.0584678053855896,0.27299559116363525,0.15368524193763733
datasets\data\test\Psoriasis\train_Lichen-Planus-Drug-23.jpg,Psoriasis,5,Tinea,6,0.030868129804730415,0.044349901378154755,0.0904247984290123,0.04073313996195793,0.05012251436710358,0.2738175094127655,0.46968400478363037
datasets\data\test\Psoriasis\train_Lichen-Planus-Drug-7.jpg,Psoriasis,5,Psoriasis,5,0.05832793936133385,0.0482625737786293,0.08352553099393845,0.062083423137664795,0.04461512342095375,0.6589490175247192,0.044236429035663605
datasets\data\test\Psoriasis\train_Lichen-Planus-Drug-8.jpg,Psoriasis,5,Psoriasis,5,0.02941874973475933,0.05852259323000908,0.14139923453330994,0.02310054749250412,0.05734366923570633,0.6078835129737854,0.08233160525560379
datasets\data\test\Psoriasis\train_Lichen-Planus-Oral-37.jpg,Psoriasis,5,Psoriasis,5,0.031176241114735603,0.025661785155534744,0.04602094367146492,0.028758455067873,0.02749801240861416,0.8150593638420105,0.025825129821896553
datasets\data\test\Psoriasis\train_Lichen-Planus-Oral-46.jpg,Psoriasis,5,Psoriasis,5,0.05462920665740967,0.0405329205095768,0.024312041699886322,0.03032551519572735,0.03526214882731438,0.7522159814834595,0.06272212415933609
datasets\data\test\Psoriasis\train_Lichen-Planus-Oral-7.jpg,Psoriasis,5,Psoriasis,5,0.04505271464586258,0.35702091455459595,0.046358801424503326,0.06529759615659714,0.04800231009721756,0.3804691731929779,0.05779843032360077
datasets\data\test\Psoriasis\train_Lichen-Planus-Palm-Soles-7.jpg,Psoriasis,5,Tinea,6,0.056457068771123886,0.07147607207298279,0.06471071392297745,0.0571168027818203,0.05995430424809456,0.32071200013160706,0.3695729374885559
datasets\data\test\Psoriasis\train_lichen-planus-vaginal-8.jpg,Psoriasis,5,Psoriasis,5,0.045350331813097,0.022841596975922585,0.05009835958480835,0.029548218473792076,0.039544928818941116,0.7913567423820496,0.02125975489616394
datasets\data\test\Psoriasis\train_Lichen-Sclerosis-Vulva-22.jpg,Psoriasis,5,Psoriasis,5,0.053691573441028595,0.02899680845439434,0.0727536529302597,0.04087414965033531,0.042136285454034805,0.7390502691268921,0.02249722182750702
datasets\data\test\Psoriasis\train_Lichen-Sclerosis-Vulva-29.jpg,Psoriasis,5,Psoriasis,5,0.08336503058671951,0.04542165249586105,0.20085521042346954,0.08484341949224472,0.07082139700651169,0.2837664783000946,0.23092682659626007
datasets\data\test\Psoriasis\train_Lichen-Sclerosis-Vulva-8.jpg,Psoriasis,5,Psoriasis,5,0.05528660863637924,0.03924695774912834,0.11072931438684464,0.04874313995242119,0.047606032341718674,0.6512638926506042,0.047124024480581284
datasets\data\test\Psoriasis\train_Lichen-Sclerosis-Vulva-9.jpg,Psoriasis,5,Psoriasis,5,0.058756038546562195,0.18886059522628784,0.23581698536872864,0.04228433966636658,0.06950925290584564,0.3121059238910675,0.09266682714223862
datasets\data\test\Psoriasis\train_Lichen-Sclerosus-Penis-2.jpg,Psoriasis,5,Psoriasis,5,0.050527870655059814,0.040531039237976074,0.019828803837299347,0.03870551288127899,0.032718490809202194,0.7763848304748535,0.041303448379039764
datasets\data\test\Psoriasis\train_Lichen-Sclerosus-Penis-28.jpg,Psoriasis,5,Psoriasis,5,0.04765196517109871,0.036560364067554474,0.052085135132074356,0.04436206817626953,0.03747463971376419,0.7549838423728943,0.026882024481892586
datasets\data\test\Psoriasis\train_Lichen-Sclerosus-Penis-44.jpg,Psoriasis,5,Psoriasis,5,0.06176876276731491,0.03545952960848808,0.03286557272076607,0.039480969309806824,0.04318540170788765,0.7440971732139587,0.04314260929822922
datasets\data\test\Psoriasis\train_Lichen-Sclerosus-Skin-104.jpg,Psoriasis,5,Psoriasis,5,0.030678195878863335,0.02717912755906582,0.0334959551692009,0.060371313244104385,0.05171843245625496,0.5581019520759583,0.23845499753952026
datasets\data\test\Psoriasis\train_Lichen-Sclerosus-Skin-105.jpg,Psoriasis,5,Tinea,6,0.04950299486517906,0.05039123445749283,0.03375167399644852,0.029161371290683746,0.0439545102417469,0.356619656085968,0.43661853671073914
datasets\data\test\Psoriasis\train_Lichen-Sclerosus-Skin-108.jpg,Psoriasis,5,NailFungus,3,0.055699873715639114,0.06437855213880539,0.04157711938023567,0.35752806067466736,0.05556448921561241,0.23170575499534607,0.19354616105556488
datasets\data\test\Psoriasis\train_Lichen-Sclerosus-Skin-11.jpg,Psoriasis,5,Psoriasis,5,0.07168524712324142,0.045203905552625656,0.044157762080430984,0.02321692369878292,0.03387939929962158,0.7339023947715759,0.047954313457012177
datasets\data\test\Psoriasis\train_Lichen-Sclerosus-Skin-128.jpg,Psoriasis,5,Psoriasis,5,0.028551777824759483,0.03504339978098869,0.0825713500380516,0.028458835557103157,0.03165479376912117,0.7310909032821655,0.06262902170419693
datasets\data\test\Psoriasis\train_Lichen-Sclerosus-Skin-24.jpg,Psoriasis,5,Psoriasis,5,0.05312969908118248,0.021261336281895638,0.044807154685258865,0.02541581727564335,0.02399846725165844,0.7767748832702637,0.05461267754435539
datasets\data\test\Psoriasis\train_Lichen-Sclerosus-Skin-66.jpg,Psoriasis,5,Psoriasis,5,0.039720576256513596,0.04290404170751572,0.11628030240535736,0.06703948974609375,0.04784698039293289,0.6384904980659485,0.047718167304992676
datasets\data\test\Psoriasis\train_Lichen-Sclerosus-Skin-67.jpg,Psoriasis,5,Psoriasis,5,0.08511725813150406,0.04245861992239952,0.055355414748191833,0.06110801547765732,0.06823599338531494,0.650894820690155,0.0368298701941967
datasets\data\test\Psoriasis\train_Lichen-Sclerosus-Skin-77.jpg,Psoriasis,5,Psoriasis,5,0.0320252850651741,0.03427397832274437,0.05085579678416252,0.02978714182972908,0.024282926693558693,0.7995904088020325,0.029184365645051003
datasets\data\test\Psoriasis\train_Lichen-Sclerosus-Skin-89.jpg,Psoriasis,5,Psoriasis,5,0.047532156109809875,0.04607929289340973,0.14642217755317688,0.03269950672984123,0.03750099986791611,0.5165336728096008,0.17323216795921326
datasets\data\test\Psoriasis\train_Lichen-Sclerosus-Skin-93.jpg,Psoriasis,5,Psoriasis,5,0.037014469504356384,0.039118845015764236,0.17073220014572144,0.10619278252124786,0.04066399112343788,0.5138761401176453,0.09240157902240753
datasets\data\test\Psoriasis\train_Pityriasis-Lichenoides-15.jpg,Psoriasis,5,Psoriasis,5,0.03831331431865692,0.028256621211767197,0.0499972365796566,0.05132809653878212,0.03519788384437561,0.7626487612724304,0.03425811976194382
datasets\data\test\Psoriasis\train_Pityriasis-Lichenoides-18.jpg,Psoriasis,5,Psoriasis,5,0.08938861638307571,0.05185297131538391,0.09645377844572067,0.07593728601932526,0.05381564050912857,0.6033268570899963,0.029224803671240807
datasets\data\test\Psoriasis\train_Pityriasis-Lichenoides-28.jpg,Psoriasis,5,Psoriasis,5,0.024635257199406624,0.0377156026661396,0.17833591997623444,0.0566231943666935,0.035863447934389114,0.6152609586715698,0.05156559869647026
datasets\data\test\Psoriasis\train_Pityriasis-Lichenoides-42.jpg,Psoriasis,5,Psoriasis,5,0.06784357130527496,0.033935289829969406,0.05735432356595993,0.025863539427518845,0.04001544043421745,0.6366293430328369,0.1383584588766098
datasets\data\test\Psoriasis\train_Pityriasis-Lichenoides-52.jpg,Psoriasis,5,Psoriasis,5,0.17059831321239471,0.04629851132631302,0.14732114970684052,0.04675039276480675,0.04778485745191574,0.5092523097991943,0.03199440613389015
datasets\data\test\Psoriasis\train_Pityriasis-Lichenoides-8.jpg,Psoriasis,5,Psoriasis,5,0.03307060897350311,0.04460953176021576,0.10815740376710892,0.18061809241771698,0.04056144505739212,0.5307654738426208,0.06221748888492584
datasets\data\test\Psoriasis\train_pityriasis-rosea-1.jpg,Psoriasis,5,Psoriasis,5,0.03364209085702896,0.030902117490768433,0.058216240257024765,0.04266459122300148,0.04959427937865257,0.7106108069419861,0.074369877576828
datasets\data\test\Psoriasis\train_pityriasis-rosea-10.jpg,Psoriasis,5,Psoriasis,5,0.04962095245718956,0.041321415454149246,0.035417307168245316,0.022938625887036324,0.02982594072818756,0.7299317121505737,0.09094402939081192
datasets\data\test\Psoriasis\train_pityriasis-rosea-112.jpg,Psoriasis,5,Psoriasis,5,0.02557636797428131,0.05128415673971176,0.1488545835018158,0.05306855961680412,0.052246131002902985,0.6135022044181824,0.05546802654862404
datasets\data\test\Psoriasis\train_pityriasis-rosea-117.jpg,Psoriasis,5,Psoriasis,5,0.08788473904132843,0.03323893994092941,0.05368400365114212,0.030263200402259827,0.03464381396770477,0.6199416518211365,0.1403435468673706
datasets\data\test\Psoriasis\train_pityriasis-rosea-119.jpg,Psoriasis,5,Psoriasis,5,0.1315540224313736,0.03545457869768143,0.06774145364761353,0.041337694972753525,0.03694719821214676,0.6243181228637695,0.06264694035053253
datasets\data\test\Psoriasis\train_pityriasis-rosea-162.jpg,Psoriasis,5,Psoriasis,5,0.054775070399045944,0.05925414338707924,0.12224104255437851,0.050172094255685806,0.04914629086852074,0.6248561143875122,0.039555177092552185
datasets\data\test\Psoriasis\train_pityriasis-rosea-184.jpg,Psoriasis,5,Psoriasis,5,0.0901307612657547,0.053572043776512146,0.07526621222496033,0.04501266032457352,0.04486741125583649,0.6184240579605103,0.07272683084011078
datasets\data\test\Psoriasis\train_pityriasis-rosea-185.jpg,Psoriasis,5,Eczema,2,0.03582587465643883,0.0440104603767395,0.5330133438110352,0.07475119829177856,0.04918898269534111,0.22668962180614471,0.03652052953839302
datasets\data\test\Psoriasis\train_pityriasis-rosea-2.jpg,Psoriasis,5,Psoriasis,5,0.03457759693264961,0.04811563342809677,0.08195614069700241,0.057679545134305954,0.04713720083236694,0.6912910342216492,0.03924285247921944
datasets\data\test\Psoriasis\train_pityriasis-rubra-pilaris-12.jpg,Psoriasis,5,Psoriasis,5,0.03638947382569313,0.04393495246767998,0.04080856963992119,0.08172587305307388,0.04572676494717598,0.688743531703949,0.06267087161540985
datasets\data\test\Psoriasis\train_pityriasis-rubra-pilaris-16.jpg,Psoriasis,5,Psoriasis,5,0.04618800804018974,0.0755162388086319,0.048753634095191956,0.08738212287425995,0.061086513102054596,0.6271815299987793,0.053891971707344055
datasets\data\test\Psoriasis\train_pityriasis-rubra-pilaris-32.jpg,Psoriasis,5,Psoriasis,5,0.04227423667907715,0.040343742817640305,0.09479888528585434,0.11072511970996857,0.04413551092147827,0.3994205594062805,0.26830193400382996
datasets\data\test\Psoriasis\train_pityriasis-rubra-pilaris-35.jpg,Psoriasis,5,Tinea,6,0.047851305454969406,0.05073338747024536,0.2699092626571655,0.05848631635308266,0.04979369789361954,0.10729091614484787,0.41593509912490845
datasets\data\test\Psoriasis\train_pityriasis-rubra-pilaris-38.jpg,Psoriasis,5,Psoriasis,5,0.043528150767087936,0.05556544288992882,0.09306283295154572,0.08085013180971146,0.05834847316145897,0.6165497303009033,0.0520952083170414
datasets\data\test\Psoriasis\train_pityriasis-rubra-pilaris-56.jpg,Psoriasis,5,Tinea,6,0.049272697418928146,0.05804997310042381,0.08672603219747543,0.06484315544366837,0.06757206469774246,0.29720380902290344,0.37633225321769714
datasets\data\test\Psoriasis\train_Psoriasis-Anus-17.jpeg,Psoriasis,5,Psoriasis,5,0.01721864752471447,0.027259888127446175,0.026398280635476112,0.030468212440609932,0.02722110226750374,0.8233053684234619,0.04812852665781975
datasets\data\test\Psoriasis\train_Psoriasis-Anus-6.jpg,Psoriasis,5,Eczema,2,0.23921966552734375,0.039064597338438034,0.3892778754234314,0.04166412353515625,0.049902573227882385,0.07447613030672073,0.16639502346515656
datasets\data\test\Psoriasis\train_Psoriasis-Cellulitis-2.jpeg,Psoriasis,5,Psoriasis,5,0.08754905313253403,0.03778012841939926,0.04214182496070862,0.043063580989837646,0.05167686939239502,0.7100751996040344,0.027713343501091003
datasets\data\test\Psoriasis\train_Psoriasis-Chronic-Plaque-101.jpeg,Psoriasis,5,Psoriasis,5,0.03439774736762047,0.02720004878938198,0.1716243177652359,0.03595883026719093,0.02818632870912552,0.6735165119171143,0.029116161167621613
datasets\data\test\Psoriasis\train_Psoriasis-Chronic-Plaque-104.jpeg,Psoriasis,5,Eczema,2,0.06420949101448059,0.05696805939078331,0.6945951581001282,0.0531492605805397,0.05648374930024147,0.03037046641111374,0.0442238375544548
datasets\data\test\Psoriasis\train_Psoriasis-Chronic-Plaque-108.jpeg,Psoriasis,5,Psoriasis,5,0.054048676043748856,0.036443062126636505,0.13967522978782654,0.10855552554130554,0.043095603585243225,0.5473000407218933,0.0708819031715393
datasets\data\test\Psoriasis\train_Psoriasis-Chronic-Plaque-11.jpeg,Psoriasis,5,Psoriasis,5,0.04680183529853821,0.038747530430555344,0.04813925921916962,0.05077077075839043,0.041987344622612,0.745877742767334,0.027675524353981018
datasets\data\test\Psoriasis\train_Psoriasis-Chronic-Plaque-110.jpeg,Psoriasis,5,Psoriasis,5,0.02710036374628544,0.03860309347510338,0.0904373973608017,0.036805007606744766,0.04113994911313057,0.7295955419540405,0.03631865605711937
datasets\data\test\Psoriasis\train_Psoriasis-Chronic-Plaque-112.jpeg,Psoriasis,5,Psoriasis,5,0.04784698039293289,0.050439100712537766,0.12149810045957565,0.04588183015584946,0.05597587674856186,0.6376073956489563,0.04075074568390846
datasets\data\test\Psoriasis\train_Psoriasis-Chronic-Plaque-113.jpeg,Psoriasis,5,Psoriasis,5,0.047766219824552536,0.049412645399570465,0.06610168516635895,0.13616368174552917,0.060333650559186935,0.5740867853164673,0.06613531708717346
datasets\data\test\Psoriasis\train_Psoriasis-Chronic-Plaque-122.jpeg,Psoriasis,5,Psoriasis,5,0.04945310950279236,0.050741929560899734,0.3037828803062439,0.06650740653276443,0.06651938706636429,0.3666917681694031,0.0963035300374031
datasets\data\test\Psoriasis\train_Psoriasis-Chronic-Plaque-127.jpeg,Psoriasis,5,Psoriasis,5,0.036633044481277466,0.028972676023840904,0.091064453125,0.05672062188386917,0.03636275231838226,0.705466628074646,0.04477982595562935
datasets\data\test\Psoriasis\train_Psoriasis-Chronic-Plaque-128.jpeg,Psoriasis,5,Psoriasis,5,0.029668642207980156,0.04206448793411255,0.16068419814109802,0.06400486081838608,0.04216931760311127,0.36701443791389465,0.2943940758705139
datasets\data\test\Psoriasis\train_Psoriasis-Chronic-Plaque-132.jpeg,Psoriasis,5,Eczema,2,0.0431167371571064,0.04729386791586876,0.31611621379852295,0.045758772641420364,0.06279796361923218,0.20012257993221283,0.2847939133644104
datasets\data\test\Psoriasis\train_Psoriasis-Chronic-Plaque-141.jpeg,Psoriasis,5,Psoriasis,5,0.027439340949058533,0.02650754526257515,0.05060959607362747,0.04297367110848427,0.030176233500242233,0.8020220994949341,0.020271560177206993
datasets\data\test\Psoriasis\train_Psoriasis-Chronic-Plaque-149.jpg,Psoriasis,5,Psoriasis,5,0.040266893804073334,0.0391954705119133,0.03723619133234024,0.04866724833846092,0.04124283045530319,0.7711560130119324,0.02223530039191246
datasets\data\test\Psoriasis\train_Psoriasis-Chronic-Plaque-154.jpg,Psoriasis,5,Psoriasis,5,0.03876107931137085,0.03793630003929138,0.05525406450033188,0.060118500143289566,0.0441381111741066,0.7433785796165466,0.020413337275385857
datasets\data\test\Psoriasis\train_Psoriasis-Chronic-Plaque-161.jpeg,Psoriasis,5,Psoriasis,5,0.030525468289852142,0.029477886855602264,0.03794015571475029,0.02980070561170578,0.03180069103837013,0.8119930624961853,0.028461921960115433
datasets\data\test\Psoriasis\train_Psoriasis-Chronic-Plaque-178.jpeg,Psoriasis,5,Psoriasis,5,0.05929393693804741,0.06154526025056839,0.053789254277944565,0.06861712038516998,0.0660187304019928,0.618514358997345,0.07222136855125427
datasets\data\test\Psoriasis\train_Psoriasis-Chronic-Plaque-187.jpeg,Psoriasis,5,Psoriasis,5,0.051972754299640656,0.049034472554922104,0.03892131149768829,0.045546095818281174,0.04534812271595001,0.73586106300354,0.033316127955913544
datasets\data\test\Psoriasis\train_Psoriasis-Chronic-Plaque-189.jpeg,Psoriasis,5,Psoriasis,5,0.027795063331723213,0.044064734131097794,0.06608463078737259,0.04756629839539528,0.04640178382396698,0.7284606099128723,0.039626818150281906
datasets\data\test\Psoriasis\train_Psoriasis-Chronic-Plaque-90.jpeg,Psoriasis,5,Psoriasis,5,0.06593005359172821,0.10453352332115173,0.10471048951148987,0.08372495323419571,0.05413515865802765,0.5381229519844055,0.048842903226614
datasets\data\test\Psoriasis\train_Psoriasis-Chronic-Plaque-98.jpeg,Psoriasis,5,Psoriasis,5,0.0871453508734703,0.0481734424829483,0.12889519333839417,0.05546055734157562,0.047890692949295044,0.5694542527198792,0.06298048794269562
datasets\data\test\Psoriasis\train_psoriasis-digits-2.jpeg,Psoriasis,5,Psoriasis,5,0.02229476347565651,0.030709778890013695,0.07521874457597733,0.027610277757048607,0.0341506153345108,0.7865831255912781,0.023432709276676178
datasets\data\test\Psoriasis\train_psoriasis-digits-3.jpeg,Psoriasis,5,Eczema,2,0.037966880947351456,0.052831243723630905,0.6814857125282288,0.0698031634092331,0.05330633372068405,0.03424496576189995,0.0703616738319397
datasets\data\test\Psoriasis\train_psoriasis-erythrodermic-1.jpeg,Psoriasis,5,Psoriasis,5,0.03816185146570206,0.05394343286752701,0.05978533253073692,0.06266728043556213,0.05742235481739044,0.6950876116752625,0.0329321064054966
datasets\data\test\Psoriasis\train_psoriasis-erythrodermic-21.jpeg,Psoriasis,5,Psoriasis,5,0.02790246158838272,0.047822389751672745,0.05638859048485756,0.042916297912597656,0.04870472103357315,0.7479956150054932,0.02826985903084278
datasets\data\test\Psoriasis\train_Psoriasis-Guttate-104.jpeg,Psoriasis,5,Psoriasis,5,0.08898869901895523,0.04575716331601143,0.044075965881347656,0.04000473394989967,0.058669399470090866,0.6948778033256531,0.027626268565654755
datasets\data\test\Psoriasis\train_Psoriasis-Guttate-111.jpeg,Psoriasis,5,Psoriasis,5,0.0431075394153595,0.04721837490797043,0.04319716989994049,0.050132740288972855,0.05756087601184845,0.7255948781967163,0.03318843990564346
datasets\data\test\Psoriasis\train_Psoriasis-Guttate-123.jpeg,Psoriasis,5,Psoriasis,5,0.0471198596060276,0.03495662286877632,0.03884105384349823,0.032908786088228226,0.03966753929853439,0.7788553237915039,0.027650808915495872
datasets\data\test\Psoriasis\train_Psoriasis-Guttate-57.jpeg,Psoriasis,5,Psoriasis,5,0.0373062789440155,0.03218277916312218,0.03104046918451786,0.04216890037059784,0.03162052109837532,0.7457765936851501,0.07990443706512451
datasets\data\test\Psoriasis\train_Psoriasis-Guttate-62.jpeg,Psoriasis,5,Psoriasis,5,0.04960595816373825,0.04267401993274689,0.039147861301898956,0.04389045387506485,0.05367894470691681,0.586114227771759,0.18488849699497223
datasets\data\test\Psoriasis\train_Psoriasis-Hand-38.jpeg,Psoriasis,5,Psoriasis,5,0.05155353620648384,0.049040041863918304,0.10503898561000824,0.039879269897937775,0.04588394612073898,0.6556476354598999,0.05295659974217415
datasets\data\test\Psoriasis\train_Psoriasis-Hand-45.jpeg,Psoriasis,5,Eczema,2,0.04938527196645737,0.05556744337081909,0.4471926689147949,0.05433173105120659,0.05359639599919319,0.24808269739151,0.09184380620718002
datasets\data\test\Psoriasis\train_Psoriasis-Hand-47.jpg,Psoriasis,5,Eczema,2,0.048690956085920334,0.04816746711730957,0.477905809879303,0.05177837237715721,0.044628653675317764,0.3108983635902405,0.01793034002184868
datasets\data\test\Psoriasis\train_Psoriasis-Hand-5.jpeg,Psoriasis,5,Eczema,2,0.04947228729724884,0.05670022964477539,0.4095175266265869,0.02959904819726944,0.03903277590870857,0.33179882168769836,0.08387929201126099
datasets\data\test\Psoriasis\train_Psoriasis-Hand-6.jpeg,Psoriasis,5,Eczema,2,0.028112085536122322,0.04066378250718117,0.7219615578651428,0.026485079899430275,0.03342008963227272,0.10590064525604248,0.04345671087503433
datasets\data\test\Psoriasis\train_Psoriasis-Histology-18.jpg,Psoriasis,5,Psoriasis,5,0.061407774686813354,0.035910602658987045,0.27859973907470703,0.03713638707995415,0.031704116612672806,0.5306470990180969,0.024594299495220184
datasets\data\test\Psoriasis\train_Psoriasis-HIV-3.jpeg,Psoriasis,5,Psoriasis,5,0.03517041355371475,0.031986016780138016,0.13880817592144012,0.031720325350761414,0.03341864049434662,0.6657121777534485,0.06318429857492447
datasets\data\test\Psoriasis\train_Psoriasis-infant-4.jpeg,Psoriasis,5,Psoriasis,5,0.06792490184307098,0.07998467981815338,0.04627625644207001,0.08516091853380203,0.09730374813079834,0.5783967971801758,0.04495275020599365
datasets\data\test\Psoriasis\train_Psoriasis-inversus-30.jpeg,Psoriasis,5,Tinea,6,0.038286980241537094,0.04250522330403328,0.047790925949811935,0.03155534714460373,0.0363859087228775,0.07032988220453262,0.7331456542015076
datasets\data\test\Psoriasis\train_Psoriasis-nails-15.jpeg,Psoriasis,5,Psoriasis,5,0.04732118919491768,0.048109788447618484,0.07962195575237274,0.052007079124450684,0.1449778527021408,0.5945501327514648,0.03341197595000267
datasets\data\test\Psoriasis\train_Psoriasis-nails-20.jpeg,Psoriasis,5,NailFungus,3,0.050847020000219345,0.0637383684515953,0.04552093893289566,0.537281334400177,0.05268608778715134,0.18809013068675995,0.06183617189526558
datasets\data\test\Psoriasis\train_Psoriasis-nails-8.jpeg,Psoriasis,5,NailFungus,3,0.05931588634848595,0.056269943714141846,0.06699195504188538,0.6499481201171875,0.05666787177324295,0.056762102991342545,0.05404413118958473
datasets\data\test\Psoriasis\train_psoriasis-palms-soles-111.jpeg,Psoriasis,5,Psoriasis,5,0.034602802246809006,0.03911791369318962,0.2556205987930298,0.01934504695236683,0.023817503824830055,0.5967048406600952,0.030791297554969788
datasets\data\test\Psoriasis\train_psoriasis-palms-soles-121.jpeg,Psoriasis,5,Psoriasis,5,0.04404912143945694,0.05165121331810951,0.29211246967315674,0.033420629799366,0.03905685618519783,0.41624578833580017,0.123463936150074
datasets\data\test\Psoriasis\train_psoriasis-palms-soles-13.jpg,Psoriasis,5,Psoriasis,5,0.06742710620164871,0.07084247469902039,0.18667562305927277,0.06483776122331619,0.07015257328748703,0.49799925088882446,0.04206523671746254
datasets\data\test\Psoriasis\train_psoriasis-palms-soles-136.jpeg,Psoriasis,5,Eczema,2,0.04832891747355461,0.052960243076086044,0.4793785512447357,0.04912757873535156,0.049109041690826416,0.281685471534729,0.03941018506884575
datasets\data\test\Psoriasis\train_psoriasis-palms-soles-14.jpeg,Psoriasis,5,Eczema,2,0.03911343589425087,0.04241113364696503,0.6303503513336182,0.035289522260427475,0.04583653062582016,0.17851018905639648,0.028488751500844955
datasets\data\test\Psoriasis\train_psoriasis-palms-soles-144.jpeg,Psoriasis,5,Psoriasis,5,0.037967465817928314,0.051214758306741714,0.04059689864516258,0.03909819945693016,0.04233388230204582,0.7454952001571655,0.04329362139105797
datasets\data\test\Psoriasis\train_psoriasis-palms-soles-145.jpeg,Psoriasis,5,Psoriasis,5,0.030820637941360474,0.040749676525592804,0.05584733560681343,0.042331237345933914,0.03839603438973427,0.7557429075241089,0.03611217066645622
datasets\data\test\Psoriasis\train_psoriasis-palms-soles-178.jpeg,Psoriasis,5,Psoriasis,5,0.03890432044863701,0.04244347661733627,0.26693663001060486,0.026094844564795494,0.03651593253016472,0.57305908203125,0.016045689582824707
datasets\data\test\Psoriasis\train_psoriasis-palms-soles-18.jpeg,Psoriasis,5,Eczema,2,0.05353941023349762,0.06838579475879669,0.6190746426582336,0.07399461418390274,0.06279782950878143,0.09528996050357819,0.02691773883998394
datasets\data\test\Psoriasis\train_psoriasis-palms-soles-19.jpeg,Psoriasis,5,Eczema,2,0.03741271421313286,0.05534415319561958,0.6524878740310669,0.05812275782227516,0.0636986494064331,0.03944045677781105,0.09349337220191956
datasets\data\test\Psoriasis\train_psoriasis-palms-soles-83.jpeg,Psoriasis,5,Psoriasis,5,0.03692742437124252,0.04237470403313637,0.10035474598407745,0.03504198044538498,0.04459002986550331,0.39933398365974426,0.3413770794868469
datasets\data\test\Psoriasis\train_psoriasis-palms-soles-97.jpeg,Psoriasis,5,Eczema,2,0.0265642162412405,0.028028594329953194,0.7558910250663757,0.04746158421039581,0.03371588885784149,0.02638157084584236,0.08195710927248001
datasets\data\test\Psoriasis\train_Psoriasis-penis-13.jpeg,Psoriasis,5,Psoriasis,5,0.038775358349084854,0.06669934839010239,0.2880236506462097,0.03679065778851509,0.03262023627758026,0.45572546124458313,0.08136531710624695
datasets\data\test\Psoriasis\train_Psoriasis-penis-14.jpeg,Psoriasis,5,Psoriasis,5,0.038662005215883255,0.04216958209872246,0.03380561247467995,0.036737021058797836,0.048062317073345184,0.7580368518829346,0.042526647448539734
datasets\data\test\Psoriasis\train_psoriasis-pustular-generalized-3.jpeg,Psoriasis,5,Psoriasis,5,0.024267321452498436,0.021143238991498947,0.051255758851766586,0.05995408818125725,0.02159152925014496,0.7913604974746704,0.03042759746313095
datasets\data\test\Psoriasis\train_psoriasis-pustular-generalized-4.jpeg,Psoriasis,5,Eczema,2,0.035732198506593704,0.03843697905540466,0.7381272315979004,0.03433457016944885,0.03941081464290619,0.0460897833108902,0.0678684338927269
datasets\data\test\Psoriasis\train_psoriasis-pustular-generalized-41.jpeg,Psoriasis,5,Psoriasis,5,0.05855458974838257,0.04427297040820122,0.1576562523841858,0.023603232577443123,0.040858544409275055,0.5906827449798584,0.08437167853116989
datasets\data\test\Psoriasis\train_psoriasis-pustular-generalized-42.jpeg,Psoriasis,5,Eczema,2,0.06171802058815956,0.04298532381653786,0.39439380168914795,0.039319202303886414,0.050748128443956375,0.35401883721351624,0.05681663006544113
datasets\data\test\Psoriasis\train_psoriasis-pustular-generalized-47.jpeg,Psoriasis,5,Psoriasis,5,0.04027014598250389,0.05147122964262962,0.04894016310572624,0.039912402629852295,0.04534052312374115,0.602361261844635,0.17170436680316925
datasets\data\test\Psoriasis\train_psoriasis-pustular-generalized-49.jpeg,Psoriasis,5,Psoriasis,5,0.12409310042858124,0.051607612520456314,0.34048303961753845,0.028139188885688782,0.04492407664656639,0.37957489490509033,0.031178077682852745
datasets\data\test\Psoriasis\train_psoriasis-pustular-generalized-60.jpeg,Psoriasis,5,Eczema,2,0.03095214255154133,0.03986949101090431,0.7106472849845886,0.06633947789669037,0.035659030079841614,0.06604833900928497,0.05048421770334244
datasets\data\test\Psoriasis\train_psoriasis-pustular-generalized-8.jpeg,Psoriasis,5,Psoriasis,5,0.0373072549700737,0.04890596866607666,0.035004500299692154,0.04329002648591995,0.04988487809896469,0.7434629797935486,0.042144373059272766
datasets\data\test\Psoriasis\train_psoriasis-scalp-103.jpeg,Psoriasis,5,Psoriasis,5,0.052938561886548996,0.02777133695781231,0.2140144556760788,0.025748254731297493,0.03311319649219513,0.6159210801124573,0.030493125319480896
datasets\data\test\Psoriasis\train_psoriasis-scalp-110.jpeg,Psoriasis,5,Psoriasis,5,0.030368929728865623,0.02994154393672943,0.056688759475946426,0.03281032666563988,0.03480081632733345,0.800634503364563,0.0147550692781806
datasets\data\test\Psoriasis\train_psoriasis-scalp-50.jpg,Psoriasis,5,Psoriasis,5,0.03756192699074745,0.051331065595149994,0.07194653153419495,0.06327787786722183,0.06171100586652756,0.6756559014320374,0.038515642285346985
datasets\data\test\Psoriasis\train_psoriasis-scalp-72.jpeg,Psoriasis,5,Psoriasis,5,0.023986458778381348,0.036841072142124176,0.049062635749578476,0.029008563607931137,0.049531735479831696,0.7855110764503479,0.026058504357933998
datasets\data\test\Psoriasis\train_psoriasis-scalp-88.jpeg,Psoriasis,5,Psoriasis,5,0.04235607013106346,0.02269977703690529,0.11192210018634796,0.01650261878967285,0.027077777311205864,0.7672663927078247,0.012175215408205986
datasets\data\test\Psoriasis\train_Psoriasis-vulva-1.jpeg,Psoriasis,5,Tinea,6,0.17823205888271332,0.08690501749515533,0.0802401453256607,0.0456412173807621,0.06776664406061172,0.04344683885574341,0.4977681636810303
datasets\data\test\Psoriasis\train_reiter-syndrome-13.jpg,Psoriasis,5,Psoriasis,5,0.03840479627251625,0.03804519400000572,0.055638186633586884,0.0472005195915699,0.0478728786110878,0.7063729763031006,0.06646537780761719
datasets\data\test\Psoriasis\train_reiter-syndrome-14.jpg,Psoriasis,5,Psoriasis,5,0.05445342883467674,0.03959127515554428,0.09338773041963577,0.07056888192892075,0.03424643725156784,0.6911603808403015,0.01659185066819191
datasets\data\test\Psoriasis\train_reiter-syndrome-4.jpg,Psoriasis,5,Psoriasis,5,0.04138873517513275,0.024690743535757065,0.07103104889392853,0.02807489223778248,0.018405960872769356,0.8038883805274963,0.012520200572907925
datasets\data\test\Psoriasis\train_reiter-syndrome-9.jpg,Psoriasis,5,Eczema,2,0.0658617839217186,0.1094120591878891,0.3581226170063019,0.06859517097473145,0.04902872070670128,0.1405569463968277,0.20842275023460388
datasets\data\test\Psoriasis\train_scalp-psoriasis-0001__ProtectWyJQcm90ZWN0Il0_FocusFillWzI5NCwyMjIsIngiLDFd.jpeg,Psoriasis,5,Psoriasis,5,0.06854358315467834,0.05392371863126755,0.07806461304426193,0.0489790104329586,0.08617370575666428,0.6370239853858948,0.02729143016040325
datasets\data\test\Psoriasis\train_scalp-psoriasis-0007__ProtectWyJQcm90ZWN0Il0_FocusFillWzI5NCwyMjIsIngiLDFd.jpeg,Psoriasis,5,Psoriasis,5,0.07680460810661316,0.051668938249349594,0.0775211751461029,0.05405281111598015,0.08783719688653946,0.5921136736869812,0.060001615434885025
datasets\data\test\Psoriasis\train_scalp-psoriasis-0021__ProtectWyJQcm90ZWN0Il0_FocusFillWzI5NCwyMjIsIngiLDFd.jpeg,Psoriasis,5,Psoriasis,5,0.030574994161725044,0.052979517728090286,0.03614343702793121,0.06189772114157677,0.08562532812356949,0.645134687423706,0.08764433115720749
datasets\data\test\Psoriasis\train_scalp-psoriasis-0022__ProtectWyJQcm90ZWN0Il0_FocusFillWzI5NCwyMjIsIngiLDFd.jpeg,Psoriasis,5,Psoriasis,5,0.04688730463385582,0.05419047176837921,0.031083615496754646,0.07809267193078995,0.06475532799959183,0.6526983976364136,0.07229214906692505
datasets\data\test\Psoriasis\train_seborrheic-dermatitis-10.jpg,Psoriasis,5,Psoriasis,5,0.046424463391304016,0.04576592147350311,0.10962893813848495,0.03866361454129219,0.039824217557907104,0.6945026516914368,0.025190098211169243
datasets\data\test\Psoriasis\train_seborrheic-dermatitis-104.jpg,Psoriasis,5,Acne,0,0.44796717166900635,0.04344579949975014,0.12614035606384277,0.03564117103815079,0.052394572645425797,0.2717801630496979,0.02263079583644867
datasets\data\test\Psoriasis\train_seborrheic-dermatitis-110.jpg,Psoriasis,5,Psoriasis,5,0.034640613943338394,0.029229993000626564,0.27170658111572266,0.03891494870185852,0.03658173978328705,0.5602412819862366,0.0286848284304142
datasets\data\test\Psoriasis\train_seborrheic-dermatitis-14.jpg,Psoriasis,5,Psoriasis,5,0.06967633962631226,0.03879692405462265,0.13109064102172852,0.048686057329177856,0.039346929639577866,0.6513333916664124,0.02106967568397522
datasets\data\test\Psoriasis\train_seborrheic-dermatitis-145.jpg,Psoriasis,5,Acne,0,0.6285521388053894,0.052867788821458817,0.07597171515226364,0.062177740037441254,0.0603046752512455,0.08032996952533722,0.03979592025279999
datasets\data\test\Psoriasis\train_seborrheic-dermatitis-154.jpg,Psoriasis,5,Acne,0,0.46574801206588745,0.04147284850478172,0.154000923037529,0.04511687159538269,0.029676035046577454,0.239111989736557,0.024873340502381325
datasets\data\test\Psoriasis\train_seborrheic-dermatitis-76.jpg,Psoriasis,5,Psoriasis,5,0.19295074045658112,0.03388098254799843,0.11434604972600937,0.03325650095939636,0.040772758424282074,0.5588637590408325,0.025929206982254982
datasets\data\test\Psoriasis\train_seborrheic-dermatitis-95.jpg,Psoriasis,5,Psoriasis,5,0.22480419278144836,0.03185316175222397,0.05676747485995293,0.03344649821519852,0.025503436103463173,0.6060064435005188,0.021618863567709923
datasets\data\test\Psoriasis\train_seborrheic-dermatitis-99.jpg,Psoriasis,5,Psoriasis,5,0.04598737135529518,0.041502662003040314,0.11823241412639618,0.04554649814963341,0.059177204966545105,0.6554507613182068,0.034103114157915115
datasets\data\test\Psoriasis\valid_3563__ProtectWyJQcm90ZWN0Il0_FocusFillWzI5NCwyMjIsIngiLDFd.jpeg,Psoriasis,5,Psoriasis,5,0.038816940039396286,0.05742232874035835,0.03189060091972351,0.04978067800402641,0.05193421617150307,0.7110967636108398,0.059058427810668945
datasets\data\test\Psoriasis\valid_3570__ProtectWyJQcm90ZWN0Il0_FocusFillWzI5NCwyMjIsIngiLDFd.jpeg,Psoriasis,5,Psoriasis,5,0.041530121117830276,0.027125172317028046,0.1465139240026474,0.03898831456899643,0.037533536553382874,0.6686804294586182,0.03962847962975502
datasets\data\test\Psoriasis\valid_3576__ProtectWyJQcm90ZWN0Il0_FocusFillWzI5NCwyMjIsIngiLDFd.jpeg,Psoriasis,5,Psoriasis,5,0.03254380822181702,0.0357334278523922,0.09719620645046234,0.04485516622662544,0.03961232304573059,0.7091395854949951,0.04091942310333252
datasets\data\test\Psoriasis\valid_facial-psoriasis-002__ProtectWyJQcm90ZWN0Il0_FocusFillWzI5NCwyMjIsIngiLDFd.jpeg,Psoriasis,5,Psoriasis,5,0.07772276550531387,0.025593005120754242,0.16498881578445435,0.02865380421280861,0.037393130362033844,0.5806978940963745,0.08495056629180908
datasets\data\test\Tinea\test_13candidaIntertrigo0220061.jpg,Tinea,6,Candidiasis,1,0.055304743349552155,0.6574801206588745,0.05501723662018776,0.05532282218337059,0.053950339555740356,0.05237944424152374,0.0705452561378479
datasets\data\test\Tinea\test_erosio-interdigitalis-blastomycetica-11.jpg,Tinea,6,Tinea,6,0.04972342029213905,0.038182519376277924,0.05360299348831177,0.03541621193289757,0.038911882787942886,0.06646360456943512,0.7176993489265442
datasets\data\test\Tinea\test_erythrasma-13.jpg,Tinea,6,Tinea,6,0.02993609569966793,0.038091953843832016,0.048655856400728226,0.02729410119354725,0.02711973339319229,0.10089439153671265,0.7280079126358032
datasets\data\test\Tinea\test_majocchi-granuloma-2.jpg,Tinea,6,Eczema,2,0.05163642764091492,0.06399720162153244,0.38475099205970764,0.041721269488334656,0.0646633431315422,0.10276258736848831,0.2904682159423828
datasets\data\test\Tinea\test_north-american-blastomycosis-2.jpg,Tinea,6,Eczema,2,0.027134690433740616,0.026660386472940445,0.6820179224014282,0.037765439599752426,0.025875693187117577,0.06878533959388733,0.13176056742668152
datasets\data\test\Tinea\test_perleche-34.jpg,Tinea,6,Tinea,6,0.05192483216524124,0.056905776262283325,0.05198197066783905,0.09840432554483414,0.05283786728978157,0.0489174909889698,0.6390277147293091
datasets\data\test\Tinea\test_pitted-keratolysis-3.jpg,Tinea,6,Eczema,2,0.04861011356115341,0.04438148811459541,0.7131506204605103,0.04969670623540878,0.05378838628530502,0.026812180876731873,0.06356055289506912
datasets\data\test\Tinea\test_pityrosporum-folliculitis-4.jpg,Tinea,6,Eczema,2,0.09572338312864304,0.035160984843969345,0.42350998520851135,0.03840507194399834,0.04365592077374458,0.28860992193222046,0.07493475079536438
datasets\data\test\Tinea\test_tincorp5__ProtectWyJQcm90ZWN0Il0_FocusFillWzI5NCwyMjIsIngiLDE2XQ.jpeg,Tinea,6,Tinea,6,0.02883506752550602,0.03129349648952484,0.01353161409497261,0.054558999836444855,0.04092305153608322,0.3201606869697571,0.5106970071792603
datasets\data\test\Tinea\test_tinea-groin-112.jpeg,Tinea,6,Psoriasis,5,0.07314818352460861,0.2361575812101364,0.23494169116020203,0.039528198540210724,0.06200089305639267,0.2777717411518097,0.07645169645547867
datasets\data\test\Tinea\test_tinea-laboratory-46.jpg,Tinea,6,Tinea,6,0.042841896414756775,0.05270325019955635,0.027730021625757217,0.04227123782038689,0.05652283504605293,0.057542070746421814,0.7203887104988098
datasets\data\test\Tinea\test_tinea-laboratory-56.jpg,Tinea,6,Tinea,6,0.03767682611942291,0.05982346460223198,0.037046004086732864,0.05306359753012657,0.04847110062837601,0.05799194797873497,0.7059270143508911
datasets\data\test\Tinea\test_tinea-palm-2.jpeg,Tinea,6,Tinea,6,0.03946470841765404,0.06555098295211792,0.2551014721393585,0.0456836111843586,0.06160900369286537,0.2381860315799713,0.2944040894508362
datasets\data\test\Tinea\train_13TineaAcute.jpg,Tinea,6,Tinea,6,0.02945607341825962,0.039796680212020874,0.10078378766775131,0.030013572424650192,0.03388718515634537,0.07176554948091507,0.6942971348762512
datasets\data\test\Tinea\train_13tineaCorporis0808059.jpg,Tinea,6,Tinea,6,0.02837677113711834,0.02701447531580925,0.14408093690872192,0.033993128687143326,0.030789989978075027,0.02683466486632824,0.7089099884033203
datasets\data\test\Tinea\train_candidiasis-large-skin-folds-137.jpg,Tinea,6,Candidiasis,1,0.05689358711242676,0.657980740070343,0.0504133366048336,0.05512135103344917,0.0534360334277153,0.05929253622889519,0.06686237454414368
datasets\data\test\Tinea\train_candidiasis-mouth-8.jpg,Tinea,6,Candidiasis,1,0.07879279553890228,0.5683693289756775,0.05569476634263992,0.05399308726191521,0.07088424265384674,0.11169304698705673,0.06057275831699371
datasets\data\test\Tinea\train_coccidiomycosis-2.jpg,Tinea,6,Tinea,6,0.09048596769571304,0.038156650960445404,0.28173720836639404,0.04143448546528816,0.07311499118804932,0.018308687955141068,0.45676201581954956
datasets\data\test\Tinea\train_erosio-interdigitalis-blastomycetica-1.jpg,Tinea,6,Tinea,6,0.10657431930303574,0.05380275472998619,0.07946395128965378,0.05616234242916107,0.06527315080165863,0.11747059226036072,0.5212529301643372
datasets\data\test\Tinea\train_erosio-interdigitalis-blastomycetica-12.jpg,Tinea,6,Tinea,6,0.033221032470464706,0.04433004930615425,0.06720173358917236,0.04896911606192589,0.033702537417411804,0.027923358604311943,0.7446521520614624
datasets\data\test\Tinea\train_erosio-interdigitalis-blastomycetica-16.jpg,Tinea,6,Tinea,6,0.061454109847545624,0.18419088423252106,0.0685662031173706,0.05805451422929764,0.06404396146535873,0.10827050358057022,0.4554198086261749
datasets\data\test\Tinea\train_erosio-interdigitalis-blastomycetica-27.jpg,Tinea,6,Tinea,6,0.039397623389959335,0.03613926097750664,0.05424919351935387,0.045655082911252975,0.034839529544115067,0.014869392849504948,0.7748498916625977
datasets\data\test\Tinea\train_id-reaction-1.jpg,Tinea,6,Eczema,2,0.05539579316973686,0.03047427535057068,0.7078123092651367,0.04594682157039642,0.031096700578927994,0.06770792603492737,0.06156618148088455
datasets\data\test\Tinea\train_intertrigo-10.jpg,Tinea,6,Tinea,6,0.08141962438821793,0.029649117961525917,0.05824459716677666,0.03129841014742851,0.03183642774820328,0.10955612361431122,0.6579956412315369
datasets\data\test\Tinea\train_intertrigo-75.jpg,Tinea,6,Tinea,6,0.03700854629278183,0.04036853089928627,0.10262338817119598,0.01867811568081379,0.035730939358472824,0.11102969199419022,0.6545608043670654
datasets\data\test\Tinea\train_intertrigo-82.jpg,Tinea,6,Acne,0,0.45634764432907104,0.04722130671143532,0.06078359857201576,0.049880385398864746,0.046931929886341095,0.11532376706600189,0.22351142764091492
datasets\data\test\Tinea\train_intertrigo-9.jpg,Tinea,6,Tinea,6,0.06650485098361969,0.042043305933475494,0.06913846731185913,0.03988795354962349,0.04370759427547455,0.19868852198123932,0.5400292873382568
datasets\data\test\Tinea\train_kerion-2.jpg,Tinea,6,Tinea,6,0.10283119231462479,0.04430970922112465,0.0669262707233429,0.061517566442489624,0.0324113555252552,0.3354349732398987,0.35656896233558655
datasets\data\test\Tinea\train_perleche-14.jpg,Tinea,6,Tinea,6,0.07060578465461731,0.03575041517615318,0.038018446415662766,0.04248302802443504,0.042592208832502365,0.02686072327196598,0.7436895370483398
datasets\data\test\Tinea\train_perleche-25.jpg,Tinea,6,Acne,0,0.6483014225959778,0.044229038059711456,0.05916796252131462,0.03615732118487358,0.04074808210134506,0.03251030296087265,0.13888590037822723
datasets\data\test\Tinea\train_perleche-37.jpg,Tinea,6,Tinea,6,0.05964517965912819,0.05764280632138252,0.016689788550138474,0.0267960038036108,0.0324946865439415,0.05578905716538429,0.7509424090385437
datasets\data\test\Tinea\train_perleche-39.jpg,Tinea,6,Tinea,6,0.0366356298327446,0.02311001718044281,0.027461634948849678,0.03250459209084511,0.027836160734295845,0.01919173076748848,0.8332602977752686
datasets\data\test\Tinea\train_perleche-48.jpg,Tinea,6,Tinea,6,0.10622833669185638,0.038068875670433044,0.13833141326904297,0.03505963832139969,0.047073666006326675,0.021960046142339706,0.6132780313491821
datasets\data\test\Tinea\train_perleche-54.jpg,Tinea,6,Tinea,6,0.037739288061857224,0.04823341593146324,0.05078044906258583,0.06260281056165695,0.04835564270615578,0.039598602801561356,0.7126896977424622
datasets\data\test\Tinea\train_perleche-8.jpg,Tinea,6,Tinea,6,0.05056140571832657,0.04956379532814026,0.023903844878077507,0.033525578677654266,0.03406529501080513,0.03796543926000595,0.7704147100448608
datasets\data\test\Tinea\train_pitted-keratolysis-7.jpg,Tinea,6,Tinea,6,0.040621280670166016,0.04738052561879158,0.23577837646007538,0.03602542728185654,0.06926298886537552,0.08776158839464188,0.483169823884964
datasets\data\test\Tinea\train_pityrosporum-folliculitis-5.jpg,Tinea,6,Tinea,6,0.036699458956718445,0.032439976930618286,0.028047634288668633,0.026802262291312218,0.028002126142382622,0.1572169065475464,0.6907916069030762
datasets\data\test\Tinea\train_tinea-beard-1.jpg,Tinea,6,Tinea,6,0.05507872626185417,0.04761175438761711,0.07060658186674118,0.06807859241962433,0.04846809804439545,0.04995954781770706,0.6601967811584473
datasets\data\test\Tinea\train_tinea-beard-16.jpg,Tinea,6,Tinea,6,0.05875427648425102,0.08063418418169022,0.07434879243373871,0.04905407875776291,0.06705272197723389,0.14131532609462738,0.5288406014442444
datasets\data\test\Tinea\train_tinea-body-121.jpg,Tinea,6,Tinea,6,0.03283155336976051,0.04121996834874153,0.11968722194433212,0.030810490250587463,0.038501299917697906,0.02300531603395939,0.7139441967010498
datasets\data\test\Tinea\train_tinea-body-139.jpg,Tinea,6,Tinea,6,0.024191075935959816,0.033632900565862656,0.05364352837204933,0.027604658156633377,0.035308416932821274,0.053409721702337265,0.7722097635269165
datasets\data\test\Tinea\train_tinea-body-146.jpg,Tinea,6,Tinea,6,0.017593789845705032,0.017828967422246933,0.015771567821502686,0.02994605340063572,0.01760360598564148,0.02677207812666893,0.8744839429855347
datasets\data\test\Tinea\train_tinea-body-153.jpg,Tinea,6,Tinea,6,0.03824532777070999,0.04359126836061478,0.07638178765773773,0.046707380563020706,0.044497888535261154,0.031238913536071777,0.7193374633789062
datasets\data\test\Tinea\train_tinea-body-179.jpeg,Tinea,6,Tinea,6,0.049514856189489365,0.06374611705541611,0.049684882164001465,0.04200787469744682,0.07118110358715057,0.12843097746372223,0.5954341888427734
datasets\data\test\Tinea\train_tinea-body-180.jpeg,Tinea,6,Tinea,6,0.056922268122434616,0.065215565264225,0.07564802467823029,0.049975015223026276,0.06987711787223816,0.12864434719085693,0.5537176728248596
datasets\data\test\Tinea\train_tinea-body-182.jpeg,Tinea,6,Candidiasis,1,0.055522602051496506,0.6626927852630615,0.06066013127565384,0.06281629204750061,0.0575224831700325,0.05005722492933273,0.05072840675711632
datasets\data\test\Tinea\train_tinea-body-186.jpeg,Tinea,6,Psoriasis,5,0.029298005625605583,0.059367094188928604,0.04445897415280342,0.1021452397108078,0.03633268550038338,0.599295437335968,0.12910255789756775
datasets\data\test\Tinea\train_tinea-body-19.jpg,Tinea,6,Psoriasis,5,0.0402909480035305,0.05560367554426193,0.16946455836296082,0.04943438619375229,0.04801010340452194,0.5391255617141724,0.09807074069976807
datasets\data\test\Tinea\train_tinea-body-198.jpeg,Tinea,6,Psoriasis,5,0.030295979231595993,0.03433961048722267,0.21353913843631744,0.06894063204526901,0.04431469365954399,0.31140846014022827,0.29716140031814575
datasets\data\test\Tinea\train_tinea-body-86.jpg,Tinea,6,Eczema,2,0.026367131620645523,0.04266716167330742,0.39078083634376526,0.06755322962999344,0.03812343254685402,0.15310893952846527,0.28139927983283997
datasets\data\test\Tinea\train_tinea-border-1.jpeg,Tinea,6,Psoriasis,5,0.023805759847164154,0.023206908255815506,0.03439602628350258,0.03944489359855652,0.0234865490347147,0.8230257034301758,0.03263415768742561
datasets\data\test\Tinea\train_tinea-face-14.jpeg,Tinea,6,Tinea,6,0.3200618624687195,0.052981384098529816,0.07998865097761154,0.05360279604792595,0.04358438402414322,0.03885854780673981,0.41092240810394287
datasets\data\test\Tinea\train_tinea-face-18.jpeg,Tinea,6,Tinea,6,0.02879626490175724,0.021354204043745995,0.038819123059511185,0.038673579692840576,0.032214924693107605,0.014928930439054966,0.8252130150794983
datasets\data\test\Tinea\train_tinea-face-35.jpeg,Tinea,6,Acne,0,0.31773433089256287,0.03907480463385582,0.21592137217521667,0.044530000537633896,0.0472259521484375,0.09040124714374542,0.24511227011680603
datasets\data\test\Tinea\train_tinea-face-43.jpeg,Tinea,6,Tinea,6,0.06235167011618614,0.0253633763641119,0.047989051789045334,0.04384525120258331,0.027758939191699028,0.014156308956444263,0.7785354256629944
datasets\data\test\Tinea\train_tinea-face-68.jpeg,Tinea,6,Acne,0,0.4812168776988983,0.05913431942462921,0.054342497140169144,0.0728137418627739,0.05307209864258766,0.0363166444003582,0.24310380220413208
datasets\data\test\Tinea\train_tinea-foot-dorsum-32.jpeg,Tinea,6,Eczema,2,0.05445949360728264,0.04242410138249397,0.5090546607971191,0.05117166042327881,0.05192485451698303,0.157693013548851,0.1332722157239914
datasets\data\test\Tinea\train_tinea-foot-plantar-25.jpeg,Tinea,6,Tinea,6,0.033557601273059845,0.043591998517513275,0.161338672041893,0.04784131422638893,0.04252047464251518,0.05198941379785538,0.619160532951355
datasets\data\test\Tinea\train_tinea-foot-plantar-5.jpeg,Tinea,6,Tinea,6,0.042355041950941086,0.044608283787965775,0.1938968002796173,0.03922922536730766,0.054758571088314056,0.06350008398294449,0.5616520047187805
datasets\data\test\Tinea\train_tinea-foot-webs-10.jpeg,Tinea,6,Tinea,6,0.06197630614042282,0.040601424872875214,0.038731060922145844,0.08580847084522247,0.06161695346236229,0.08490242809057236,0.6263633370399475
datasets\data\test\Tinea\train_tinea-foot-webs-21.jpeg,Tinea,6,Tinea,6,0.06542187929153442,0.06413044780492783,0.05016334354877472,0.0764940083026886,0.06698845326900482,0.06906575709581375,0.6077361106872559
datasets\data\test\Tinea\train_tinea-foot-webs-3.jpeg,Tinea,6,Eczema,2,0.04760425537824631,0.045628298074007034,0.5452113151550293,0.04658115655183792,0.04543433338403702,0.024121183902025223,0.2454194575548172
datasets\data\test\Tinea\train_tinea-foot-webs-45.jpeg,Tinea,6,Tinea,6,0.04931230843067169,0.03750438243150711,0.03392115607857704,0.050028618425130844,0.049417998641729355,0.025625014677643776,0.7541905641555786
datasets\data\test\Tinea\train_tinea-foot-webs-51.jpeg,Tinea,6,Tinea,6,0.023284438997507095,0.03052675351500511,0.036635011434555054,0.028622182086110115,0.02598513849079609,0.015836749225854874,0.8391097784042358
datasets\data\test\Tinea\train_tinea-foot-webs-54.jpeg,Tinea,6,Tinea,6,0.048737674951553345,0.0386628694832325,0.04420732706785202,0.03827410563826561,0.05271756649017334,0.07271180301904678,0.7046886682510376
datasets\data\test\Tinea\train_tinea-foot-webs-57.jpeg,Tinea,6,Tinea,6,0.045471660792827606,0.046296946704387665,0.030051255598664284,0.048441432416439056,0.05434742942452431,0.023385440930724144,0.7520058155059814
datasets\data\test\Tinea\train_tinea-foot-webs-73.jpeg,Tinea,6,Tinea,6,0.05809988081455231,0.030505843460559845,0.06212898716330528,0.039883993566036224,0.03756341338157654,0.029702503234148026,0.7421153783798218
datasets\data\test\Tinea\train_tinea-foot-webs-77.jpeg,Tinea,6,Tinea,6,0.05563502758741379,0.05986163020133972,0.06075095012784004,0.05163946375250816,0.06200879067182541,0.04671638458967209,0.6633878350257874
datasets\data\test\Tinea\train_tinea-groin-106.jpeg,Tinea,6,Candidiasis,1,0.04752586409449577,0.7118802666664124,0.05150902271270752,0.04812975227832794,0.04943492263555527,0.042600974440574646,0.04891911894083023
datasets\data\test\Tinea\train_tinea-groin-110.jpeg,Tinea,6,Tinea,6,0.06121852993965149,0.03752899542450905,0.029416900128126144,0.045658815652132034,0.042215555906295776,0.0315343514084816,0.7524268627166748
datasets\data\test\Tinea\train_tinea-groin-19.jpeg,Tinea,6,Tinea,6,0.07070866227149963,0.13965743780136108,0.039175983518362045,0.059137504547834396,0.06463184207677841,0.028570257127285004,0.5981183648109436
datasets\data\test\Tinea\train_tinea-groin-21.jpeg,Tinea,6,Tinea,6,0.03810678794980049,0.07892021536827087,0.04218221828341484,0.043494097888469696,0.05745581164956093,0.04163484647870064,0.6982060074806213
datasets\data\test\Tinea\train_tinea-groin-30.jpeg,Tinea,6,Tinea,6,0.034046415239572525,0.13895899057388306,0.02771361544728279,0.11069261282682419,0.052980490028858185,0.030879296362400055,0.6047285795211792
datasets\data\test\Tinea\train_tinea-groin-43.jpeg,Tinea,6,Tinea,6,0.033182837069034576,0.036289412528276443,0.04107096791267395,0.03370264172554016,0.034691110253334045,0.12628665566444397,0.6947764158248901
datasets\data\test\Tinea\train_tinea-groin-56.jpeg,Tinea,6,Tinea,6,0.03254368156194687,0.040197085589170456,0.05073834955692291,0.027547381818294525,0.03448621556162834,0.20914116501808167,0.6053460836410522
datasets\data\test\Tinea\train_tinea-groin-66.jpeg,Tinea,6,Psoriasis,5,0.1406850814819336,0.0654260665178299,0.071440689265728,0.03405812382698059,0.050055015832185745,0.4427529573440552,0.19558213651180267
datasets\data\test\Tinea\train_tinea-groin-7.jpeg,Tinea,6,Tinea,6,0.1857716590166092,0.03689640015363693,0.027444297447800636,0.0550198070704937,0.04492052271962166,0.06187194958329201,0.5880753397941589
datasets\data\test\Tinea\train_tinea-hand-dorsum-12.jpeg,Tinea,6,Tinea,6,0.04277569055557251,0.04484334588050842,0.0676562562584877,0.051959261298179626,0.04774242639541626,0.0316113643348217,0.7134116291999817
datasets\data\test\Tinea\train_tinea-hand-dorsum-39.jpeg,Tinea,6,Tinea,6,0.04434308782219887,0.04930410534143448,0.06250910460948944,0.04103485867381096,0.04183205962181091,0.01670856960117817,0.7442681789398193
datasets\data\test\Tinea\train_tinea-hand-dorsum-48.jpeg,Tinea,6,Tinea,6,0.06160065904259682,0.056923758238554,0.03382258117198944,0.08387721329927444,0.05375859513878822,0.023035159334540367,0.6869820356369019
datasets\data\test\Tinea\train_tinea-incognito-10.jpeg,Tinea,6,Tinea,6,0.0660960003733635,0.05722073093056679,0.07872852683067322,0.0412551611661911,0.03189283609390259,0.060494836419820786,0.6643118858337402
datasets\data\test\Tinea\train_tinea-incognito-2.jpeg,Tinea,6,Tinea,6,0.026045922189950943,0.04857981950044632,0.027418533340096474,0.02302764728665352,0.029184730723500252,0.044687967747449875,0.8010554909706116
datasets\data\test\Tinea\train_tinea-incognito-21.jpeg,Tinea,6,Tinea,6,0.041037667542696,0.0401916466653347,0.09401542693376541,0.04389757663011551,0.04590783268213272,0.33322012424468994,0.4017297923564911
datasets\data\test\Tinea\train_tinea-incognito-30.jpeg,Tinea,6,Eczema,2,0.03936069831252098,0.0644863098859787,0.4652700126171112,0.037801939994096756,0.04455797001719475,0.10677365213632584,0.24174940586090088
datasets\data\test\Tinea\train_tinea-incognito-32.jpeg,Tinea,6,Tinea,6,0.07074329257011414,0.03136765584349632,0.027149120345711708,0.032593391835689545,0.03586909919977188,0.04774021729826927,0.7545371651649475
datasets\data\test\Tinea\train_tinea-incognito-37.jpeg,Tinea,6,Tinea,6,0.03760802373290062,0.04041506350040436,0.017789019271731377,0.01976790465414524,0.03155861049890518,0.01365068182349205,0.8392106890678406
datasets\data\test\Tinea\train_tinea-incognito-62.jpeg,Tinea,6,Tinea,6,0.06939999759197235,0.06050334870815277,0.03010587766766548,0.03308073431253433,0.05581304058432579,0.03803784400224686,0.7130591869354248
datasets\data\test\Tinea\train_tinea-laboratory-22.jpg,Tinea,6,Tinea,6,0.049264151602983475,0.04905286058783531,0.04291962459683418,0.046703584492206573,0.05749230831861496,0.03587261959910393,0.718694806098938
datasets\data\test\Tinea\train_tinea-laboratory-32.jpg,Tinea,6,Tinea,6,0.047616805881261826,0.05263936147093773,0.03851540759205818,0.0428701713681221,0.05892472341656685,0.03138517588376999,0.7280483245849609
datasets\data\test\Tinea\train_tinea-laboratory-34.jpg,Tinea,6,Tinea,6,0.05699154734611511,0.04949267953634262,0.04618985950946808,0.052006304264068604,0.062099188566207886,0.03583277761936188,0.6973876357078552
datasets\data\test\Tinea\train_tinea-laboratory-5.jpg,Tinea,6,Tinea,6,0.041054800152778625,0.05283762514591217,0.0424933061003685,0.055300273001194,0.05171607807278633,0.03835367038846016,0.7182443141937256
datasets\data\test\Tinea\train_tinea-laboratory-55.jpg,Tinea,6,Tinea,6,0.027797482907772064,0.05061978101730347,0.02857106178998947,0.039611879736185074,0.04058587923645973,0.044255100190639496,0.7685588598251343
datasets\data\test\Tinea\train_tinea-laboratory-72.jpg,Tinea,6,Tinea,6,0.054137904196977615,0.0482843816280365,0.04562535136938095,0.046723462641239166,0.06468366831541061,0.027386054396629333,0.7131591439247131
datasets\data\test\Tinea\train_tinea-laboratory-8.jpg,Tinea,6,Tinea,6,0.03949509561061859,0.04837556928396225,0.05018972232937813,0.05198857560753822,0.053483013063669205,0.02867514081299305,0.7277929186820984
datasets\data\test\Tinea\train_tinea-palm-28.jpeg,Tinea,6,Tinea,6,0.04632577300071716,0.05715957656502724,0.030716003850102425,0.03789125755429268,0.04889748618006706,0.022120831534266472,0.7568891048431396
datasets\data\test\Tinea\train_tinea-palm-29.jpeg,Tinea,6,Tinea,6,0.04062433913350105,0.04463573917746544,0.05118778347969055,0.027190299704670906,0.03422390669584274,0.03213202953338623,0.7700058221817017
datasets\data\test\Tinea\train_tinea-palm-32.jpeg,Tinea,6,Tinea,6,0.026341397315263748,0.02710086666047573,0.00988125242292881,0.030723679810762405,0.02753201127052307,0.023009439930319786,0.8554112911224365
datasets\data\test\Tinea\train_tinea-palm-33.jpeg,Tinea,6,Tinea,6,0.0436745248734951,0.06000366806983948,0.154303640127182,0.0460306778550148,0.04459543153643608,0.2017582654953003,0.44963374733924866
datasets\data\test\Tinea\train_tinea-palm-37.jpeg,Tinea,6,Tinea,6,0.03928564116358757,0.055422283709049225,0.13729311525821686,0.03954779729247093,0.04953867942094803,0.03442607447504997,0.6444863677024841
datasets\data\test\Tinea\train_tinea-palm-39.jpeg,Tinea,6,Tinea,6,0.04512147232890129,0.06066625565290451,0.08756830543279648,0.06576703488826752,0.0579402931034565,0.06692251563072205,0.6160141229629517
datasets\data\test\Tinea\train_tinea-palm-44.jpeg,Tinea,6,Tinea,6,0.028210889548063278,0.042893700301647186,0.025361398234963417,0.036969348788261414,0.03443579003214836,0.09238926321268082,0.7397395968437195
datasets\data\test\Tinea\train_tinea-palm-49.jpeg,Tinea,6,Tinea,6,0.09412550181150436,0.05735011026263237,0.0894143134355545,0.05373286083340645,0.06063571199774742,0.2497108429670334,0.3950306475162506
datasets\data\test\Tinea\train_tinea-palm-9.jpeg,Tinea,6,Tinea,6,0.02953638881444931,0.03143274039030075,0.032626569271087646,0.024775685742497444,0.03158723562955856,0.037121277302503586,0.812920093536377
datasets\data\test\Tinea\train_tinea-primary-lesion-27.jpeg,Tinea,6,Tinea,6,0.02992318384349346,0.02970627322793007,0.01941441372036934,0.0321376696228981,0.03422756865620613,0.03576571121811867,0.8188251852989197
datasets\data\test\Tinea\train_tinea-primary-lesion-32.jpeg,Tinea,6,Tinea,6,0.046353865414857864,0.0425911620259285,0.025850405916571617,0.21788257360458374,0.05101218819618225,0.1344652622938156,0.48184460401535034
datasets\data\test\Tinea\train_tinea-primary-lesion-47.jpeg,Tinea,6,Tinea,6,0.047153957188129425,0.04732586815953255,0.03745361045002937,0.06161933392286301,0.051551759243011475,0.06832689046859741,0.6865686774253845
datasets\data\test\Tinea\train_tinea-primary-lesion-49.jpeg,Tinea,6,Tinea,6,0.06608681380748749,0.05245859548449516,0.03637399151921272,0.28308311104774475,0.058018073439598083,0.20594573020935059,0.2980336844921112
datasets\data\test\Tinea\train_tinea-primary-lesion-7.jpeg,Tinea,6,Psoriasis,5,0.023994846269488335,0.022545766085386276,0.03240766376256943,0.03821398690342903,0.024368803948163986,0.8260385394096375,0.032430343329906464
datasets\data\test\Tinea\train_tinea-scalp-10.jpeg,Tinea,6,Tinea,6,0.029693366959691048,0.029275979846715927,0.06764981895685196,0.033245593309402466,0.03347090631723404,0.028693169355392456,0.777971088886261
datasets\data\test\Tinea\train_tinea-scalp-12.jpeg,Tinea,6,NailFungus,3,0.05788246542215347,0.055246930569410324,0.25975093245506287,0.3450736403465271,0.0472731739282608,0.12768931686878204,0.10708358883857727
datasets\data\test\Tinea\train_tinea-scalp-13.jpeg,Tinea,6,Tinea,6,0.03656524792313576,0.06942180544137955,0.10878285020589828,0.1954706609249115,0.0835694670677185,0.09701693058013916,0.40917307138442993
datasets\data\test\Tinea\train_tinea-scalp-15.jpeg,Tinea,6,Tinea,6,0.05228294059634209,0.05302158743143082,0.03598342463374138,0.06342139840126038,0.05895623564720154,0.03802717104554176,0.69830721616745
datasets\data\test\Tinea\train_tinea-scalp-17.jpeg,Tinea,6,NailFungus,3,0.03554166480898857,0.04470760002732277,0.07012635469436646,0.48790571093559265,0.0891527459025383,0.053031232208013535,0.21953463554382324
datasets\data\test\Tinea\train_tinea-scalp-18.jpeg,Tinea,6,Tinea,6,0.03786676004528999,0.04002956300973892,0.02893861010670662,0.036598701030015945,0.044975969940423965,0.02539888024330139,0.7861915230751038
datasets\data\test\Tinea\train_tinea-scalp-28.jpeg,Tinea,6,Tinea,6,0.027676044031977654,0.041132085025310516,0.06690625846385956,0.04968927800655365,0.0456588938832283,0.048768699169158936,0.7201687097549438
datasets\data\test\Tinea\train_tinea-scalp-30.jpeg,Tinea,6,Tinea,6,0.04300221428275108,0.06314109265804291,0.049435392022132874,0.32524943351745605,0.05637774616479874,0.06752099096775055,0.3952731192111969
datasets\data\test\Tinea\train_tinea-scalp-35.jpeg,Tinea,6,Tinea,6,0.02916201576590538,0.04806828498840332,0.1514022946357727,0.0420650988817215,0.050692517310380936,0.07785708457231522,0.6007527709007263
datasets\data\test\Tinea\train_tinea-scalp-43.jpg,Tinea,6,Tinea,6,0.03506385162472725,0.042952269315719604,0.043385058641433716,0.04776200279593468,0.05841429904103279,0.02186562865972519,0.7505568265914917
datasets\data\test\Tinea\train_tinea-scalp-5.jpeg,Tinea,6,Psoriasis,5,0.027809038758277893,0.045621998608112335,0.07800623774528503,0.03631835803389549,0.04776144027709961,0.6587769985198975,0.1057058796286583
datasets\data\test\Tinea\train_tinea-versicolor-104.jpg,Tinea,6,Psoriasis,5,0.05702737346291542,0.01591903157532215,0.024234147742390633,0.013805519789457321,0.025436047464609146,0.8386033773422241,0.024974491447210312
datasets\data\test\Tinea\train_tinea-versicolor-109.jpeg,Tinea,6,Tinea,6,0.04602751508355141,0.04673972725868225,0.058495551347732544,0.054961949586868286,0.06337606906890869,0.0342295803129673,0.6961695551872253
datasets\data\test\Tinea\train_tinea-versicolor-116.jpeg,Tinea,6,Tinea,6,0.11702883243560791,0.04053867980837822,0.0206436850130558,0.07950648665428162,0.042104341089725494,0.09327557682991028,0.6069024205207825
datasets\data\test\Tinea\train_tinea-versicolor-118.jpeg,Tinea,6,Tinea,6,0.03787776827812195,0.0350591242313385,0.021283118054270744,0.024799732491374016,0.03872893750667572,0.05323559790849686,0.7890155911445618
datasets\data\test\Tinea\train_tinea-versicolor-139.jpeg,Tinea,6,Tinea,6,0.06867024302482605,0.0484074167907238,0.043085381388664246,0.15810762345790863,0.045343879610300064,0.20018897950649261,0.4361964464187622
datasets\data\test\Tinea\train_tinea-versicolor-141.jpeg,Tinea,6,Tinea,6,0.09897071123123169,0.0364651195704937,0.04083265736699104,0.029134564101696014,0.03788066655397415,0.03047352284193039,0.7262426614761353
datasets\data\test\Tinea\train_tinea-versicolor-157.jpeg,Tinea,6,Tinea,6,0.09090158343315125,0.037936627864837646,0.029936550185084343,0.04945700988173485,0.06063539534807205,0.0808587372303009,0.6502740979194641
datasets\data\test\Tinea\train_tinea-versicolor-180.jpeg,Tinea,6,Tinea,6,0.035026825964450836,0.039419613778591156,0.0348697192966938,0.032288793474435806,0.04082169756293297,0.07331281900405884,0.7442606091499329
datasets\data\test\Tinea\train_tinea-versicolor-183.jpeg,Tinea,6,Tinea,6,0.03312773257493973,0.03925139084458351,0.045944489538669586,0.050974905490875244,0.04240863397717476,0.1479477882385254,0.64034503698349
datasets\data\test\Tinea\train_tinea-versicolor-187.jpg,Tinea,6,Psoriasis,5,0.061271823942661285,0.033757735043764114,0.04874498397111893,0.033867936581373215,0.03155134618282318,0.5360832810401917,0.25472286343574524
datasets\data\test\Tinea\train_tinea-versicolor-81.jpeg,Tinea,6,Tinea,6,0.04445720836520195,0.03564486652612686,0.14529599249362946,0.059078242629766464,0.03781234472990036,0.27854475378990173,0.3991665542125702
datasets\data\test\Tinea\train_tinea-versicolor-9.jpeg,Tinea,6,Tinea,6,0.06902642548084259,0.058802779763936996,0.047974590212106705,0.040129926055669785,0.056222181767225266,0.06652683019638062,0.6613173484802246
datasets\data\test\Tinea\train_tinea-versicolor-95.jpeg,Tinea,6,Tinea,6,0.05194372683763504,0.03288561478257179,0.18670204281806946,0.0558474026620388,0.0452200323343277,0.16828414797782898,0.45911702513694763
datasets\data\test\Tinea\train_tinea-versicolor-96.jpeg,Tinea,6,Tinea,6,0.04851026460528374,0.025967605412006378,0.033218126744031906,0.030275624245405197,0.039418112486600876,0.22949422895908356,0.593116044998169
datasets\data\test\Tinea\train_tinped20__ProtectWyJQcm90ZWN0Il0_FocusFillWzI5NCwyMjIsInkiLDdd.jpeg,Tinea,6,Tinea,6,0.021755799651145935,0.01933828368782997,0.03954457491636276,0.02124565653502941,0.028520828112959862,0.05864526703953743,0.8109496831893921
datasets\data\test\Tinea\train_tinped30__ProtectWyJQcm90ZWN0Il0_FocusFillWzI5NCwyMjIsIngiLDFd.jpeg,Tinea,6,Tinea,6,0.03167719766497612,0.04578239843249321,0.0788232833147049,0.06361641734838486,0.05358374863862991,0.060877710580825806,0.6656392216682434
datasets\data\test\Tinea\train_tinped5__ProtectWyJQcm90ZWN0Il0_FocusFillWzI5NCwyMjIsInkiLDM2XQ.jpeg,Tinea,6,Tinea,6,0.09023375064134598,0.06249213591217995,0.03483640030026436,0.2900105118751526,0.11294954270124435,0.06572172790765762,0.34375590085983276
datasets\data\test\Tinea\valid_13TineaIncognito2.jpeg,Tinea,6,Tinea,6,0.028367282822728157,0.02563469298183918,0.022277135401964188,0.026656189933419228,0.02157508209347725,0.015360763296484947,0.8601287603378296
datasets\data\test\Tinea\valid_tinea-beard-6.jpeg,Tinea,6,Tinea,6,0.08640879392623901,0.033650774508714676,0.03446139395236969,0.048662520945072174,0.04102407023310661,0.08866365253925323,0.6671288013458252
datasets\data\test\Tinea\valid_tinea-body-118.jpeg,Tinea,6,Tinea,6,0.032132089138031006,0.03824089467525482,0.22773151099681854,0.03857855871319771,0.033921632915735245,0.03252796456217766,0.5968673229217529
