path,y_true,y_true_idx,y_pred,y_pred_idx,proba_Acne,proba_Candidiasis,proba_Eczema,proba_NailFungus,proba_Normal,proba_Psoriasis,proba_Tinea
datasets\data\test\Acne\test_07SteroidPerioral1.jpg,Acne,0,Acne,0,0.6271497011184692,0.05435077100992203,0.05301778391003609,0.05135590210556984,0.05927009508013725,0.05850902199745178,0.09634674340486526
datasets\data\test\Acne\test_rosacea-10.jpg,Acne,0,Acne,0,0.7423452734947205,0.04511914774775505,0.04557126387953758,0.0379391573369503,0.038942523300647736,0.05548702925443649,0.03459557890892029
datasets\data\test\Acne\test_rosacea-76.jpg,Acne,0,Acne,0,0.5764147043228149,0.034326888620853424,0.03720530495047569,0.05347638577222824,0.05121280252933502,0.1570640653371811,0.09029983729124069
datasets\data\test\Acne\test_rosacea-84.jpg,Acne,0,Acne,0,0.7045928239822388,0.047304801642894745,0.0413009412586689,0.038845472037792206,0.050513483583927155,0.0720391497015953,0.04540327191352844
datasets\data\test\Acne\train_07sebDerem1101052.jpg,Acne,0,Acne,0,0.6685858964920044,0.05148153007030487,0.049255359917879105,0.04826780781149864,0.056700341403484344,0.08176545053720474,0.04394367337226868
datasets\data\test\Acne\train_acne-closed-comedo-10.jpg,Acne,0,Acne,0,0.6582137942314148,0.04908201843500137,0.053517334163188934,0.04828528314828873,0.06049327179789543,0.08197340369224548,0.04843493178486824
datasets\data\test\Acne\train_acne-closed-comedo-2.jpg,Acne,0,Acne,0,0.674866795539856,0.05473019555211067,0.050442688167095184,0.05297739431262016,0.05826438218355179,0.05497995391488075,0.05373857542872429
datasets\data\test\Acne\train_acne-closed-comedo-21.jpg,Acne,0,Acne,0,0.6785081624984741,0.05316959321498871,0.05121205002069473,0.05243879556655884,0.05490453168749809,0.05938076227903366,0.050386104732751846
datasets\data\test\Acne\train_acne-closed-comedo-35.jpg,Acne,0,Acne,0,0.6699647903442383,0.057642802596092224,0.049034371972084045,0.05243181809782982,0.059061672538518906,0.056481026113033295,0.055383507162332535
datasets\data\test\Acne\train_acne-cystic-104.jpg,Acne,0,Acne,0,0.7025406360626221,0.04972933605313301,0.04619595408439636,0.04765884205698967,0.052482835948467255,0.04998572915792465,0.051406651735305786
datasets\data\test\Acne\train_acne-cystic-111.jpeg,Acne,0,Acne,0,0.6756255030632019,0.05310206115245819,0.052331991493701935,0.05138702690601349,0.05919966846704483,0.056667741388082504,0.051685988903045654
datasets\data\test\Acne\train_acne-cystic-116.jpeg,Acne,0,Acne,0,0.6964989304542542,0.051867369562387466,0.04538048058748245,0.051049914211034775,0.05298599600791931,0.052143920212984085,0.05007347837090492
datasets\data\test\Acne\train_acne-cystic-122.jpg,Acne,0,Acne,0,0.5051335692405701,0.04757482931017876,0.09986568242311478,0.036317888647317886,0.04279879480600357,0.14482083916664124,0.12348843365907669
datasets\data\test\Acne\train_acne-cystic-124.jpeg,Acne,0,Acne,0,0.6703160405158997,0.05412433668971062,0.05049249529838562,0.05176571011543274,0.05967523157596588,0.060603998601436615,0.05302216857671738
datasets\data\test\Acne\train_acne-cystic-151.jpeg,Acne,0,Acne,0,0.690348207950592,0.061077017337083817,0.04069804400205612,0.05384024232625961,0.05133196711540222,0.050759583711624146,0.05194493755698204
datasets\data\test\Acne\train_acne-cystic-16.jpg,Acne,0,Acne,0,0.669714093208313,0.05586657673120499,0.05042136460542679,0.05179845914244652,0.05970516800880432,0.05930263176560402,0.05319168418645859
datasets\data\test\Acne\train_acne-cystic-32.jpg,Acne,0,Acne,0,0.6772258281707764,0.053958307951688766,0.04997606575489044,0.05099743977189064,0.058227092027664185,0.056794993579387665,0.05282029137015343
datasets\data\test\Acne\train_acne-cystic-5.jpg,Acne,0,Acne,0,0.6771910190582275,0.057416051626205444,0.04396118223667145,0.04819529131054878,0.05752513185143471,0.0599081888794899,0.05580318719148636
datasets\data\test\Acne\train_acne-cystic-58.jpg,Acne,0,Acne,0,0.6680174469947815,0.05616234615445137,0.04836671054363251,0.05086023360490799,0.05893099680542946,0.0672338530421257,0.05042843148112297
datasets\data\test\Acne\train_acne-cystic-85.jpeg,Acne,0,Acne,0,0.6553017497062683,0.05782568082213402,0.05417527258396149,0.056568436324596405,0.05955027788877487,0.06291289627552032,0.05366568639874458
datasets\data\test\Acne\train_acne-cystic-99.jpeg,Acne,0,Acne,0,0.7130321860313416,0.04748782142996788,0.04095211252570152,0.042323797941207886,0.05112524330615997,0.05277169123291969,0.05230710655450821
datasets\data\test\Acne\train_acne-excoriated-17.jpg,Acne,0,Acne,0,0.6797707676887512,0.053347766399383545,0.05139295011758804,0.05326666682958603,0.05554524436593056,0.05370740965008736,0.052969206124544144
datasets\data\test\Acne\train_acne-excoriated-20.jpeg,Acne,0,Acne,0,0.6728259325027466,0.05513573810458183,0.05200498551130295,0.049951184540987015,0.06052249297499657,0.06075635179877281,0.048803314566612244
datasets\data\test\Acne\train_acne-face-1-16__ProtectWyJQcm90ZWN0Il0_FocusFillWzI5NCwyMjIsInkiLDg1XQ.jpeg,Acne,0,Acne,0,0.6825082302093506,0.0542677566409111,0.04769274964928627,0.05236964300274849,0.05376031622290611,0.05698997154831886,0.052411362528800964
datasets\data\test\Acne\train_acne-face-1-26__ProtectWyJQcm90ZWN0Il0_FocusFillWzI5NCwyMjIsIngiLDFd.jpeg,Acne,0,Acne,0,0.6880894303321838,0.04978635907173157,0.04840371757745743,0.05049967020750046,0.05972950533032417,0.052942823618650436,0.050548478960990906
datasets\data\test\Acne\train_acne-face-1-28__ProtectWyJQcm90ZWN0Il0_FocusFillWzI5NCwyMjIsIngiLDFd.jpeg,Acne,0,Acne,0,0.7006444931030273,0.04975077882409096,0.04207630082964897,0.04932921752333641,0.04800901561975479,0.061953455209732056,0.048236679285764694
datasets\data\test\Acne\train_acne-face-1-28__WatermarkedWyJXYXRlcm1hcmtlZCJd (1).jpeg,Acne,0,Acne,0,0.7425733804702759,0.04620533809065819,0.03401831537485123,0.043622683733701706,0.040298186242580414,0.050271209329366684,0.04301094263792038
datasets\data\test\Acne\train_acne-face-1-29__ProtectWyJQcm90ZWN0Il0_FocusFillWzI5NCwyMjIsIngiLDFd.jpeg,Acne,0,Acne,0,0.6803379654884338,0.05318465456366539,0.05044925957918167,0.05309140682220459,0.05592060834169388,0.05394400283694267,0.05307210981845856
datasets\data\test\Acne\train_acne-face-1-44__ProtectWyJQcm90ZWN0Il0_FocusFillWzI5NCwyMjIsInkiLDg1XQ.jpeg,Acne,0,Acne,0,0.6723520755767822,0.053641244769096375,0.05181941017508507,0.05454570800065994,0.05805492773652077,0.05688529834151268,0.05270133167505264
datasets\data\test\Acne\train_acne-face-1-5__ProtectWyJQcm90ZWN0Il0_FocusFillWzI5NCwyMjIsIngiLDFd.jpeg,Acne,0,Acne,0,0.679440438747406,0.05415217578411102,0.04918037727475166,0.051583077758550644,0.05703075975179672,0.057521406561136246,0.051091667264699936
datasets\data\test\Acne\train_acne-face-11-1__ProtectWyJQcm90ZWN0Il0_FocusFillWzI5NCwyMjIsIngiLDFd.jpeg,Acne,0,Acne,0,0.6953852772712708,0.04881974309682846,0.04562484100461006,0.052302174270153046,0.0535053126513958,0.05368008464574814,0.05068262666463852
datasets\data\test\Acne\train_acne-face-19-1__ProtectWyJQcm90ZWN0Il0_FocusFillWzI5NCwyMjIsIngiLDFd.jpeg,Acne,0,Acne,0,0.68644779920578,0.049452170729637146,0.04497131332755089,0.04820748418569565,0.05724220722913742,0.061038270592689514,0.052640773355960846
datasets\data\test\Acne\train_acne-face-2-10__ProtectWyJQcm90ZWN0Il0_FocusFillWzI5NCwyMjIsIngiLDFd.jpeg,Acne,0,Acne,0,0.693286120891571,0.04999246075749397,0.04814166948199272,0.049488093703985214,0.05523667111992836,0.05212106928229332,0.051733970642089844
datasets\data\test\Acne\train_acne-face-2-24__ProtectWyJQcm90ZWN0Il0_FocusFillWzI5NCwyMjIsIngiLDFd.jpeg,Acne,0,Acne,0,0.6844984292984009,0.052565399557352066,0.047010183334350586,0.049629561603069305,0.05672872066497803,0.05882715806365013,0.0507405661046505
datasets\data\test\Acne\train_acne-face-2-26__ProtectWyJQcm90ZWN0Il0_FocusFillWzI5NCwyMjIsInkiLDg1XQ.jpeg,Acne,0,Acne,0,0.674724280834198,0.053532011806964874,0.05105645954608917,0.052752334624528885,0.05804111808538437,0.05801091715693474,0.05188286677002907
datasets\data\test\Acne\train_acne-face-2-36__ProtectWyJQcm90ZWN0Il0_FocusFillWzI5NCwyMjIsIngiLDFd.jpeg,Acne,0,Acne,0,0.685312032699585,0.051531191915273666,0.04732473939657211,0.05104410648345947,0.05735483765602112,0.055487461388111115,0.051945559680461884
datasets\data\test\Acne\train_acne-face-3-19__ProtectWyJQcm90ZWN0Il0_FocusFillWzI5NCwyMjIsIngiLDFd.jpeg,Acne,0,Acne,0,0.6746609807014465,0.05212278664112091,0.04886389151215553,0.05137939751148224,0.059786200523376465,0.061251167207956314,0.0519355945289135
datasets\data\test\Acne\train_acne-face-3-22__ProtectWyJQcm90ZWN0Il0_FocusFillWzI5NCwyMjIsIngiLDFd.jpeg,Acne,0,Acne,0,0.6789103150367737,0.05356898531317711,0.04983418807387352,0.05343630909919739,0.056612495332956314,0.05514972656965256,0.052487920969724655
datasets\data\test\Acne\train_acne-face-3-6__ProtectWyJQcm90ZWN0Il0_FocusFillWzI5NCwyMjIsIngiLDFd.jpeg,Acne,0,Acne,0,0.6757587790489197,0.05458661541342735,0.04945306479930878,0.053195249289274216,0.057959698140621185,0.0556429922580719,0.05340363085269928
datasets\data\test\Acne\train_acne-face-3-8__ProtectWyJQcm90ZWN0Il0_FocusFillWzI5NCwyMjIsIngiLDFd.jpeg,Acne,0,Acne,0,0.680362343788147,0.05261391028761864,0.05066144838929176,0.05134333297610283,0.057711802423000336,0.054638590663671494,0.05266862362623215
datasets\data\test\Acne\train_acne-face-4-14__ProtectWyJQcm90ZWN0Il0_FocusFillWzI5NCwyMjIsIngiLDFd.jpeg,Acne,0,Acne,0,0.6778624057769775,0.05337933450937271,0.050463683903217316,0.05364328622817993,0.05861853435635567,0.053484100848436356,0.05254865810275078
datasets\data\test\Acne\train_acne-face-4-6__ProtectWyJQcm90ZWN0Il0_FocusFillWzI5NCwyMjIsIngiLDFd.jpeg,Acne,0,Acne,0,0.6891107559204102,0.05106118321418762,0.04708235338330269,0.05057574436068535,0.062002032995224,0.05097894370555878,0.04918905347585678
datasets\data\test\Acne\train_acne-face-5-3__ProtectWyJQcm90ZWN0Il0_FocusFillWzI5NCwyMjIsIngiLDFd.jpeg,Acne,0,Acne,0,0.6720356345176697,0.05557602643966675,0.049334727227687836,0.051919110119342804,0.05625445395708084,0.06595081835985184,0.04892926290631294
datasets\data\test\Acne\train_acne-face-55__ProtectWyJQcm90ZWN0Il0_FocusFillWzI5NCwyMjIsIngiLDFd.jpeg,Acne,0,Acne,0,0.687559187412262,0.0502677857875824,0.04760200157761574,0.04905203729867935,0.05737476423382759,0.05821735039353371,0.04992689564824104
datasets\data\test\Acne\train_acne-face-66__ProtectWyJQcm90ZWN0Il0_FocusFillWzI5NCwyMjIsIngiLDFd.jpeg,Acne,0,Acne,0,0.5597870945930481,0.12254298478364944,0.046679962426424026,0.07108062505722046,0.06309569627046585,0.07021093368530273,0.0666026845574379
datasets\data\test\Acne\train_acne-face-7-1__ProtectWyJQcm90ZWN0Il0_FocusFillWzI5NCwyMjIsIngiLDE4XQ.jpeg,Acne,0,Acne,0,0.6819319725036621,0.05444854870438576,0.04800615459680557,0.05435057356953621,0.05483831837773323,0.052825309336185455,0.053599122911691666
datasets\data\test\Acne\train_acne-face-74__ProtectWyJQcm90ZWN0Il0_FocusFillWzI5NCwyMjIsIngiLDFd.jpeg,Acne,0,Acne,0,0.6708182692527771,0.0530245341360569,0.04960919916629791,0.05212736502289772,0.059649743139743805,0.06308448314666748,0.05168642848730087
datasets\data\test\Acne\train_acne-face-77__ProtectWyJQcm90ZWN0Il0_FocusFillWzI5NCwyMjIsIngiLDFd.jpeg,Acne,0,Acne,0,0.7166122198104858,0.0454476922750473,0.05548520386219025,0.037370968610048294,0.051178835332393646,0.05868338420987129,0.03522169217467308
datasets\data\test\Acne\train_acne-face-78__ProtectWyJQcm90ZWN0Il0_FocusFillWzI5NCwyMjIsIngiLDFd.jpeg,Acne,0,Acne,0,0.677736222743988,0.05346538871526718,0.050321027636528015,0.053666431456804276,0.05812744051218033,0.054332610219717026,0.05235089361667633
datasets\data\test\Acne\train_acne-histology-3.jpg,Acne,0,Psoriasis,5,0.0534060001373291,0.04711814969778061,0.04593184217810631,0.04956156387925148,0.046116407960653305,0.7081978917121887,0.04966815188527107
datasets\data\test\Acne\train_acne-infantile-9.jpg,Acne,0,Acne,0,0.6764858961105347,0.052841491997241974,0.049196332693099976,0.054476216435432434,0.05617326870560646,0.061279959976673126,0.049546778202056885
datasets\data\test\Acne\train_acne-open-comedo-10.jpeg,Acne,0,Acne,0,0.6679806113243103,0.05160673335194588,0.05170944333076477,0.05237831920385361,0.056554995477199554,0.07018505036830902,0.04958486184477806
datasets\data\test\Acne\train_acne-open-comedo-12.jpeg,Acne,0,Acne,0,0.6811043620109558,0.051313064992427826,0.04751526936888695,0.052378371357917786,0.05964857339859009,0.05227230489253998,0.05576812103390694
datasets\data\test\Acne\train_acne-open-comedo-22.jpeg,Acne,0,Acne,0,0.6661315560340881,0.05565371364355087,0.050273552536964417,0.05678153410553932,0.059041090309619904,0.05750345066189766,0.05461501702666283
datasets\data\test\Acne\train_acne-open-comedo-38.jpeg,Acne,0,Acne,0,0.6953160762786865,0.05025593936443329,0.043061502277851105,0.04722452163696289,0.0550776831805706,0.05503902584314346,0.054025277495384216
datasets\data\test\Acne\train_acne-open-comedo-57.jpg,Acne,0,Acne,0,0.7044894099235535,0.05261562019586563,0.04371482878923416,0.046702902764081955,0.05037887766957283,0.05524985492229462,0.04684853553771973
datasets\data\test\Acne\train_acne-open-comedo-65.jpeg,Acne,0,Acne,0,0.6801103949546814,0.05427377298474312,0.04841163754463196,0.05684312433004379,0.05422017723321915,0.05660758540034294,0.04953328147530556
datasets\data\test\Acne\train_acne-open-comedo-69.jpeg,Acne,0,Acne,0,0.6696842908859253,0.05498956888914108,0.050294265151023865,0.05269778147339821,0.05943572148680687,0.05759499967098236,0.0553034283220768
datasets\data\test\Acne\train_acne-open-comedo-8.jpeg,Acne,0,Acne,0,0.6883156299591064,0.05163196846842766,0.04839114844799042,0.05530199036002159,0.054698504507541656,0.05339758098125458,0.04826321080327034
datasets\data\test\Acne\train_acne-primary-lesion-7.jpg,Acne,0,Acne,0,0.7292201519012451,0.03476674109697342,0.039017677307128906,0.05456389859318733,0.062468450516462326,0.041455697268247604,0.03850740194320679
datasets\data\test\Acne\train_acne-pustular-34.jpeg,Acne,0,Acne,0,0.6828873157501221,0.05382208153605461,0.0473920963704586,0.0547366626560688,0.05557912960648537,0.05603025481104851,0.04955250769853592
datasets\data\test\Acne\train_acne-pustular-40.jpeg,Acne,0,Acne,0,0.6583232283592224,0.05683021619915962,0.05242152139544487,0.052301712334156036,0.06052177771925926,0.06610318273305893,0.053498368710279465
datasets\data\test\Acne\train_acne-pustular-48.jpeg,Acne,0,Acne,0,0.6770402193069458,0.05419323220849037,0.04933929070830345,0.052435290068387985,0.05731433629989624,0.05795656144618988,0.05172106251120567
datasets\data\test\Acne\train_acne-pustular-50.jpeg,Acne,0,Acne,0,0.6710028648376465,0.054221346974372864,0.05021321028470993,0.05489592254161835,0.05819930136203766,0.05772199481725693,0.05374538525938988
datasets\data\test\Acne\train_acne-pustular-53.jpeg,Acne,0,Acne,0,0.6788426637649536,0.05206947401165962,0.05083427578210831,0.054496996104717255,0.05623119696974754,0.054441582411527634,0.05308379605412483
datasets\data\test\Acne\train_acne-pustular-54.jpeg,Acne,0,Acne,0,0.6801565885543823,0.05364275723695755,0.04985613003373146,0.052366890013217926,0.05685693398118019,0.05402803048491478,0.05309273675084114
datasets\data\test\Acne\train_acne-pustular-56.jpeg,Acne,0,Acne,0,0.6639140248298645,0.041211873292922974,0.06087467446923256,0.03716588392853737,0.046182382851839066,0.10641990602016449,0.0442313551902771
datasets\data\test\Acne\train_acne-pustular-65.jpeg,Acne,0,Acne,0,0.676089882850647,0.05502162501215935,0.04867785423994064,0.05100898817181587,0.0560455247759819,0.059290915727615356,0.05386514589190483
datasets\data\test\Acne\train_acne-pustular-69.jpeg,Acne,0,Acne,0,0.6728702187538147,0.05493142455816269,0.05078841373324394,0.05292154476046562,0.05865642800927162,0.055739615112543106,0.05409236252307892
datasets\data\test\Acne\train_acne-pustular-74.jpeg,Acne,0,Acne,0,0.6836047172546387,0.05173659697175026,0.04535909369587898,0.050251226872205734,0.05791688337922096,0.06148657947778702,0.04964488744735718
datasets\data\test\Acne\train_gram-negative-folliculitis-1.jpg,Acne,0,Acne,0,0.6890928149223328,0.049710068851709366,0.04918418452143669,0.04741989076137543,0.056581731885671616,0.06071462109684944,0.047296661883592606
datasets\data\test\Acne\train_hidradenitis-suppurativa-21.jpg,Acne,0,Acne,0,0.5879402756690979,0.12478017807006836,0.043442755937576294,0.06363149732351303,0.06073809042572975,0.06544565409421921,0.05402161553502083
datasets\data\test\Acne\train_hidradenitis-suppurativa-4.jpg,Acne,0,Acne,0,0.6856165528297424,0.0508485771715641,0.04710964486002922,0.04960561543703079,0.05365665256977081,0.06836099922657013,0.04480202868580818
datasets\data\test\Acne\train_hidradenitis-suppurativa-41.jpg,Acne,0,Acne,0,0.6939982175827026,0.04946882277727127,0.043606437742710114,0.04942639172077179,0.053587302565574646,0.05891824886202812,0.050994619727134705
datasets\data\test\Acne\train_hidradenitis-suppurativa-52.jpg,Acne,0,Acne,0,0.6722484827041626,0.06462409347295761,0.044442955404520035,0.051473524421453476,0.05790351331233978,0.053490571677684784,0.055816859006881714
datasets\data\test\Acne\train_hidradenitis-suppurativa-64.jpg,Acne,0,Acne,0,0.6762488484382629,0.05124121904373169,0.04170659929513931,0.08250533044338226,0.0468691885471344,0.056477971374988556,0.044950880110263824
datasets\data\test\Acne\train_hidradenitis-suppurativa-65.jpg,Acne,0,Acne,0,0.6894237399101257,0.05412499979138374,0.04335267096757889,0.04761127755045891,0.05690205842256546,0.05461966246366501,0.053965579718351364
datasets\data\test\Acne\train_hidradenitis-suppurativa-66.jpg,Acne,0,Acne,0,0.6955665349960327,0.052523091435432434,0.04258143901824951,0.04793868958950043,0.054819945245981216,0.0490683987736702,0.05750202015042305
datasets\data\test\Acne\train_hidradenitis-suppurativa-92.jpg,Acne,0,Acne,0,0.6741549372673035,0.0572982020676136,0.048101723194122314,0.04855915158987045,0.057600438594818115,0.05862858146429062,0.055657047778367996
datasets\data\test\Acne\train_Hidradenitis-Suppurativa-Areola-2.jpg,Acne,0,Acne,0,0.653371274471283,0.0404646173119545,0.11794696748256683,0.050478193908929825,0.04909355565905571,0.05165698006749153,0.036988500505685806
datasets\data\test\Acne\train_milia-13.jpg,Acne,0,Acne,0,0.7316465973854065,0.04072756692767143,0.04804040864109993,0.04175354912877083,0.044394321739673615,0.0440334752202034,0.049404073506593704
datasets\data\test\Acne\train_perioral-dermatitis-102.jpg,Acne,0,Eczema,2,0.09287632256746292,0.06572802364826202,0.4865607023239136,0.055701687932014465,0.0649605467915535,0.04214125871658325,0.19203147292137146
datasets\data\test\Acne\train_perioral-dermatitis-105.jpg,Acne,0,Acne,0,0.6617941856384277,0.054450854659080505,0.049629393965005875,0.055934034287929535,0.06356342136859894,0.05944143235683441,0.055186621844768524
datasets\data\test\Acne\train_perioral-dermatitis-118.jpg,Acne,0,Acne,0,0.6777318120002747,0.05213050916790962,0.04853205010294914,0.05771426483988762,0.05453258380293846,0.054195381700992584,0.05516334995627403
datasets\data\test\Acne\train_perioral-dermatitis-122.jpg,Acne,0,Acne,0,0.6689883470535278,0.054125066846609116,0.052743032574653625,0.053483542054891586,0.05906270816922188,0.05910172313451767,0.052495550364255905
datasets\data\test\Acne\train_perioral-dermatitis-124.jpg,Acne,0,Acne,0,0.7131457328796387,0.043680429458618164,0.04233381897211075,0.0464053675532341,0.048402637243270874,0.05256060138344765,0.05347130447626114
datasets\data\test\Acne\train_perioral-dermatitis-129.jpg,Acne,0,Acne,0,0.6528759598731995,0.05716777965426445,0.05631359666585922,0.05150161683559418,0.06179335340857506,0.07070687413215637,0.04964084550738335
datasets\data\test\Acne\train_perioral-dermatitis-13.jpg,Acne,0,Acne,0,0.6603580713272095,0.05691167339682579,0.0488816574215889,0.05221511423587799,0.06091098487377167,0.07183942943811417,0.04888302460312843
datasets\data\test\Acne\train_perioral-dermatitis-139.jpg,Acne,0,Acne,0,0.3258073627948761,0.04573100805282593,0.2709187865257263,0.0729447454214096,0.059992220252752304,0.05840025842189789,0.16620559990406036
datasets\data\test\Acne\train_perioral-dermatitis-22.jpg,Acne,0,Acne,0,0.6787168383598328,0.051675911992788315,0.046839408576488495,0.04833782836794853,0.05848180875182152,0.061766743659973145,0.05418139696121216
datasets\data\test\Acne\train_perioral-dermatitis-26.jpg,Acne,0,Acne,0,0.5598108172416687,0.04533246532082558,0.04351331293582916,0.04004811868071556,0.04370586574077606,0.20733019709587097,0.06025921553373337
datasets\data\test\Acne\train_perioral-dermatitis-3.jpg,Acne,0,Acne,0,0.6992085576057434,0.03662377968430519,0.0445885956287384,0.05106872692704201,0.029656216502189636,0.10041537135839462,0.03843872621655464
datasets\data\test\Acne\train_perioral-dermatitis-54.jpg,Acne,0,Acne,0,0.6598652005195618,0.05802002176642418,0.050057362765073776,0.05172761529684067,0.059131622314453125,0.07013100385665894,0.05106714367866516
datasets\data\test\Acne\train_perioral-dermatitis-59.jpg,Acne,0,Acne,0,0.6907169222831726,0.050056010484695435,0.04666768014431,0.05669160559773445,0.038328979164361954,0.04912952333688736,0.0684092715382576
datasets\data\test\Acne\train_perioral-dermatitis-99.jpg,Acne,0,Acne,0,0.6771568059921265,0.05104184150695801,0.047050949186086655,0.050608083605766296,0.05788370221853256,0.06670814752578735,0.04955057427287102
datasets\data\test\Acne\train_rosacea-17.jpg,Acne,0,Acne,0,0.6969819664955139,0.04784076660871506,0.048930566757917404,0.0464523583650589,0.05137188732624054,0.06332947313785553,0.04509305953979492
datasets\data\test\Acne\train_rosacea-41.jpg,Acne,0,Acne,0,0.6873706579208374,0.04679463058710098,0.05026858672499657,0.0428704135119915,0.04903107136487961,0.06368695944547653,0.05997761711478233
datasets\data\test\Acne\train_rosacea-47.jpg,Acne,0,Acne,0,0.7299052476882935,0.04513392969965935,0.038677915930747986,0.040007684379816055,0.051356200128793716,0.04457442834973335,0.050344668328762054
datasets\data\test\Acne\train_rosacea-51.jpg,Acne,0,Acne,0,0.6798951029777527,0.05430448055267334,0.051079802215099335,0.05224638804793358,0.05718971788883209,0.0534745417535305,0.05180991441011429
datasets\data\test\Acne\train_rosacea-57.jpg,Acne,0,Acne,0,0.6616855263710022,0.05637895688414574,0.054910361766815186,0.05499713867902756,0.05926281213760376,0.057982437312603,0.05478282645344734
datasets\data\test\Acne\train_rosacea-69.jpg,Acne,0,Psoriasis,5,0.06637950986623764,0.0530487485229969,0.04334461688995361,0.058050110936164856,0.05935930833220482,0.6707742810249329,0.04904351010918617
datasets\data\test\Acne\train_rosacea-83.jpg,Acne,0,Acne,0,0.6630828380584717,0.056180838495492935,0.04885551333427429,0.053971678018569946,0.06036201864480972,0.06581977009773254,0.051727358251810074
datasets\data\test\Acne\train_rosacea-89.jpg,Acne,0,Acne,0,0.6695495247840881,0.05304921418428421,0.04733322933316231,0.05883464589715004,0.05132697895169258,0.06665808707475662,0.0532483235001564
datasets\data\test\Acne\train_rosacea-9.jpg,Acne,0,Acne,0,0.6851474046707153,0.05254251882433891,0.04509738087654114,0.046191733330488205,0.05675036087632179,0.061410024762153625,0.052860479801893234
datasets\data\test\Acne\train_rosacea-90.jpg,Acne,0,Acne,0,0.6973279714584351,0.04899730905890465,0.04503219574689865,0.04325404018163681,0.05437434837222099,0.048134271055459976,0.06287990510463715
datasets\data\test\Acne\train_rosacea-92.jpg,Acne,0,Acne,0,0.3916446268558502,0.05387260764837265,0.061332590878009796,0.16449669003486633,0.06160663813352585,0.2111319899559021,0.05591481551527977
datasets\data\test\Acne\train_rosacea-97.jpg,Acne,0,Acne,0,0.6762177348136902,0.05386681854724884,0.05294597148895264,0.05480804294347763,0.055918313562870026,0.053281206637620926,0.05296196788549423
datasets\data\test\Acne\train_rosacea-nose-38.jpg,Acne,0,Acne,0,0.685086190700531,0.052002791315317154,0.04989469051361084,0.05150211229920387,0.05664122477173805,0.054528962820768356,0.05034403130412102
datasets\data\test\Acne\train_rosacea-nose-41.jpg,Acne,0,Acne,0,0.6884889006614685,0.05224985256791115,0.04699163883924484,0.04983806982636452,0.05489965155720711,0.05834381654858589,0.04918810725212097
datasets\data\test\Acne\train_rosacea-nose-7.jpg,Acne,0,Acne,0,0.6884287595748901,0.05355578288435936,0.04029400646686554,0.044576942920684814,0.05395027995109558,0.06633241474628448,0.052861884236335754
datasets\data\test\Acne\train_rosacea-steroid-4.jpg,Acne,0,Acne,0,0.6738585233688354,0.04244507476687431,0.04648509621620178,0.04278096929192543,0.04795169085264206,0.07763654738664627,0.06884216517210007
datasets\data\test\Acne\train_sebaceous-glands-upper-lip-1.jpg,Acne,0,Acne,0,0.6393468379974365,0.051853347569704056,0.04831355810165405,0.05580511316657066,0.06009245663881302,0.06475124508142471,0.07983742654323578
datasets\data\test\Acne\valid_179__ProtectWyJQcm90ZWN0Il0_FocusFillWzI5NCwyMjIsIngiLDFd.jpeg,Acne,0,Acne,0,0.6751863956451416,0.053802307695150375,0.04886902868747711,0.05028298497200012,0.0582687109708786,0.058233603835105896,0.05535706505179405
datasets\data\test\Acne\valid_194__ProtectWyJQcm90ZWN0Il0_FocusFillWzI5NCwyMjIsIngiLDFd.jpeg,Acne,0,Acne,0,0.6799425482749939,0.05253332853317261,0.04915280267596245,0.04952797293663025,0.057115525007247925,0.0606578066945076,0.05107007920742035
datasets\data\test\Acne\valid_acne-comedones-57-v2__ProtectWyJQcm90ZWN0Il0_FocusFillWzI5NCwyMjIsIngiLDE3XQ.jpeg,Acne,0,Acne,0,0.705142080783844,0.049551114439964294,0.04363662749528885,0.04867377504706383,0.05326898768544197,0.04943687841296196,0.05029050633311272
datasets\data\test\Acne\valid_acne-cystic-33.jpeg,Acne,0,Acne,0,0.6782248020172119,0.05329037457704544,0.05047069117426872,0.05200731381773949,0.05828648433089256,0.05523651838302612,0.05248378589749336
datasets\data\test\Candidiasis\test_1308__ProtectWyJQcm90ZWN0Il0_FocusFillWzI5NCwyMjIsIngiLDFd.jpeg,Candidiasis,1,Candidiasis,1,0.059056930243968964,0.6628422737121582,0.057173486799001694,0.05551619827747345,0.054366204887628555,0.05694382265210152,0.05410105362534523
datasets\data\test\Candidiasis\test_candidiasis-large-skin-folds-172.jpeg,Candidiasis,1,Tinea,6,0.04139404371380806,0.05237459018826485,0.037976544350385666,0.0397728867828846,0.04510432481765747,0.05718006566166878,0.7261974811553955
datasets\data\test\Candidiasis\train_1285-small__ProtectWyJQcm90ZWN0Il0_FocusFillWzI5NCwyMjIsInkiLDg1XQ.jpeg,Candidiasis,1,Candidiasis,1,0.09045256674289703,0.46157872676849365,0.06960209459066391,0.07878852635622025,0.16064880788326263,0.06910061836242676,0.06982862204313278
datasets\data\test\Candidiasis\train_1295-small__ProtectWyJQcm90ZWN0Il0_FocusFillWzI5NCwyMjIsInkiLDg1XQ.jpeg,Candidiasis,1,Candidiasis,1,0.05698360130190849,0.6559596657752991,0.05419198423624039,0.059650011360645294,0.06062930077314377,0.05697318911552429,0.055612288415431976
datasets\data\test\Candidiasis\train_1296__ProtectWyJQcm90ZWN0Il0_FocusFillWzI5NCwyMjIsIngiLDFd.jpeg,Candidiasis,1,Candidiasis,1,0.05717531591653824,0.6586756706237793,0.05334113538265228,0.06134026497602463,0.060004208236932755,0.05197319760918617,0.05749022588133812
datasets\data\test\Candidiasis\train_1311-small__ProtectWyJQcm90ZWN0Il0_FocusFillWzI5NCwyMjIsIngiLDFd.jpeg,Candidiasis,1,Candidiasis,1,0.0691007599234581,0.58290696144104,0.04485197737812996,0.053848300129175186,0.07868686318397522,0.07466834783554077,0.09593677520751953
datasets\data\test\Candidiasis\train_13CandidaAxillae020210.jpeg,Candidiasis,1,Tinea,6,0.0512709841132164,0.08674129098653793,0.050898466259241104,0.04349574074149132,0.05237611010670662,0.04976692423224449,0.6654505133628845
datasets\data\test\Candidiasis\train_13CandidaBreast.jpeg,Candidiasis,1,Candidiasis,1,0.07362238317728043,0.6474705934524536,0.05522008240222931,0.057606976479291916,0.054731085896492004,0.056696731597185135,0.05465210601687431
datasets\data\test\Candidiasis\train_candida-groin-14.jpeg,Candidiasis,1,Candidiasis,1,0.0582311786711216,0.6326665282249451,0.05727434158325195,0.05340856313705444,0.054276544600725174,0.07540751993656158,0.0687352865934372
datasets\data\test\Candidiasis\train_candida-penis-24.jpeg,Candidiasis,1,Candidiasis,1,0.04928765073418617,0.695749044418335,0.04890265688300133,0.052996546030044556,0.048804815858602524,0.05100089684128761,0.05325843766331673
datasets\data\test\Candidiasis\train_candida-penis-25.jpeg,Candidiasis,1,Candidiasis,1,0.05659830570220947,0.6687546372413635,0.05608680844306946,0.0567982941865921,0.05516573041677475,0.053476035594940186,0.05312022939324379
datasets\data\test\Candidiasis\train_candida-penis-47.jpeg,Candidiasis,1,Candidiasis,1,0.05395043268799782,0.6687119603157043,0.06191319227218628,0.05325176939368248,0.05209561809897423,0.057751890271902084,0.05232519283890724
datasets\data\test\Candidiasis\train_Candida-penis-765.jpeg,Candidiasis,1,Psoriasis,5,0.05548805370926857,0.06588847190141678,0.31332898139953613,0.052207496017217636,0.06493896245956421,0.39938563108444214,0.04876241087913513
datasets\data\test\Candidiasis\train_candidiasis-diaper-25.jpeg,Candidiasis,1,Candidiasis,1,0.06743378192186356,0.6524685621261597,0.05578863248229027,0.05848119780421257,0.05447833612561226,0.058484114706516266,0.05286535248160362
datasets\data\test\Candidiasis\train_candidiasis-diaper-31.jpeg,Candidiasis,1,Candidiasis,1,0.05658095329999924,0.6694101095199585,0.05266377702355385,0.05809607729315758,0.055885545909404755,0.0534135140478611,0.053950004279613495
datasets\data\test\Candidiasis\train_candidiasis-large-skin-folds-117.jpeg,Candidiasis,1,Candidiasis,1,0.05823739990592003,0.661624550819397,0.051746733486652374,0.0596022866666317,0.05768440291285515,0.05931715667247772,0.051787469536066055
datasets\data\test\Candidiasis\train_candidiasis-large-skin-folds-131.jpeg,Candidiasis,1,Candidiasis,1,0.07174091786146164,0.418582022190094,0.06521376222372055,0.06248854845762253,0.06825194507837296,0.0588369257748127,0.25488588213920593
datasets\data\test\Candidiasis\train_candidiasis-large-skin-folds-142.jpeg,Candidiasis,1,Candidiasis,1,0.05803623050451279,0.6674778461456299,0.05176832899451256,0.05840577185153961,0.05461229756474495,0.053849902004003525,0.055849574506282806
datasets\data\test\Candidiasis\train_candidiasis-large-skin-folds-163.jpeg,Candidiasis,1,Candidiasis,1,0.05894347280263901,0.5935115814208984,0.05743734911084175,0.05350344628095627,0.058435890823602676,0.056319624185562134,0.12184862047433853
datasets\data\test\Candidiasis\train_candidiasis-large-skin-folds-166.jpeg,Candidiasis,1,Candidiasis,1,0.054755568504333496,0.6632969975471497,0.04737674444913864,0.05640104040503502,0.055469803512096405,0.06245023384690285,0.06024964153766632
datasets\data\test\Candidiasis\train_candidiasis-large-skin-folds-17.jpeg,Candidiasis,1,Acne,0,0.4024805724620819,0.10931301862001419,0.03212512284517288,0.0486590638756752,0.04803464561700821,0.28707337379455566,0.07231424003839493
datasets\data\test\Candidiasis\train_candidiasis-large-skin-folds-170.jpeg,Candidiasis,1,Candidiasis,1,0.054508451372385025,0.6740207672119141,0.05171939358115196,0.054769933223724365,0.05209048092365265,0.05176282674074173,0.06112814322113991
datasets\data\test\Candidiasis\train_candidiasis-large-skin-folds-175.jpeg,Candidiasis,1,Candidiasis,1,0.05409875512123108,0.6757695078849792,0.04929054528474808,0.054828938096761703,0.05083049461245537,0.05397602543234825,0.06120574101805687
datasets\data\test\Candidiasis\train_candidiasis-large-skin-folds-176.jpeg,Candidiasis,1,Candidiasis,1,0.057750385254621506,0.665984034538269,0.05394848436117172,0.05702438950538635,0.05489131063222885,0.05385681986808777,0.0565447099506855
datasets\data\test\Candidiasis\train_candidiasis-large-skin-folds-95.jpeg,Candidiasis,1,Candidiasis,1,0.055690716952085495,0.6596702933311462,0.05259855091571808,0.05825518071651459,0.0545988492667675,0.049290843307971954,0.06989562511444092
datasets\data\test\Candidiasis\train_candidiasis-mouth-11.jpeg,Candidiasis,1,Psoriasis,5,0.047020021826028824,0.045697931200265884,0.04831176623702049,0.05297405272722244,0.05782252177596092,0.6714639067649841,0.07670973986387253
datasets\data\test\Eczema\test_05Atopic0712046.jpeg,Eczema,2,Eczema,2,0.0622217170894146,0.059823017567396164,0.6604494452476501,0.052159782499074936,0.05775053799152374,0.05037606135010719,0.05721941590309143
datasets\data\test\Eczema\test_Dyshidrosis-14.jpg,Eczema,2,Tinea,6,0.048400960862636566,0.05209669843316078,0.30409908294677734,0.04466235265135765,0.056681886315345764,0.1786644607782364,0.3153945803642273
datasets\data\test\Eczema\test_Dyshidrosis-31.jpg,Eczema,2,Eczema,2,0.05639415606856346,0.056103695183992386,0.6624643206596375,0.05368228256702423,0.06006414070725441,0.058406416326761246,0.05288500711321831
datasets\data\test\Eczema\test_eczema-fingertips-142.jpeg,Eczema,2,Eczema,2,0.05788606032729149,0.06153329834342003,0.6506283283233643,0.056310128420591354,0.06011420488357544,0.04803670197725296,0.0654911994934082
datasets\data\test\Eczema\test_lichen-simplex-chronicus-177.jpg,Eczema,2,Eczema,2,0.0564156137406826,0.05177219584584236,0.6491608023643494,0.058604784309864044,0.05439699441194534,0.04081502556800842,0.08883456885814667
datasets\data\test\Eczema\test_lichen-simplex-chronicus-89.jpg,Eczema,2,Psoriasis,5,0.053296301513910294,0.054532844573259354,0.09977634251117706,0.04188926890492439,0.0569993294775486,0.6083474159240723,0.085158571600914
datasets\data\test\Eczema\test_lichen-simplex-chronicus-91.jpg,Eczema,2,Eczema,2,0.0492367297410965,0.05766201764345169,0.6619570255279541,0.04952430725097656,0.057307686656713486,0.05677367374300957,0.0675385519862175
datasets\data\test\Eczema\test_neurotic-excoriations-13.jpg,Eczema,2,Eczema,2,0.040907297283411026,0.04639478027820587,0.6948262453079224,0.03964348882436752,0.04913463816046715,0.06353317201137543,0.06556038558483124
datasets\data\test\Eczema\test_neurotic-excoriations-27.jpg,Eczema,2,Eczema,2,0.04386281222105026,0.047203123569488525,0.6800801157951355,0.04415840283036232,0.05103034898638725,0.0840095803141594,0.04965560510754585
datasets\data\test\Eczema\test_pompholyx-7.jpg,Eczema,2,Tinea,6,0.04774515703320503,0.05209999904036522,0.05898880958557129,0.043892987072467804,0.05018574371933937,0.0714038535952568,0.6756834387779236
datasets\data\test\Eczema\test_prurigo-nodularis-22.jpg,Eczema,2,Eczema,2,0.05536489561200142,0.05626624822616577,0.6384736895561218,0.04892504960298538,0.05720789358019829,0.055353693664073944,0.08840852975845337
datasets\data\test\Eczema\test_stasis-dermatitis-115.jpg,Eczema,2,Eczema,2,0.05299276486039162,0.05295553058385849,0.6855462193489075,0.053011275827884674,0.05164606496691704,0.05223878473043442,0.05160935968160629
datasets\data\test\Eczema\test_stasis-dermatitis-122.jpg,Eczema,2,Eczema,2,0.05376319959759712,0.05662165954709053,0.6609145998954773,0.051699187606573105,0.059330761432647705,0.06339997053146362,0.05427065119147301
datasets\data\test\Eczema\test_stasis-dermatitis-135.jpg,Eczema,2,Eczema,2,0.054258689284324646,0.051843274384737015,0.6701250672340393,0.04818301647901535,0.05115355923771858,0.04543767496943474,0.07899868488311768
datasets\data\test\Eczema\test_stasis-dermatitis-93.jpg,Eczema,2,Eczema,2,0.057824812829494476,0.05936634540557861,0.6564720869064331,0.05203108489513397,0.05995145067572594,0.05456977337598801,0.05978446826338768
datasets\data\test\Eczema\train_chapped-fissured-feet-1.jpg,Eczema,2,Eczema,2,0.05695516616106033,0.0639578104019165,0.6446610689163208,0.056022875010967255,0.06008834391832352,0.04861326143145561,0.06970146298408508
datasets\data\test\Eczema\train_chapped-fissured-feet-17.jpg,Eczema,2,Eczema,2,0.04586116969585419,0.05030766874551773,0.6748747229576111,0.04186159372329712,0.051764391362667084,0.08022007346153259,0.05511029437184334
datasets\data\test\Eczema\train_chapped-fissured-feet-34.jpg,Eczema,2,Eczema,2,0.04882145673036575,0.04694781452417374,0.6929136514663696,0.0462290458381176,0.049573205411434174,0.0667986273765564,0.048716217279434204
datasets\data\test\Eczema\train_chapped-fissured-feet-5.jpg,Eczema,2,Eczema,2,0.056544192135334015,0.05891643092036247,0.6606550216674805,0.049830444157123566,0.05658009275794029,0.059383291751146317,0.05809047818183899
datasets\data\test\Eczema\train_desquamation-7.jpg,Eczema,2,Eczema,2,0.06018625572323799,0.05637957900762558,0.6718100309371948,0.05075113847851753,0.05130878835916519,0.05876145139336586,0.05080271512269974
datasets\data\test\Eczema\train_Dyshidrosis-17.jpg,Eczema,2,Eczema,2,0.055286142975091934,0.05096722021698952,0.6835413575172424,0.04149971157312393,0.04803565889596939,0.04918999969959259,0.071479931473732
datasets\data\test\Eczema\train_Dyshidrosis-23.jpg,Eczema,2,Eczema,2,0.046236198395490646,0.04462412744760513,0.7001988887786865,0.04294215142726898,0.04782246798276901,0.06578119099140167,0.05239499360322952
datasets\data\test\Eczema\train_Dyshidrosis-25.jpg,Eczema,2,Eczema,2,0.05497600883245468,0.05097873508930206,0.6948162913322449,0.04665283113718033,0.05431404337286949,0.051733940839767456,0.04652819409966469
datasets\data\test\Eczema\train_Dyshidrosis-32.jpg,Eczema,2,Eczema,2,0.049839988350868225,0.045128293335437775,0.6916108727455139,0.041465044021606445,0.046867735683918,0.07887531071901321,0.046212680637836456
datasets\data\test\Eczema\train_Dyshidrosis-38.jpg,Eczema,2,Eczema,2,0.06946645677089691,0.06016791984438896,0.6453587412834167,0.05758685618638992,0.060718923807144165,0.048897966742515564,0.05780308321118355
datasets\data\test\Eczema\train_Dyshidrosis-6.jpg,Eczema,2,Eczema,2,0.046824779361486435,0.04525429382920265,0.7007741332054138,0.04599332809448242,0.05200432240962982,0.060486093163490295,0.0486631840467453
datasets\data\test\Eczema\train_eczema-acute-2.jpeg,Eczema,2,Eczema,2,0.0511232390999794,0.05471690371632576,0.6784723997116089,0.04948066174983978,0.056739866733551025,0.05554911866784096,0.0539177805185318
datasets\data\test\Eczema\train_eczema-areola-10.jpeg,Eczema,2,Eczema,2,0.061089444905519485,0.05999316647648811,0.6611894965171814,0.051444776356220245,0.05795539170503616,0.05641087517142296,0.05191679671406746
datasets\data\test\Eczema\train_eczema-areola-11.jpeg,Eczema,2,Eczema,2,0.08880014717578888,0.05036059394478798,0.5525758266448975,0.04802696034312248,0.054941143840551376,0.1608104109764099,0.04448491334915161
datasets\data\test\Eczema\train_eczema-areola-22.jpeg,Eczema,2,Eczema,2,0.04526352509856224,0.04406066983938217,0.6802842617034912,0.0489165373146534,0.04786352813243866,0.0801960900425911,0.05341528728604317
datasets\data\test\Eczema\train_eczema-areola-8.jpeg,Eczema,2,Eczema,2,0.07507108896970749,0.06840217113494873,0.6458705067634583,0.05297090485692024,0.0484195239841938,0.044235534965991974,0.06503032147884369
datasets\data\test\Eczema\train_eczema-asteatotic-15.jpeg,Eczema,2,Eczema,2,0.05835779011249542,0.055550239980220795,0.6701303124427795,0.05133675038814545,0.05384306609630585,0.045741111040115356,0.06504080444574356
datasets\data\test\Eczema\train_eczema-asteatotic-24.jpeg,Eczema,2,Eczema,2,0.043287619948387146,0.046028800308704376,0.6950423717498779,0.042941536754369736,0.05468723922967911,0.0527157187461853,0.06529677659273148
datasets\data\test\Eczema\train_eczema-asteatotic-29.jpeg,Eczema,2,Eczema,2,0.06068793311715126,0.05562136322259903,0.6480588316917419,0.05738603323698044,0.06128419563174248,0.04921000823378563,0.06775159388780594
datasets\data\test\Eczema\train_eczema-asteatotic-30.jpeg,Eczema,2,Eczema,2,0.06332878768444061,0.058330170810222626,0.6328082084655762,0.05654654651880264,0.06759725511074066,0.04893438518047333,0.07245471328496933
datasets\data\test\Eczema\train_eczema-asteatotic-39.jpeg,Eczema,2,Eczema,2,0.0615336075425148,0.06430540978908539,0.6364949345588684,0.060350362211465836,0.06659667193889618,0.05240683630108833,0.05831225961446762
datasets\data\test\Eczema\train_eczema-asteatotic-53.jpeg,Eczema,2,Tinea,6,0.04610126465559006,0.04453117772936821,0.07099229097366333,0.042373042553663254,0.047483500093221664,0.05492239072918892,0.693596363067627
datasets\data\test\Eczema\train_eczema-asteatotic-6.jpeg,Eczema,2,Eczema,2,0.06634040921926498,0.06280272454023361,0.6361441016197205,0.06864294409751892,0.06517717242240906,0.04791557416319847,0.0529770590364933
datasets\data\test\Eczema\train_eczema-chronic-12.jpeg,Eczema,2,Eczema,2,0.046078942716121674,0.055579543113708496,0.6738137602806091,0.04476727917790413,0.04768330603837967,0.05603400617837906,0.07604321092367172
datasets\data\test\Eczema\train_eczema-chronic-4.jpeg,Eczema,2,Eczema,2,0.06000407412648201,0.06187059357762337,0.6331193447113037,0.06760323792695999,0.059579577296972275,0.056494321674108505,0.061328914016485214
datasets\data\test\Eczema\train_eczema-chronic-48.jpeg,Eczema,2,Eczema,2,0.049352869391441345,0.03853524848818779,0.6567541360855103,0.040739238262176514,0.04294045269489288,0.1336478739976883,0.038030143827199936
datasets\data\test\Eczema\train_eczema-fingertips-1.jpeg,Eczema,2,Psoriasis,5,0.055047813802957535,0.046270065009593964,0.2346765398979187,0.19448797404766083,0.052596334367990494,0.3680660128593445,0.04885530099272728
datasets\data\test\Eczema\train_eczema-fingertips-125.jpeg,Eczema,2,Eczema,2,0.054898589849472046,0.05394070968031883,0.6895506978034973,0.051646362990140915,0.05088958516716957,0.050725873559713364,0.04834814742207527
datasets\data\test\Eczema\train_eczema-fingertips-126.jpeg,Eczema,2,Eczema,2,0.08735857158899307,0.0540296696126461,0.47067922353744507,0.1704990118741989,0.056593652814626694,0.1168217808008194,0.04401811957359314
datasets\data\test\Eczema\train_eczema-fingertips-130.jpeg,Eczema,2,Eczema,2,0.058398984372615814,0.05724042281508446,0.640123188495636,0.05262157693505287,0.05700217932462692,0.05214443802833557,0.08246921747922897
datasets\data\test\Eczema\train_eczema-fingertips-143.jpeg,Eczema,2,Eczema,2,0.05128013715147972,0.049607448279857635,0.6671774983406067,0.047807298600673676,0.05344810336828232,0.07730020582675934,0.053379323333501816
datasets\data\test\Eczema\train_eczema-fingertips-26.jpeg,Eczema,2,Eczema,2,0.05023007467389107,0.051255322992801666,0.6715741157531738,0.04494775831699371,0.05133521929383278,0.07841096818447113,0.05224645882844925
datasets\data\test\Eczema\train_eczema-fingertips-27.jpeg,Eczema,2,Eczema,2,0.04819413647055626,0.048751357942819595,0.6780074238777161,0.044617775827646255,0.05122176930308342,0.07553380727767944,0.05367368459701538
datasets\data\test\Eczema\train_eczema-fingertips-36.jpg,Eczema,2,Eczema,2,0.06155352666974068,0.061811551451683044,0.6499231457710266,0.06435343623161316,0.05984741821885109,0.04430131986737251,0.058209627866744995
datasets\data\test\Eczema\train_eczema-fingertips-43.jpeg,Eczema,2,Psoriasis,5,0.05134135112166405,0.05404667556285858,0.34441348910331726,0.047430168837308884,0.06127229332923889,0.38605770468711853,0.055438313633203506
datasets\data\test\Eczema\train_eczema-fingertips-44.jpeg,Eczema,2,Eczema,2,0.048806965351104736,0.05463756248354912,0.46616026759147644,0.050830960273742676,0.06552336364984512,0.2647871971130371,0.049253687262535095
datasets\data\test\Eczema\train_eczema-fingertips-6.jpeg,Eczema,2,Eczema,2,0.05164499208331108,0.049765754491090775,0.6874200105667114,0.06148962676525116,0.050258055329322815,0.04856070876121521,0.05086081847548485
datasets\data\test\Eczema\train_eczema-fingertips-60.jpeg,Eczema,2,Eczema,2,0.055908042937517166,0.05437129735946655,0.6664722561836243,0.061856575310230255,0.05570249259471893,0.053102824836969376,0.05258651077747345
datasets\data\test\Eczema\train_eczema-fingertips-74.jpeg,Eczema,2,Eczema,2,0.05756430700421333,0.06136377155780792,0.6531016826629639,0.05589070916175842,0.06039914861321449,0.057616978883743286,0.054063472896814346
datasets\data\test\Eczema\train_eczema-fingertips-76.jpeg,Eczema,2,Eczema,2,0.05922354757785797,0.06207200512290001,0.6389100551605225,0.06003633141517639,0.058052483946084976,0.06408520042896271,0.05762036517262459
datasets\data\test\Eczema\train_eczema-fingertips-88.jpeg,Eczema,2,Eczema,2,0.052620649337768555,0.05493281036615372,0.6741722226142883,0.05267201364040375,0.055693794041872025,0.052906617522239685,0.057001952081918716
datasets\data\test\Eczema\train_eczema-fingertips-98.jpg,Eczema,2,Eczema,2,0.05375276878476143,0.04616679251194,0.6586646437644958,0.09027855843305588,0.04859255254268646,0.05545726791024208,0.047087397426366806
datasets\data\test\Eczema\train_eczema-foot-102.jpeg,Eczema,2,Eczema,2,0.049322109669446945,0.05122467502951622,0.6844081282615662,0.0434848889708519,0.049487192183732986,0.04850250482559204,0.07357047498226166
datasets\data\test\Eczema\train_eczema-foot-16.jpeg,Eczema,2,Eczema,2,0.062338586896657944,0.055785976350307465,0.39159098267555237,0.04015062749385834,0.05171263962984085,0.2997114360332489,0.09870973229408264
datasets\data\test\Eczema\train_eczema-foot-20.jpeg,Eczema,2,Eczema,2,0.042370520532131195,0.04215409979224205,0.7332356572151184,0.032976385205984116,0.04186507314443588,0.052490878850221634,0.05490737035870552
datasets\data\test\Eczema\train_eczema-foot-22.jpeg,Eczema,2,Eczema,2,0.05873613804578781,0.05916105955839157,0.6602398157119751,0.05101057142019272,0.05787808075547218,0.05631330609321594,0.05666099488735199
datasets\data\test\Eczema\train_eczema-foot-29.jpeg,Eczema,2,Eczema,2,0.04681369289755821,0.04958020895719528,0.6884042620658875,0.04415818303823471,0.05394071713089943,0.063089519739151,0.05401340499520302
datasets\data\test\Eczema\train_eczema-foot-31.jpeg,Eczema,2,Eczema,2,0.0508253276348114,0.05300237238407135,0.6836502552032471,0.046353213489055634,0.05249589681625366,0.06686950474977493,0.046803537756204605
datasets\data\test\Eczema\train_eczema-foot-33.jpeg,Eczema,2,Eczema,2,0.054313186556100845,0.05548122897744179,0.6163972616195679,0.04600956663489342,0.058950699865818024,0.11862713098526001,0.050220876932144165
datasets\data\test\Eczema\train_eczema-foot-52.jpeg,Eczema,2,Eczema,2,0.04149705916643143,0.04334944859147072,0.6545760631561279,0.03986319899559021,0.051368243992328644,0.10840959846973419,0.06093640998005867
datasets\data\test\Eczema\train_eczema-foot-74.jpeg,Eczema,2,Eczema,2,0.051531948149204254,0.05598817020654678,0.6701253056526184,0.04947669804096222,0.05836689472198486,0.04269536957144737,0.071815624833107
datasets\data\test\Eczema\train_eczema-foot-81.jpeg,Eczema,2,Eczema,2,0.05172744765877724,0.054868318140506744,0.6706398725509644,0.04806393012404442,0.0554393045604229,0.05963233858346939,0.05962878465652466
datasets\data\test\Eczema\train_eczema-foot-96.jpeg,Eczema,2,Psoriasis,5,0.05412948504090309,0.04848386347293854,0.16161425411701202,0.043440304696559906,0.048653148114681244,0.5557377338409424,0.08794115483760834
datasets\data\test\Eczema\train_eczema-hand-108.jpeg,Eczema,2,Eczema,2,0.05354269593954086,0.049530357122421265,0.6840217709541321,0.050966836512088776,0.054136425256729126,0.06083684787154198,0.04696499556303024
datasets\data\test\Eczema\train_eczema-hand-119.jpeg,Eczema,2,Tinea,6,0.04954865947365761,0.05568549409508705,0.27657854557037354,0.03832903131842613,0.04008738324046135,0.19966739416122437,0.34010347723960876
datasets\data\test\Eczema\train_eczema-hand-130.jpeg,Eczema,2,Eczema,2,0.0472976490855217,0.05022948607802391,0.689931333065033,0.040795885026454926,0.046674493700265884,0.07370252907276154,0.051368601620197296
datasets\data\test\Eczema\train_eczema-hand-132.jpeg,Eczema,2,Eczema,2,0.049377091228961945,0.05057637393474579,0.6818767189979553,0.04104948043823242,0.048526737838983536,0.05353289470076561,0.0750606432557106
datasets\data\test\Eczema\train_eczema-hand-138.jpeg,Eczema,2,Eczema,2,0.06093720719218254,0.0638762041926384,0.6413347125053406,0.06013955548405647,0.06181025877594948,0.05330663546919823,0.05859548971056938
datasets\data\test\Eczema\train_eczema-hand-143.jpeg,Eczema,2,Eczema,2,0.058150213211774826,0.052262935787439346,0.6739916801452637,0.05253996700048447,0.052320696413517,0.06689969450235367,0.04383479058742523
datasets\data\test\Eczema\train_eczema-hand-144.jpeg,Eczema,2,Eczema,2,0.04345650598406792,0.046035055071115494,0.6824248433113098,0.042435210198163986,0.053003355860710144,0.07014404982328415,0.06250100582838058
datasets\data\test\Eczema\train_eczema-hand-151.jpeg,Eczema,2,Eczema,2,0.05053352192044258,0.058742456138134,0.65855473279953,0.04575970023870468,0.054619621485471725,0.06433991342782974,0.06745000183582306
datasets\data\test\Eczema\train_eczema-hand-166.jpg,Eczema,2,Eczema,2,0.04893738776445389,0.05297869071364403,0.6724092960357666,0.04430188611149788,0.052628882229328156,0.0666414275765419,0.06210237741470337
datasets\data\test\Eczema\train_eczema-hand-175.jpeg,Eczema,2,Eczema,2,0.06804580241441727,0.06166226789355278,0.6316521167755127,0.05716075003147125,0.06469038128852844,0.06187242642045021,0.05491626262664795
datasets\data\test\Eczema\train_eczema-hand-185.jpeg,Eczema,2,Eczema,2,0.06232569366693497,0.06638406962156296,0.6343361139297485,0.05459204688668251,0.06309258192777634,0.05872107669711113,0.060548488050699234
datasets\data\test\Eczema\train_eczema-hand-190.jpeg,Eczema,2,Eczema,2,0.062066055834293365,0.06461985409259796,0.6358452439308167,0.05835898593068123,0.06381263583898544,0.0553014874458313,0.05999573692679405
datasets\data\test\Eczema\train_eczema-hand-191.jpeg,Eczema,2,Eczema,2,0.05581879988312721,0.05560916289687157,0.6713654398918152,0.048827677965164185,0.05434771999716759,0.06549646705389023,0.04853461682796478
datasets\data\test\Eczema\train_eczema-hand-90.jpeg,Eczema,2,Eczema,2,0.0381741039454937,0.03401041030883789,0.6507137417793274,0.03472437709569931,0.03422246128320694,0.1585051566362381,0.049649711698293686
datasets\data\test\Eczema\train_eczema-hand-91.jpeg,Eczema,2,Eczema,2,0.04732224717736244,0.05113159865140915,0.6949567794799805,0.039247434586286545,0.047503385692834854,0.05789652466773987,0.06194200739264488
datasets\data\test\Eczema\train_eczema-impetiginized-1.jpeg,Eczema,2,Eczema,2,0.059095412492752075,0.05843273922801018,0.5833625197410583,0.045965585857629776,0.05404142662882805,0.044032491743564606,0.15506987273693085
datasets\data\test\Eczema\train_eczema-impetiginized-10.jpeg,Eczema,2,Eczema,2,0.053682591766119,0.04810122027993202,0.669474720954895,0.0436071939766407,0.05650627240538597,0.06241972744464874,0.06620830297470093
datasets\data\test\Eczema\train_eczema-leg-14.jpeg,Eczema,2,Eczema,2,0.06118527427315712,0.06561709940433502,0.6383189558982849,0.06031955033540726,0.0618000291287899,0.054464034736156464,0.05829504132270813
datasets\data\test\Eczema\train_eczema-leg-20.jpeg,Eczema,2,Eczema,2,0.05775810405611992,0.05751872807741165,0.6627960801124573,0.055467650294303894,0.058552321046590805,0.048800911754369736,0.05910620465874672
datasets\data\test\Eczema\train_eczema-nummular-105.jpeg,Eczema,2,Eczema,2,0.06036713346838951,0.05392378568649292,0.652962327003479,0.04885486885905266,0.05736209452152252,0.07190155982971191,0.054628241807222366
datasets\data\test\Eczema\train_eczema-nummular-115.jpeg,Eczema,2,Eczema,2,0.05436994507908821,0.04988601431250572,0.6626362204551697,0.040931541472673416,0.05258563905954361,0.06668084859848022,0.07290970534086227
datasets\data\test\Eczema\train_eczema-nummular-144.jpeg,Eczema,2,Psoriasis,5,0.04851473122835159,0.0483483150601387,0.07135077565908432,0.04823420196771622,0.04272245243191719,0.6799212694168091,0.06090829148888588
datasets\data\test\Eczema\train_eczema-nummular-156.jpg,Eczema,2,Eczema,2,0.04578002914786339,0.047446779906749725,0.43824219703674316,0.059463322162628174,0.06367257982492447,0.29372861981391907,0.051666419953107834
datasets\data\test\Eczema\train_eczema-nummular-165.jpeg,Eczema,2,Eczema,2,0.05335420370101929,0.04846137389540672,0.5070322751998901,0.043908555060625076,0.055131696164608,0.23116552829742432,0.06094639003276825
datasets\data\test\Eczema\train_eczema-nummular-173.jpeg,Eczema,2,Eczema,2,0.06034056097269058,0.05272171273827553,0.6305901408195496,0.06346340477466583,0.0567767396569252,0.06857743859291077,0.06752999871969223
datasets\data\test\Eczema\train_eczema-nummular-180.jpeg,Eczema,2,Eczema,2,0.05866304785013199,0.05634716898202896,0.6662499308586121,0.05012824386358261,0.05554402247071266,0.054060909897089005,0.059006690979003906
datasets\data\test\Eczema\train_eczema-nummular-80.jpeg,Eczema,2,Eczema,2,0.06747084856033325,0.06181420013308525,0.6303076148033142,0.061350736767053604,0.06446774303913116,0.05422987788915634,0.06035898998379707
datasets\data\test\Eczema\train_eczema-nummular-82.jpeg,Eczema,2,Psoriasis,5,0.07902108877897263,0.056172922253608704,0.047094568610191345,0.05733967572450638,0.05468319356441498,0.6574833989143372,0.04820519685745239
datasets\data\test\Eczema\train_eczema-scrotum-4.jpeg,Eczema,2,Eczema,2,0.09505858272314072,0.056409794837236404,0.3961726129055023,0.05467425659298897,0.05211896821856499,0.2991865575313568,0.046379204839468
datasets\data\test\Eczema\train_eczema-subacute-105.jpeg,Eczema,2,Eczema,2,0.057422373443841934,0.05814283713698387,0.6543611884117126,0.054001498967409134,0.0589320994913578,0.046156831085681915,0.0709831491112709
datasets\data\test\Eczema\train_eczema-subacute-19.jpeg,Eczema,2,Eczema,2,0.05815260484814644,0.06821788102388382,0.6650894284248352,0.0512908473610878,0.058224789798259735,0.04786374792456627,0.05116075277328491
datasets\data\test\Eczema\train_eczema-subacute-77.jpeg,Eczema,2,Eczema,2,0.05474010482430458,0.05789586529135704,0.664986252784729,0.05571529269218445,0.054641515016555786,0.05448023974895477,0.05754078924655914
datasets\data\test\Eczema\train_eczema-subacute-9.jpeg,Eczema,2,Eczema,2,0.09465669840574265,0.051044877618551254,0.628646731376648,0.06401875615119934,0.05658719316124916,0.04925653710961342,0.05578920990228653
datasets\data\test\Eczema\train_eczema-trunk-generalized-19.jpeg,Eczema,2,Eczema,2,0.052739765495061874,0.0558178685605526,0.6713848114013672,0.05301415175199509,0.0552973635494709,0.06739494204521179,0.044351160526275635
datasets\data\test\Eczema\train_eczema-trunk-generalized-2.jpeg,Eczema,2,Eczema,2,0.06405824422836304,0.07205280661582947,0.6423267722129822,0.06188198924064636,0.060889385640621185,0.04457608982920647,0.05421473830938339
datasets\data\test\Eczema\train_eczema-vulva-5.jpeg,Eczema,2,Psoriasis,5,0.15032365918159485,0.09535101801156998,0.05108845978975296,0.09275376796722412,0.06723082065582275,0.3760144114494324,0.16723783314228058
datasets\data\test\Eczema\train_eczema-vulva-6.jpg,Eczema,2,Psoriasis,5,0.09931349754333496,0.10984483361244202,0.04243649169802666,0.06948116421699524,0.05463608726859093,0.579555094242096,0.04473283514380455
datasets\data\test\Eczema\train_eczema-vulva-7.jpeg,Eczema,2,Eczema,2,0.05828431248664856,0.05014964938163757,0.5191007256507874,0.049550265073776245,0.052515048533678055,0.05140773579478264,0.21899226307868958
datasets\data\test\Eczema\train_emersion-foot-4.jpg,Eczema,2,Psoriasis,5,0.04463529586791992,0.0395953506231308,0.05109716206789017,0.042304445058107376,0.043200261890888214,0.7116588354110718,0.06750873476266861
datasets\data\test\Eczema\train_fiberglass-dermatitis-1.jpg,Eczema,2,Tinea,6,0.06788340955972672,0.05146258696913719,0.07249225676059723,0.04858527332544327,0.04767109081149101,0.13313260674476624,0.578772783279419
datasets\data\test\Eczema\train_fissure-11.jpg,Eczema,2,Eczema,2,0.04908587038516998,0.05154160410165787,0.6592847108840942,0.04456714168190956,0.05106521025300026,0.10208133608102798,0.042374156415462494
datasets\data\test\Eczema\train_keratolysis-exfoliativa-10.jpg,Eczema,2,Eczema,2,0.056268081068992615,0.06109585240483284,0.6634131073951721,0.053296878933906555,0.05831708014011383,0.05248147249221802,0.05512754246592522
datasets\data\test\Eczema\train_keratolysis-exfoliativa-17.jpg,Eczema,2,Eczema,2,0.056581128388643265,0.059473972767591476,0.6590889692306519,0.05182277038693428,0.05611163377761841,0.056297387927770615,0.06062416732311249
datasets\data\test\Eczema\train_keratolysis-exfoliativa-20.jpg,Eczema,2,Eczema,2,0.062176551669836044,0.06425030529499054,0.6376295685768127,0.05854649096727371,0.06133856996893883,0.059885356575250626,0.056173138320446014
datasets\data\test\Eczema\train_keratolysis-exfoliativa-21.jpg,Eczema,2,Eczema,2,0.059478674083948135,0.05997110903263092,0.6479448676109314,0.056536827236413956,0.05780254676938057,0.06472285836935043,0.05354313179850578
datasets\data\test\Eczema\train_keratolysis-exfoliativa-24.jpg,Eczema,2,Eczema,2,0.04623747989535332,0.0500815249979496,0.6720053553581238,0.04363725706934929,0.047367680817842484,0.0513017475605011,0.08936893194913864
datasets\data\test\Eczema\train_keratolysis-exfoliativa-25.jpg,Eczema,2,Eczema,2,0.06285958737134933,0.06373633444309235,0.6486850380897522,0.05274253338575363,0.05645781755447388,0.0538753978908062,0.061643365770578384
datasets\data\test\Eczema\train_keratolysis-exfoliativa-30.jpg,Eczema,2,Eczema,2,0.04453347250819206,0.046735890209674835,0.6857432723045349,0.04205658659338951,0.04443645477294922,0.08840405941009521,0.048090241849422455
datasets\data\test\Eczema\train_keratolysis-exfoliativa-32.jpg,Eczema,2,Eczema,2,0.05112951621413231,0.050838857889175415,0.6467994451522827,0.05049237981438637,0.04904231056571007,0.11029250174760818,0.041405074298381805
datasets\data\test\Eczema\train_keratolysis-exfoliativa-47.jpg,Eczema,2,Eczema,2,0.033814847469329834,0.04197308048605919,0.7010607719421387,0.03312170132994652,0.041948143392801285,0.09596195816993713,0.05211956053972244
datasets\data\test\Eczema\train_lichen-simplex-chronicus-110.jpg,Eczema,2,Eczema,2,0.05808809772133827,0.0610109306871891,0.6499955058097839,0.05097499489784241,0.05933929234743118,0.054768308997154236,0.06582282483577728
datasets\data\test\Eczema\train_lichen-simplex-chronicus-111.jpg,Eczema,2,Eczema,2,0.09189558774232864,0.0541345588862896,0.32424113154411316,0.2734874188899994,0.07144369184970856,0.1294613480567932,0.05533626303076744
datasets\data\test\Eczema\train_lichen-simplex-chronicus-120.jpg,Eczema,2,Eczema,2,0.06274687498807907,0.06296548992395401,0.6434184312820435,0.056201789528131485,0.05943969264626503,0.051944129168987274,0.0632835254073143
datasets\data\test\Eczema\train_lichen-simplex-chronicus-131.jpg,Eczema,2,Eczema,2,0.05055137723684311,0.05183282494544983,0.6659011244773865,0.04523748531937599,0.055127810686826706,0.06705547869205475,0.06429384648799896
datasets\data\test\Eczema\train_lichen-simplex-chronicus-133.jpg,Eczema,2,Eczema,2,0.06099304184317589,0.06040160357952118,0.664327085018158,0.05019340291619301,0.056370221078395844,0.052247099578380585,0.0554676316678524
datasets\data\test\Eczema\train_lichen-simplex-chronicus-181.jpg,Eczema,2,Eczema,2,0.04753635451197624,0.04747278615832329,0.4835748076438904,0.05842308700084686,0.054700929671525955,0.2520402669906616,0.05625178664922714
datasets\data\test\Eczema\train_lichen-simplex-chronicus-182.jpg,Eczema,2,Psoriasis,5,0.053545303642749786,0.06323400139808655,0.1892768293619156,0.05333779379725456,0.06545113027095795,0.5193635821342468,0.05579138919711113
datasets\data\test\Eczema\train_lichen-simplex-chronicus-191.jpg,Eczema,2,Eczema,2,0.058990467339754105,0.05868520215153694,0.663783073425293,0.054264117032289505,0.058760110288858414,0.04892656207084656,0.056590352207422256
datasets\data\test\Eczema\train_lichen-simplex-chronicus-83.jpg,Eczema,2,Eczema,2,0.061042312532663345,0.05055709928274155,0.633495569229126,0.04665781557559967,0.056994035840034485,0.0649070143699646,0.08634619414806366
datasets\data\test\Eczema\train_maceration-1.jpg,Eczema,2,Eczema,2,0.04983091726899147,0.0530145987868309,0.4220278859138489,0.044413063675165176,0.05074271932244301,0.3250587284564972,0.054912060499191284
datasets\data\test\Eczema\train_milroy-disease-1.jpg,Eczema,2,Psoriasis,5,0.056633222848176956,0.04758007824420929,0.08215872198343277,0.05076771602034569,0.05119842290878296,0.39489948749542236,0.31676238775253296
datasets\data\test\Eczema\train_neurotic-excoriations-2.jpg,Eczema,2,Eczema,2,0.06430907547473907,0.060143567621707916,0.65681391954422,0.05334301292896271,0.060599397867918015,0.04802145063877106,0.05676955729722977
datasets\data\test\Eczema\train_neurotic-excoriations-21.jpg,Eczema,2,Eczema,2,0.04800815507769585,0.0398581437766552,0.6438518762588501,0.03730178251862526,0.0462510846555233,0.09513408690690994,0.08959487080574036
datasets\data\test\Eczema\train_neurotic-excoriations-38.jpg,Eczema,2,Eczema,2,0.24300578236579895,0.057861100882291794,0.43421670794487,0.05506345257163048,0.06408518552780151,0.0953308492898941,0.05043698847293854
datasets\data\test\Eczema\train_neurotic-excoriations-59.jpg,Eczema,2,Eczema,2,0.06158401444554329,0.06841322034597397,0.6487983465194702,0.05401209369301796,0.060734089463949203,0.052422747015953064,0.054035454988479614
datasets\data\test\Eczema\train_neurotic-excoriations-8.jpg,Eczema,2,Eczema,2,0.05039581283926964,0.05338737741112709,0.4546109735965729,0.04346267879009247,0.05571071058511734,0.29881662130355835,0.04361583665013313
datasets\data\test\Eczema\train_notalgia-paraesthetica-2.jpg,Eczema,2,Eczema,2,0.06621493399143219,0.04604195058345795,0.6623319983482361,0.04037092998623848,0.04840314760804176,0.08948991447687149,0.04714706912636757
datasets\data\test\Eczema\train_phlebitis-superficial-5.jpg,Eczema,2,Eczema,2,0.05907605215907097,0.06261047720909119,0.6471458077430725,0.057967409491539,0.05598500370979309,0.05829602852463722,0.058919161558151245
datasets\data\test\Eczema\train_prurigo-nodularis-27.jpg,Eczema,2,Tinea,6,0.06225348263978958,0.0432964488863945,0.04048506170511246,0.049063656479120255,0.04844385385513306,0.17359113693237305,0.582866370677948
datasets\data\test\Eczema\train_prurigo-nodularis-28.jpg,Eczema,2,Eczema,2,0.04813460633158684,0.049105118960142136,0.6593432426452637,0.04546414688229561,0.05200032889842987,0.05281543731689453,0.09313713759183884
datasets\data\test\Eczema\train_prurigo-nodularis-29.jpg,Eczema,2,Eczema,2,0.05278901755809784,0.05180083215236664,0.6673985123634338,0.045005086809396744,0.05459202453494072,0.061154499650001526,0.06726007163524628
datasets\data\test\Eczema\train_prurigo-nodularis-3.jpg,Eczema,2,Acne,0,0.5363744497299194,0.05208592861890793,0.16061623394489288,0.05460212379693985,0.05806485936045647,0.07006800174713135,0.06818836182355881
datasets\data\test\Eczema\train_prurigo-nodularis-31.jpg,Eczema,2,Eczema,2,0.05735692381858826,0.06535223871469498,0.6372790932655334,0.05681008845567703,0.0615425631403923,0.05998068302869797,0.0616784393787384
datasets\data\test\Eczema\train_stasis-dermatitis-10.jpg,Eczema,2,Eczema,2,0.04139997065067291,0.04269171133637428,0.6545299291610718,0.03492395952343941,0.046005137264728546,0.10301174968481064,0.07743754982948303
datasets\data\test\Eczema\train_stasis-dermatitis-114.jpg,Eczema,2,Eczema,2,0.05543036386370659,0.05894233658909798,0.6562784910202026,0.047775641083717346,0.058789972215890884,0.052656542509794235,0.07012668251991272
datasets\data\test\Eczema\train_stasis-dermatitis-131.jpg,Eczema,2,Eczema,2,0.05646076053380966,0.05448419228196144,0.6731668710708618,0.04776199907064438,0.05733311176300049,0.05733921751379967,0.053453825414180756
datasets\data\test\Eczema\train_stasis-dermatitis-139.jpg,Eczema,2,Eczema,2,0.05560245364904404,0.04822838306427002,0.672218918800354,0.04968569800257683,0.053477734327316284,0.07499798387289047,0.04578876122832298
datasets\data\test\Eczema\train_stasis-dermatitis-14.jpg,Eczema,2,Eczema,2,0.05840708687901497,0.059806276112794876,0.6610393524169922,0.055057674646377563,0.05875241011381149,0.04968532547354698,0.05725188925862312
datasets\data\test\Eczema\train_stasis-dermatitis-167.jpg,Eczema,2,Eczema,2,0.053648415952920914,0.050060614943504333,0.6675453186035156,0.04404842108488083,0.04694861173629761,0.053333181887865067,0.08441555500030518
datasets\data\test\Eczema\train_stasis-dermatitis-20.jpg,Eczema,2,Eczema,2,0.05535654351115227,0.05758458375930786,0.6615843772888184,0.05298032984137535,0.057304974645376205,0.06297007948160172,0.05221907049417496
datasets\data\test\Eczema\train_stasis-dermatitis-83.jpg,Eczema,2,Eczema,2,0.05544360727071762,0.057267505675554276,0.663135290145874,0.0504194051027298,0.06061796098947525,0.05878838896751404,0.0543278269469738
datasets\data\test\Eczema\train_stasis-dermatitis-86.jpg,Eczema,2,Eczema,2,0.05459487438201904,0.06043153628706932,0.6501520872116089,0.05537388473749161,0.06295114010572433,0.05004284158349037,0.06645361334085464
datasets\data\test\Eczema\valid_05atopic0123068.jpeg,Eczema,2,Eczema,2,0.05374711751937866,0.05330997332930565,0.6650378704071045,0.05310261249542236,0.05516356602311134,0.07163210213184357,0.048006821423769
datasets\data\test\Eczema\valid_05Atopic0329041.jpeg,Eczema,2,Eczema,2,0.08223137259483337,0.05603700503706932,0.6550899744033813,0.05304563045501709,0.05440257489681244,0.04787992686033249,0.05131357163190842
datasets\data\test\Eczema\valid_05atopic0411054.jpeg,Eczema,2,Eczema,2,0.056103404611349106,0.05422002077102661,0.656620979309082,0.05212255194783211,0.05282292887568474,0.05419342219829559,0.07391662895679474
datasets\data\test\Eczema\valid_05atopic0411056.jpeg,Eczema,2,Eczema,2,0.11348207294940948,0.061264753341674805,0.6141464710235596,0.0512162484228611,0.04917993023991585,0.048105161637067795,0.06260530650615692
datasets\data\test\Eczema\valid_05Atopic0712048.jpeg,Eczema,2,Eczema,2,0.05779069662094116,0.06352578848600388,0.6514211297035217,0.05837416648864746,0.062277086079120636,0.053727924823760986,0.05288319289684296
datasets\data\test\Eczema\valid_05Atopic10065.jpeg,Eczema,2,Eczema,2,0.05635669454932213,0.05186013504862785,0.5967070460319519,0.14197494089603424,0.054914653301239014,0.049325376749038696,0.04886120185256004
datasets\data\test\Eczema\valid_05Atopic10067.jpeg,Eczema,2,Eczema,2,0.06167536601424217,0.06496679037809372,0.6370643377304077,0.06042078137397766,0.06281929463148117,0.04819170758128166,0.0648617073893547
datasets\data\test\Eczema\valid_05atopic1107057.jpeg,Eczema,2,Eczema,2,0.05304813012480736,0.057077523320913315,0.6738178730010986,0.051690734922885895,0.055681370198726654,0.06387602537870407,0.04480839520692825
datasets\data\test\Eczema\valid_05Atopic1206043.jpeg,Eczema,2,Eczema,2,0.06321769952774048,0.06448952853679657,0.6417809128761292,0.05495436489582062,0.06161220371723175,0.05364585667848587,0.06029949337244034
datasets\data\test\Eczema\valid_05Atopic2.jpeg,Eczema,2,Eczema,2,0.059154655784368515,0.06560308486223221,0.6343391537666321,0.05873304232954979,0.06271961331367493,0.05819639936089516,0.061254095286130905
datasets\data\test\Eczema\valid_05AtopicDerm0112042.jpeg,Eczema,2,Eczema,2,0.06948401033878326,0.052564140409231186,0.6319730281829834,0.07896209508180618,0.06006429344415665,0.05756527557969093,0.04938710480928421
datasets\data\test\Eczema\valid_05AtopicFace0105042ok.jpeg,Eczema,2,Eczema,2,0.0662069171667099,0.06297851353883743,0.6462669372558594,0.05588744580745697,0.059565093368291855,0.05055750533938408,0.05853758379817009
datasets\data\test\Eczema\valid_05atopicFace100305.jpeg,Eczema,2,Eczema,2,0.07442492246627808,0.05279647186398506,0.6731082201004028,0.05305034667253494,0.057488102465867996,0.04175243899226189,0.047379497438669205
datasets\data\test\Eczema\valid_05atopicFeet0801052.jpeg,Eczema,2,Eczema,2,0.0556439645588398,0.05973392352461815,0.6574004292488098,0.05298306420445442,0.057225752621889114,0.06098271906375885,0.05603024736046791
datasets\data\test\Eczema\valid_05atopicFoot050806.jpeg,Eczema,2,Eczema,2,0.054342444986104965,0.05786817893385887,0.6629087924957275,0.05341889336705208,0.05507364496588707,0.057302918285131454,0.05908513069152832
datasets\data\test\Eczema\valid_05atopicKnee0801051.jpeg,Eczema,2,Eczema,2,0.07046497613191605,0.053070805966854095,0.660419762134552,0.05182928591966629,0.054006144404411316,0.05402762070298195,0.056181423366069794
datasets\data\test\Eczema\valid_05AtopicMouth54.jpeg,Eczema,2,Eczema,2,0.1502523273229599,0.04877713695168495,0.6109591126441956,0.05463780462741852,0.0434553399682045,0.05287078395485878,0.0390474796295166
datasets\data\test\NailFungus\test_acute-paronychia-25.jpg,NailFungus,3,NailFungus,3,0.05456812307238579,0.04234330728650093,0.04831899330019951,0.5591196417808533,0.04741722717881203,0.20157572627067566,0.046657007187604904
datasets\data\test\NailFungus\test_alopecia-areata-67.jpg,NailFungus,3,NailFungus,3,0.0450480617582798,0.05041065067052841,0.04867810383439064,0.6882046461105347,0.05964471772313118,0.06617084890604019,0.041843004524707794
datasets\data\test\NailFungus\test_alopecia-areata-81.jpg,NailFungus,3,NailFungus,3,0.042377080768346786,0.04363352432847023,0.04383844882249832,0.7016155123710632,0.04763710871338844,0.0805816650390625,0.0403166227042675
datasets\data\test\NailFungus\test_beaus-lines-17.jpg,NailFungus,3,NailFungus,3,0.05626878887414932,0.05365265905857086,0.05075423792004585,0.6780325174331665,0.05675573647022247,0.05048408731818199,0.054051999002695084
datasets\data\test\NailFungus\test_beaus-lines-28.jpg,NailFungus,3,NailFungus,3,0.06052442267537117,0.056101445108652115,0.04904181510210037,0.6624636650085449,0.056181445717811584,0.06114915385842323,0.0545380599796772
datasets\data\test\NailFungus\test_BedRidges-1.jpg,NailFungus,3,NailFungus,3,0.043244559317827225,0.04407190531492233,0.05102362856268883,0.700687825679779,0.04912932217121124,0.0708196759223938,0.04102310910820961
datasets\data\test\NailFungus\test_chronic-paronychia-34.jpg,NailFungus,3,NailFungus,3,0.051116570830345154,0.05163140594959259,0.04634480178356171,0.6625116467475891,0.05156403034925461,0.08332917094230652,0.053502313792705536
datasets\data\test\NailFungus\test_chronic-paronychia-35.jpg,NailFungus,3,NailFungus,3,0.051827382296323776,0.052904460579156876,0.04942324385046959,0.6689885854721069,0.05364137515425682,0.06860052794218063,0.05461439490318298
datasets\data\test\NailFungus\test_chronic-paronychia-43.jpg,NailFungus,3,NailFungus,3,0.051096245646476746,0.047822918742895126,0.045169513672590256,0.6872245669364929,0.05351053923368454,0.0622711218893528,0.05290507897734642
datasets\data\test\NailFungus\test_chronic-paronychia-48.jpg,NailFungus,3,NailFungus,3,0.052383944392204285,0.05039375647902489,0.054284218698740005,0.6809956431388855,0.05209909752011299,0.057853832840919495,0.05198952183127403
datasets\data\test\NailFungus\test_distal-subungual-onychomycosis-114.jpg,NailFungus,3,NailFungus,3,0.05855154991149902,0.055527955293655396,0.05538450926542282,0.6639453172683716,0.054584190249443054,0.05718111991882324,0.05482536181807518
datasets\data\test\NailFungus\test_distal-subungual-onychomycosis-14.jpg,NailFungus,3,NailFungus,3,0.055016350001096725,0.05384292080998421,0.0487530343234539,0.6634411811828613,0.05287443473935127,0.07048880308866501,0.05558329448103905
datasets\data\test\NailFungus\test_distal-subungual-onychomycosis-40.jpg,NailFungus,3,NailFungus,3,0.05593298003077507,0.05334316939115524,0.04962306097149849,0.6730960607528687,0.05261211469769478,0.061351314187049866,0.05404134839773178
datasets\data\test\NailFungus\test_eczema-nail-5.jpg,NailFungus,3,NailFungus,3,0.05090963467955589,0.04662047326564789,0.045856181532144547,0.6816464066505432,0.04918354004621506,0.07266106456518173,0.05312272906303406
datasets\data\test\NailFungus\test_koilonychia-12.jpg,NailFungus,3,NailFungus,3,0.05417214706540108,0.05253339186310768,0.0520542711019516,0.6764260530471802,0.05457555130124092,0.054297447204589844,0.055941130965948105
datasets\data\test\NailFungus\test_mucous-cyst-22.jpg,NailFungus,3,NailFungus,3,0.058782972395420074,0.04938680678606033,0.05067967250943184,0.6990143656730652,0.052452173084020615,0.039686501026153564,0.04999750480055809
datasets\data\test\NailFungus\test_mucous-cyst-39.jpg,NailFungus,3,NailFungus,3,0.05501287057995796,0.050270650535821915,0.050049737095832825,0.6843348741531372,0.05260477960109711,0.05431127920746803,0.05341577157378197
datasets\data\test\NailFungus\test_nail-melanoma-4.jpg,NailFungus,3,NailFungus,3,0.05321982502937317,0.04870227351784706,0.04469108209013939,0.6838662624359131,0.05369595065712929,0.06750940531492233,0.048315178602933884
datasets\data\test\NailFungus\test_onychogryphosis-7.jpg,NailFungus,3,NailFungus,3,0.056702759116888046,0.05709052085876465,0.05546778067946434,0.6656948328018188,0.05453239753842354,0.05746271833777428,0.053049005568027496
datasets\data\test\NailFungus\test_onycholysis-48.jpg,NailFungus,3,NailFungus,3,0.06544121354818344,0.05921567231416702,0.060399144887924194,0.6012157201766968,0.10672667622566223,0.0456559993326664,0.061345625668764114
datasets\data\test\NailFungus\test_periungual-warts-9.jpg,NailFungus,3,NailFungus,3,0.05226616933941841,0.046384770423173904,0.07005023956298828,0.6898117661476135,0.052681583911180496,0.04189802333712578,0.046907465904951096
datasets\data\test\NailFungus\test_pincer-nails-3.jpg,NailFungus,3,NailFungus,3,0.0553375706076622,0.051767993718385696,0.05599908158183098,0.6805837750434875,0.05363932251930237,0.052463095635175705,0.05020911619067192
datasets\data\test\NailFungus\test_pseudomonas-22.jpg,NailFungus,3,NailFungus,3,0.05605157092213631,0.052670300006866455,0.04829604551196098,0.6670998334884644,0.052656855434179306,0.06622514873743057,0.057000190019607544
datasets\data\test\NailFungus\test_psoriasis-166.jpg,NailFungus,3,NailFungus,3,0.0494476780295372,0.049107566475868225,0.04004824534058571,0.6518453359603882,0.04663841426372528,0.10955113172531128,0.053361669182777405
datasets\data\test\NailFungus\test_psoriasis-32.jpg,NailFungus,3,NailFungus,3,0.0468757264316082,0.052813492715358734,0.043141528964042664,0.6125830411911011,0.04741797596216202,0.1433611661195755,0.0538070984184742
datasets\data\test\NailFungus\test_ridging-beading-25.jpg,NailFungus,3,NailFungus,3,0.05681349337100983,0.05235549435019493,0.05238732323050499,0.6699079871177673,0.054700206965208054,0.05594143271446228,0.05789404362440109
datasets\data\test\NailFungus\test_yellow-nails-14.jpg,NailFungus,3,NailFungus,3,0.05510859191417694,0.05686759576201439,0.050470538437366486,0.6474593877792358,0.05553043261170387,0.0759708434343338,0.05859265476465225
datasets\data\test\NailFungus\train_alopecia-areata-104.jpg,NailFungus,3,NailFungus,3,0.07474115490913391,0.05522565916180611,0.056069858372211456,0.6566471457481384,0.05528971925377846,0.05164651200175285,0.05037999898195267
datasets\data\test\NailFungus\train_alopecia-areata-106.jpg,NailFungus,3,NailFungus,3,0.06714467704296112,0.035130903124809265,0.03177745267748833,0.6541303992271423,0.04582323133945465,0.11651107668876648,0.04948224872350693
datasets\data\test\NailFungus\train_alopecia-areata-29.jpg,NailFungus,3,NailFungus,3,0.08541733026504517,0.04592502862215042,0.04241752624511719,0.673491358757019,0.05631941556930542,0.04919695109128952,0.047232434153556824
datasets\data\test\NailFungus\train_alopecia-areata-36.jpg,NailFungus,3,Eczema,2,0.04216234013438225,0.042231235653162,0.5357149839401245,0.15594492852687836,0.06459078937768936,0.09673880785703659,0.06261686980724335
datasets\data\test\NailFungus\train_alopecia-areata-45.jpg,NailFungus,3,NailFungus,3,0.058555763214826584,0.05321015790104866,0.04461100697517395,0.6564655303955078,0.0600888691842556,0.05660175159573555,0.07046692818403244
datasets\data\test\NailFungus\train_alopecia-areata-65.jpg,NailFungus,3,NailFungus,3,0.044678784906864166,0.044501882046461105,0.051536571234464645,0.3839302361011505,0.08782836049795151,0.32536011934280396,0.06216408684849739
datasets\data\test\NailFungus\train_alopecia-areata-71.jpg,NailFungus,3,Tinea,6,0.04267437011003494,0.04432307556271553,0.0398782342672348,0.04392186924815178,0.04512321949005127,0.06494505703449249,0.7191340923309326
datasets\data\test\NailFungus\train_alopecia-areata-73.jpg,NailFungus,3,NailFungus,3,0.0626954585313797,0.05272413417696953,0.049551673233509064,0.6675373315811157,0.05732044577598572,0.05202746391296387,0.058143485337495804
datasets\data\test\NailFungus\train_alopecia-areata-98.jpg,NailFungus,3,Tinea,6,0.06931665539741516,0.07934700697660446,0.21346241235733032,0.11444056034088135,0.06935098767280579,0.047486335039138794,0.4065960645675659
datasets\data\test\NailFungus\train_biting-excoriation-20.jpg,NailFungus,3,Eczema,2,0.07304950803518295,0.05742977187037468,0.31083184480667114,0.28654226660728455,0.06703799962997437,0.1586986482143402,0.04640991613268852
datasets\data\test\NailFungus\train_chronic-paronychia-1.jpg,NailFungus,3,NailFungus,3,0.053462669253349304,0.05485585704445839,0.04680030792951584,0.6581912636756897,0.05185237154364586,0.07797013223171234,0.05686742067337036
datasets\data\test\NailFungus\train_chronic-paronychia-30.jpg,NailFungus,3,NailFungus,3,0.05372807756066322,0.05399518087506294,0.04965481907129288,0.671381950378418,0.05813981965184212,0.054076384752988815,0.059023816138505936
datasets\data\test\NailFungus\train_chronic-paronychia-33.jpg,NailFungus,3,NailFungus,3,0.0512753501534462,0.051610153168439865,0.04606308415532112,0.6544957160949707,0.05107981711626053,0.09201778471469879,0.05345810577273369
datasets\data\test\NailFungus\train_chronic-paronychia-4.jpg,NailFungus,3,NailFungus,3,0.057071227580308914,0.052425287663936615,0.0484783910214901,0.6741851568222046,0.050561148673295975,0.06386473774909973,0.053414102643728256
datasets\data\test\NailFungus\train_chronic-paronychia-49.jpg,NailFungus,3,NailFungus,3,0.05628630518913269,0.05248800665140152,0.05351751670241356,0.6669272780418396,0.05445931479334831,0.05913831666111946,0.05718328058719635
datasets\data\test\NailFungus\train_chronic-paronychia-50.jpg,NailFungus,3,NailFungus,3,0.05371391400694847,0.05180300772190094,0.04806702584028244,0.6695030331611633,0.054043687880039215,0.06570670008659363,0.057162608951330185
datasets\data\test\NailFungus\train_chronic-paronychia-6.jpg,NailFungus,3,NailFungus,3,0.04927983507514,0.051235053688287735,0.04240720346570015,0.6780094504356384,0.0551854707300663,0.07643010467290878,0.04745295271277428
datasets\data\test\NailFungus\train_congenital-anomalies-1.jpg,NailFungus,3,NailFungus,3,0.0520898774266243,0.05484849214553833,0.04658878967165947,0.643992006778717,0.054769571870565414,0.08985323458909988,0.057858020067214966
datasets\data\test\NailFungus\train_congenital-anomalies-7.jpg,NailFungus,3,NailFungus,3,0.047295402735471725,0.04725074768066406,0.05689817667007446,0.6813979744911194,0.048928726464509964,0.07569628208875656,0.042532678693532944
datasets\data\test\NailFungus\train_darier-nails-1.jpg,NailFungus,3,NailFungus,3,0.053537771105766296,0.04992426559329033,0.04835139214992523,0.6794122457504272,0.05251016840338707,0.060281313955783844,0.055982787162065506
datasets\data\test\NailFungus\train_distal-subungual-onychomycosis-121.jpg,NailFungus,3,NailFungus,3,0.05554026737809181,0.05612879619002342,0.053517214953899384,0.654258131980896,0.05431196466088295,0.06869535148143768,0.05754828453063965
datasets\data\test\NailFungus\train_distal-subungual-onychomycosis-122.jpg,NailFungus,3,NailFungus,3,0.054218728095293045,0.0532405711710453,0.04972343146800995,0.6705306172370911,0.05343112349510193,0.06438769400119781,0.054467860609292984
datasets\data\test\NailFungus\train_distal-subungual-onychomycosis-131.jpg,NailFungus,3,NailFungus,3,0.05349954962730408,0.053596921265125275,0.05218834802508354,0.6766820549964905,0.0544082373380661,0.05759498104453087,0.05202988535165787
datasets\data\test\NailFungus\train_distal-subungual-onychomycosis-146.jpg,NailFungus,3,NailFungus,3,0.06840988248586655,0.05174049362540245,0.04760778695344925,0.6694548726081848,0.060552798211574554,0.05411449447274208,0.04811966419219971
datasets\data\test\NailFungus\train_distal-subungual-onychomycosis-15.jpg,NailFungus,3,NailFungus,3,0.05564748868346214,0.053123146295547485,0.04758157953619957,0.6631715297698975,0.0524308979511261,0.07418285310268402,0.05386246368288994
datasets\data\test\NailFungus\train_distal-subungual-onychomycosis-23.jpg,NailFungus,3,NailFungus,3,0.04856320098042488,0.04662233591079712,0.0574498176574707,0.682809054851532,0.045008134096860886,0.0730331540107727,0.04651439189910889
datasets\data\test\NailFungus\train_distal-subungual-onychomycosis-31.jpg,NailFungus,3,NailFungus,3,0.054692041128873825,0.049184203147888184,0.04523756727576256,0.6771445870399475,0.05287465825676918,0.06519528478384018,0.05567166209220886
datasets\data\test\NailFungus\train_distal-subungual-onychomycosis-36.jpg,NailFungus,3,Tinea,6,0.046721454709768295,0.04947759956121445,0.06956416368484497,0.04654174670577049,0.04857003688812256,0.2897818386554718,0.44934317469596863
datasets\data\test\NailFungus\train_distal-subungual-onychomycosis-38.jpg,NailFungus,3,NailFungus,3,0.049119733273983,0.040383487939834595,0.03578079491853714,0.7083829641342163,0.03956291452050209,0.07888452708721161,0.047885604202747345
datasets\data\test\NailFungus\train_distal-subungual-onychomycosis-41.jpg,NailFungus,3,NailFungus,3,0.05338906869292259,0.05138189718127251,0.047535523772239685,0.6647300720214844,0.05310551077127457,0.07762961089611053,0.052228350192308426
datasets\data\test\NailFungus\train_distal-subungual-onychomycosis-90.jpg,NailFungus,3,NailFungus,3,0.04797859489917755,0.052447088062763214,0.043138712644577026,0.6561581492424011,0.049532897770404816,0.10046380758285522,0.05028069391846657
datasets\data\test\NailFungus\train_distal-subungual-onychomycosis-92.jpg,NailFungus,3,NailFungus,3,0.053931329399347305,0.057293303310871124,0.049797702580690384,0.6479057669639587,0.05619700998067856,0.07734919339418411,0.05752569064497948
datasets\data\test\NailFungus\train_distal-subungual-onychomycosis-93.jpg,NailFungus,3,NailFungus,3,0.053470660001039505,0.05503016710281372,0.04772293567657471,0.6585087180137634,0.053055934607982635,0.07536397874355316,0.05684769153594971
datasets\data\test\NailFungus\train_dry-nails-6.jpg,NailFungus,3,NailFungus,3,0.04664105549454689,0.045305974781513214,0.05073846876621246,0.6922492384910583,0.0482877679169178,0.06975667923688889,0.047020796686410904
datasets\data\test\NailFungus\train_eczema-nail-6.jpg,NailFungus,3,NailFungus,3,0.058588314801454544,0.0531136691570282,0.046648696064949036,0.6680265069007874,0.0503685437142849,0.06902971118688583,0.05422450229525566
datasets\data\test\NailFungus\train_habit-tic-deformity-16.jpg,NailFungus,3,NailFungus,3,0.05247417464852333,0.04498490318655968,0.05694083869457245,0.6386235952377319,0.048650823533535004,0.117034912109375,0.04129079729318619
datasets\data\test\NailFungus\train_habit-tic-deformity-18.jpg,NailFungus,3,NailFungus,3,0.05465952306985855,0.049791499972343445,0.047450318932533264,0.6716950535774231,0.052078645676374435,0.0660412609577179,0.058283742517232895
datasets\data\test\NailFungus\train_habit-tic-deformity-35.jpg,NailFungus,3,NailFungus,3,0.05137838050723076,0.04555235430598259,0.0798790454864502,0.6386650204658508,0.0462329164147377,0.09776168316602707,0.04053061828017235
datasets\data\test\NailFungus\train_habit-tic-deformity-38.jpg,NailFungus,3,NailFungus,3,0.06363072991371155,0.053287845104932785,0.04770272597670555,0.6556708216667175,0.05298721417784691,0.0684908926486969,0.0582297183573246
datasets\data\test\NailFungus\train_habit-tic-deformity-45.jpg,NailFungus,3,NailFungus,3,0.05947533994913101,0.05406146124005318,0.05522431433200836,0.6600137948989868,0.055201172828674316,0.0575818195939064,0.05844211205840111
datasets\data\test\NailFungus\train_koilonychia-13.jpg,NailFungus,3,NailFungus,3,0.056208960711956024,0.05392664670944214,0.05323716625571251,0.6732416749000549,0.05306833237409592,0.05535074323415756,0.05496650189161301
datasets\data\test\NailFungus\train_koilonychia-3.jpg,NailFungus,3,NailFungus,3,0.05458126217126846,0.05434704199433327,0.051425885409116745,0.6649463772773743,0.05324571952223778,0.0666947215795517,0.054758984595537186
datasets\data\test\NailFungus\train_lichen-planus-107.jpg,NailFungus,3,Psoriasis,5,0.050103913992643356,0.050508614629507065,0.13670611381530762,0.05889460816979408,0.05275339260697365,0.5772116780281067,0.07382168620824814
datasets\data\test\NailFungus\train_lichen-planus-109.jpg,NailFungus,3,Tinea,6,0.057367078959941864,0.04445168748497963,0.05100184679031372,0.05770878866314888,0.053202055394649506,0.06019315868616104,0.6760753393173218
datasets\data\test\NailFungus\train_lichen-planus-110.jpg,NailFungus,3,NailFungus,3,0.04470255225896835,0.04623984172940254,0.036074794828891754,0.6257010698318481,0.04779160022735596,0.15841186046600342,0.04107826203107834
datasets\data\test\NailFungus\train_lichen-planus-115.jpg,NailFungus,3,Psoriasis,5,0.048538316041231155,0.036326583474874496,0.06326334923505783,0.21788987517356873,0.05364793911576271,0.49323660135269165,0.08709730207920074
datasets\data\test\NailFungus\train_lichen-planus-166.jpg,NailFungus,3,Eczema,2,0.052949193865060806,0.03592279180884361,0.6271110773086548,0.05508533865213394,0.03648640587925911,0.14555086195468903,0.0468943826854229
datasets\data\test\NailFungus\train_lichen-planus-184.jpg,NailFungus,3,NailFungus,3,0.04395977035164833,0.05112316831946373,0.042735639959573746,0.6538668274879456,0.05663129314780235,0.09889133274555206,0.05279197543859482
datasets\data\test\NailFungus\train_lichen-planus-188.jpg,NailFungus,3,NailFungus,3,0.05521353334188461,0.04399509355425835,0.08050931245088577,0.5268635153770447,0.05534429848194122,0.20221789181232452,0.035856351256370544
datasets\data\test\NailFungus\train_lichen-planus-195.jpg,NailFungus,3,NailFungus,3,0.047333791851997375,0.04497726261615753,0.144098162651062,0.5911403894424438,0.04704006388783455,0.08983892947435379,0.03557140752673149
datasets\data\test\NailFungus\train_lichen-planus-2.jpg,NailFungus,3,Eczema,2,0.09097541868686676,0.06865111738443375,0.333832323551178,0.3323296010494232,0.06831947714090347,0.06810928136110306,0.037782762199640274
datasets\data\test\NailFungus\train_lichen-planus-96.jpg,NailFungus,3,Psoriasis,5,0.05882318690419197,0.04798618331551552,0.09462615847587585,0.35059401392936707,0.04752365127205849,0.3561710715293884,0.04427577927708626
datasets\data\test\NailFungus\train_median-nail-dystrophy-19.jpg,NailFungus,3,NailFungus,3,0.046060286462306976,0.05129905045032501,0.04296976700425148,0.6362475752830505,0.049200545996427536,0.12617772817611694,0.04804503545165062
datasets\data\test\NailFungus\train_median-nail-dystrophy-5.jpg,NailFungus,3,NailFungus,3,0.05591477081179619,0.04922007769346237,0.04940051585435867,0.6859403252601624,0.05433935299515724,0.054142292588949203,0.05104266479611397
datasets\data\test\NailFungus\train_mucous-cyst-102.jpg,NailFungus,3,NailFungus,3,0.05349114537239075,0.05070122703909874,0.04614374414086342,0.6858523488044739,0.051947709172964096,0.05584508925676346,0.056018758565187454
datasets\data\test\NailFungus\train_mucous-cyst-14.jpg,NailFungus,3,NailFungus,3,0.05602840334177017,0.052440375089645386,0.04820156842470169,0.6832224726676941,0.06198832392692566,0.04970691353082657,0.048411931842565536
datasets\data\test\NailFungus\train_mucous-cyst-19.jpg,NailFungus,3,NailFungus,3,0.07019324600696564,0.056056492030620575,0.04843512922525406,0.6578198075294495,0.06432189792394638,0.04715152084827423,0.0560217909514904
datasets\data\test\NailFungus\train_mucous-cyst-27.jpg,NailFungus,3,Tinea,6,0.05734005197882652,0.047857772558927536,0.04617847874760628,0.07374344021081924,0.06495285779237747,0.04956028237938881,0.6603670120239258
datasets\data\test\NailFungus\train_mucous-cyst-4.jpg,NailFungus,3,NailFungus,3,0.05516809970140457,0.055648475885391235,0.04596276208758354,0.682433545589447,0.06037680804729462,0.041458576917648315,0.058951713144779205
datasets\data\test\NailFungus\train_mucous-cyst-50.jpg,NailFungus,3,NailFungus,3,0.04667392000555992,0.045477718114852905,0.049378857016563416,0.7073062062263489,0.04901726171374321,0.05517999455332756,0.04696602746844292
datasets\data\test\NailFungus\train_mucous-cyst-7.jpg,NailFungus,3,NailFungus,3,0.05218937620520592,0.05079630762338638,0.04494630917906761,0.6733911633491516,0.05140560492873192,0.07126028090715408,0.056011028587818146
datasets\data\test\NailFungus\train_mucous-cyst-72.jpg,NailFungus,3,NailFungus,3,0.06321889162063599,0.04973797872662544,0.042520973831415176,0.6745313405990601,0.0565866082906723,0.06339255720376968,0.05001160502433777
datasets\data\test\NailFungus\train_mucous-cyst-80.jpg,NailFungus,3,NailFungus,3,0.051768526434898376,0.052799638360738754,0.047851014882326126,0.6659391522407532,0.052689746022224426,0.07294323295354843,0.0560087151825428
datasets\data\test\NailFungus\train_mucous-cyst-92.jpg,NailFungus,3,NailFungus,3,0.04725160077214241,0.04842560365796089,0.05307748541235924,0.6954480409622192,0.04936406388878822,0.062481433153152466,0.04395175352692604
datasets\data\test\NailFungus\train_mucous-cyst-96.jpg,NailFungus,3,NailFungus,3,0.054337795823812485,0.04911133646965027,0.045082688331604004,0.6835853457450867,0.051163200289011,0.06134118512272835,0.05537845194339752
datasets\data\test\NailFungus\train_mucous-cyst-98.jpg,NailFungus,3,NailFungus,3,0.05402350425720215,0.047897689044475555,0.05305646359920502,0.6904115080833435,0.05126805230975151,0.053485557436943054,0.04985726624727249
datasets\data\test\NailFungus\train_nail-distal-splitting-11.jpg,NailFungus,3,NailFungus,3,0.051734134554862976,0.05050500109791756,0.05142369866371155,0.6802642941474915,0.0524771623313427,0.061816465109586716,0.051779262721538544
datasets\data\test\NailFungus\train_nail-distal-splitting-13.jpg,NailFungus,3,NailFungus,3,0.053233806043863297,0.05047284811735153,0.0484585203230381,0.6733174920082092,0.05998384952545166,0.06081071123480797,0.05372277647256851
datasets\data\test\NailFungus\train_nail-distal-splitting-19.jpg,NailFungus,3,NailFungus,3,0.05327766016125679,0.047205545008182526,0.045234885066747665,0.6888391971588135,0.051190610975027084,0.06386194378137589,0.05039007216691971
datasets\data\test\NailFungus\train_nail-distal-splitting-3.jpg,NailFungus,3,NailFungus,3,0.051239196211099625,0.05051044002175331,0.049976032227277756,0.6760133504867554,0.049571748822927475,0.06968183815479279,0.05300738662481308
datasets\data\test\NailFungus\train_nail-melanoma-1.jpg,NailFungus,3,Eczema,2,0.051657721400260925,0.045942630618810654,0.6440714597702026,0.06138727068901062,0.0512983575463295,0.041340820491313934,0.10430172085762024
datasets\data\test\NailFungus\train_onycholysis-3.jpg,NailFungus,3,NailFungus,3,0.055694933980703354,0.052496809512376785,0.0452035591006279,0.6840381026268005,0.04977836832404137,0.06084628030657768,0.05194196105003357
datasets\data\test\NailFungus\train_onycholysis-31.jpg,NailFungus,3,NailFungus,3,0.054569900035858154,0.05361759662628174,0.04946266859769821,0.66063392162323,0.055200736969709396,0.07217889279127121,0.05433623865246773
datasets\data\test\NailFungus\train_onycholysis-34.jpg,NailFungus,3,NailFungus,3,0.053832389414310455,0.051536813378334045,0.04423831030726433,0.6746007204055786,0.04932241141796112,0.07099656760692596,0.055472806096076965
datasets\data\test\NailFungus\train_periungual-epidermal-cyst-1.jpg,NailFungus,3,NailFungus,3,0.05622987076640129,0.05247245728969574,0.05783110111951828,0.6639681458473206,0.05864059552550316,0.05489777401089668,0.05596008151769638
datasets\data\test\NailFungus\train_periungual-epidermal-cyst-2.jpg,NailFungus,3,NailFungus,3,0.056896477937698364,0.0472555086016655,0.04219432175159454,0.7081311345100403,0.06491757929325104,0.039335768669843674,0.04126913845539093
datasets\data\test\NailFungus\train_pincer-nails-1.jpg,NailFungus,3,NailFungus,3,0.05980407074093819,0.05467712879180908,0.053935956209897995,0.6655440330505371,0.053585708141326904,0.06004256755113602,0.0524105466902256
datasets\data\test\NailFungus\train_pincer-nails-19.jpg,NailFungus,3,NailFungus,3,0.05700419843196869,0.051261890679597855,0.05223774537444115,0.6759352684020996,0.05522230640053749,0.05343225225806236,0.05490635335445404
datasets\data\test\NailFungus\train_pincer-nails-7.jpg,NailFungus,3,NailFungus,3,0.07024052739143372,0.05006221681833267,0.042592067271471024,0.6664260029792786,0.061240024864673615,0.056728918105363846,0.052710190415382385
datasets\data\test\NailFungus\train_proximal-subungual-onychomycosis-123.jpg,NailFungus,3,NailFungus,3,0.05432021617889404,0.052886493504047394,0.0467105470597744,0.6649074554443359,0.05122939124703407,0.07959628850221634,0.050349608063697815
datasets\data\test\NailFungus\train_pseudomonas-20.jpg,NailFungus,3,NailFungus,3,0.05661429837346077,0.052024029195308685,0.05081767961382866,0.666052520275116,0.053497314453125,0.06304388493299484,0.057950250804424286
datasets\data\test\NailFungus\train_pseudomonas-33.jpg,NailFungus,3,NailFungus,3,0.05304615944623947,0.055253688246011734,0.051871396601200104,0.6593290567398071,0.054255541414022446,0.07264075428247452,0.05360342562198639
datasets\data\test\NailFungus\train_pseudomonas-34.jpg,NailFungus,3,NailFungus,3,0.05562068894505501,0.05293145403265953,0.053759414702653885,0.6651247143745422,0.05610993131995201,0.060555439442396164,0.05589839071035385
datasets\data\test\NailFungus\train_pseudomonas-4.jpg,NailFungus,3,NailFungus,3,0.05775846540927887,0.048649344593286514,0.036609429866075516,0.669765055179596,0.046557940542697906,0.0919296145439148,0.04873014986515045
datasets\data\test\NailFungus\train_pseudomonas-7.jpg,NailFungus,3,NailFungus,3,0.05397242680191994,0.053476445376873016,0.043912630528211594,0.6726832389831543,0.04856276139616966,0.0789559930562973,0.04843657463788986
datasets\data\test\NailFungus\train_psoriasis-103.jpg,NailFungus,3,NailFungus,3,0.05381987988948822,0.055417317897081375,0.046251293271780014,0.6451688408851624,0.05342908576130867,0.09187442809343338,0.05403919890522957
datasets\data\test\NailFungus\train_psoriasis-114.jpg,NailFungus,3,NailFungus,3,0.05151974782347679,0.05032488703727722,0.046674132347106934,0.6464577913284302,0.04546821862459183,0.1069016233086586,0.05265360698103905
datasets\data\test\NailFungus\train_psoriasis-136.jpg,NailFungus,3,NailFungus,3,0.05691386014223099,0.05443127453327179,0.049747537821531296,0.6551204919815063,0.05413356050848961,0.07270941883325577,0.0569438561797142
datasets\data\test\NailFungus\train_ridging-beading-16.jpg,NailFungus,3,NailFungus,3,0.04931209981441498,0.04255202040076256,0.05206770449876785,0.6565636992454529,0.046826452016830444,0.11162583529949188,0.0410522036254406
datasets\data\test\NailFungus\train_splinter-hemorrhage-4.jpg,NailFungus,3,NailFungus,3,0.04533001035451889,0.04140026494860649,0.036799654364585876,0.6100772619247437,0.042616382241249084,0.17834849655628204,0.04542792588472366
datasets\data\test\NailFungus\train_subungual-hematoma-2.jpg,NailFungus,3,NailFungus,3,0.055137887597084045,0.052516207098960876,0.06158734858036041,0.6510134935379028,0.049514006823301315,0.0792035311460495,0.05102749913930893
datasets\data\test\NailFungus\train_subungual-hematoma-6.jpg,NailFungus,3,NailFungus,3,0.04967227950692177,0.04912126436829567,0.04817192628979683,0.6794118285179138,0.05032622441649437,0.0685252845287323,0.054771196097135544
datasets\data\test\NailFungus\train_trauma-12.jpg,NailFungus,3,NailFungus,3,0.053919434547424316,0.05072221904993057,0.04896022379398346,0.6702879667282104,0.05127624794840813,0.06844011694192886,0.056393783539533615
datasets\data\test\NailFungus\train_trauma-22.jpg,NailFungus,3,NailFungus,3,0.05397084355354309,0.05276024341583252,0.051046404987573624,0.6777067184448242,0.05608820170164108,0.05289115756750107,0.055536460131406784
datasets\data\test\NailFungus\train_trauma-27.jpg,NailFungus,3,NailFungus,3,0.054823968559503555,0.05409901961684227,0.04966248944401741,0.6660561561584473,0.05319725722074509,0.06576061248779297,0.05640046298503876
datasets\data\test\NailFungus\train_trauma-6.jpg,NailFungus,3,NailFungus,3,0.06510511785745621,0.05603006109595299,0.047107014805078506,0.6344114542007446,0.050361596047878265,0.08950375020503998,0.057481054216623306
datasets\data\test\NailFungus\train_twenty-nail-dystrophy-14.jpg,NailFungus,3,NailFungus,3,0.05942140147089958,0.05425454303622246,0.05032001808285713,0.6680556535720825,0.05568935349583626,0.05623241886496544,0.05602661520242691
datasets\data\test\NailFungus\train_twenty-nail-dystrophy-9.jpg,NailFungus,3,NailFungus,3,0.05113893002271652,0.05209635570645332,0.04588937386870384,0.6604408621788025,0.055774278938770294,0.07990802824497223,0.05475225672125816
datasets\data\test\NailFungus\train_yellow-nails-11.jpg,NailFungus,3,NailFungus,3,0.05633856728672981,0.055597562342882156,0.05043617635965347,0.6574057340621948,0.05492903292179108,0.06966771930456161,0.05562526360154152
datasets\data\test\Normal\test_214_jpg.rf.7e30201e5d7531031dfd18ce88691292.jpeg,Normal,4,Normal,4,0.06410203129053116,0.05765897408127785,0.0550592839717865,0.0573936365544796,0.6617481708526611,0.05152476951479912,0.05251317843794823
datasets\data\test\Normal\test_6 (104).jpeg,Normal,4,Normal,4,0.05459703132510185,0.05702602118253708,0.057380687445402145,0.05321517959237099,0.675256609916687,0.04850328713655472,0.05402124673128128
datasets\data\test\Normal\test_6 (26).jpeg,Normal,4,Normal,4,0.0542769730091095,0.05469061806797981,0.054432593286037445,0.053329501301050186,0.68217533826828,0.047781601548194885,0.05331336334347725
datasets\data\test\Normal\test_71OHGRMj2FL._AC_UF226226_FMjpg_.jpeg,Normal,4,Normal,4,0.07178380340337753,0.04838103801012039,0.05279668793082237,0.04636679217219353,0.6755693554878235,0.050627779215574265,0.054474569857120514
datasets\data\test\Normal\test_Hand_0005704.jpeg,Normal,4,Normal,4,0.056232910603284836,0.05451854318380356,0.04879218712449074,0.053837332874536514,0.6820721626281738,0.051283832639455795,0.05326296016573906
datasets\data\test\Normal\test_Hand_0010193.jpeg,Normal,4,Normal,4,0.058261703699827194,0.054418109357357025,0.04800975322723389,0.05119706690311432,0.6864633560180664,0.050629377365112305,0.05102068930864334
datasets\data\test\Normal\test_hurikan-440-right-side-view2.jpeg,Normal,4,Normal,4,0.06390775740146637,0.0562419518828392,0.05628785118460655,0.04979300871491432,0.6738293766975403,0.0460030734539032,0.05393693596124649
datasets\data\test\Normal\test_images (1) (13).jpeg,Normal,4,Normal,4,0.057985659688711166,0.05215401574969292,0.05103294551372528,0.052393972873687744,0.6864659786224365,0.04835590347647667,0.05161158740520477
datasets\data\test\Normal\test_images (2) (12).jpeg,Normal,4,Normal,4,0.05656037852168083,0.0480864942073822,0.04697210714221001,0.04906567186117172,0.7020378112792969,0.046673618257045746,0.05060379207134247
datasets\data\test\Normal\test_images (2) (30).jpeg,Normal,4,Normal,4,0.054593075066804886,0.05648387596011162,0.05148378387093544,0.05287056416273117,0.6849071979522705,0.04811638221144676,0.05154506862163544
datasets\data\test\Normal\test_images (2) (9).jpeg,Normal,4,Normal,4,0.06811501085758209,0.05150522664189339,0.049361735582351685,0.049369387328624725,0.6743640303611755,0.055130790919065475,0.05215383321046829
datasets\data\test\Normal\test_images (30).jpeg,Normal,4,Normal,4,0.054337553679943085,0.05439538136124611,0.055484287440776825,0.05108528211712837,0.6812566518783569,0.04799002408981323,0.05545084550976753
datasets\data\test\Normal\test_photo-1459262838948-3e2de6c1ec80.jpeg,Normal,4,Normal,4,0.05887022241950035,0.05149638280272484,0.05281573906540871,0.050481151789426804,0.6773937940597534,0.052644282579422,0.05629834532737732
datasets\data\test\Normal\test_photo-1557242836-b5ab8bb0ebb4.jpeg,Normal,4,Normal,4,0.06167032942175865,0.0540807843208313,0.054750073701143265,0.04971810430288315,0.6753166913986206,0.05002207309007645,0.0544419139623642
datasets\data\test\Normal\test_photo-1561780535-118e36e56095.jpeg,Normal,4,Normal,4,0.060519974678754807,0.05378221720457077,0.050943441689014435,0.055289603769779205,0.6770499348640442,0.04990777373313904,0.052506979554891586
datasets\data\test\Normal\test_photo-1586617356423-52763004deac.jpeg,Normal,4,Normal,4,0.055862486362457275,0.05250845104455948,0.05312585458159447,0.05270438268780708,0.6790735125541687,0.04906882345676422,0.05765652656555176
datasets\data\test\Normal\test_photo-1587334207407-deb137a955ba.jpeg,Normal,4,Normal,4,0.05996973440051079,0.05395832657814026,0.04573677480220795,0.05042194575071335,0.6875942945480347,0.04943874478340149,0.05288024991750717
datasets\data\test\Normal\train_Image1021.jpeg,Normal,4,Normal,4,0.07326502352952957,0.05318206921219826,0.057691752910614014,0.05424010381102562,0.6559974551200867,0.054427746683359146,0.0511958971619606
datasets\data\test\Normal\train_Image1027.jpeg,Normal,4,Normal,4,0.06797093898057938,0.05498542636632919,0.05277470499277115,0.05043840780854225,0.6700551509857178,0.052319787442684174,0.05145564302802086
datasets\data\test\Normal\train_Image1047.jpeg,Normal,4,Normal,4,0.05521173030138016,0.053894322365522385,0.05403507500886917,0.0505225770175457,0.6843205690383911,0.04694733768701553,0.05506838485598564
datasets\data\test\Normal\train_Image1057.jpeg,Normal,4,Normal,4,0.055861879140138626,0.053441304713487625,0.05262146145105362,0.0501052588224411,0.6869805455207825,0.046717703342437744,0.05427183955907822
datasets\data\test\Normal\train_Image1067.jpeg,Normal,4,Normal,4,0.060866307467222214,0.05849562957882881,0.05855576694011688,0.05226106196641922,0.661441445350647,0.052002955228090286,0.05637678876519203
datasets\data\test\Normal\train_Image1069.jpeg,Normal,4,Normal,4,0.05775216966867447,0.05292264744639397,0.05526250973343849,0.05182037875056267,0.6816560626029968,0.05048195272684097,0.05010433495044708
datasets\data\test\Normal\train_Image1071.jpeg,Normal,4,Normal,4,0.056857578456401825,0.05401725322008133,0.05742637440562248,0.053548287600278854,0.6736270785331726,0.050131555646657944,0.0543917752802372
datasets\data\test\Normal\train_Image1108.jpeg,Normal,4,Normal,4,0.06061941757798195,0.052488137036561966,0.05207228660583496,0.05777960643172264,0.6671115756034851,0.053619951009750366,0.05630900338292122
datasets\data\test\Normal\train_Image1119.jpeg,Normal,4,Normal,4,0.056345269083976746,0.05550864338874817,0.054286155849695206,0.056333571672439575,0.670983076095581,0.05269835889339447,0.05384494364261627
datasets\data\test\Normal\train_Image1121.jpeg,Normal,4,Normal,4,0.05900336802005768,0.05224166437983513,0.05544102191925049,0.05411294102668762,0.6726492643356323,0.05088413134217262,0.055667635053396225
datasets\data\test\Normal\train_Image1125.jpeg,Normal,4,Normal,4,0.0580165758728981,0.05417562648653984,0.05466899648308754,0.052236158400774,0.674324631690979,0.05123317241668701,0.055344849824905396
datasets\data\test\Normal\train_Image1178.jpeg,Normal,4,Normal,4,0.06569288671016693,0.05495636910200119,0.053813785314559937,0.0543796680867672,0.6650705933570862,0.044640958309173584,0.0614456869661808
datasets\data\test\Normal\train_Image1198.jpeg,Normal,4,Normal,4,0.06134527549147606,0.062408771365880966,0.05960927531123161,0.05998571217060089,0.6436254978179932,0.05656421557068825,0.05646124854683876
datasets\data\test\Normal\train_Image1205.jpeg,Normal,4,Normal,4,0.06647194921970367,0.05532791092991829,0.05080240219831467,0.05099941045045853,0.6694706082344055,0.05514116212725639,0.05178653448820114
datasets\data\test\Normal\train_Image1212.jpeg,Normal,4,Normal,4,0.05155514180660248,0.05371883511543274,0.05343478545546532,0.05594398081302643,0.6832854151725769,0.049213167279958725,0.0528486892580986
datasets\data\test\Normal\train_Image1221.jpeg,Normal,4,Normal,4,0.06125257909297943,0.05618585646152496,0.05715751647949219,0.05415194854140282,0.6579678058624268,0.0571112297475338,0.05617297440767288
datasets\data\test\Normal\train_Image1229.jpeg,Normal,4,Normal,4,0.06299344450235367,0.0605664886534214,0.06200870871543884,0.05784683674573898,0.6537107825279236,0.05143739655613899,0.05143637955188751
datasets\data\test\Normal\train_Image1247.jpeg,Normal,4,Normal,4,0.05789165198802948,0.05427570268511772,0.05396446958184242,0.05779966711997986,0.6685836315155029,0.05345772206783295,0.054027166217565536
datasets\data\test\Normal\train_Image1250.jpeg,Normal,4,Normal,4,0.05243917927145958,0.05347881838679314,0.05094808712601662,0.052588894963264465,0.6978529095649719,0.045536287128925323,0.047155819833278656
datasets\data\test\Normal\train_Image1254.jpeg,Normal,4,Normal,4,0.051029104739427567,0.05156055465340614,0.04940612241625786,0.05444567650556564,0.6903647184371948,0.04741806909441948,0.05577564984560013
datasets\data\test\Normal\train_Image1257.jpeg,Normal,4,Normal,4,0.14186951518058777,0.07277479022741318,0.06440293788909912,0.0685623362660408,0.46505653858184814,0.11298039555549622,0.07435346394777298
datasets\data\test\Normal\train_Image1260.jpeg,Normal,4,Normal,4,0.061387062072753906,0.051266495138406754,0.05689695104956627,0.06224512681365013,0.6535430550575256,0.06554426997900009,0.049117036163806915
datasets\data\test\Normal\train_Image1271.jpeg,Normal,4,Normal,4,0.06653373688459396,0.06217356398701668,0.062497660517692566,0.05949471890926361,0.6233631372451782,0.06557516753673553,0.06036198511719704
datasets\data\test\Normal\train_Image1281.jpeg,Normal,4,Normal,4,0.059346508234739304,0.04854032024741173,0.0517333447933197,0.05021567642688751,0.6880717277526855,0.04698685184121132,0.05510558560490608
datasets\data\test\Normal\train_Image1285.jpeg,Normal,4,Normal,4,0.05794341862201691,0.0552213154733181,0.055176571011543274,0.053834859281778336,0.670229971408844,0.052673470228910446,0.054920390248298645
datasets\data\test\Normal\train_Image13.jpeg,Normal,4,Normal,4,0.059609174728393555,0.054757602512836456,0.053554460406303406,0.05194978788495064,0.6760655641555786,0.04879112169146538,0.05527234822511673
datasets\data\test\Normal\train_Image1314.jpeg,Normal,4,Normal,4,0.05792711675167084,0.05424676463007927,0.05189117044210434,0.05233703553676605,0.6832001805305481,0.04953767731785774,0.05086008459329605
datasets\data\test\Normal\train_Image1316.jpeg,Normal,4,Normal,4,0.06902691721916199,0.056365255266427994,0.05214354395866394,0.058581333607435226,0.6411871314048767,0.05783401429653168,0.06486181169748306
datasets\data\test\Normal\train_Image1335.jpeg,Normal,4,Normal,4,0.06013873964548111,0.055939383804798126,0.04825305566191673,0.05592743307352066,0.676662802696228,0.04943937435746193,0.05363916978240013
datasets\data\test\Normal\train_Image1342.jpeg,Normal,4,Normal,4,0.05330602824687958,0.052609704434871674,0.050848934799432755,0.05575288087129593,0.6869662404060364,0.05039903149008751,0.05011715367436409
datasets\data\test\Normal\train_Image1350.jpeg,Normal,4,Normal,4,0.058588847517967224,0.05813243240118027,0.05371944606304169,0.053439341485500336,0.670122504234314,0.048952367156744,0.05704507604241371
datasets\data\test\Normal\train_Image1353.jpeg,Normal,4,Normal,4,0.054259754717350006,0.05178758502006531,0.051812924444675446,0.04980047047138214,0.6930910348892212,0.047816962003707886,0.051431331783533096
datasets\data\test\Normal\train_Image1361.jpeg,Normal,4,Normal,4,0.056248974055051804,0.052945081144571304,0.05760125443339348,0.050175562500953674,0.6781593561172485,0.05378853157162666,0.051081299781799316
datasets\data\test\Normal\train_Image1362.jpeg,Normal,4,Normal,4,0.06359490007162094,0.05578798055648804,0.05734417587518692,0.05093639716506004,0.6614947319030762,0.054558031260967255,0.05628374218940735
datasets\data\test\Normal\train_Image1372.jpeg,Normal,4,Normal,4,0.06856361031532288,0.04974456876516342,0.04471784085035324,0.0522179901599884,0.6728799939155579,0.05543145164847374,0.05644451826810837
datasets\data\test\Normal\train_Image1378.jpeg,Normal,4,Normal,4,0.05782001465559006,0.058415815234184265,0.05416946858167648,0.05116276070475578,0.6822134256362915,0.045855049043893814,0.05036351829767227
datasets\data\test\Normal\train_Image1385.jpeg,Normal,4,Normal,4,0.056837283074855804,0.057493094354867935,0.052863020449876785,0.05561866983771324,0.669139564037323,0.053184881806373596,0.05486346036195755
datasets\data\test\Normal\train_Image1393.jpeg,Normal,4,Normal,4,0.06108003482222557,0.05332522466778755,0.05391524359583855,0.05327392742037773,0.6746183633804321,0.04852989688515663,0.055257320404052734
datasets\data\test\Normal\train_Image1408.jpeg,Normal,4,Normal,4,0.05822749435901642,0.05503448471426964,0.05181969702243805,0.054010044783353806,0.6727884411811829,0.052995167672634125,0.0551246777176857
datasets\data\test\Normal\train_Image1418.jpeg,Normal,4,Normal,4,0.06118169054389,0.059852082282304764,0.05310727283358574,0.0547773577272892,0.6695287823677063,0.05202498286962509,0.04952776059508324
datasets\data\test\Normal\train_Image1423.jpeg,Normal,4,Normal,4,0.06729647517204285,0.04983100667595863,0.05264648050069809,0.05735250562429428,0.663559079170227,0.05006377026438713,0.05925070866942406
datasets\data\test\Normal\train_Image1424.jpeg,Normal,4,Normal,4,0.05757512152194977,0.05530339479446411,0.0508011095225811,0.05403531342744827,0.6777521371841431,0.051719989627599716,0.05281296372413635
datasets\data\test\Normal\train_Image1430.jpeg,Normal,4,Normal,4,0.06563723087310791,0.057213444262742996,0.0555424690246582,0.05564385652542114,0.6565183401107788,0.04908337444067001,0.060361333191394806
datasets\data\test\Normal\train_Image1432.jpeg,Normal,4,Normal,4,0.06398358941078186,0.04939140006899834,0.050446584820747375,0.04867032170295715,0.681122362613678,0.05296909809112549,0.05341663211584091
datasets\data\test\Normal\train_Image1437.jpeg,Normal,4,Normal,4,0.05856459215283394,0.051407963037490845,0.051242947578430176,0.051471490412950516,0.678027868270874,0.05383283644914627,0.05545240640640259
datasets\data\test\Normal\train_Image1439.jpeg,Normal,4,Normal,4,0.05849100276827812,0.0535631962120533,0.05393700674176216,0.056524645537137985,0.6604918837547302,0.059588611125946045,0.057403624057769775
datasets\data\test\Normal\train_Image1442.jpeg,Normal,4,Normal,4,0.05546440929174423,0.05371077358722687,0.05600734427571297,0.06867259740829468,0.6592824459075928,0.05020023137331009,0.056662190705537796
datasets\data\test\Normal\train_Image1449.jpeg,Normal,4,Normal,4,0.0612475723028183,0.05749822407960892,0.058331675827503204,0.0578535720705986,0.6520860195159912,0.05642261728644371,0.05656027793884277
datasets\data\test\Normal\train_Image1472.jpeg,Normal,4,Normal,4,0.058399926871061325,0.056823596358299255,0.0546189621090889,0.053760964423418045,0.6682150959968567,0.05223976820707321,0.055941708385944366
datasets\data\test\Normal\train_Image1488.jpeg,Normal,4,Normal,4,0.058737657964229584,0.05425901710987091,0.05439838021993637,0.05582726374268532,0.6681510210037231,0.054043225944042206,0.05458345636725426
datasets\data\test\Normal\train_Image1489.jpeg,Normal,4,Normal,4,0.05676739662885666,0.050563279539346695,0.05092472955584526,0.05241221934556961,0.6867607235908508,0.0474308617413044,0.05514074116945267
datasets\data\test\Normal\train_Image1490.jpeg,Normal,4,Normal,4,0.06016610190272331,0.05450769141316414,0.05834963917732239,0.05511433631181717,0.6715690493583679,0.050341688096523285,0.04995150864124298
datasets\data\test\Normal\train_Image1496.jpeg,Normal,4,Normal,4,0.05841813609004021,0.05481012165546417,0.05825882405042648,0.05747547745704651,0.6546432971954346,0.05691684037446976,0.05947732925415039
datasets\data\test\Normal\train_Image1506.jpeg,Normal,4,Normal,4,0.06148218363523483,0.051021113991737366,0.052489299327135086,0.0558474026620388,0.6756637692451477,0.04754006117582321,0.05595618486404419
datasets\data\test\Normal\train_Image1515.jpeg,Normal,4,Normal,4,0.06433206796646118,0.05480911210179329,0.056331608444452286,0.05642954632639885,0.655984103679657,0.052777741104364395,0.05933580920100212
datasets\data\test\Normal\train_Image1541.jpeg,Normal,4,Normal,4,0.07819359004497528,0.06074957549571991,0.04705923795700073,0.047776054590940475,0.6397532820701599,0.07254432141780853,0.05392402783036232
datasets\data\test\Normal\train_Image1544.jpeg,Normal,4,Normal,4,0.06199799105525017,0.051366791129112244,0.053605373948812485,0.04891934245824814,0.6788825392723083,0.05018232762813568,0.05504566431045532
datasets\data\test\Normal\train_Image1547.jpeg,Normal,4,Normal,4,0.0577109195291996,0.05683153122663498,0.05654377117753029,0.05802071839570999,0.6597028970718384,0.05429158732295036,0.05689853057265282
datasets\data\test\Normal\train_Image1560.jpeg,Normal,4,Normal,4,0.05701418220996857,0.05454880744218826,0.05302761122584343,0.053475454449653625,0.6754899024963379,0.05145354941487312,0.05499045550823212
datasets\data\test\Normal\train_Image1563.jpeg,Normal,4,Normal,4,0.05882460996508598,0.0524669848382473,0.05126062408089638,0.05192725360393524,0.6831873655319214,0.04968390613794327,0.052649255841970444
datasets\data\test\Normal\train_Image1579.jpeg,Normal,4,Normal,4,0.053588226437568665,0.054543476551771164,0.05559424310922623,0.05554916709661484,0.6775643825531006,0.04768597334623337,0.05547453463077545
datasets\data\test\Normal\train_Image1585.jpeg,Normal,4,Normal,4,0.07206681370735168,0.08453483134508133,0.061250802129507065,0.06648226082324982,0.596435546875,0.05511261895298958,0.0641171783208847
datasets\data\test\Normal\train_Image1591.jpeg,Normal,4,Normal,4,0.06314150989055634,0.0518292598426342,0.052261169999837875,0.04807884991168976,0.6831578016281128,0.05024731531739235,0.051284030079841614
datasets\data\test\Normal\train_Image1599.jpeg,Normal,4,Normal,4,0.07569939643144608,0.04508182778954506,0.042765162885189056,0.04581071808934212,0.676824688911438,0.07425189763307571,0.0395662784576416
datasets\data\test\Normal\train_Image1617.jpeg,Normal,4,Normal,4,0.059546392410993576,0.04347923770546913,0.04586595669388771,0.04693279415369034,0.7083154320716858,0.04701497033238411,0.0488453134894371
datasets\data\test\Normal\train_Image1618.jpeg,Normal,4,Normal,4,0.06436802446842194,0.051542025059461594,0.052910834550857544,0.05313367024064064,0.6674559712409973,0.051818203181028366,0.058771323412656784
datasets\data\test\Normal\train_Image1619.jpeg,Normal,4,Normal,4,0.06936471909284592,0.05595257133245468,0.052390169352293015,0.056393638253211975,0.6611035466194153,0.05059882998466492,0.05419653654098511
datasets\data\test\Normal\train_Image1639.jpeg,Normal,4,Normal,4,0.05504727363586426,0.046650294214487076,0.04435635730624199,0.04745181277394295,0.714206337928772,0.04399591684341431,0.0482918843626976
datasets\data\test\Normal\train_Image1678.jpeg,Normal,4,Normal,4,0.057230401784181595,0.054465822875499725,0.05177081376314163,0.05484091490507126,0.6733304262161255,0.05326954275369644,0.055092111229896545
datasets\data\test\Normal\train_Image1708.jpeg,Normal,4,Acne,0,0.6061742305755615,0.04995829984545708,0.05477398261427879,0.053483523428440094,0.11421505361795425,0.0614766888320446,0.05991820618510246
datasets\data\test\Normal\train_Image1712.jpeg,Normal,4,Normal,4,0.05832381173968315,0.052936285734176636,0.05334337055683136,0.05249117314815521,0.681705892086029,0.04933517426252365,0.05186430364847183
datasets\data\test\Normal\train_Image1719.jpeg,Normal,4,Normal,4,0.059945955872535706,0.05641556531190872,0.05696672573685646,0.05287720263004303,0.6641857624053955,0.049915798008441925,0.05969296395778656
datasets\data\test\Normal\train_Image1729.jpeg,Normal,4,Normal,4,0.062215883284807205,0.05760987848043442,0.05393064394593239,0.05291486531496048,0.6672194600105286,0.05119248107075691,0.05491676554083824
datasets\data\test\Normal\train_Image1737.jpeg,Normal,4,Normal,4,0.05969357118010521,0.05638008937239647,0.0528547577559948,0.052210286259651184,0.6695224642753601,0.05206901580095291,0.057269804179668427
datasets\data\test\Normal\train_Image188.jpeg,Normal,4,Normal,4,0.06260283291339874,0.05864838883280754,0.05662109702825546,0.055230289697647095,0.6577858328819275,0.05571840703487396,0.053393181413412094
datasets\data\test\Normal\train_Image196.jpeg,Normal,4,Normal,4,0.062042634934186935,0.05431945621967316,0.05319669097661972,0.0553651787340641,0.6747201681137085,0.04945272579789162,0.050903089344501495
datasets\data\test\Normal\train_Image214.jpeg,Normal,4,Normal,4,0.05734894424676895,0.054423242807388306,0.05774558335542679,0.05255426466464996,0.6712667942047119,0.051719073206186295,0.05494212359189987
datasets\data\test\Normal\train_Image218.jpeg,Normal,4,Normal,4,0.055917881429195404,0.05787445977330208,0.05723009258508682,0.05545548349618912,0.6637324094772339,0.050942156463861465,0.0588475838303566
datasets\data\test\Normal\train_Image220.jpeg,Normal,4,Normal,4,0.06633917987346649,0.05466749891638756,0.060206398367881775,0.0542898029088974,0.6551767587661743,0.05177989602088928,0.05754049867391586
datasets\data\test\Normal\train_Image227.jpeg,Normal,4,Normal,4,0.06481417268514633,0.059577155858278275,0.060672566294670105,0.05419525131583214,0.6515945792198181,0.05416570603847504,0.054980553686618805
datasets\data\test\Normal\train_Image246.jpeg,Normal,4,Normal,4,0.055668704211711884,0.0595855712890625,0.06025531515479088,0.05449413135647774,0.6558194756507874,0.05443191155791283,0.059744954109191895
datasets\data\test\Normal\train_Image247.jpeg,Normal,4,Normal,4,0.0560491606593132,0.05360054969787598,0.06148090586066246,0.05429735779762268,0.6674963235855103,0.05420141667127609,0.052874308079481125
datasets\data\test\Normal\train_Image257.jpeg,Normal,4,Normal,4,0.053018853068351746,0.05381627008318901,0.05830742046236992,0.05140937119722366,0.6828916072845459,0.04966234043240547,0.050894103944301605
datasets\data\test\Normal\train_Image274.jpeg,Normal,4,Normal,4,0.05634326860308647,0.0492081455886364,0.04936210811138153,0.04970860481262207,0.6944289803504944,0.049307093024253845,0.051641739904880524
datasets\data\test\Normal\train_Image275.jpeg,Normal,4,Normal,4,0.05140483006834984,0.054163023829460144,0.05259764567017555,0.053486716002225876,0.6869840025901794,0.05027811601758003,0.05108562484383583
datasets\data\test\Normal\train_Image28.jpeg,Normal,4,Normal,4,0.05533955246210098,0.05455876886844635,0.052357159554958344,0.0533096045255661,0.6807428002357483,0.04995362088084221,0.053738538175821304
datasets\data\test\Normal\train_Image296.jpeg,Normal,4,Normal,4,0.05880279093980789,0.05038704723119736,0.055066999047994614,0.05404825508594513,0.6759518384933472,0.05200590938329697,0.05373717099428177
datasets\data\test\Normal\train_Image298.jpeg,Normal,4,Normal,4,0.053543686866760254,0.05444401130080223,0.05526437610387802,0.05254772678017616,0.6793479323387146,0.0546545572578907,0.05019774287939072
datasets\data\test\Normal\train_Image338.jpeg,Normal,4,Normal,4,0.059866975992918015,0.05370292440056801,0.05132767930626869,0.04963933676481247,0.6774032711982727,0.053209345787763596,0.05485045164823532
datasets\data\test\Normal\train_Image343.jpeg,Normal,4,Normal,4,0.05511593446135521,0.052671968936920166,0.05254531651735306,0.04841044545173645,0.6902204751968384,0.04898273944854736,0.05205307900905609
datasets\data\test\Normal\train_Image344.jpeg,Normal,4,Normal,4,0.05942114070057869,0.0542408712208271,0.05342778563499451,0.0500117726624012,0.680338442325592,0.04943036288022995,0.05312962457537651
datasets\data\test\Normal\train_Image368.jpeg,Normal,4,Normal,4,0.05945609137415886,0.04987361282110214,0.05144111439585686,0.048907723277807236,0.6879000067710876,0.04964111000299454,0.05278034880757332
datasets\data\test\Normal\train_Image395.jpeg,Normal,4,Normal,4,0.10126955807209015,0.05704430863261223,0.041849832981824875,0.054287493228912354,0.5839425325393677,0.057441335171461105,0.10416489094495773
datasets\data\test\Normal\train_Image432.jpeg,Normal,4,Normal,4,0.057362549006938934,0.051975201815366745,0.050692133605480194,0.05070031061768532,0.6844549179077148,0.04888200759887695,0.05593293160200119
datasets\data\test\Normal\train_Image437.jpeg,Normal,4,Normal,4,0.09315599501132965,0.05252650007605553,0.041804198175668716,0.05205300450325012,0.5831828117370605,0.09226291626691818,0.08501457422971725
datasets\data\test\Normal\train_Image458.jpeg,Normal,4,Normal,4,0.05922804772853851,0.051524367183446884,0.05031867325305939,0.05121501162648201,0.6812180876731873,0.051951177418231964,0.0545446053147316
datasets\data\test\Normal\train_Image465.jpeg,Normal,4,Normal,4,0.06130235642194748,0.05122567340731621,0.0494273379445076,0.052324309945106506,0.6801865100860596,0.05115937814116478,0.05437452346086502
datasets\data\test\Normal\train_Image483.jpeg,Normal,4,Normal,4,0.057798199355602264,0.0535469613969326,0.05292245000600815,0.05459943413734436,0.6785762310028076,0.049907803535461426,0.05264895781874657
datasets\data\test\Normal\train_Image514.jpeg,Normal,4,Normal,4,0.059317655861377716,0.05790092796087265,0.06072048097848892,0.05163954570889473,0.6630128026008606,0.05075450241565704,0.0566541850566864
datasets\data\test\Normal\train_Image515.jpeg,Normal,4,Normal,4,0.06658022105693817,0.05671726167201996,0.04949270933866501,0.05250716209411621,0.6616437435150146,0.052315350621938705,0.0607435517013073
datasets\data\test\Normal\train_Image539.jpeg,Normal,4,Normal,4,0.05657970905303955,0.05702441185712814,0.058995530009269714,0.05267361178994179,0.6692009568214417,0.05039282515645027,0.055133040994405746
datasets\data\test\Normal\train_Image540.jpeg,Normal,4,Normal,4,0.05933937802910805,0.05439242720603943,0.05693349242210388,0.051972631365060806,0.6720010638237,0.04868005961179733,0.05668104812502861
datasets\data\test\Normal\train_Image546.jpeg,Normal,4,Normal,4,0.064374178647995,0.060055963695049286,0.05727533996105194,0.05260220915079117,0.6596243977546692,0.05048656091094017,0.05558136850595474
datasets\data\test\Normal\train_Image561.jpeg,Normal,4,Normal,4,0.05501611903309822,0.053237974643707275,0.0441831611096859,0.051339201629161835,0.6935063004493713,0.0525030680000782,0.0502142459154129
datasets\data\test\Normal\train_Image576.jpeg,Normal,4,Normal,4,0.05958348512649536,0.04920216277241707,0.051448214799165726,0.04522910714149475,0.6716305017471313,0.04591372236609459,0.07699279487133026
datasets\data\test\Normal\train_Image581.jpeg,Normal,4,Normal,4,0.052929267287254333,0.055112697184085846,0.052747033536434174,0.05148450285196304,0.6867795586585999,0.050394169986248016,0.05055273324251175
datasets\data\test\Normal\train_Image629.jpeg,Normal,4,Normal,4,0.06148964911699295,0.06052291765809059,0.054093267768621445,0.05217687413096428,0.6663244366645813,0.052665289491415024,0.0527275912463665
datasets\data\test\Normal\train_Image639.jpeg,Normal,4,Normal,4,0.06164473667740822,0.04826262593269348,0.04726799577474594,0.05303066223859787,0.688362717628479,0.05027611926198006,0.05115511640906334
datasets\data\test\Normal\train_Image659.jpeg,Normal,4,Normal,4,0.05672570317983627,0.055118005722761154,0.05445948615670204,0.056243401020765305,0.6658498048782349,0.05481424555182457,0.05678939074277878
datasets\data\test\Normal\train_Image662.jpeg,Normal,4,Normal,4,0.051888152956962585,0.048311155289411545,0.050409164279699326,0.050082623958587646,0.7054034471511841,0.04518609493970871,0.04871934652328491
datasets\data\test\Normal\train_Image672.jpeg,Normal,4,Normal,4,0.05913298577070236,0.05883771553635597,0.057456910610198975,0.05426633358001709,0.6616338491439819,0.05030320957303047,0.05836896225810051
datasets\data\test\Normal\train_Image683.jpeg,Normal,4,Normal,4,0.060159891843795776,0.055446892976760864,0.05416904017329216,0.05301106348633766,0.6716591715812683,0.0495808869600296,0.05597301200032234
datasets\data\test\Normal\train_Image687.jpeg,Normal,4,Normal,4,0.06826768815517426,0.052126962691545486,0.05333450436592102,0.05660296976566315,0.6589803695678711,0.05567081645131111,0.055016640573740005
datasets\data\test\Normal\train_Image694.jpeg,Normal,4,Normal,4,0.05477017164230347,0.0555647648870945,0.05420517921447754,0.05209951102733612,0.6787994503974915,0.050164539366960526,0.05439639091491699
datasets\data\test\Normal\train_Image7.jpeg,Normal,4,Normal,4,0.058663707226514816,0.053385064005851746,0.05248212441802025,0.05689160153269768,0.6694595217704773,0.05274351313710213,0.056374441832304
datasets\data\test\Normal\train_Image700.jpeg,Normal,4,Normal,4,0.05546778440475464,0.04853120073676109,0.04762862250208855,0.050028666853904724,0.7020968794822693,0.047201476991176605,0.04904533177614212
datasets\data\test\Normal\train_Image712.jpeg,Normal,4,Normal,4,0.05945365130901337,0.05565638840198517,0.052085909992456436,0.0475369393825531,0.6850805282592773,0.04562754184007645,0.05455914884805679
datasets\data\test\Normal\train_Image726.jpeg,Normal,4,Normal,4,0.05699940398335457,0.05470438301563263,0.05456504598259926,0.05224006250500679,0.6746287941932678,0.05019943416118622,0.05666283518075943
datasets\data\test\Normal\train_Image752.jpeg,Normal,4,Normal,4,0.054916977882385254,0.05109822005033493,0.051182810217142105,0.05144215747714043,0.6900633573532104,0.050325293093919754,0.050971176475286484
datasets\data\test\Normal\train_Image760.jpeg,Normal,4,Normal,4,0.061152517795562744,0.053445953875780106,0.054931800812482834,0.05414285510778427,0.6690807938575745,0.05287051573395729,0.0543755367398262
datasets\data\test\Normal\train_Image764.jpeg,Normal,4,Normal,4,0.0574759840965271,0.05385901778936386,0.05277227610349655,0.053232550621032715,0.676592230796814,0.05079679563641548,0.05527104064822197
datasets\data\test\Normal\train_Image767.jpeg,Normal,4,Normal,4,0.05997566878795624,0.05222761258482933,0.05150474235415459,0.05078298598527908,0.680622935295105,0.0505688413977623,0.05431721359491348
datasets\data\test\Normal\train_Image770.jpeg,Normal,4,Normal,4,0.060196973383426666,0.05409252643585205,0.05079304054379463,0.052917707711458206,0.6735101342201233,0.05276896432042122,0.055720627307891846
datasets\data\test\Normal\train_Image773.jpeg,Normal,4,Normal,4,0.05366659164428711,0.052752524614334106,0.05065116286277771,0.05165235698223114,0.6925111413002014,0.05010426416993141,0.0486619807779789
datasets\data\test\Normal\train_Image776.jpeg,Normal,4,Normal,4,0.05560389161109924,0.0532987155020237,0.05158357694745064,0.052159834653139114,0.6868021488189697,0.0514443963766098,0.049107495695352554
datasets\data\test\Normal\train_Image778.jpeg,Normal,4,Normal,4,0.057627059519290924,0.05104105547070503,0.04971522465348244,0.05175832659006119,0.6910597681999207,0.04925233870744705,0.04954623058438301
datasets\data\test\Normal\train_Image786.jpeg,Normal,4,Normal,4,0.06545179337263107,0.054623354226350784,0.044660408049821854,0.05185906961560249,0.6798359155654907,0.047213707119226456,0.05635572224855423
datasets\data\test\Normal\train_Image791.jpeg,Normal,4,Normal,4,0.06247221678495407,0.05042821913957596,0.05296536535024643,0.052760858088731766,0.6784482002258301,0.05319536477327347,0.04972969740629196
datasets\data\test\Normal\train_Image792.jpeg,Normal,4,Normal,4,0.0670117437839508,0.051078639924526215,0.0540810190141201,0.053043119609355927,0.670519232749939,0.05166473984718323,0.05260153114795685
datasets\data\test\Normal\train_Image793.jpeg,Normal,4,Normal,4,0.05686524137854576,0.05297661945223808,0.0518861785531044,0.05267513915896416,0.6853892803192139,0.04945117607712746,0.05075636878609657
datasets\data\test\Normal\train_Image794.jpeg,Normal,4,Normal,4,0.056095853447914124,0.053299061954021454,0.04813385382294655,0.05349251255393028,0.6874377727508545,0.05045161023736,0.05108930170536041
datasets\data\test\Normal\train_Image799.jpeg,Normal,4,Normal,4,0.06048289313912392,0.05083030089735985,0.05227109044790268,0.05264886096119881,0.6802840232849121,0.05008893460035324,0.05339393764734268
datasets\data\test\Normal\train_Image804.jpeg,Normal,4,Normal,4,0.0533527210354805,0.05146101117134094,0.04998138174414635,0.05379544943571091,0.6872407793998718,0.049916479736566544,0.05425216630101204
datasets\data\test\Normal\train_Image808.jpeg,Normal,4,Normal,4,0.061177339404821396,0.055587977170944214,0.05229981616139412,0.05415494740009308,0.6731764078140259,0.05174226686358452,0.0518612340092659
datasets\data\test\Normal\train_Image815.jpeg,Normal,4,Normal,4,0.05622098967432976,0.05180169641971588,0.05342837795615196,0.05497455224394798,0.675408124923706,0.050695888698101044,0.057470377534627914
datasets\data\test\Normal\train_Image821.jpeg,Normal,4,Normal,4,0.06472700089216232,0.05299173668026924,0.055707138031721115,0.05391479656100273,0.670281708240509,0.05117803439497948,0.051199525594711304
datasets\data\test\Normal\train_Image832.jpeg,Normal,4,Normal,4,0.0679059699177742,0.04866539686918259,0.052247967571020126,0.05130837857723236,0.6788435578346252,0.05034877359867096,0.05067991465330124
datasets\data\test\Normal\train_Image833.jpeg,Normal,4,Normal,4,0.06820380687713623,0.04910783842206001,0.053064409643411636,0.05177360400557518,0.6766717433929443,0.049854155629873276,0.05132445693016052
datasets\data\test\Normal\train_Image858.jpeg,Normal,4,Normal,4,0.06279569119215012,0.05064094439148903,0.052770860493183136,0.05193934962153435,0.6796457767486572,0.05320077762007713,0.0490066222846508
datasets\data\test\Normal\train_Image867.jpeg,Normal,4,Normal,4,0.05865209549665451,0.05307632312178612,0.04857531562447548,0.05193519592285156,0.6846041083335876,0.05087178200483322,0.05228519067168236
datasets\data\test\Normal\train_Image877.jpeg,Normal,4,Normal,4,0.05798124149441719,0.052329808473587036,0.050624411553144455,0.05228349566459656,0.6844338774681091,0.051296837627887726,0.05105028674006462
datasets\data\test\Normal\train_Image891.jpeg,Normal,4,Normal,4,0.061228349804878235,0.05227295681834221,0.05394440144300461,0.056927286088466644,0.6722151637077332,0.0517105869948864,0.05170120298862457
datasets\data\test\Normal\train_Image894.jpeg,Normal,4,Normal,4,0.06158812716603279,0.051047977060079575,0.053657419979572296,0.05687754973769188,0.6699199676513672,0.0517767108976841,0.05513223633170128
datasets\data\test\Normal\train_Image895.jpeg,Normal,4,Normal,4,0.05655597895383835,0.051801394671201706,0.05182996764779091,0.05337284877896309,0.6878219842910767,0.04785022884607315,0.05076759308576584
datasets\data\test\Normal\train_Image898.jpeg,Normal,4,Normal,4,0.06065092608332634,0.051832251250743866,0.052238576114177704,0.05127037316560745,0.6846222281455994,0.048085566610097885,0.05130000784993172
datasets\data\test\Normal\train_Image908.jpeg,Normal,4,Normal,4,0.05418265983462334,0.05454158037900925,0.04936699941754341,0.053898997604846954,0.6866852045059204,0.05066397413611412,0.050660595297813416
datasets\data\test\Normal\train_Image914.jpeg,Normal,4,Normal,4,0.052587877959012985,0.04950398951768875,0.050311941653490067,0.06056810915470123,0.68309086561203,0.04973970726132393,0.054197490215301514
datasets\data\test\Normal\train_Image930.jpeg,Normal,4,Normal,4,0.05573638156056404,0.05221305787563324,0.05169646069407463,0.052420035004615784,0.6843385100364685,0.051274556666612625,0.052320998162031174
datasets\data\test\Normal\train_Image940.jpeg,Normal,4,Normal,4,0.05633939802646637,0.05052107200026512,0.05185961723327637,0.05174420773983002,0.6826001405715942,0.05239774286746979,0.054537855088710785
datasets\data\test\Normal\train_Image949.jpeg,Normal,4,Normal,4,0.05618780478835106,0.054856035858392715,0.04950900375843048,0.050212085247039795,0.6886581778526306,0.049405161291360855,0.05117170512676239
datasets\data\test\Normal\train_Image958.jpeg,Normal,4,Normal,4,0.052689723670482635,0.05130494385957718,0.05026737600564957,0.05178438872098923,0.6925733089447021,0.04857885465025902,0.052801404148340225
datasets\data\test\Normal\train_Image962.jpeg,Normal,4,Normal,4,0.05496664345264435,0.05671634525060654,0.04961295425891876,0.05775156989693642,0.670441746711731,0.05456924811005592,0.05594153329730034
datasets\data\test\Normal\train_Image996.jpeg,Normal,4,Normal,4,0.05961838737130165,0.05487093701958656,0.055415134876966476,0.05417409911751747,0.6713559627532959,0.04948930814862251,0.05507618933916092
datasets\data\test\Normal\valid_Image100.jpeg,Normal,4,Normal,4,0.063973568379879,0.05868873745203018,0.0583471842110157,0.05429350584745407,0.6538983583450317,0.05278107896447182,0.0580175518989563
datasets\data\test\Normal\valid_Image102.jpeg,Normal,4,Normal,4,0.07161964476108551,0.04524853080511093,0.04811614379286766,0.04713506996631622,0.6889567971229553,0.04535667970776558,0.05356708541512489
datasets\data\test\Normal\valid_Image114.jpeg,Normal,4,Normal,4,0.05427068844437599,0.057854581624269485,0.059187114238739014,0.057478103786706924,0.6655372977256775,0.04793260246515274,0.05773961544036865
datasets\data\test\Normal\valid_Image119.jpeg,Normal,4,Normal,4,0.05555277690291405,0.05193732678890228,0.04702412709593773,0.04998529329895973,0.6957576870918274,0.04731901362538338,0.05242377892136574
datasets\data\test\Normal\valid_Image136.jpeg,Normal,4,Normal,4,0.05118424817919731,0.05552534759044647,0.05552886053919792,0.05462696775794029,0.6742363572120667,0.053572818636894226,0.05532537400722504
datasets\data\test\Normal\valid_Image141.jpeg,Normal,4,Normal,4,0.04810234159231186,0.05177425220608711,0.04806657135486603,0.04859856888651848,0.7084088921546936,0.044955700635910034,0.0500936359167099
datasets\data\test\Normal\valid_Image163.jpeg,Normal,4,Normal,4,0.058995023369789124,0.053196344524621964,0.05370323732495308,0.05168401077389717,0.6748784184455872,0.051741424947977066,0.05580154061317444
datasets\data\test\Normal\valid_Image176.jpeg,Normal,4,Normal,4,0.05602657422423363,0.05742405354976654,0.05561098828911781,0.055259399116039276,0.6674633026123047,0.05118853226304054,0.05702715739607811
datasets\data\test\Normal\valid_Image179.jpeg,Normal,4,Normal,4,0.05662993714213371,0.05518633872270584,0.059728920459747314,0.055730972439050674,0.6687635779380798,0.050919126719236374,0.05304112657904625
datasets\data\test\Normal\valid_Image180.jpeg,Normal,4,Normal,4,0.053187914192676544,0.048453643918037415,0.051593419164419174,0.05057622864842415,0.7023699283599854,0.04603775590658188,0.04778103902935982
datasets\data\test\Normal\valid_Image49.jpeg,Normal,4,Normal,4,0.06411781907081604,0.057576194405555725,0.054667480289936066,0.053709451109170914,0.6619436740875244,0.05234544724225998,0.05564001202583313
datasets\data\test\Normal\valid_Image56.jpeg,Normal,4,Normal,4,0.06229875236749649,0.05699186399579048,0.05696847289800644,0.05565676838159561,0.6555085182189941,0.05308423936367035,0.059491388499736786
datasets\data\test\Normal\valid_Image71.jpeg,Normal,4,Normal,4,0.059801194816827774,0.05425845459103584,0.05339988321065903,0.05522485449910164,0.6684174537658691,0.05297285318374634,0.055925402790308
datasets\data\test\Normal\valid_Image96.jpeg,Normal,4,Normal,4,0.058792781084775925,0.05120290070772171,0.05231451243162155,0.05367489159107208,0.670078694820404,0.0443023256957531,0.06963390856981277
datasets\data\test\Psoriasis\test_08sebKerm1122046.jpg,Psoriasis,5,Psoriasis,5,0.058832842856645584,0.0571952648460865,0.2531796395778656,0.05240254104137421,0.05424588918685913,0.41889718174934387,0.1052466556429863
datasets\data\test\Psoriasis\test_Lichen-Planus-Drug-28.jpg,Psoriasis,5,NailFungus,3,0.21125902235507965,0.06903740018606186,0.05885704979300499,0.4740874171257019,0.055680129677057266,0.0696212500333786,0.06145775318145752
datasets\data\test\Psoriasis\test_lichen-planus-vaginal-9.jpg,Psoriasis,5,Tinea,6,0.057602062821388245,0.05063294619321823,0.05272279307246208,0.058661606162786484,0.05742311850190163,0.09766914695501328,0.6252883076667786
datasets\data\test\Psoriasis\test_Lichen-Sclerosus-Skin-127.jpg,Psoriasis,5,Psoriasis,5,0.05998636409640312,0.06255578249692917,0.056278061121702194,0.07156902551651001,0.06235872581601143,0.625538170337677,0.06171385198831558
datasets\data\test\Psoriasis\test_Lichen-Sclerosus-Skin-90.jpg,Psoriasis,5,Psoriasis,5,0.3511877655982971,0.06207437068223953,0.043324243277311325,0.045152463018894196,0.05487805977463722,0.3558209240436554,0.08756207674741745
datasets\data\test\Psoriasis\test_pityriasis-rosea-143.jpg,Psoriasis,5,Psoriasis,5,0.04510640352964401,0.045098040252923965,0.07494302839040756,0.04252982139587402,0.04772685840725899,0.6767615675926208,0.06783431023359299
datasets\data\test\Psoriasis\test_pityriasis-rosea-191.jpg,Psoriasis,5,Psoriasis,5,0.05331786349415779,0.04817488044500351,0.06799758970737457,0.05190334841609001,0.051535457372665405,0.6759307980537415,0.05114009976387024
datasets\data\test\Psoriasis\test_pityriasis-rubra-pilaris-1.jpg,Psoriasis,5,Psoriasis,5,0.0585411973297596,0.05993549898266792,0.04830094426870346,0.06380913406610489,0.0595768466591835,0.6560476422309875,0.053788818418979645
datasets\data\test\Psoriasis\test_pityriasis-rubra-pilaris-13.jpg,Psoriasis,5,Psoriasis,5,0.06010488420724869,0.054563574492931366,0.05646749585866928,0.05106920003890991,0.048948027193546295,0.6811496615409851,0.04769720137119293
datasets\data\test\Psoriasis\test_pityriasis-rubra-pilaris-49.jpg,Psoriasis,5,Psoriasis,5,0.05112674832344055,0.051631297916173935,0.04137357696890831,0.04637471213936806,0.0490962490439415,0.710040271282196,0.05035720765590668
datasets\data\test\Psoriasis\test_Psoriasis-Histology-4.jpg,Psoriasis,5,Acne,0,0.31528085470199585,0.06886842846870422,0.04648846015334129,0.3097880184650421,0.09140501916408539,0.11583182960748672,0.052337415516376495
datasets\data\test\Psoriasis\test_scalp-psoriasis-0003__ProtectWyJQcm90ZWN0Il0_FocusFillWzI5NCwyMjIsIngiLDFd.jpeg,Psoriasis,5,Psoriasis,5,0.06906414031982422,0.05807853490114212,0.05643197521567345,0.056611787527799606,0.059710677713155746,0.6432136297225952,0.05688927695155144
datasets\data\test\Psoriasis\test_scalp-psoriasis-0006__ProtectWyJQcm90ZWN0Il0_FocusFillWzI5NCwyMjIsIngiLDFd.jpeg,Psoriasis,5,Psoriasis,5,0.07724377512931824,0.08620455861091614,0.07051332294940948,0.058301135897636414,0.15407361090183258,0.4816807508468628,0.07198282331228256
datasets\data\test\Psoriasis\test_seborrheic-dermatitis-129.jpg,Psoriasis,5,Psoriasis,5,0.06269552558660507,0.036628369241952896,0.025615662336349487,0.03089320845901966,0.033561378717422485,0.7510960698127747,0.05950980260968208
datasets\data\test\Psoriasis\test_seborrheic-dermatitis-15.jpg,Psoriasis,5,Psoriasis,5,0.0700211301445961,0.04704642668366432,0.06757237762212753,0.05026121065020561,0.04987470060586929,0.6673738956451416,0.047850318253040314
datasets\data\test\Psoriasis\train_08PsoriasisPitting1.jpg,Psoriasis,5,NailFungus,3,0.05066442862153053,0.05012897402048111,0.028727438300848007,0.4551667869091034,0.035245154052972794,0.3375111222267151,0.042556099593639374
datasets\data\test\Psoriasis\train_08SebDermEAr.jpg,Psoriasis,5,Psoriasis,5,0.08898592740297318,0.04709697887301445,0.04580141603946686,0.04085780307650566,0.038822609931230545,0.7002530097961426,0.03818228095769882
datasets\data\test\Psoriasis\train_08sebDermEar031306.jpg,Psoriasis,5,Psoriasis,5,0.05169374495744705,0.052907925099134445,0.056475624442100525,0.05548163130879402,0.05179068446159363,0.6818234324455261,0.049826957285404205
datasets\data\test\Psoriasis\train_08SebDermPresternal063002.jpg,Psoriasis,5,Eczema,2,0.04116493836045265,0.048336513340473175,0.5338347554206848,0.043290022760629654,0.05380019173026085,0.08859686553478241,0.19097676873207092
datasets\data\test\Psoriasis\train_08sebDermScalp111308.jpg,Psoriasis,5,Psoriasis,5,0.04941083490848541,0.050271932035684586,0.05587877705693245,0.049832507967948914,0.05334172025322914,0.6849281191825867,0.05633610859513283
datasets\data\test\Psoriasis\train_08SebDermScalp3.jpg,Psoriasis,5,Psoriasis,5,0.0510222427546978,0.052916813641786575,0.06408025324344635,0.04773736745119095,0.05720123276114464,0.6734758019447327,0.05356624349951744
datasets\data\test\Psoriasis\train_08TineaAmiantacea.jpg,Psoriasis,5,Psoriasis,5,0.05281665176153183,0.049371592700481415,0.05358489975333214,0.04500921815633774,0.05305967479944229,0.6879564523696899,0.05820153281092644
datasets\data\test\Psoriasis\train_Axillary-Granular-Parakeratosis-4.jpg,Psoriasis,5,Tinea,6,0.06483125686645508,0.0776933878660202,0.31217247247695923,0.06342639774084091,0.07104156911373138,0.06320910155773163,0.34762582182884216
datasets\data\test\Psoriasis\train_Axillary-Granular-Parakeratosis-6.jpg,Psoriasis,5,Eczema,2,0.0654747262597084,0.1865452527999878,0.47962743043899536,0.05591562017798424,0.05808071419596672,0.09987717866897583,0.05447905510663986
datasets\data\test\Psoriasis\train_Axillary-Granular-Parakeratosis-7.jpg,Psoriasis,5,Eczema,2,0.05912874639034271,0.11194144934415817,0.4696962535381317,0.04309513419866562,0.04911016672849655,0.2195606380701065,0.0474676638841629
datasets\data\test\Psoriasis\train_lichen-planus-20.jpg,Psoriasis,5,NailFungus,3,0.06823788583278656,0.03714040294289589,0.04152408614754677,0.7058328986167908,0.03941965475678444,0.06380680203437805,0.044038210064172745
datasets\data\test\Psoriasis\train_lichen-planus-204.jpg,Psoriasis,5,NailFungus,3,0.04409164935350418,0.04259663447737694,0.043918024748563766,0.6495367884635925,0.05319282412528992,0.11185611039400101,0.05480796471238136
datasets\data\test\Psoriasis\train_Lichen-Planus-Drug-14.jpg,Psoriasis,5,Eczema,2,0.10203305631875992,0.055621590465307236,0.39823925495147705,0.08171306550502777,0.11741229891777039,0.09266945719718933,0.1523112654685974
datasets\data\test\Psoriasis\train_Lichen-Planus-Drug-16.jpg,Psoriasis,5,Eczema,2,0.17150293290615082,0.05190163850784302,0.5592703819274902,0.05831523984670639,0.05324586108326912,0.05660265311598778,0.04916132614016533
datasets\data\test\Psoriasis\train_Lichen-Planus-Drug-23.jpg,Psoriasis,5,Psoriasis,5,0.05856957286596298,0.04857679083943367,0.05666552484035492,0.04700465127825737,0.04525802657008171,0.6992288827896118,0.044696539640426636
datasets\data\test\Psoriasis\train_Lichen-Planus-Drug-7.jpg,Psoriasis,5,Psoriasis,5,0.053769513964653015,0.052690938115119934,0.04932447150349617,0.052993293851614,0.04466422647237778,0.7025707960128784,0.04398682713508606
datasets\data\test\Psoriasis\train_Lichen-Planus-Drug-8.jpg,Psoriasis,5,Psoriasis,5,0.04792456701397896,0.050095900893211365,0.06804288178682327,0.04819153621792793,0.04804764688014984,0.697855532169342,0.039841942489147186
datasets\data\test\Psoriasis\train_Lichen-Planus-Oral-37.jpg,Psoriasis,5,Psoriasis,5,0.048078857362270355,0.048140645027160645,0.050329625606536865,0.05751264467835426,0.05357148125767708,0.6925384402275085,0.04982827603816986
datasets\data\test\Psoriasis\train_Lichen-Planus-Oral-46.jpg,Psoriasis,5,Psoriasis,5,0.06119475141167641,0.04881121218204498,0.0461614727973938,0.05217263847589493,0.05162293463945389,0.6880964040756226,0.051940519362688065
datasets\data\test\Psoriasis\train_Lichen-Planus-Oral-7.jpg,Psoriasis,5,Psoriasis,5,0.05403599515557289,0.05929747223854065,0.04770113155245781,0.06371214240789413,0.057621873915195465,0.6691626310348511,0.048468753695487976
datasets\data\test\Psoriasis\train_Lichen-Planus-Palm-Soles-7.jpg,Psoriasis,5,Psoriasis,5,0.06256299465894699,0.05652650073170662,0.04320657625794411,0.05086855590343475,0.05430636182427406,0.6472200155258179,0.08530891686677933
datasets\data\test\Psoriasis\train_lichen-planus-vaginal-8.jpg,Psoriasis,5,Psoriasis,5,0.05899695307016373,0.051792316138744354,0.05131489783525467,0.056796472519636154,0.05537837743759155,0.6758409738540649,0.04987991228699684
datasets\data\test\Psoriasis\train_Lichen-Sclerosis-Vulva-22.jpg,Psoriasis,5,Psoriasis,5,0.06545019149780273,0.047252267599105835,0.049008335918188095,0.05220034345984459,0.04866804555058479,0.6855854988098145,0.051835328340530396
datasets\data\test\Psoriasis\train_Lichen-Sclerosis-Vulva-29.jpg,Psoriasis,5,Psoriasis,5,0.047224145382642746,0.03931254893541336,0.05288314074277878,0.055618930608034134,0.04769235849380493,0.6706398725509644,0.08662889152765274
datasets\data\test\Psoriasis\train_Lichen-Sclerosis-Vulva-8.jpg,Psoriasis,5,Psoriasis,5,0.04050397127866745,0.05513054504990578,0.19142082333564758,0.053185198456048965,0.06195515766739845,0.5324938893318176,0.06531041115522385
datasets\data\test\Psoriasis\train_Lichen-Sclerosis-Vulva-9.jpg,Psoriasis,5,Psoriasis,5,0.0431477390229702,0.05301900953054428,0.3671267330646515,0.03923264890909195,0.05198115482926369,0.3804505169391632,0.06504223495721817
datasets\data\test\Psoriasis\train_Lichen-Sclerosus-Penis-2.jpg,Psoriasis,5,Psoriasis,5,0.08135820925235748,0.10569638758897781,0.05610623210668564,0.07288647443056107,0.07478640973567963,0.5539370775222778,0.05522923171520233
datasets\data\test\Psoriasis\train_Lichen-Sclerosus-Penis-28.jpg,Psoriasis,5,Psoriasis,5,0.05504857748746872,0.054456960409879684,0.07188694179058075,0.05653854086995125,0.0551217719912529,0.65451979637146,0.05242742598056793
datasets\data\test\Psoriasis\train_Lichen-Sclerosus-Penis-44.jpg,Psoriasis,5,Psoriasis,5,0.06049547344446182,0.05765100568532944,0.06882483512163162,0.06052279844880104,0.0641031339764595,0.6318765878677368,0.05652613565325737
datasets\data\test\Psoriasis\train_Lichen-Sclerosus-Skin-104.jpg,Psoriasis,5,Psoriasis,5,0.07069841027259827,0.03680852800607681,0.20816956460475922,0.09704608470201492,0.03469662740826607,0.4331448972225189,0.11943589895963669
datasets\data\test\Psoriasis\train_Lichen-Sclerosus-Skin-105.jpg,Psoriasis,5,Tinea,6,0.09406914561986923,0.05277382954955101,0.07942710816860199,0.04270613566040993,0.053806859999895096,0.3313054144382477,0.3459114730358124
datasets\data\test\Psoriasis\train_Lichen-Sclerosus-Skin-108.jpg,Psoriasis,5,Psoriasis,5,0.05624417960643768,0.05431697145104408,0.06820306181907654,0.0493290051817894,0.05453374609351158,0.6555745005607605,0.061798471957445145
datasets\data\test\Psoriasis\train_Lichen-Sclerosus-Skin-11.jpg,Psoriasis,5,Psoriasis,5,0.06125793233513832,0.06242906302213669,0.04976709559559822,0.056143417954444885,0.056860364973545074,0.627777636051178,0.0857645645737648
datasets\data\test\Psoriasis\train_Lichen-Sclerosus-Skin-128.jpg,Psoriasis,5,Psoriasis,5,0.04736381396651268,0.05346376821398735,0.05040556192398071,0.05409412458539009,0.04983969032764435,0.6852088570594788,0.05962427332997322
datasets\data\test\Psoriasis\train_Lichen-Sclerosus-Skin-24.jpg,Psoriasis,5,Psoriasis,5,0.06082889810204506,0.05277658626437187,0.030743315815925598,0.04639127105474472,0.045391347259283066,0.6892927289009094,0.07457578182220459
datasets\data\test\Psoriasis\train_Lichen-Sclerosus-Skin-66.jpg,Psoriasis,5,Psoriasis,5,0.05627783387899399,0.04286264628171921,0.0666639432311058,0.08268830925226212,0.041003305464982986,0.6671085357666016,0.04339536279439926
datasets\data\test\Psoriasis\train_Lichen-Sclerosus-Skin-67.jpg,Psoriasis,5,Psoriasis,5,0.056516364216804504,0.06118238717317581,0.052573543041944504,0.07071058452129364,0.06642895191907883,0.6393593549728394,0.053228940814733505
datasets\data\test\Psoriasis\train_Lichen-Sclerosus-Skin-77.jpg,Psoriasis,5,Psoriasis,5,0.12186470627784729,0.06437595188617706,0.13935191929340363,0.06948168575763702,0.03776774927973747,0.5202400088310242,0.04691803455352783
datasets\data\test\Psoriasis\train_Lichen-Sclerosus-Skin-89.jpg,Psoriasis,5,Psoriasis,5,0.051742710173130035,0.05155367776751518,0.06400233507156372,0.052304644137620926,0.049274545162916183,0.6814413666725159,0.04968072474002838
datasets\data\test\Psoriasis\train_Lichen-Sclerosus-Skin-93.jpg,Psoriasis,5,Psoriasis,5,0.05625590309500694,0.052103955298662186,0.08340989053249359,0.0752483531832695,0.042548518627882004,0.652511715888977,0.03792162612080574
datasets\data\test\Psoriasis\train_Pityriasis-Lichenoides-15.jpg,Psoriasis,5,Psoriasis,5,0.049739062786102295,0.05055854469537735,0.05922457575798035,0.06067356839776039,0.05411949008703232,0.6776475310325623,0.04803718999028206
datasets\data\test\Psoriasis\train_Pityriasis-Lichenoides-18.jpg,Psoriasis,5,Psoriasis,5,0.0521698072552681,0.05331270769238472,0.06438015401363373,0.05628800764679909,0.05474061891436577,0.6563330292701721,0.06277568638324738
datasets\data\test\Psoriasis\train_Pityriasis-Lichenoides-28.jpg,Psoriasis,5,Psoriasis,5,0.04640013352036476,0.05080825462937355,0.04145678132772446,0.06525317579507828,0.050113361328840256,0.694347083568573,0.051621146500110626
datasets\data\test\Psoriasis\train_Pityriasis-Lichenoides-42.jpg,Psoriasis,5,Psoriasis,5,0.04187377542257309,0.05026164650917053,0.11098021268844604,0.04773566871881485,0.050185587257146835,0.5794360637664795,0.11952699720859528
datasets\data\test\Psoriasis\train_Pityriasis-Lichenoides-52.jpg,Psoriasis,5,Psoriasis,5,0.06487977504730225,0.04787861555814743,0.05022963881492615,0.07639817148447037,0.046602386981248856,0.6713787317276001,0.04263274744153023
datasets\data\test\Psoriasis\train_Pityriasis-Lichenoides-8.jpg,Psoriasis,5,Psoriasis,5,0.04626341164112091,0.044352930039167404,0.05510890483856201,0.0627472773194313,0.051851846277713776,0.6820730566978455,0.05760255828499794
datasets\data\test\Psoriasis\train_pityriasis-rosea-1.jpg,Psoriasis,5,Psoriasis,5,0.054450973868370056,0.04484347626566887,0.05821763351559639,0.05096621438860893,0.05052478238940239,0.6715364456176758,0.06946045905351639
datasets\data\test\Psoriasis\train_pityriasis-rosea-10.jpg,Psoriasis,5,Psoriasis,5,0.05939225107431412,0.051388103514909744,0.06096765771508217,0.05374882370233536,0.05332168936729431,0.6621063351631165,0.05907508730888367
datasets\data\test\Psoriasis\train_pityriasis-rosea-112.jpg,Psoriasis,5,Psoriasis,5,0.050307631492614746,0.05116593465209007,0.05684928968548775,0.06356021016836166,0.0577348917722702,0.6764460802078247,0.04393594712018967
datasets\data\test\Psoriasis\train_pityriasis-rosea-117.jpg,Psoriasis,5,Psoriasis,5,0.08882484585046768,0.053442973643541336,0.03573188558220863,0.06695807725191116,0.05146801471710205,0.6457027196884155,0.05787144601345062
datasets\data\test\Psoriasis\train_pityriasis-rosea-119.jpg,Psoriasis,5,Psoriasis,5,0.0682368203997612,0.048436667770147324,0.09897660464048386,0.05344444140791893,0.042839959263801575,0.6387424468994141,0.049323081970214844
datasets\data\test\Psoriasis\train_pityriasis-rosea-162.jpg,Psoriasis,5,Psoriasis,5,0.05690663680434227,0.05934992805123329,0.07358462363481522,0.06105055660009384,0.05798668414354324,0.6366040110588074,0.05451752245426178
datasets\data\test\Psoriasis\train_pityriasis-rosea-184.jpg,Psoriasis,5,Psoriasis,5,0.0448780357837677,0.051648687571287155,0.32667988538742065,0.0612061507999897,0.06188014894723892,0.3877134323120117,0.06599362939596176
datasets\data\test\Psoriasis\train_pityriasis-rosea-185.jpg,Psoriasis,5,Psoriasis,5,0.056726034730672836,0.0568227656185627,0.2461227923631668,0.059076063334941864,0.06248917058110237,0.4562544822692871,0.06250868737697601
datasets\data\test\Psoriasis\train_pityriasis-rosea-2.jpg,Psoriasis,5,Psoriasis,5,0.05106843262910843,0.05404622107744217,0.04525057598948479,0.061297450214624405,0.05563151091337204,0.6787591576576233,0.05394664406776428
datasets\data\test\Psoriasis\train_pityriasis-rubra-pilaris-12.jpg,Psoriasis,5,Psoriasis,5,0.04034814611077309,0.05501352250576019,0.03460680693387985,0.04387038201093674,0.041769903153181076,0.6343022584915161,0.1500890552997589
datasets\data\test\Psoriasis\train_pityriasis-rubra-pilaris-16.jpg,Psoriasis,5,Psoriasis,5,0.052001070231199265,0.05170038715004921,0.06364238262176514,0.05089765042066574,0.04784391075372696,0.6894047260284424,0.04450985789299011
datasets\data\test\Psoriasis\train_pityriasis-rubra-pilaris-32.jpg,Psoriasis,5,Psoriasis,5,0.06169610470533371,0.05187948793172836,0.04757760465145111,0.08329710364341736,0.048184361308813095,0.6408835053443909,0.06648188084363937
datasets\data\test\Psoriasis\train_pityriasis-rubra-pilaris-35.jpg,Psoriasis,5,Psoriasis,5,0.059874724596738815,0.05462503433227539,0.3247565031051636,0.05191081389784813,0.06316773593425751,0.36466971039772034,0.0809955820441246
datasets\data\test\Psoriasis\train_pityriasis-rubra-pilaris-38.jpg,Psoriasis,5,Psoriasis,5,0.05645209178328514,0.05537375435233116,0.05103389546275139,0.05839699134230614,0.05729636549949646,0.6587403416633606,0.0627065896987915
datasets\data\test\Psoriasis\train_pityriasis-rubra-pilaris-56.jpg,Psoriasis,5,Psoriasis,5,0.04936540126800537,0.050587818026542664,0.05517406016588211,0.05546510964632034,0.051145851612091064,0.6788759231567383,0.05938585847616196
datasets\data\test\Psoriasis\train_Psoriasis-Anus-17.jpeg,Psoriasis,5,Psoriasis,5,0.04988732188940048,0.055294468998909,0.05260380730032921,0.05373319983482361,0.055295784026384354,0.6850872039794922,0.04809819534420967
datasets\data\test\Psoriasis\train_Psoriasis-Anus-6.jpg,Psoriasis,5,Eczema,2,0.07379745692014694,0.048914503306150436,0.6387819647789001,0.04408678784966469,0.05092961713671684,0.08129677176475525,0.0621928870677948
datasets\data\test\Psoriasis\train_Psoriasis-Cellulitis-2.jpeg,Psoriasis,5,Psoriasis,5,0.05835882946848869,0.05381770059466362,0.04888834431767464,0.05806852877140045,0.05546748265624046,0.665838360786438,0.059560712426900864
datasets\data\test\Psoriasis\train_Psoriasis-Chronic-Plaque-101.jpeg,Psoriasis,5,Psoriasis,5,0.056645166128873825,0.059972863644361496,0.05593949183821678,0.06169460713863373,0.05870428681373596,0.648147702217102,0.058895912021398544
datasets\data\test\Psoriasis\train_Psoriasis-Chronic-Plaque-104.jpeg,Psoriasis,5,Eczema,2,0.05370697006583214,0.05037843436002731,0.5999960899353027,0.040525469928979874,0.049155283719301224,0.09699864685535431,0.10923908650875092
datasets\data\test\Psoriasis\train_Psoriasis-Chronic-Plaque-108.jpeg,Psoriasis,5,Psoriasis,5,0.07067428529262543,0.04619903489947319,0.04684615135192871,0.042823828756809235,0.046380721032619476,0.6346113681793213,0.11246451735496521
datasets\data\test\Psoriasis\train_Psoriasis-Chronic-Plaque-11.jpeg,Psoriasis,5,Psoriasis,5,0.0619332492351532,0.05617065355181694,0.0596885159611702,0.06091626361012459,0.05822153761982918,0.6471781730651855,0.05589153245091438
datasets\data\test\Psoriasis\train_Psoriasis-Chronic-Plaque-110.jpeg,Psoriasis,5,Psoriasis,5,0.05123937129974365,0.05287620797753334,0.07537580281496048,0.052555013447999954,0.05336667597293854,0.6639041900634766,0.05068274214863777
datasets\data\test\Psoriasis\train_Psoriasis-Chronic-Plaque-112.jpeg,Psoriasis,5,Psoriasis,5,0.05773428827524185,0.0555499866604805,0.0432567372918129,0.049365509301424026,0.04928141459822655,0.6917356848716736,0.05307633429765701
datasets\data\test\Psoriasis\train_Psoriasis-Chronic-Plaque-113.jpeg,Psoriasis,5,Psoriasis,5,0.059933267533779144,0.0626760721206665,0.0448923334479332,0.06253696978092194,0.05741655081510544,0.6583018898963928,0.054242927581071854
datasets\data\test\Psoriasis\train_Psoriasis-Chronic-Plaque-122.jpeg,Psoriasis,5,Eczema,2,0.05018635839223862,0.052481118589639664,0.6049408912658691,0.04926002025604248,0.05827565863728523,0.1358439177274704,0.049011941999197006
datasets\data\test\Psoriasis\train_Psoriasis-Chronic-Plaque-127.jpeg,Psoriasis,5,Psoriasis,5,0.06055114045739174,0.0594000518321991,0.056060921400785446,0.05711055546998978,0.05593763664364815,0.6379931569099426,0.07294655591249466
datasets\data\test\Psoriasis\train_Psoriasis-Chronic-Plaque-128.jpeg,Psoriasis,5,Psoriasis,5,0.05880554020404816,0.056993935257196426,0.08103914558887482,0.05639497563242912,0.05922163277864456,0.6216970682144165,0.06584765762090683
datasets\data\test\Psoriasis\train_Psoriasis-Chronic-Plaque-132.jpeg,Psoriasis,5,Psoriasis,5,0.06619548052549362,0.0695490837097168,0.1929907351732254,0.06785270571708679,0.06314300745725632,0.4981604814529419,0.042108505964279175
datasets\data\test\Psoriasis\train_Psoriasis-Chronic-Plaque-141.jpeg,Psoriasis,5,Psoriasis,5,0.05924874544143677,0.061012204736471176,0.05843397602438927,0.06378576159477234,0.06026947870850563,0.6359377503395081,0.061312027275562286
datasets\data\test\Psoriasis\train_Psoriasis-Chronic-Plaque-149.jpg,Psoriasis,5,Psoriasis,5,0.04642811790108681,0.05475518852472305,0.06883110105991364,0.051011886447668076,0.053617361932992935,0.676510751247406,0.04884561896324158
datasets\data\test\Psoriasis\train_Psoriasis-Chronic-Plaque-154.jpg,Psoriasis,5,Psoriasis,5,0.04608888179063797,0.04867256060242653,0.06390117853879929,0.045861076563596725,0.05196354165673256,0.6957330703735352,0.047779664397239685
datasets\data\test\Psoriasis\train_Psoriasis-Chronic-Plaque-161.jpeg,Psoriasis,5,Psoriasis,5,0.05410776287317276,0.05286220833659172,0.040463726967573166,0.05739210918545723,0.04914578050374985,0.6911312341690063,0.05489719659090042
datasets\data\test\Psoriasis\train_Psoriasis-Chronic-Plaque-178.jpeg,Psoriasis,5,Psoriasis,5,0.06365101784467697,0.06340260803699493,0.05162092670798302,0.07259780168533325,0.06452828645706177,0.6193346381187439,0.06486479192972183
datasets\data\test\Psoriasis\train_Psoriasis-Chronic-Plaque-187.jpeg,Psoriasis,5,Psoriasis,5,0.05895901843905449,0.06270330399274826,0.04938118904829025,0.06554386019706726,0.06206318363547325,0.6393240094184875,0.06202542781829834
datasets\data\test\Psoriasis\train_Psoriasis-Chronic-Plaque-189.jpeg,Psoriasis,5,Psoriasis,5,0.052885502576828,0.055839791893959045,0.04662122204899788,0.061781495809555054,0.05722438916563988,0.6712825894355774,0.05436497926712036
datasets\data\test\Psoriasis\train_Psoriasis-Chronic-Plaque-90.jpeg,Psoriasis,5,Psoriasis,5,0.051683127880096436,0.05396110191941261,0.3072621524333954,0.08838767558336258,0.05154140293598175,0.37289729714393616,0.07426730543375015
datasets\data\test\Psoriasis\train_Psoriasis-Chronic-Plaque-98.jpeg,Psoriasis,5,Eczema,2,0.05820363759994507,0.0502815917134285,0.4895813465118408,0.04941938444972038,0.054967574775218964,0.25174206495285034,0.045804474502801895
datasets\data\test\Psoriasis\train_psoriasis-digits-2.jpeg,Psoriasis,5,Psoriasis,5,0.05371653661131859,0.05249948427081108,0.07312021404504776,0.05640232563018799,0.056741856038570404,0.6573305130004883,0.050189048051834106
datasets\data\test\Psoriasis\train_psoriasis-digits-3.jpeg,Psoriasis,5,Eczema,2,0.056528665125370026,0.0481751412153244,0.7012975811958313,0.05436551943421364,0.05171690136194229,0.03959392383694649,0.04832236096262932
datasets\data\test\Psoriasis\train_psoriasis-erythrodermic-1.jpeg,Psoriasis,5,Psoriasis,5,0.0583440326154232,0.059380557388067245,0.04702148959040642,0.06313005089759827,0.05954865738749504,0.6565364599227905,0.056038759648799896
datasets\data\test\Psoriasis\train_psoriasis-erythrodermic-21.jpeg,Psoriasis,5,Psoriasis,5,0.053838085383176804,0.06019323691725731,0.05170395225286484,0.06283306330442429,0.05678020417690277,0.6638443470001221,0.0508071593940258
datasets\data\test\Psoriasis\train_Psoriasis-Guttate-104.jpeg,Psoriasis,5,Psoriasis,5,0.060378819704055786,0.0595729760825634,0.06000810116529465,0.0603640116751194,0.06204487755894661,0.6422659754753113,0.05536515265703201
datasets\data\test\Psoriasis\train_Psoriasis-Guttate-111.jpeg,Psoriasis,5,Psoriasis,5,0.0542183592915535,0.05710165947675705,0.053311772644519806,0.05765747278928757,0.05729897692799568,0.6691854596138,0.05122625082731247
datasets\data\test\Psoriasis\train_Psoriasis-Guttate-123.jpeg,Psoriasis,5,Psoriasis,5,0.07159556448459625,0.0696810856461525,0.05111747980117798,0.06826005131006241,0.06552089750766754,0.6132685542106628,0.06055637449026108
datasets\data\test\Psoriasis\train_Psoriasis-Guttate-57.jpeg,Psoriasis,5,Psoriasis,5,0.05859654024243355,0.05266696587204933,0.060728490352630615,0.05930802971124649,0.05942177027463913,0.6514925956726074,0.05778564140200615
datasets\data\test\Psoriasis\train_Psoriasis-Guttate-62.jpeg,Psoriasis,5,Psoriasis,5,0.04934020712971687,0.043104514479637146,0.05442068353295326,0.052239127457141876,0.048073992133140564,0.6964871287345886,0.05633428692817688
datasets\data\test\Psoriasis\train_Psoriasis-Hand-38.jpeg,Psoriasis,5,Psoriasis,5,0.061733879148960114,0.058257807046175,0.04836481809616089,0.06518978625535965,0.05270678550004959,0.6640328764915466,0.04971402511000633
datasets\data\test\Psoriasis\train_Psoriasis-Hand-45.jpeg,Psoriasis,5,Eczema,2,0.05869787186384201,0.04695923998951912,0.5831839442253113,0.04721046984195709,0.04019947350025177,0.18271075189113617,0.04103821888566017
datasets\data\test\Psoriasis\train_Psoriasis-Hand-47.jpg,Psoriasis,5,Psoriasis,5,0.05145527422428131,0.051215995103120804,0.06667567789554596,0.05759704113006592,0.05109892413020134,0.6722367405891418,0.04972042888402939
datasets\data\test\Psoriasis\train_Psoriasis-Hand-5.jpeg,Psoriasis,5,Eczema,2,0.0369633249938488,0.03867706283926964,0.6205543875694275,0.028993602842092514,0.04427378997206688,0.16935445368289948,0.06118341162800789
datasets\data\test\Psoriasis\train_Psoriasis-Hand-6.jpeg,Psoriasis,5,Eczema,2,0.045189741998910904,0.04494800791144371,0.6888518929481506,0.038091301918029785,0.050624072551727295,0.062051814049482346,0.07024318724870682
datasets\data\test\Psoriasis\train_Psoriasis-Histology-18.jpg,Psoriasis,5,Psoriasis,5,0.05002414062619209,0.05054471269249916,0.05785869434475899,0.04960894212126732,0.0517498217523098,0.6918816566467285,0.04833201691508293
datasets\data\test\Psoriasis\train_Psoriasis-HIV-3.jpeg,Psoriasis,5,Eczema,2,0.0581565797328949,0.029558539390563965,0.6288097500801086,0.03686361759901047,0.035291753709316254,0.15477478504180908,0.05654502660036087
datasets\data\test\Psoriasis\train_Psoriasis-infant-4.jpeg,Psoriasis,5,Psoriasis,5,0.05912334471940994,0.05996303632855415,0.04629021883010864,0.06420819461345673,0.062498219311237335,0.652835488319397,0.05508153513073921
datasets\data\test\Psoriasis\train_Psoriasis-inversus-30.jpeg,Psoriasis,5,Tinea,6,0.05295443907380104,0.0503290519118309,0.056616537272930145,0.053307998925447464,0.059600695967674255,0.059415772557258606,0.6677755117416382
datasets\data\test\Psoriasis\train_Psoriasis-nails-15.jpeg,Psoriasis,5,Psoriasis,5,0.05602026730775833,0.04820100590586662,0.0596037283539772,0.05227121338248253,0.0628109723329544,0.6683350801467896,0.052757736295461655
datasets\data\test\Psoriasis\train_Psoriasis-nails-20.jpeg,Psoriasis,5,NailFungus,3,0.049072347581386566,0.04986383393406868,0.0346212238073349,0.5408446192741394,0.04172992706298828,0.23974373936653137,0.04412425681948662
datasets\data\test\Psoriasis\train_Psoriasis-nails-8.jpeg,Psoriasis,5,NailFungus,3,0.05079622194170952,0.05443426966667175,0.04700540006160736,0.6542469263076782,0.054544877260923386,0.07846950739622116,0.06050284206867218
datasets\data\test\Psoriasis\train_psoriasis-palms-soles-111.jpeg,Psoriasis,5,Psoriasis,5,0.042546436190605164,0.04690981283783913,0.21900367736816406,0.04001137986779213,0.0464683473110199,0.5599260926246643,0.04513423889875412
datasets\data\test\Psoriasis\train_psoriasis-palms-soles-121.jpeg,Psoriasis,5,Psoriasis,5,0.046113066375255585,0.04753561690449715,0.07143387943506241,0.04699345678091049,0.04644254967570305,0.6979196071624756,0.04356183856725693
datasets\data\test\Psoriasis\train_psoriasis-palms-soles-13.jpg,Psoriasis,5,Psoriasis,5,0.04582757130265236,0.0469132624566555,0.06057841330766678,0.04656608775258064,0.04886915162205696,0.7034123539924622,0.04783318564295769
datasets\data\test\Psoriasis\train_psoriasis-palms-soles-136.jpeg,Psoriasis,5,Eczema,2,0.06009989231824875,0.05527171865105629,0.6653093099594116,0.052921079099178314,0.05254817754030228,0.07233649492263794,0.04151332378387451
datasets\data\test\Psoriasis\train_psoriasis-palms-soles-14.jpeg,Psoriasis,5,Eczema,2,0.05040248483419418,0.05180840194225311,0.6754229068756104,0.050933271646499634,0.05374618247151375,0.06388521194458008,0.053801555186510086
datasets\data\test\Psoriasis\train_psoriasis-palms-soles-144.jpeg,Psoriasis,5,Psoriasis,5,0.052680984139442444,0.0558156743645668,0.0507500097155571,0.05214006081223488,0.05474531278014183,0.6776915788650513,0.056176330894231796
datasets\data\test\Psoriasis\train_psoriasis-palms-soles-145.jpeg,Psoriasis,5,Psoriasis,5,0.04669638350605965,0.0448724590241909,0.14181774854660034,0.04488402605056763,0.04879705607891083,0.6267262101173401,0.04620613530278206
datasets\data\test\Psoriasis\train_psoriasis-palms-soles-178.jpeg,Psoriasis,5,Psoriasis,5,0.045683711767196655,0.05031927302479744,0.10591263324022293,0.04701036214828491,0.0514136403799057,0.6546516418457031,0.04500865191221237
datasets\data\test\Psoriasis\train_psoriasis-palms-soles-18.jpeg,Psoriasis,5,Psoriasis,5,0.05986367166042328,0.04806768149137497,0.07956639677286148,0.057810988277196884,0.04796899855136871,0.6581701636314392,0.048552170395851135
datasets\data\test\Psoriasis\train_psoriasis-palms-soles-19.jpeg,Psoriasis,5,Eczema,2,0.0504596009850502,0.05137549713253975,0.6915790438652039,0.0484272837638855,0.05250163376331329,0.04157162085175514,0.06408538669347763
datasets\data\test\Psoriasis\train_psoriasis-palms-soles-83.jpeg,Psoriasis,5,Psoriasis,5,0.05679915100336075,0.048703331500291824,0.04621167853474617,0.051153458654880524,0.05370386689901352,0.6629797220230103,0.08044883608818054
datasets\data\test\Psoriasis\train_psoriasis-palms-soles-97.jpeg,Psoriasis,5,Eczema,2,0.04147518798708916,0.041224148124456406,0.5992312431335449,0.03893245384097099,0.038282301276922226,0.18669527769088745,0.05415932461619377
datasets\data\test\Psoriasis\train_Psoriasis-penis-13.jpeg,Psoriasis,5,Psoriasis,5,0.04661891236901283,0.04872798174619675,0.06298579275608063,0.049120575189590454,0.0428091324865818,0.6996847987174988,0.050052788108587265
datasets\data\test\Psoriasis\train_Psoriasis-penis-14.jpeg,Psoriasis,5,Psoriasis,5,0.06787476688623428,0.06201832368969917,0.049989309161901474,0.06485527008771896,0.05927098169922829,0.64179527759552,0.05419611185789108
datasets\data\test\Psoriasis\train_psoriasis-pustular-generalized-3.jpeg,Psoriasis,5,Psoriasis,5,0.05958549678325653,0.053501613438129425,0.04761098697781563,0.06730114668607712,0.05113481730222702,0.6617349982261658,0.05913091078400612
datasets\data\test\Psoriasis\train_psoriasis-pustular-generalized-4.jpeg,Psoriasis,5,Tinea,6,0.06568030267953873,0.03635658696293831,0.21626068651676178,0.04577198252081871,0.04407666623592377,0.06353016942739487,0.5283236503601074
datasets\data\test\Psoriasis\train_psoriasis-pustular-generalized-41.jpeg,Psoriasis,5,Psoriasis,5,0.065841905772686,0.05072491616010666,0.04070122539997101,0.060010168701410294,0.05234472081065178,0.6500244140625,0.08035271614789963
datasets\data\test\Psoriasis\train_psoriasis-pustular-generalized-42.jpeg,Psoriasis,5,Psoriasis,5,0.1236962080001831,0.05936514586210251,0.05441684648394585,0.08009938895702362,0.06413313001394272,0.5587373375892639,0.05955195426940918
datasets\data\test\Psoriasis\train_psoriasis-pustular-generalized-47.jpeg,Psoriasis,5,Psoriasis,5,0.053095463663339615,0.03973109647631645,0.05588604137301445,0.03789165988564491,0.0434306375682354,0.7099627256393433,0.060002394020557404
datasets\data\test\Psoriasis\train_psoriasis-pustular-generalized-49.jpeg,Psoriasis,5,Psoriasis,5,0.04915325343608856,0.060131557285785675,0.07196672260761261,0.05908070504665375,0.06109383702278137,0.6532980799674988,0.04527582600712776
datasets\data\test\Psoriasis\train_psoriasis-pustular-generalized-60.jpeg,Psoriasis,5,Eczema,2,0.050347644835710526,0.05233502388000488,0.685697078704834,0.053583983331918716,0.052179306745529175,0.05520080775022507,0.050656259059906006
datasets\data\test\Psoriasis\train_psoriasis-pustular-generalized-8.jpeg,Psoriasis,5,Psoriasis,5,0.05959458276629448,0.06618472933769226,0.04983928054571152,0.06674913316965103,0.06409548223018646,0.6364445686340332,0.05709215998649597
datasets\data\test\Psoriasis\train_psoriasis-scalp-103.jpeg,Psoriasis,5,Psoriasis,5,0.044776853173971176,0.04813581705093384,0.07372593879699707,0.055718451738357544,0.05674193799495697,0.6661257147789001,0.05477522313594818
datasets\data\test\Psoriasis\train_psoriasis-scalp-110.jpeg,Psoriasis,5,Psoriasis,5,0.049846895039081573,0.0536515936255455,0.05248081311583519,0.05584573373198509,0.054251041263341904,0.676778256893158,0.05714567005634308
datasets\data\test\Psoriasis\train_psoriasis-scalp-50.jpg,Psoriasis,5,Psoriasis,5,0.04004639759659767,0.048340748995542526,0.0843518003821373,0.049101222306489944,0.04999101161956787,0.6819998025894165,0.0461689829826355
datasets\data\test\Psoriasis\train_psoriasis-scalp-72.jpeg,Psoriasis,5,Psoriasis,5,0.045322541147470474,0.04301818087697029,0.05278698727488518,0.04466920718550682,0.050074491649866104,0.6979660987854004,0.0661625862121582
datasets\data\test\Psoriasis\train_psoriasis-scalp-88.jpeg,Psoriasis,5,Psoriasis,5,0.0463232584297657,0.04809955134987831,0.1282297521829605,0.057067226618528366,0.055350787937641144,0.6207926273345947,0.04413677752017975
datasets\data\test\Psoriasis\train_Psoriasis-vulva-1.jpeg,Psoriasis,5,Tinea,6,0.05547639727592468,0.05301036313176155,0.08020016551017761,0.04196701943874359,0.047921039164066315,0.05880458280444145,0.6626204252243042
datasets\data\test\Psoriasis\train_reiter-syndrome-13.jpg,Psoriasis,5,Psoriasis,5,0.041853297501802444,0.041646894067525864,0.03605889528989792,0.06583655625581741,0.03290063142776489,0.721481442451477,0.060222312808036804
datasets\data\test\Psoriasis\train_reiter-syndrome-14.jpg,Psoriasis,5,Psoriasis,5,0.044834695756435394,0.05328592658042908,0.04191043600440025,0.0618458017706871,0.04475274309515953,0.7039715051651001,0.04939892888069153
datasets\data\test\Psoriasis\train_reiter-syndrome-4.jpg,Psoriasis,5,Psoriasis,5,0.05098193138837814,0.055026084184646606,0.038728997111320496,0.07173655927181244,0.04893828555941582,0.6845145225524902,0.05007358640432358
datasets\data\test\Psoriasis\train_reiter-syndrome-9.jpg,Psoriasis,5,Psoriasis,5,0.05953508988022804,0.05510269105434418,0.0589885376393795,0.06305024772882462,0.05233774334192276,0.6708217859268188,0.0401638001203537
datasets\data\test\Psoriasis\train_scalp-psoriasis-0001__ProtectWyJQcm90ZWN0Il0_FocusFillWzI5NCwyMjIsIngiLDFd.jpeg,Psoriasis,5,Psoriasis,5,0.06377125531435013,0.058774434030056,0.05164363980293274,0.05768245831131935,0.061674460768699646,0.6530799269676208,0.053373828530311584
datasets\data\test\Psoriasis\train_scalp-psoriasis-0007__ProtectWyJQcm90ZWN0Il0_FocusFillWzI5NCwyMjIsIngiLDFd.jpeg,Psoriasis,5,Psoriasis,5,0.054103679955005646,0.0476921983063221,0.05483216047286987,0.049214981496334076,0.05293719843029976,0.6874912977218628,0.053728457540273666
datasets\data\test\Psoriasis\train_scalp-psoriasis-0021__ProtectWyJQcm90ZWN0Il0_FocusFillWzI5NCwyMjIsIngiLDFd.jpeg,Psoriasis,5,Psoriasis,5,0.05536292493343353,0.05136186629533768,0.046400535851716995,0.050640251487493515,0.060719024389982224,0.6784549951553345,0.05706041306257248
datasets\data\test\Psoriasis\train_scalp-psoriasis-0022__ProtectWyJQcm90ZWN0Il0_FocusFillWzI5NCwyMjIsIngiLDFd.jpeg,Psoriasis,5,Psoriasis,5,0.05714917182922363,0.05269201099872589,0.05062776058912277,0.060333024710416794,0.05659402906894684,0.6665566563606262,0.05604741722345352
datasets\data\test\Psoriasis\train_seborrheic-dermatitis-10.jpg,Psoriasis,5,Psoriasis,5,0.058939311653375626,0.04813722148537636,0.06317168474197388,0.04716187343001366,0.04538984224200249,0.6933402419090271,0.04385981336236
datasets\data\test\Psoriasis\train_seborrheic-dermatitis-104.jpg,Psoriasis,5,Acne,0,0.6724398136138916,0.05100838840007782,0.05631621554493904,0.0481850728392601,0.053615957498550415,0.0761604830622673,0.042274054139852524
datasets\data\test\Psoriasis\train_seborrheic-dermatitis-110.jpg,Psoriasis,5,Psoriasis,5,0.04875954985618591,0.04386584460735321,0.18032877147197723,0.04468753933906555,0.04135608673095703,0.6039285659790039,0.037073638290166855
datasets\data\test\Psoriasis\train_seborrheic-dermatitis-14.jpg,Psoriasis,5,Psoriasis,5,0.04221787303686142,0.04241534695029259,0.07479608058929443,0.038235340267419815,0.04192996025085449,0.7116175889968872,0.048787783831357956
datasets\data\test\Psoriasis\train_seborrheic-dermatitis-145.jpg,Psoriasis,5,Acne,0,0.6519492268562317,0.055228039622306824,0.05279291793704033,0.05219540745019913,0.060782257467508316,0.07545728236436844,0.05159488692879677
datasets\data\test\Psoriasis\train_seborrheic-dermatitis-154.jpg,Psoriasis,5,Acne,0,0.607257068157196,0.05066981539130211,0.07970481365919113,0.04688386619091034,0.055402904748916626,0.11733845621347427,0.042743049561977386
datasets\data\test\Psoriasis\train_seborrheic-dermatitis-76.jpg,Psoriasis,5,Psoriasis,5,0.24646323919296265,0.04672688618302345,0.05231913551688194,0.04478424787521362,0.03652272745966911,0.5384511351585388,0.03473265469074249
datasets\data\test\Psoriasis\train_seborrheic-dermatitis-95.jpg,Psoriasis,5,Psoriasis,5,0.09727256745100021,0.04806404188275337,0.056280411779880524,0.041781213134527206,0.0348488986492157,0.6870407462120056,0.03471211716532707
datasets\data\test\Psoriasis\train_seborrheic-dermatitis-99.jpg,Psoriasis,5,Psoriasis,5,0.14289738237857819,0.05127907544374466,0.06865482777357101,0.04404108598828316,0.03882938623428345,0.6153236031532288,0.03897470608353615
datasets\data\test\Psoriasis\valid_3563__ProtectWyJQcm90ZWN0Il0_FocusFillWzI5NCwyMjIsIngiLDFd.jpeg,Psoriasis,5,Psoriasis,5,0.06032732129096985,0.056735068559646606,0.04977406561374664,0.05147384852170944,0.05825597047805786,0.652719259262085,0.07071449607610703
datasets\data\test\Psoriasis\valid_3570__ProtectWyJQcm90ZWN0Il0_FocusFillWzI5NCwyMjIsIngiLDFd.jpeg,Psoriasis,5,Psoriasis,5,0.055139102041721344,0.0478815995156765,0.05912120267748833,0.051527239382267,0.05260337144136429,0.6812604069709778,0.05246702954173088
datasets\data\test\Psoriasis\valid_3576__ProtectWyJQcm90ZWN0Il0_FocusFillWzI5NCwyMjIsIngiLDFd.jpeg,Psoriasis,5,Psoriasis,5,0.04478338360786438,0.0464368537068367,0.04392566159367561,0.04911854863166809,0.045317236334085464,0.7165768146514893,0.05384151637554169
datasets\data\test\Psoriasis\valid_facial-psoriasis-002__ProtectWyJQcm90ZWN0Il0_FocusFillWzI5NCwyMjIsIngiLDFd.jpeg,Psoriasis,5,Psoriasis,5,0.055524829775094986,0.05694413185119629,0.056529998779296875,0.05688207224011421,0.05605970695614815,0.6671766638755798,0.05088259279727936
datasets\data\test\Tinea\test_13candidaIntertrigo0220061.jpg,Tinea,6,Candidiasis,1,0.05496707186102867,0.6516276597976685,0.05779523774981499,0.051052603870630264,0.05373188480734825,0.056259796023368835,0.07456576079130173
datasets\data\test\Tinea\test_erosio-interdigitalis-blastomycetica-11.jpg,Tinea,6,Tinea,6,0.04822029545903206,0.04025791957974434,0.051294002681970596,0.04147525876760483,0.048255421221256256,0.05003725737333298,0.7204598784446716
datasets\data\test\Tinea\test_erythrasma-13.jpg,Tinea,6,Tinea,6,0.06458530575037003,0.041804417967796326,0.04435357078909874,0.04975493252277374,0.04236045479774475,0.05824625492095947,0.6988950371742249
datasets\data\test\Tinea\test_majocchi-granuloma-2.jpg,Tinea,6,Eczema,2,0.08263100683689117,0.07425808906555176,0.36439287662506104,0.0525643527507782,0.05779549479484558,0.06594114005565643,0.30241701006889343
datasets\data\test\Tinea\test_north-american-blastomycosis-2.jpg,Tinea,6,Tinea,6,0.06799614429473877,0.04902016744017601,0.1519911140203476,0.04244179651141167,0.04762950539588928,0.07823606580495834,0.5626851916313171
datasets\data\test\Tinea\test_perleche-34.jpg,Tinea,6,Tinea,6,0.05268006771802902,0.04578093811869621,0.04443906247615814,0.05392104759812355,0.06041679158806801,0.061834804713726044,0.6809273362159729
datasets\data\test\Tinea\test_pitted-keratolysis-3.jpg,Tinea,6,Eczema,2,0.05100663751363754,0.05232735350728035,0.6815430521965027,0.05160268396139145,0.0487220399081707,0.04233570024371147,0.0724625438451767
datasets\data\test\Tinea\test_pityrosporum-folliculitis-4.jpg,Tinea,6,Eczema,2,0.10144452750682831,0.05291992053389549,0.6040600538253784,0.04596677049994469,0.0515134260058403,0.09922628104686737,0.04486903175711632
datasets\data\test\Tinea\test_tincorp5__ProtectWyJQcm90ZWN0Il0_FocusFillWzI5NCwyMjIsIngiLDE2XQ.jpeg,Tinea,6,Tinea,6,0.057760223746299744,0.058418553322553635,0.05049120634794235,0.05694610998034477,0.061744898557662964,0.055193234235048294,0.6594457626342773
datasets\data\test\Tinea\test_tinea-groin-112.jpeg,Tinea,6,Tinea,6,0.05347013100981712,0.06954624503850937,0.19620080292224884,0.03471701219677925,0.03749866783618927,0.04332580417394638,0.5652413368225098
datasets\data\test\Tinea\test_tinea-laboratory-46.jpg,Tinea,6,Tinea,6,0.05886987969279289,0.05488666892051697,0.05289033055305481,0.05353293567895889,0.05669934302568436,0.05494415760040283,0.6681766510009766
datasets\data\test\Tinea\test_tinea-laboratory-56.jpg,Tinea,6,Tinea,6,0.06026104837656021,0.05584714934229851,0.05799441784620285,0.057460229843854904,0.059718210250139236,0.05245150998234749,0.6562674641609192
datasets\data\test\Tinea\test_tinea-palm-2.jpeg,Tinea,6,Tinea,6,0.05050245672464371,0.048964519053697586,0.08388609439134598,0.047438304871320724,0.052513815462589264,0.056372206658124924,0.6603226065635681
datasets\data\test\Tinea\train_13TineaAcute.jpg,Tinea,6,Tinea,6,0.05239809677004814,0.0464436337351799,0.06899277865886688,0.04709460586309433,0.055148959159851074,0.045751139521598816,0.6841707229614258
datasets\data\test\Tinea\train_13tineaCorporis0808059.jpg,Tinea,6,Tinea,6,0.04937306419014931,0.052474766969680786,0.05619947984814644,0.05101754516363144,0.054733917117118835,0.059718165546655655,0.6764830946922302
datasets\data\test\Tinea\train_candidiasis-large-skin-folds-137.jpg,Tinea,6,Candidiasis,1,0.05872662737965584,0.6657188534736633,0.053980495780706406,0.05678179860115051,0.05481359362602234,0.05691913142800331,0.05305946245789528
datasets\data\test\Tinea\train_candidiasis-mouth-8.jpg,Tinea,6,Psoriasis,5,0.06431089341640472,0.3290306329727173,0.04283365607261658,0.07110010832548141,0.06770417094230652,0.36741217970848083,0.05760827660560608
datasets\data\test\Tinea\train_coccidiomycosis-2.jpg,Tinea,6,Tinea,6,0.0591103658080101,0.05480019003152847,0.12426383048295975,0.04958255589008331,0.06266661733388901,0.05191396549344063,0.5976624488830566
datasets\data\test\Tinea\train_erosio-interdigitalis-blastomycetica-1.jpg,Tinea,6,Tinea,6,0.048403821885585785,0.04257312789559364,0.08382001519203186,0.03911157697439194,0.04471815377473831,0.04144168645143509,0.6999316215515137
datasets\data\test\Tinea\train_erosio-interdigitalis-blastomycetica-12.jpg,Tinea,6,Tinea,6,0.052570901811122894,0.04780161753296852,0.07248463481664658,0.048931341618299484,0.052534088492393494,0.0444687157869339,0.6812087893486023
datasets\data\test\Tinea\train_erosio-interdigitalis-blastomycetica-16.jpg,Tinea,6,Tinea,6,0.054353076964616776,0.05258742347359657,0.05150781571865082,0.05185668542981148,0.062273841351270676,0.054667189717292786,0.6727539300918579
datasets\data\test\Tinea\train_erosio-interdigitalis-blastomycetica-27.jpg,Tinea,6,Tinea,6,0.046567678451538086,0.04646790400147438,0.05668732896447182,0.04547538235783577,0.04977196455001831,0.05419764667749405,0.7008320689201355
datasets\data\test\Tinea\train_id-reaction-1.jpg,Tinea,6,Eczema,2,0.05666172876954079,0.04766841232776642,0.6831689476966858,0.05839455872774124,0.05178974196314812,0.05625120922923088,0.04606547951698303
datasets\data\test\Tinea\train_intertrigo-10.jpg,Tinea,6,Tinea,6,0.07724201679229736,0.04490220919251442,0.05253814533352852,0.05653482675552368,0.05719319358468056,0.18930968642234802,0.5222799777984619
datasets\data\test\Tinea\train_intertrigo-75.jpg,Tinea,6,Tinea,6,0.04145731404423714,0.0405287928879261,0.04540790989995003,0.03757290914654732,0.04578279331326485,0.06411325186491013,0.7251369953155518
datasets\data\test\Tinea\train_intertrigo-82.jpg,Tinea,6,Tinea,6,0.06507911533117294,0.14066745340824127,0.05379369109869003,0.07384175062179565,0.07155852764844894,0.06406982243061066,0.5309896469116211
datasets\data\test\Tinea\train_intertrigo-9.jpg,Tinea,6,Tinea,6,0.050025854259729385,0.0500163733959198,0.04380880296230316,0.04662235453724861,0.045842256397008896,0.06954507529735565,0.694139301776886
datasets\data\test\Tinea\train_kerion-2.jpg,Tinea,6,Tinea,6,0.053339406847953796,0.048520930111408234,0.05794060230255127,0.04258118197321892,0.05381584167480469,0.14260198175907135,0.6012000441551208
datasets\data\test\Tinea\train_perleche-14.jpg,Tinea,6,Tinea,6,0.057788051664829254,0.04255251586437225,0.04057205468416214,0.04361860081553459,0.051515549421310425,0.06066117063164711,0.7032920122146606
datasets\data\test\Tinea\train_perleche-25.jpg,Tinea,6,Tinea,6,0.04687800630927086,0.04104570671916008,0.050986167043447495,0.0484713613986969,0.0528714694082737,0.061477795243263245,0.6982694268226624
datasets\data\test\Tinea\train_perleche-37.jpg,Tinea,6,Tinea,6,0.05694342032074928,0.043069008737802505,0.04712432622909546,0.0454593151807785,0.05100648105144501,0.06058795377612114,0.6958094835281372
datasets\data\test\Tinea\train_perleche-39.jpg,Tinea,6,Tinea,6,0.05095931887626648,0.05028326436877251,0.058336615562438965,0.051993478089571,0.055684030055999756,0.052964333444833755,0.679779052734375
datasets\data\test\Tinea\train_perleche-48.jpg,Tinea,6,Tinea,6,0.05699823424220085,0.05134428292512894,0.046408142894506454,0.051888398826122284,0.059244316071271896,0.0509924590587616,0.6831241846084595
datasets\data\test\Tinea\train_perleche-54.jpg,Tinea,6,Tinea,6,0.062183964997529984,0.044749915599823,0.045953623950481415,0.051140233874320984,0.05437936633825302,0.05130264535546303,0.6902903318405151
datasets\data\test\Tinea\train_perleche-8.jpg,Tinea,6,Tinea,6,0.07151535153388977,0.045454252511262894,0.039488691836595535,0.0475940965116024,0.05219769850373268,0.05817778781056404,0.6855720281600952
datasets\data\test\Tinea\train_pitted-keratolysis-7.jpg,Tinea,6,NailFungus,3,0.11350124329328537,0.04300888255238533,0.13343942165374756,0.24146969616413116,0.1509619653224945,0.11791810393333435,0.19970062375068665
datasets\data\test\Tinea\train_pityrosporum-folliculitis-5.jpg,Tinea,6,Tinea,6,0.06751241534948349,0.045565489679574966,0.07170213013887405,0.049560364335775375,0.05176688730716705,0.2518925666809082,0.4620001018047333
datasets\data\test\Tinea\train_tinea-beard-1.jpg,Tinea,6,Eczema,2,0.09096276760101318,0.04480835050344467,0.3616982102394104,0.09102083742618561,0.06399764120578766,0.05783658102154732,0.28967565298080444
datasets\data\test\Tinea\train_tinea-beard-16.jpg,Tinea,6,Tinea,6,0.06008593365550041,0.04568115249276161,0.04568322375416756,0.03652480989694595,0.04693734645843506,0.17219789326190948,0.5928896069526672
datasets\data\test\Tinea\train_tinea-body-121.jpg,Tinea,6,Tinea,6,0.050598789006471634,0.054231394082307816,0.05401484668254852,0.05110776051878929,0.055677175521850586,0.04257318377494812,0.6917968392372131
datasets\data\test\Tinea\train_tinea-body-139.jpg,Tinea,6,Tinea,6,0.05604260787367821,0.05020834878087044,0.046200137585401535,0.05223357304930687,0.057725273072719574,0.05814158543944359,0.6794485449790955
datasets\data\test\Tinea\train_tinea-body-146.jpg,Tinea,6,Tinea,6,0.052405837923288345,0.05162443220615387,0.046719737350940704,0.0506349541246891,0.05524566024541855,0.049363017082214355,0.6940063834190369
datasets\data\test\Tinea\train_tinea-body-153.jpg,Tinea,6,Tinea,6,0.056618817150592804,0.06115974113345146,0.23925289511680603,0.05246680602431297,0.06191277131438255,0.04439297318458557,0.4841960370540619
datasets\data\test\Tinea\train_tinea-body-179.jpeg,Tinea,6,Tinea,6,0.052382949739694595,0.048895325511693954,0.05259580910205841,0.04381394013762474,0.052341267466545105,0.052275385707616806,0.697695255279541
datasets\data\test\Tinea\train_tinea-body-180.jpeg,Tinea,6,Tinea,6,0.05087629705667496,0.04928360506892204,0.052934061735868454,0.04227989539504051,0.05076552554965019,0.0512358658015728,0.7026246786117554
datasets\data\test\Tinea\train_tinea-body-182.jpeg,Tinea,6,Candidiasis,1,0.05934625491499901,0.6619030237197876,0.05434173718094826,0.05790887027978897,0.055303219705820084,0.05534294620156288,0.055853985249996185
datasets\data\test\Tinea\train_tinea-body-186.jpeg,Tinea,6,Psoriasis,5,0.058005716651678085,0.25388458371162415,0.22526143491268158,0.06341630220413208,0.059925377368927,0.274892657995224,0.06461387127637863
datasets\data\test\Tinea\train_tinea-body-19.jpg,Tinea,6,Psoriasis,5,0.06494027376174927,0.0537317618727684,0.11179394274950027,0.059667542576789856,0.06006893515586853,0.42197808623313904,0.22781945765018463
datasets\data\test\Tinea\train_tinea-body-198.jpeg,Tinea,6,Tinea,6,0.06782420724630356,0.05525645613670349,0.041413404047489166,0.05740955471992493,0.06301157921552658,0.057322144508361816,0.6577627062797546
datasets\data\test\Tinea\train_tinea-body-86.jpg,Tinea,6,Eczema,2,0.06589485704898834,0.057540930807590485,0.6427027583122253,0.06028503552079201,0.05671574920415878,0.050119493156671524,0.06674118340015411
datasets\data\test\Tinea\train_tinea-border-1.jpeg,Tinea,6,Psoriasis,5,0.045567985624074936,0.04203429073095322,0.04914337769150734,0.04120410978794098,0.05828243866562843,0.669996440410614,0.09377134591341019
datasets\data\test\Tinea\train_tinea-face-14.jpeg,Tinea,6,Tinea,6,0.05522044748067856,0.04444773122668266,0.05367077887058258,0.0466846227645874,0.049499742686748505,0.050048720091581345,0.7004280090332031
datasets\data\test\Tinea\train_tinea-face-18.jpeg,Tinea,6,Tinea,6,0.06437542289495468,0.03820662945508957,0.035406410694122314,0.03988899663090706,0.04465249180793762,0.04116106778383255,0.7363089323043823
datasets\data\test\Tinea\train_tinea-face-35.jpeg,Tinea,6,Acne,0,0.7120298147201538,0.04474826157093048,0.039508361369371414,0.03898027539253235,0.04831523448228836,0.04691776633262634,0.06950026750564575
datasets\data\test\Tinea\train_tinea-face-43.jpeg,Tinea,6,Tinea,6,0.3206089735031128,0.051299624145030975,0.036906059831380844,0.03746616840362549,0.052964210510253906,0.046049103140830994,0.4547058045864105
datasets\data\test\Tinea\train_tinea-face-68.jpeg,Tinea,6,Tinea,6,0.05740606412291527,0.04522575065493584,0.044382691383361816,0.04190264642238617,0.04132101684808731,0.03589450940489769,0.7338672876358032
datasets\data\test\Tinea\train_tinea-foot-dorsum-32.jpeg,Tinea,6,Tinea,6,0.03650013357400894,0.032349321991205215,0.0631968155503273,0.03802288696169853,0.040165647864341736,0.06115652248263359,0.7286086678504944
datasets\data\test\Tinea\train_tinea-foot-plantar-25.jpeg,Tinea,6,Tinea,6,0.046754710376262665,0.04429225996136665,0.048414066433906555,0.04429641738533974,0.05130138248205185,0.04562155157327652,0.7193195819854736
datasets\data\test\Tinea\train_tinea-foot-plantar-5.jpeg,Tinea,6,Tinea,6,0.058986544609069824,0.06045222282409668,0.19298580288887024,0.05214928835630417,0.058791790157556534,0.04799517244100571,0.5286391377449036
datasets\data\test\Tinea\train_tinea-foot-webs-10.jpeg,Tinea,6,Tinea,6,0.05951427295804024,0.053066641092300415,0.05216753110289574,0.0630844458937645,0.061205800622701645,0.06120800971984863,0.6497532725334167
datasets\data\test\Tinea\train_tinea-foot-webs-21.jpeg,Tinea,6,Tinea,6,0.05265579745173454,0.050974201411008835,0.052351389080286026,0.04725826159119606,0.050084710121154785,0.05296945199370384,0.6937062740325928
datasets\data\test\Tinea\train_tinea-foot-webs-3.jpeg,Tinea,6,Tinea,6,0.0547478161752224,0.04902545362710953,0.0657820925116539,0.04686126485466957,0.05251030623912811,0.04860764741897583,0.6824654340744019
datasets\data\test\Tinea\train_tinea-foot-webs-45.jpeg,Tinea,6,Tinea,6,0.057496026158332825,0.053765375167131424,0.0553840734064579,0.05300229787826538,0.05629829317331314,0.054010745137929916,0.6700431704521179
datasets\data\test\Tinea\train_tinea-foot-webs-51.jpeg,Tinea,6,Tinea,6,0.052626051008701324,0.053741879761219025,0.0480901263654232,0.04056628420948982,0.04799980670213699,0.057347171008586884,0.6996286511421204
datasets\data\test\Tinea\train_tinea-foot-webs-54.jpeg,Tinea,6,Tinea,6,0.056479886174201965,0.04601665586233139,0.056303635239601135,0.044868454337120056,0.05040959268808365,0.05453305318951607,0.691388726234436
datasets\data\test\Tinea\train_tinea-foot-webs-57.jpeg,Tinea,6,Tinea,6,0.059582263231277466,0.053962528705596924,0.052487317472696304,0.05051492899656296,0.05850567668676376,0.05635901540517807,0.6685883402824402
datasets\data\test\Tinea\train_tinea-foot-webs-73.jpeg,Tinea,6,Tinea,6,0.04965560510754585,0.04653440788388252,0.054712146520614624,0.04873117804527283,0.05373262241482735,0.05255947634577751,0.6940745115280151
datasets\data\test\Tinea\train_tinea-foot-webs-77.jpeg,Tinea,6,Tinea,6,0.059123747050762177,0.049943797290325165,0.051782555878162384,0.051838528364896774,0.05284032225608826,0.04726257547736168,0.6872085332870483
datasets\data\test\Tinea\train_tinea-groin-106.jpeg,Tinea,6,Candidiasis,1,0.055291108787059784,0.6782205700874329,0.04867946356534958,0.054521191865205765,0.05239744484424591,0.0520230233669281,0.05886715278029442
datasets\data\test\Tinea\train_tinea-groin-110.jpeg,Tinea,6,Tinea,6,0.05264967679977417,0.055326949805021286,0.054846636950969696,0.05386168509721756,0.05922901630401611,0.052678778767585754,0.6714072227478027
datasets\data\test\Tinea\train_tinea-groin-19.jpeg,Tinea,6,Tinea,6,0.051587965339422226,0.06005067005753517,0.050024498254060745,0.05104837194085121,0.05843820422887802,0.04901261627674103,0.6798376441001892
datasets\data\test\Tinea\train_tinea-groin-21.jpeg,Tinea,6,Tinea,6,0.050416991114616394,0.053630515933036804,0.05499636381864548,0.05079687759280205,0.05694140866398811,0.0498981848359108,0.6833195686340332
datasets\data\test\Tinea\train_tinea-groin-30.jpeg,Tinea,6,Tinea,6,0.05725017562508583,0.07425328344106674,0.048559900373220444,0.05900498852133751,0.06644590944051743,0.052466556429862976,0.6420192122459412
datasets\data\test\Tinea\train_tinea-groin-43.jpeg,Tinea,6,Tinea,6,0.042534634470939636,0.05094422399997711,0.0917302668094635,0.04265677556395531,0.05078074708580971,0.05617379769682884,0.6651796102523804
datasets\data\test\Tinea\train_tinea-groin-56.jpeg,Tinea,6,Tinea,6,0.03947640210390091,0.039824556559324265,0.0472789891064167,0.03956323862075806,0.04378410801291466,0.06402972340583801,0.7260429859161377
datasets\data\test\Tinea\train_tinea-groin-66.jpeg,Tinea,6,Tinea,6,0.057293880730867386,0.052754078060388565,0.06670713424682617,0.040374066680669785,0.04463883861899376,0.06740819662809372,0.670823872089386
datasets\data\test\Tinea\train_tinea-groin-7.jpeg,Tinea,6,Tinea,6,0.05840602517127991,0.05002822354435921,0.031965240836143494,0.04117764160037041,0.045685186982154846,0.0533486008644104,0.7193891406059265
datasets\data\test\Tinea\train_tinea-hand-dorsum-12.jpeg,Tinea,6,Tinea,6,0.04915570095181465,0.05219230428338051,0.059224966913461685,0.05063323676586151,0.05614344775676727,0.04661499708890915,0.6860353350639343
datasets\data\test\Tinea\train_tinea-hand-dorsum-39.jpeg,Tinea,6,Tinea,6,0.07147081196308136,0.047669731080532074,0.10604475438594818,0.04966452345252037,0.05350062623620033,0.04205254465341568,0.629597008228302
datasets\data\test\Tinea\train_tinea-hand-dorsum-48.jpeg,Tinea,6,Tinea,6,0.051096245646476746,0.055518072098493576,0.04782832786440849,0.05091968923807144,0.06108711287379265,0.05193644389510155,0.6816140413284302
datasets\data\test\Tinea\train_tinea-incognito-10.jpeg,Tinea,6,Tinea,6,0.04034331440925598,0.04414055123925209,0.14347991347312927,0.04210616648197174,0.04373602196574211,0.11041972041130066,0.5757743716239929
datasets\data\test\Tinea\train_tinea-incognito-2.jpeg,Tinea,6,Tinea,6,0.05100870504975319,0.10874190926551819,0.0489027239382267,0.045843880623579025,0.053667157888412476,0.046283915638923645,0.6455517411231995
datasets\data\test\Tinea\train_tinea-incognito-21.jpeg,Tinea,6,Psoriasis,5,0.05092484876513481,0.04466532543301582,0.04589257389307022,0.050225816667079926,0.06697332859039307,0.49946948885917664,0.24184857308864594
datasets\data\test\Tinea\train_tinea-incognito-30.jpeg,Tinea,6,Tinea,6,0.04628441110253334,0.04754440113902092,0.12308192253112793,0.045590225607156754,0.046962328255176544,0.04628545418381691,0.64425128698349
datasets\data\test\Tinea\train_tinea-incognito-32.jpeg,Tinea,6,Tinea,6,0.05452504754066467,0.05046694353222847,0.054773103445768356,0.05306271091103554,0.05759882926940918,0.06290805339813232,0.6666653156280518
datasets\data\test\Tinea\train_tinea-incognito-37.jpeg,Tinea,6,Tinea,6,0.05706595629453659,0.05979844555258751,0.051422107964754105,0.053773969411849976,0.06219930201768875,0.05632546916604042,0.6594147086143494
datasets\data\test\Tinea\train_tinea-incognito-62.jpeg,Tinea,6,Tinea,6,0.051610276103019714,0.04733619838953018,0.04843905568122864,0.049039870500564575,0.05640571191906929,0.05729258805513382,0.6898763179779053
datasets\data\test\Tinea\train_tinea-laboratory-22.jpg,Tinea,6,Tinea,6,0.05669363588094711,0.057799190282821655,0.05593177676200867,0.05577858164906502,0.05927269533276558,0.05259663239121437,0.6619274616241455
datasets\data\test\Tinea\train_tinea-laboratory-32.jpg,Tinea,6,Tinea,6,0.05763286352157593,0.057545844465494156,0.05813125893473625,0.054893601685762405,0.058726537972688675,0.05300423875451088,0.6600656509399414
datasets\data\test\Tinea\train_tinea-laboratory-34.jpg,Tinea,6,Tinea,6,0.0580146424472332,0.05709019675850868,0.05723176896572113,0.05540631711483002,0.05969272553920746,0.053945038467645645,0.6586193442344666
datasets\data\test\Tinea\train_tinea-laboratory-5.jpg,Tinea,6,Tinea,6,0.0586816743016243,0.059081319719552994,0.059330474585294724,0.05668340250849724,0.059975430369377136,0.05563907325267792,0.6506085991859436
datasets\data\test\Tinea\train_tinea-laboratory-55.jpg,Tinea,6,Tinea,6,0.057746030390262604,0.052162300795316696,0.05664023756980896,0.05369807779788971,0.05426306650042534,0.05563749745488167,0.6698527932167053
datasets\data\test\Tinea\train_tinea-laboratory-72.jpg,Tinea,6,Tinea,6,0.05725977569818497,0.057712722569704056,0.05640748515725136,0.054303403943777084,0.05919975787401199,0.05267078056931496,0.662446141242981
datasets\data\test\Tinea\train_tinea-laboratory-8.jpg,Tinea,6,Tinea,6,0.05349024385213852,0.053890202194452286,0.057398587465286255,0.05101962387561798,0.0545148067176342,0.05249711498618126,0.6771893501281738
datasets\data\test\Tinea\train_tinea-palm-28.jpeg,Tinea,6,Tinea,6,0.056983016431331635,0.056339330971241,0.05252864584326744,0.055996499955654144,0.063927561044693,0.0575951486825943,0.656629741191864
datasets\data\test\Tinea\train_tinea-palm-29.jpeg,Tinea,6,Tinea,6,0.05321713164448738,0.05399924889206886,0.06879354268312454,0.05086975917220116,0.055199917405843735,0.04838183894753456,0.6695385575294495
datasets\data\test\Tinea\train_tinea-palm-32.jpeg,Tinea,6,Tinea,6,0.051408011466264725,0.052557725459337234,0.05156366154551506,0.05160779133439064,0.05616731569170952,0.06240476667881012,0.6742907166481018
datasets\data\test\Tinea\train_tinea-palm-33.jpeg,Tinea,6,Tinea,6,0.05672710761427879,0.054989736527204514,0.174392968416214,0.048333894461393356,0.05438186973333359,0.04935368523001671,0.5618206858634949
datasets\data\test\Tinea\train_tinea-palm-37.jpeg,Tinea,6,Tinea,6,0.045274995267391205,0.05030367523431778,0.10804150998592377,0.04102780297398567,0.04768386483192444,0.06859464943408966,0.6390736103057861
datasets\data\test\Tinea\train_tinea-palm-39.jpeg,Tinea,6,Tinea,6,0.050052594393491745,0.050341688096523285,0.06615898013114929,0.047490283846855164,0.05294061824679375,0.051269758492708206,0.6817461252212524
datasets\data\test\Tinea\train_tinea-palm-44.jpeg,Tinea,6,Tinea,6,0.04940066114068031,0.05552537366747856,0.053422972559928894,0.0497174933552742,0.05490770563483238,0.058195531368255615,0.6788302659988403
datasets\data\test\Tinea\train_tinea-palm-49.jpeg,Tinea,6,Tinea,6,0.05374176800251007,0.05360804870724678,0.058379046618938446,0.0495048351585865,0.056538037955760956,0.05318209156394005,0.6750461459159851
datasets\data\test\Tinea\train_tinea-palm-9.jpeg,Tinea,6,Tinea,6,0.04835481569170952,0.05405595153570175,0.0590522326529026,0.04989899694919586,0.05333515629172325,0.057092808187007904,0.6782100200653076
datasets\data\test\Tinea\train_tinea-primary-lesion-27.jpeg,Tinea,6,Tinea,6,0.056704673916101456,0.05346328392624855,0.045076534152030945,0.052195560187101364,0.05890921130776405,0.16273508965969086,0.5709156394004822
datasets\data\test\Tinea\train_tinea-primary-lesion-32.jpeg,Tinea,6,Tinea,6,0.05270595848560333,0.04961410164833069,0.05613190680742264,0.052802883088588715,0.0566684864461422,0.07462561130523682,0.6574510931968689
datasets\data\test\Tinea\train_tinea-primary-lesion-47.jpeg,Tinea,6,Tinea,6,0.052110977470874786,0.0517464242875576,0.04500434175133705,0.05269225686788559,0.06005275622010231,0.05980157479643822,0.6785916090011597
datasets\data\test\Tinea\train_tinea-primary-lesion-49.jpeg,Tinea,6,Tinea,6,0.048252835869789124,0.04782653972506523,0.04830637201666832,0.047180403023958206,0.055240657180547714,0.06499826163053513,0.688194990158081
datasets\data\test\Tinea\train_tinea-primary-lesion-7.jpeg,Tinea,6,Psoriasis,5,0.04819992929697037,0.042151737958192825,0.04371435195207596,0.04255339875817299,0.057613372802734375,0.6829913854598999,0.08277586847543716
datasets\data\test\Tinea\train_tinea-scalp-10.jpeg,Tinea,6,Tinea,6,0.04506881162524223,0.04527908191084862,0.05571143701672554,0.044660136103630066,0.047221262007951736,0.04430864751338959,0.7177506685256958
datasets\data\test\Tinea\train_tinea-scalp-12.jpeg,Tinea,6,Eczema,2,0.03873542696237564,0.0548461452126503,0.4838868975639343,0.06702078133821487,0.06270403414964676,0.08610627800226212,0.20670050382614136
datasets\data\test\Tinea\train_tinea-scalp-13.jpeg,Tinea,6,Tinea,6,0.05836109444499016,0.05884426832199097,0.05430226773023605,0.06855203956365585,0.06346188485622406,0.052023161202669144,0.6444553136825562
datasets\data\test\Tinea\train_tinea-scalp-15.jpeg,Tinea,6,Tinea,6,0.06063370406627655,0.05642428994178772,0.05653800815343857,0.06134268641471863,0.060433223843574524,0.054422199726104736,0.6502059102058411
datasets\data\test\Tinea\train_tinea-scalp-17.jpeg,Tinea,6,Tinea,6,0.06311606615781784,0.05696925148367882,0.048721540719270706,0.08048848807811737,0.06527122110128403,0.05133454129099846,0.6340988874435425
datasets\data\test\Tinea\train_tinea-scalp-18.jpeg,Tinea,6,Tinea,6,0.05558722838759422,0.05078911408782005,0.05550111085176468,0.05377110838890076,0.05547507479786873,0.05203903093934059,0.6768372654914856
datasets\data\test\Tinea\train_tinea-scalp-28.jpeg,Tinea,6,Tinea,6,0.046489614993333817,0.048298709094524384,0.08364741504192352,0.04219644144177437,0.04758971557021141,0.04709308594465256,0.6846849918365479
datasets\data\test\Tinea\train_tinea-scalp-30.jpeg,Tinea,6,NailFungus,3,0.04044819250702858,0.04391324520111084,0.0377497673034668,0.6616132259368896,0.04578351229429245,0.08084066957235336,0.08965133130550385
datasets\data\test\Tinea\train_tinea-scalp-35.jpeg,Tinea,6,Tinea,6,0.0413089394569397,0.03942302614450455,0.04546194151043892,0.039127808064222336,0.04254421591758728,0.06074925512075424,0.731384813785553
datasets\data\test\Tinea\train_tinea-scalp-43.jpg,Tinea,6,Tinea,6,0.060016218572854996,0.050624385476112366,0.050549183040857315,0.059119611978530884,0.060448020696640015,0.07282927632331848,0.6464132070541382
datasets\data\test\Tinea\train_tinea-scalp-5.jpeg,Tinea,6,Eczema,2,0.04916325584053993,0.06144149601459503,0.4327200949192047,0.044546108692884445,0.06271050870418549,0.1939220279455185,0.15549656748771667
datasets\data\test\Tinea\train_tinea-versicolor-104.jpg,Tinea,6,Psoriasis,5,0.07030010968446732,0.055512864142656326,0.055875860154628754,0.05463838204741478,0.05412541702389717,0.6540735363960266,0.05547390133142471
datasets\data\test\Tinea\train_tinea-versicolor-109.jpeg,Tinea,6,Tinea,6,0.06674426048994064,0.04737360402941704,0.0389154888689518,0.051003385335206985,0.05813930928707123,0.07373516261577606,0.664088785648346
datasets\data\test\Tinea\train_tinea-versicolor-116.jpeg,Tinea,6,Tinea,6,0.07518786191940308,0.05916942283511162,0.04343271255493164,0.05439148098230362,0.05566585808992386,0.07236989587545395,0.6397826671600342
datasets\data\test\Tinea\train_tinea-versicolor-118.jpeg,Tinea,6,Tinea,6,0.052977304905653,0.05306787043809891,0.05086982995271683,0.05074473097920418,0.056001242250204086,0.059911154210567474,0.6764279007911682
datasets\data\test\Tinea\train_tinea-versicolor-139.jpeg,Tinea,6,Tinea,6,0.052486851811409,0.04796816036105156,0.05174040421843529,0.043487221002578735,0.048302844166755676,0.07237647473812103,0.6836380362510681
datasets\data\test\Tinea\train_tinea-versicolor-141.jpeg,Tinea,6,Tinea,6,0.06020871549844742,0.048814401030540466,0.0632435604929924,0.04454672709107399,0.04761578142642975,0.048915084451436996,0.6866557002067566
datasets\data\test\Tinea\train_tinea-versicolor-157.jpeg,Tinea,6,Tinea,6,0.05754850059747696,0.052909005433321,0.0430033802986145,0.05161752551794052,0.05594611540436745,0.0901300236582756,0.648845374584198
datasets\data\test\Tinea\train_tinea-versicolor-180.jpeg,Tinea,6,Tinea,6,0.047604650259017944,0.051346320658922195,0.047925349324941635,0.04655580595135689,0.051337119191884995,0.05365845188498497,0.7015722990036011
datasets\data\test\Tinea\train_tinea-versicolor-183.jpeg,Tinea,6,Tinea,6,0.04910992085933685,0.0519532710313797,0.0488099604845047,0.049368634819984436,0.05278012529015541,0.060297854244709015,0.6876802444458008
datasets\data\test\Tinea\train_tinea-versicolor-187.jpg,Tinea,6,Tinea,6,0.05397133156657219,0.05273669958114624,0.052062299102544785,0.050736892968416214,0.0566159226000309,0.06610267609357834,0.6677741408348083
datasets\data\test\Tinea\train_tinea-versicolor-81.jpeg,Tinea,6,Psoriasis,5,0.07662303000688553,0.052887991070747375,0.04528731852769852,0.04328189417719841,0.05920727178454399,0.4646081030368805,0.2581043541431427
datasets\data\test\Tinea\train_tinea-versicolor-9.jpeg,Tinea,6,Tinea,6,0.06594972312450409,0.05322937294840813,0.07773900032043457,0.03178701549768448,0.04171786457300186,0.11067081987857819,0.6189061999320984
datasets\data\test\Tinea\train_tinea-versicolor-95.jpeg,Tinea,6,Tinea,6,0.05104862526059151,0.04665160924196243,0.05103365704417229,0.04273980110883713,0.045503169298172,0.08647879213094711,0.6765444278717041
datasets\data\test\Tinea\train_tinea-versicolor-96.jpeg,Tinea,6,Tinea,6,0.05201949179172516,0.04546000808477402,0.05780660733580589,0.0386311374604702,0.04587935283780098,0.06189562752842903,0.6983078122138977
datasets\data\test\Tinea\train_tinped20__ProtectWyJQcm90ZWN0Il0_FocusFillWzI5NCwyMjIsInkiLDdd.jpeg,Tinea,6,Tinea,6,0.05941549316048622,0.05501689016819,0.11506746709346771,0.05122591182589531,0.055446792393922806,0.043214552104473114,0.6206129193305969
datasets\data\test\Tinea\train_tinped30__ProtectWyJQcm90ZWN0Il0_FocusFillWzI5NCwyMjIsIngiLDFd.jpeg,Tinea,6,Tinea,6,0.052576228976249695,0.06001538783311844,0.0464375801384449,0.055407728999853134,0.06719956547021866,0.045966826379299164,0.672396719455719
datasets\data\test\Tinea\train_tinped5__ProtectWyJQcm90ZWN0Il0_FocusFillWzI5NCwyMjIsInkiLDM2XQ.jpeg,Tinea,6,Tinea,6,0.08089014887809753,0.11926785111427307,0.04970533400774002,0.0944853350520134,0.08282449096441269,0.1349472552537918,0.43787962198257446
datasets\data\test\Tinea\valid_13TineaIncognito2.jpeg,Tinea,6,Tinea,6,0.056708868592977524,0.04923214018344879,0.041408639401197433,0.052877724170684814,0.05401337519288063,0.05945020541548729,0.6863090395927429
datasets\data\test\Tinea\valid_tinea-beard-6.jpeg,Tinea,6,Tinea,6,0.056505367159843445,0.04286191239953041,0.056651853024959564,0.04713408648967743,0.04660454019904137,0.044876255095005035,0.7053658962249756
datasets\data\test\Tinea\valid_tinea-body-118.jpeg,Tinea,6,Tinea,6,0.05192040652036667,0.05103045701980591,0.0526319295167923,0.04993930831551552,0.051985740661621094,0.04647189378738403,0.696020245552063
