path,y_true,y_true_idx,y_pred,y_pred_idx,proba_Acne,proba_Candidiasis,proba_Eczema,proba_NailFungus,proba_Normal,proba_Psoriasis,proba_Tinea
datasets\data\test\Acne\test_07SteroidPerioral1.jpg,Acne,0,Acne,0,0.8400516510009766,9.721396054374054e-05,0.06674979627132416,0.002303875982761383,5.9850957768503577e-05,0.0479382686316967,0.04279928281903267
datasets\data\test\Acne\test_rosacea-10.jpg,Acne,0,Acne,0,0.7656264901161194,0.00022623813129030168,0.09413718432188034,0.0037759309634566307,0.0002312185533810407,0.10602668672800064,0.029976338148117065
datasets\data\test\Acne\test_rosacea-76.jpg,Acne,0,Acne,0,0.423337459564209,0.0023538393434137106,0.08914653956890106,0.060545358806848526,0.0011459804372861981,0.15868334472179413,0.26478755474090576
datasets\data\test\Acne\test_rosacea-84.jpg,Acne,0,Acne,0,0.5347644686698914,0.00019567529670894146,0.05189666897058487,0.10394195467233658,0.0003435633552726358,0.2431456297636032,0.06571203470230103
datasets\data\test\Acne\train_07sebDerem1101052.jpg,Acne,0,Acne,0,0.7070233225822449,0.0003662180679384619,0.1277284324169159,0.0011596528347581625,0.00023361500643659383,0.11936686187982559,0.044121865183115005
datasets\data\test\Acne\train_acne-closed-comedo-10.jpg,Acne,0,Acne,0,0.5518449544906616,0.001620400114916265,0.20700733363628387,0.007687106728553772,0.003151567419990897,0.20422431826591492,0.02446429617702961
datasets\data\test\Acne\train_acne-closed-comedo-2.jpg,Acne,0,Acne,0,0.971424400806427,0.00022848020307719707,0.0025070260744541883,9.655942267272621e-05,7.27780661691213e-06,0.015564711764454842,0.010171526111662388
datasets\data\test\Acne\train_acne-closed-comedo-21.jpg,Acne,0,Acne,0,0.5004181265830994,0.0010335736442357302,0.019118448719382286,0.000568409392144531,7.55817090976052e-05,0.048551298677921295,0.43023455142974854
datasets\data\test\Acne\train_acne-closed-comedo-35.jpg,Acne,0,Acne,0,0.5601740479469299,0.0007367643993347883,0.2186756730079651,0.023983824998140335,0.0012146958615630865,0.11496037989854813,0.08025460690259933
datasets\data\test\Acne\train_acne-cystic-104.jpg,Acne,0,Acne,0,0.5951548218727112,0.0013701848220080137,0.019583038985729218,0.0012726765125989914,0.0002098391851177439,0.36614158749580383,0.016267888247966766
datasets\data\test\Acne\train_acne-cystic-111.jpeg,Acne,0,Acne,0,0.9760645031929016,5.827451968798414e-05,0.00819762609899044,0.00016337446868419647,1.3356896488403436e-05,0.012409428134560585,0.003093415405601263
datasets\data\test\Acne\train_acne-cystic-116.jpeg,Acne,0,Acne,0,0.972007691860199,9.873050294118002e-05,0.004735402762889862,0.00019049250113312155,4.505784818320535e-05,0.013287188485264778,0.009635397233068943
datasets\data\test\Acne\train_acne-cystic-122.jpg,Acne,0,Psoriasis,5,0.012675438076257706,0.007772411219775677,0.06476756930351257,0.020002517849206924,0.002288637449964881,0.7580217123031616,0.13447166979312897
datasets\data\test\Acne\train_acne-cystic-124.jpeg,Acne,0,Acne,0,0.9123150110244751,0.00015275819168891758,0.010283943265676498,0.00025898704188875854,1.3568565009336453e-05,0.018383033573627472,0.058592747896909714
datasets\data\test\Acne\train_acne-cystic-151.jpeg,Acne,0,Acne,0,0.992301344871521,5.3277974075172096e-05,0.0017152451910078526,0.0002944176667369902,6.567231594090117e-06,0.004532189574092627,0.0010969301220029593
datasets\data\test\Acne\train_acne-cystic-16.jpg,Acne,0,Acne,0,0.917952835559845,8.291888661915436e-05,0.019617820158600807,0.0001400236797053367,1.3117007256369106e-05,0.04462781548500061,0.017565425485372543
datasets\data\test\Acne\train_acne-cystic-32.jpg,Acne,0,Acne,0,0.9597271084785461,3.6116252886131406e-05,0.013992206193506718,0.0002090165944537148,1.1273066775174811e-05,0.015855632722377777,0.01016853004693985
datasets\data\test\Acne\train_acne-cystic-5.jpg,Acne,0,Acne,0,0.6553105711936951,0.0019969807472079992,0.16112016141414642,0.0012924297479912639,0.0002459035604260862,0.14464940130710602,0.035384513437747955
datasets\data\test\Acne\train_acne-cystic-58.jpg,Acne,0,Acne,0,0.7440416812896729,0.0015156007139012218,0.06913851201534271,0.007526664528995752,0.001554722199216485,0.13699853420257568,0.03922421857714653
datasets\data\test\Acne\train_acne-cystic-85.jpeg,Acne,0,Acne,0,0.6106114983558655,0.00031279827817343175,0.10271746665239334,0.004287200514227152,0.0002738221955951303,0.06435757875442505,0.21743962168693542
datasets\data\test\Acne\train_acne-cystic-99.jpeg,Acne,0,Acne,0,0.9215983748435974,0.0002545522293075919,0.022915946319699287,0.0004650017654057592,4.5007731387158856e-05,0.025637483224272728,0.029083602130413055
datasets\data\test\Acne\train_acne-excoriated-17.jpg,Acne,0,Psoriasis,5,0.28654736280441284,0.0011930237524211407,0.0250107254832983,0.21744830906391144,0.0008325772359967232,0.3819383680820465,0.08702962845563889
datasets\data\test\Acne\train_acne-excoriated-20.jpeg,Acne,0,Acne,0,0.9432634711265564,2.7350837626727298e-05,0.01608557067811489,0.0012114507844671607,1.4279416063800454e-05,0.023980164900422096,0.015417653135955334
datasets\data\test\Acne\train_acne-face-1-16__ProtectWyJQcm90ZWN0Il0_FocusFillWzI5NCwyMjIsInkiLDg1XQ.jpeg,Acne,0,Acne,0,0.9804161190986633,0.0002289011754328385,0.00035873413435183465,5.717521707993001e-05,3.36827797582373e-05,0.015695836395025253,0.003209518501535058
datasets\data\test\Acne\train_acne-face-1-26__ProtectWyJQcm90ZWN0Il0_FocusFillWzI5NCwyMjIsIngiLDFd.jpeg,Acne,0,Acne,0,0.9509882926940918,0.00036877472302876413,0.0042275236919522285,0.0007526972913183272,0.00032164889853447676,0.010711722075939178,0.03262937813997269
datasets\data\test\Acne\train_acne-face-1-28__ProtectWyJQcm90ZWN0Il0_FocusFillWzI5NCwyMjIsIngiLDFd.jpeg,Acne,0,Acne,0,0.8680318593978882,0.002726989798247814,0.012335555627942085,0.004942369181662798,0.0015757182845845819,0.08460801839828491,0.02577948197722435
datasets\data\test\Acne\train_acne-face-1-28__WatermarkedWyJXYXRlcm1hcmtlZCJd (1).jpeg,Acne,0,Acne,0,0.7878634929656982,0.0058618513867259026,0.035346146672964096,0.014071408659219742,0.005618687253445387,0.08307986706495285,0.06815856695175171
datasets\data\test\Acne\train_acne-face-1-29__ProtectWyJQcm90ZWN0Il0_FocusFillWzI5NCwyMjIsIngiLDFd.jpeg,Acne,0,Acne,0,0.9490573406219482,0.0011594899697229266,0.0022399621084332466,0.00020323121862020344,0.0002482759009581059,0.030725477263331413,0.01636628992855549
datasets\data\test\Acne\train_acne-face-1-44__ProtectWyJQcm90ZWN0Il0_FocusFillWzI5NCwyMjIsInkiLDg1XQ.jpeg,Acne,0,Acne,0,0.9872807860374451,0.0007198131061159074,0.00045242602936923504,7.637332601007074e-05,7.314149115700275e-05,0.005373744759708643,0.00602379534393549
datasets\data\test\Acne\train_acne-face-1-5__ProtectWyJQcm90ZWN0Il0_FocusFillWzI5NCwyMjIsIngiLDFd.jpeg,Acne,0,Acne,0,0.9971556663513184,1.7576183381606825e-05,0.00017703860066831112,3.885991191054927e-06,1.3262992979434785e-06,0.0022129712160676718,0.0004315458645578474
datasets\data\test\Acne\train_acne-face-11-1__ProtectWyJQcm90ZWN0Il0_FocusFillWzI5NCwyMjIsIngiLDFd.jpeg,Acne,0,Acne,0,0.9592851400375366,0.0029689178336411715,0.0029194054659456015,0.0016946991672739387,0.00031055029830895364,0.020510440692305565,0.012310788035392761
datasets\data\test\Acne\train_acne-face-19-1__ProtectWyJQcm90ZWN0Il0_FocusFillWzI5NCwyMjIsIngiLDFd.jpeg,Acne,0,Acne,0,0.9562874436378479,0.0002453300403431058,0.00530648697167635,6.067967842682265e-05,5.000383680453524e-05,0.02398965321481228,0.014060323126614094
datasets\data\test\Acne\train_acne-face-2-10__ProtectWyJQcm90ZWN0Il0_FocusFillWzI5NCwyMjIsIngiLDFd.jpeg,Acne,0,Acne,0,0.937620222568512,8.430919115198776e-05,0.004182151984423399,0.0007174199563451111,8.995566895464435e-05,0.047827158123254776,0.009478799067437649
datasets\data\test\Acne\train_acne-face-2-24__ProtectWyJQcm90ZWN0Il0_FocusFillWzI5NCwyMjIsIngiLDFd.jpeg,Acne,0,Acne,0,0.8982594609260559,0.0009343685815110803,0.0033656759187579155,3.860926881316118e-05,6.551731348736212e-05,0.0939030647277832,0.003433269215747714
datasets\data\test\Acne\train_acne-face-2-26__ProtectWyJQcm90ZWN0Il0_FocusFillWzI5NCwyMjIsInkiLDg1XQ.jpeg,Acne,0,Acne,0,0.9810478687286377,0.0003568868851289153,0.0014524466823786497,0.00011741145135601982,3.7208614230621606e-05,0.01496310904622078,0.002025056164711714
datasets\data\test\Acne\train_acne-face-2-36__ProtectWyJQcm90ZWN0Il0_FocusFillWzI5NCwyMjIsIngiLDFd.jpeg,Acne,0,Acne,0,0.9923978447914124,6.1592672864208e-06,7.525983528466895e-05,4.162587629252812e-06,7.738222848274745e-06,0.006761297583580017,0.0007475838647224009
datasets\data\test\Acne\train_acne-face-3-19__ProtectWyJQcm90ZWN0Il0_FocusFillWzI5NCwyMjIsIngiLDFd.jpeg,Acne,0,Acne,0,0.9113457798957825,0.0007732934318482876,0.01160553190857172,0.003006979124620557,0.0005231778486631811,0.06204888969659805,0.010696254670619965
datasets\data\test\Acne\train_acne-face-3-22__ProtectWyJQcm90ZWN0Il0_FocusFillWzI5NCwyMjIsIngiLDFd.jpeg,Acne,0,Acne,0,0.9869475364685059,9.075569687411189e-05,0.000549151620361954,0.0001264362217625603,2.3578779291710816e-05,0.011158309876918793,0.0011042250553146005
datasets\data\test\Acne\train_acne-face-3-6__ProtectWyJQcm90ZWN0Il0_FocusFillWzI5NCwyMjIsIngiLDFd.jpeg,Acne,0,Acne,0,0.9717340469360352,0.00012980141036678106,0.0015604413347318769,0.0001279830903513357,3.691671372507699e-05,0.020597029477357864,0.005813733208924532
datasets\data\test\Acne\train_acne-face-3-8__ProtectWyJQcm90ZWN0Il0_FocusFillWzI5NCwyMjIsIngiLDFd.jpeg,Acne,0,Acne,0,0.9983377456665039,3.655800537671894e-05,5.4703767091268674e-05,1.2497918078224757e-06,7.162072961364174e-07,0.0012996196746826172,0.0002694054855965078
datasets\data\test\Acne\train_acne-face-4-14__ProtectWyJQcm90ZWN0Il0_FocusFillWzI5NCwyMjIsIngiLDFd.jpeg,Acne,0,Acne,0,0.9833389520645142,0.0003188540867995471,0.001359369489364326,0.00011397610796848312,8.772979344939813e-05,0.011856954544782639,0.0029242457821965218
datasets\data\test\Acne\train_acne-face-4-6__ProtectWyJQcm90ZWN0Il0_FocusFillWzI5NCwyMjIsIngiLDFd.jpeg,Acne,0,Acne,0,0.7915392518043518,0.0001928019628394395,0.012703722342848778,0.0023454679176211357,0.00041240587597712874,0.062279485166072845,0.1305268257856369
datasets\data\test\Acne\train_acne-face-5-3__ProtectWyJQcm90ZWN0Il0_FocusFillWzI5NCwyMjIsIngiLDFd.jpeg,Acne,0,Acne,0,0.9722220301628113,0.00020832238078583032,0.000843590300064534,0.00024889616179279983,4.7159344831015915e-05,0.011635929346084595,0.014794016256928444
datasets\data\test\Acne\train_acne-face-55__ProtectWyJQcm90ZWN0Il0_FocusFillWzI5NCwyMjIsIngiLDFd.jpeg,Acne,0,Acne,0,0.898404061794281,0.00017528740863781422,0.013407024554908276,0.00010248340549878776,3.317359005450271e-05,0.08336451649665833,0.004513419698923826
datasets\data\test\Acne\train_acne-face-66__ProtectWyJQcm90ZWN0Il0_FocusFillWzI5NCwyMjIsIngiLDFd.jpeg,Acne,0,Acne,0,0.9679325819015503,0.0001828485110308975,0.0022591054439544678,6.003933594911359e-05,8.522722055204213e-05,0.0126346992328763,0.016845395788550377
datasets\data\test\Acne\train_acne-face-7-1__ProtectWyJQcm90ZWN0Il0_FocusFillWzI5NCwyMjIsIngiLDE4XQ.jpeg,Acne,0,Acne,0,0.9836663007736206,0.00036505376920104027,0.0007639089017175138,0.0001795787684386596,4.416597221279517e-05,0.012341546826064587,0.0026393805164843798
datasets\data\test\Acne\train_acne-face-74__ProtectWyJQcm90ZWN0Il0_FocusFillWzI5NCwyMjIsIngiLDFd.jpeg,Acne,0,Acne,0,0.9062846899032593,0.04318093881011009,0.005006869323551655,0.0004807816003449261,0.0007780499872751534,0.03912656381726265,0.005142051726579666
datasets\data\test\Acne\train_acne-face-77__ProtectWyJQcm90ZWN0Il0_FocusFillWzI5NCwyMjIsIngiLDFd.jpeg,Acne,0,Acne,0,0.8706324696540833,0.027418844401836395,0.025654802098870277,0.0007019736804068089,0.0005285405786707997,0.04651263728737831,0.028550682589411736
datasets\data\test\Acne\train_acne-face-78__ProtectWyJQcm90ZWN0Il0_FocusFillWzI5NCwyMjIsIngiLDFd.jpeg,Acne,0,Acne,0,0.9831287264823914,7.036060560494661e-05,0.003072233172133565,4.747285129269585e-05,1.5949590306263417e-05,0.01037820614874363,0.0032870599534362555
datasets\data\test\Acne\train_acne-histology-3.jpg,Acne,0,Psoriasis,5,0.2174081653356552,0.0065950918942689896,0.054084744304418564,0.015008877962827682,0.16986748576164246,0.34339720010757446,0.19363847374916077
datasets\data\test\Acne\train_acne-infantile-9.jpg,Acne,0,Acne,0,0.915434718132019,0.0005988890188746154,0.04207570478320122,0.0003530090907588601,5.9296635299688205e-05,0.02855510264635086,0.012923303060233593
datasets\data\test\Acne\train_acne-open-comedo-10.jpeg,Acne,0,Acne,0,0.6828616857528687,0.0026163794100284576,0.03973895683884621,0.027459878474473953,0.009495606645941734,0.08840495347976685,0.1494225412607193
datasets\data\test\Acne\train_acne-open-comedo-12.jpeg,Acne,0,Acne,0,0.6708738207817078,7.124244439182803e-05,0.07673816382884979,0.008546574972569942,0.013713697902858257,0.04802054166793823,0.18203599750995636
datasets\data\test\Acne\train_acne-open-comedo-22.jpeg,Acne,0,Acne,0,0.9402033686637878,0.0003800694248639047,0.006886117160320282,0.00777814444154501,0.00015953635738696903,0.02386530488729477,0.020727526396512985
datasets\data\test\Acne\train_acne-open-comedo-38.jpeg,Acne,0,Acne,0,0.5123416185379028,0.009176502004265785,0.15051120519638062,0.02225097455084324,0.0013693512883037329,0.1507246047258377,0.1536257565021515
datasets\data\test\Acne\train_acne-open-comedo-57.jpg,Acne,0,Acne,0,0.6394635438919067,0.00031512827263213694,0.02503514289855957,0.04393066093325615,0.0004848688840866089,0.11498567461967468,0.17578501999378204
datasets\data\test\Acne\train_acne-open-comedo-65.jpeg,Acne,0,Acne,0,0.46944570541381836,0.00017392323934473097,0.026145420968532562,0.011128954589366913,0.0002523288130760193,0.06209085136651993,0.4307628273963928
datasets\data\test\Acne\train_acne-open-comedo-69.jpeg,Acne,0,Acne,0,0.7813006043434143,0.0007865115767344832,0.03653605282306671,0.014405051246285439,0.0004827223310712725,0.12120480090379715,0.045284222811460495
datasets\data\test\Acne\train_acne-open-comedo-8.jpeg,Acne,0,Acne,0,0.9547138810157776,0.002619018778204918,0.004514327738434076,0.0003063433978240937,4.135312337893993e-05,0.027358559891581535,0.010446539148688316
datasets\data\test\Acne\train_acne-primary-lesion-7.jpg,Acne,0,Acne,0,0.7158836126327515,0.00035631784703582525,0.010629912838339806,0.0030961076263338327,0.03172282874584198,0.1426834613084793,0.0956278070807457
datasets\data\test\Acne\train_acne-pustular-34.jpeg,Acne,0,Acne,0,0.8962187170982361,0.002892623422667384,0.002055164659395814,0.0015183498617261648,0.0001139801534009166,0.06672979891300201,0.0304713174700737
datasets\data\test\Acne\train_acne-pustular-40.jpeg,Acne,0,Acne,0,0.950433611869812,0.005002533085644245,0.0075405859388411045,0.00039862465928308666,7.70354236010462e-05,0.028374014422297478,0.008173524402081966
datasets\data\test\Acne\train_acne-pustular-48.jpeg,Acne,0,Acne,0,0.7796805500984192,0.00025060088955797255,0.048034217208623886,0.0008418384823016822,5.998084452585317e-05,0.16101683676242828,0.010115974582731724
datasets\data\test\Acne\train_acne-pustular-50.jpeg,Acne,0,Acne,0,0.924246072769165,7.848141831345856e-05,0.012701011262834072,0.0015049439389258623,2.492580097168684e-05,0.05310523509979248,0.008339418098330498
datasets\data\test\Acne\train_acne-pustular-53.jpeg,Acne,0,Acne,0,0.983873188495636,6.4413147811137605e-06,0.003352782456204295,0.00027611906989477575,8.288052413263358e-07,0.0077061280608177185,0.004784544929862022
datasets\data\test\Acne\train_acne-pustular-54.jpeg,Acne,0,Acne,0,0.9161414504051208,0.0006702847313135862,0.04483475536108017,0.0006698188954032958,2.9030667064944282e-05,0.018517043441534042,0.01913759484887123
datasets\data\test\Acne\train_acne-pustular-56.jpeg,Acne,0,Acne,0,0.7964520454406738,8.431589958490804e-05,0.09967184066772461,0.0002668223751243204,5.0146394642069936e-05,0.08015497028827667,0.023319941014051437
datasets\data\test\Acne\train_acne-pustular-65.jpeg,Acne,0,Acne,0,0.8201782703399658,0.0013461938360705972,0.018614815548062325,0.008830753155052662,0.00045249355025589466,0.09945905953645706,0.05111835151910782
datasets\data\test\Acne\train_acne-pustular-69.jpeg,Acne,0,Acne,0,0.9223436117172241,0.0007655840017832816,0.014286618679761887,0.001524637802504003,0.00010209596803179011,0.03417390584945679,0.026803504675626755
datasets\data\test\Acne\train_acne-pustular-74.jpeg,Acne,0,Acne,0,0.9309219121932983,0.00011489343160064891,0.012094970792531967,0.000372257549315691,2.0503397536231205e-05,0.01961786486208439,0.03685758262872696
datasets\data\test\Acne\train_gram-negative-folliculitis-1.jpg,Acne,0,Acne,0,0.9012042880058289,0.0003622216172516346,0.030918370932340622,0.0021569000091403723,0.00013632977788802236,0.03164947032928467,0.03357240930199623
datasets\data\test\Acne\train_hidradenitis-suppurativa-21.jpg,Acne,0,Acne,0,0.7181461453437805,0.0011599607532843947,0.14483200013637543,0.0020921737886965275,0.00048606243217363954,0.05691073462367058,0.07637287676334381
datasets\data\test\Acne\train_hidradenitis-suppurativa-4.jpg,Acne,0,Acne,0,0.9128836989402771,0.0004925401299260557,0.010756808333098888,0.0012126502115279436,0.000273317564278841,0.04453815519809723,0.029842760413885117
datasets\data\test\Acne\train_hidradenitis-suppurativa-41.jpg,Acne,0,Eczema,2,0.11515508592128754,0.01272197999060154,0.45225468277931213,0.15100540220737457,0.0026503163389861584,0.1992054283618927,0.06700700521469116
datasets\data\test\Acne\train_hidradenitis-suppurativa-52.jpg,Acne,0,Acne,0,0.8675875663757324,0.002905912697315216,0.04410434514284134,0.003399187233299017,0.0009092008112929761,0.04368850216269493,0.03740527853369713
datasets\data\test\Acne\train_hidradenitis-suppurativa-64.jpg,Acne,0,Acne,0,0.937681257724762,0.0004717702977359295,0.004195073619484901,0.0038723971229046583,0.0003409609489608556,0.026103483512997627,0.027335092425346375
datasets\data\test\Acne\train_hidradenitis-suppurativa-65.jpg,Acne,0,Acne,0,0.7772713899612427,0.016131283715367317,0.020470459014177322,0.002698412397876382,0.0008417819044552743,0.06081418693065643,0.12177251279354095
datasets\data\test\Acne\train_hidradenitis-suppurativa-66.jpg,Acne,0,Acne,0,0.5097168684005737,0.006466491147875786,0.029189646244049072,0.025610119104385376,0.0009427514160051942,0.10771676898002625,0.3203573226928711
datasets\data\test\Acne\train_hidradenitis-suppurativa-92.jpg,Acne,0,Acne,0,0.8214219212532043,0.0034183147363364697,0.005102433264255524,0.0034260479733347893,0.0005184082547202706,0.054783791303634644,0.11132913082838058
datasets\data\test\Acne\train_Hidradenitis-Suppurativa-Areola-2.jpg,Acne,0,Eczema,2,0.3323596715927124,0.00013202638365328312,0.35243234038352966,0.011544335633516312,0.0002837068750523031,0.09251249581575394,0.21073535084724426
datasets\data\test\Acne\train_milia-13.jpg,Acne,0,Psoriasis,5,0.26559165120124817,0.0005883193807676435,0.14464211463928223,0.014678005129098892,0.0011174213141202927,0.3448313772678375,0.22855108976364136
datasets\data\test\Acne\train_perioral-dermatitis-102.jpg,Acne,0,Acne,0,0.6627740859985352,0.0009362867567688227,0.019875776022672653,0.004592456389218569,0.00025058959727175534,0.029473604634404182,0.28209713101387024
datasets\data\test\Acne\train_perioral-dermatitis-105.jpg,Acne,0,Acne,0,0.8782930970191956,0.0006812679930590093,0.05784614011645317,0.0018225194653496146,0.0007921983487904072,0.045766882598400116,0.01479791197925806
datasets\data\test\Acne\train_perioral-dermatitis-118.jpg,Acne,0,Acne,0,0.9005332589149475,0.0007096873596310616,0.012848113663494587,0.003453632351011038,0.00016298230912070721,0.037140216678380966,0.045152075588703156
datasets\data\test\Acne\train_perioral-dermatitis-122.jpg,Acne,0,Acne,0,0.8724746108055115,9.318299271399155e-05,0.07981119304895401,0.0010400570463389158,0.0001352333347313106,0.04037751629948616,0.006068204529583454
datasets\data\test\Acne\train_perioral-dermatitis-124.jpg,Acne,0,Acne,0,0.8700292706489563,0.0001240143901668489,0.03128694370388985,0.002116396091878414,7.485328387701884e-05,0.07304704189300537,0.02332151308655739
datasets\data\test\Acne\train_perioral-dermatitis-129.jpg,Acne,0,Acne,0,0.6530871391296387,0.0031912720296531916,0.1002783328294754,0.021456938236951828,0.0003169071569573134,0.19745591282844543,0.024213453754782677
datasets\data\test\Acne\train_perioral-dermatitis-13.jpg,Acne,0,Acne,0,0.8645515441894531,5.095743836136535e-05,0.02993149124085903,0.0009813819779083133,3.9142847526818514e-05,0.07710320502519608,0.027342205867171288
datasets\data\test\Acne\train_perioral-dermatitis-139.jpg,Acne,0,Psoriasis,5,0.28375110030174255,0.0007153605693019927,0.1287129670381546,0.00444304384291172,0.000315977493301034,0.3976251780986786,0.1844363659620285
datasets\data\test\Acne\train_perioral-dermatitis-22.jpg,Acne,0,Acne,0,0.8247360587120056,0.0009524585912004113,0.03793589398264885,0.0035942704416811466,0.0002982169680763036,0.04063297435641289,0.0918501690030098
datasets\data\test\Acne\train_perioral-dermatitis-26.jpg,Acne,0,Acne,0,0.42860090732574463,0.0026857173070311546,0.35972070693969727,0.0007718249107711017,0.0002952231443487108,0.17475470900535583,0.033170994371175766
datasets\data\test\Acne\train_perioral-dermatitis-3.jpg,Acne,0,Psoriasis,5,0.27260878682136536,0.0002353268937440589,0.10873544216156006,0.05081668868660927,0.0009933114051818848,0.4750661551952362,0.09154436737298965
datasets\data\test\Acne\train_perioral-dermatitis-54.jpg,Acne,0,Acne,0,0.6783881783485413,0.0016300829593092203,0.07760471105575562,0.0011014881310984492,0.00033653227728791535,0.19085676968097687,0.0500822439789772
datasets\data\test\Acne\train_perioral-dermatitis-59.jpg,Acne,0,Acne,0,0.7545109391212463,0.0004993953625671566,0.05481972172856331,0.016164889559149742,0.0009243697859346867,0.11585631221532822,0.057224370539188385
datasets\data\test\Acne\train_perioral-dermatitis-99.jpg,Acne,0,Acne,0,0.9931498169898987,4.10808661399642e-06,0.001784290187060833,4.6844102143950295e-06,3.2057747034741624e-07,0.004416625946760178,0.0006401030113920569
datasets\data\test\Acne\train_rosacea-17.jpg,Acne,0,Acne,0,0.8414506912231445,0.0003653526655398309,0.04819818586111069,0.001751602627336979,0.00030646316008642316,0.07890872657299042,0.029018955305218697
datasets\data\test\Acne\train_rosacea-41.jpg,Acne,0,Acne,0,0.5747807025909424,0.0020484060514718294,0.12102226912975311,0.019214918836951256,0.11998648196458817,0.049082037061452866,0.11386509984731674
datasets\data\test\Acne\train_rosacea-47.jpg,Acne,0,Acne,0,0.941178560256958,0.00018750852905213833,0.01879119500517845,0.0006608085823245347,5.111343489261344e-05,0.03322760760784149,0.005903136916458607
datasets\data\test\Acne\train_rosacea-51.jpg,Acne,0,Acne,0,0.9832051396369934,0.0001909123529912904,0.002688477747142315,4.984147017239593e-05,6.996835509198718e-06,0.011744116432964802,0.0021144722122699022
datasets\data\test\Acne\train_rosacea-57.jpg,Acne,0,Acne,0,0.9609684944152832,9.06223212950863e-05,0.008427889086306095,0.0002791249717120081,1.5087683095771354e-05,0.025162622332572937,0.005056144669651985
datasets\data\test\Acne\train_rosacea-69.jpg,Acne,0,Psoriasis,5,0.002568998374044895,0.004488994367420673,0.08995367586612701,0.11782757192850113,0.0054468559101223946,0.7017681002616882,0.07794582843780518
datasets\data\test\Acne\train_rosacea-83.jpg,Acne,0,Acne,0,0.804576575756073,0.0011135769309476018,0.047125935554504395,0.00042870317702181637,0.0003045705961994827,0.10527075827121735,0.04117988049983978
datasets\data\test\Acne\train_rosacea-89.jpg,Acne,0,Acne,0,0.48302119970321655,0.006419812794774771,0.025720257312059402,0.022294651716947556,0.000841766654048115,0.09597878903150558,0.36572349071502686
datasets\data\test\Acne\train_rosacea-9.jpg,Acne,0,Acne,0,0.5549784302711487,0.002863963833078742,0.1107528954744339,0.0012541573960334063,0.0005688443779945374,0.19049008190631866,0.1390916258096695
datasets\data\test\Acne\train_rosacea-90.jpg,Acne,0,Eczema,2,0.19155138731002808,0.0005611739470623434,0.3281649053096771,0.07305193692445755,0.0007556849159300327,0.2942292392253876,0.1116856262087822
datasets\data\test\Acne\train_rosacea-92.jpg,Acne,0,Tinea,6,0.20920045673847198,0.0008201470482163131,0.0913911759853363,0.020598845556378365,0.00014805332466494292,0.10415578633546829,0.5736855268478394
datasets\data\test\Acne\train_rosacea-97.jpg,Acne,0,Acne,0,0.9741299748420715,3.3517218980705366e-05,0.00782808568328619,3.533991184667684e-05,2.85194550997403e-06,0.016976559534668922,0.000993607216514647
datasets\data\test\Acne\train_rosacea-nose-38.jpg,Acne,0,Acne,0,0.9043455719947815,0.00015683853416703641,0.01218120101839304,0.0007275336538441479,6.916724669281393e-05,0.06500355154275894,0.017516164109110832
datasets\data\test\Acne\train_rosacea-nose-41.jpg,Acne,0,Acne,0,0.8144903779029846,0.0008085462031885982,0.051373858004808426,0.0019975006580352783,0.0003098968882113695,0.09611563384532928,0.03490421921014786
datasets\data\test\Acne\train_rosacea-nose-7.jpg,Acne,0,Acne,0,0.8424660563468933,0.001011007814668119,0.02782183513045311,0.00023723456251900643,6.016223778715357e-05,0.04696398228406906,0.08143974095582962
datasets\data\test\Acne\train_rosacea-steroid-4.jpg,Acne,0,Psoriasis,5,0.24203528463840485,0.0016277217073366046,0.23197993636131287,0.001402580994181335,0.0022385078482329845,0.40680432319641113,0.1139117032289505
datasets\data\test\Acne\train_sebaceous-glands-upper-lip-1.jpg,Acne,0,Acne,0,0.9773288369178772,0.0008512000204063952,0.001411125878803432,0.00017443484102841467,2.0045117707923055e-05,0.009649040177464485,0.010565297678112984
datasets\data\test\Acne\valid_179__ProtectWyJQcm90ZWN0Il0_FocusFillWzI5NCwyMjIsIngiLDFd.jpeg,Acne,0,Acne,0,0.9730686545372009,2.81343800452305e-05,0.003317219205200672,1.0279627531417646e-05,1.3476795174938161e-05,0.017723126336932182,0.005839171353727579
datasets\data\test\Acne\valid_194__ProtectWyJQcm90ZWN0Il0_FocusFillWzI5NCwyMjIsIngiLDFd.jpeg,Acne,0,Acne,0,0.9594812989234924,0.00016481743659824133,0.0032798973843455315,8.583461749367416e-05,0.0002238861779915169,0.03335293009877205,0.0034114234149456024
datasets\data\test\Acne\valid_acne-comedones-57-v2__ProtectWyJQcm90ZWN0Il0_FocusFillWzI5NCwyMjIsIngiLDE3XQ.jpeg,Acne,0,Acne,0,0.9746367931365967,0.001482123858295381,0.0015805498696863651,0.000294647878035903,0.00018772213661577553,0.007612389046698809,0.014205684885382652
datasets\data\test\Acne\valid_acne-cystic-33.jpeg,Acne,0,Acne,0,0.9398206472396851,0.0010490772547200322,0.03167593851685524,0.00010426443623146042,9.8240689112572e-06,0.019462840631604195,0.007877366617321968
datasets\data\test\Candidiasis\test_1308__ProtectWyJQcm90ZWN0Il0_FocusFillWzI5NCwyMjIsIngiLDFd.jpeg,Candidiasis,1,Candidiasis,1,0.08456933498382568,0.7026865482330322,0.004070232156664133,0.00040493658161722124,0.0008945011650212109,0.06257708370685577,0.14479735493659973
datasets\data\test\Candidiasis\test_candidiasis-large-skin-folds-172.jpeg,Candidiasis,1,Candidiasis,1,0.0009679412469267845,0.7605882287025452,0.0019195381319150329,0.0004995940253138542,4.301435546949506e-05,0.006514456123113632,0.2294672131538391
datasets\data\test\Candidiasis\train_1285-small__ProtectWyJQcm90ZWN0Il0_FocusFillWzI5NCwyMjIsInkiLDg1XQ.jpeg,Candidiasis,1,Candidiasis,1,0.045559465885162354,0.8566469550132751,0.0048140776343643665,0.0007708990597166121,0.008190130814909935,0.039732806384563446,0.04428562894463539
datasets\data\test\Candidiasis\train_1295-small__ProtectWyJQcm90ZWN0Il0_FocusFillWzI5NCwyMjIsInkiLDg1XQ.jpeg,Candidiasis,1,Candidiasis,1,0.012829996645450592,0.5722072720527649,0.016807934269309044,0.006796594243496656,0.14159727096557617,0.20721687376499176,0.042544037103652954
datasets\data\test\Candidiasis\train_1296__ProtectWyJQcm90ZWN0Il0_FocusFillWzI5NCwyMjIsIngiLDFd.jpeg,Candidiasis,1,Candidiasis,1,6.588827091036364e-05,0.8821114301681519,0.0025173532776534557,2.6374425942776725e-05,3.277426731074229e-05,0.007662396412342787,0.10758379846811295
datasets\data\test\Candidiasis\train_1311-small__ProtectWyJQcm90ZWN0Il0_FocusFillWzI5NCwyMjIsIngiLDFd.jpeg,Candidiasis,1,Candidiasis,1,0.2047540694475174,0.2910972237586975,0.016857314854860306,0.0033774436451494694,0.22436057031154633,0.19269420206546783,0.0668591558933258
datasets\data\test\Candidiasis\train_13CandidaAxillae020210.jpeg,Candidiasis,1,Tinea,6,0.008916676044464111,0.020092342048883438,0.037521664053201675,0.0023116464726626873,0.00012632564175873995,0.005978832952678204,0.9250524640083313
datasets\data\test\Candidiasis\train_13CandidaBreast.jpeg,Candidiasis,1,Candidiasis,1,0.00839119404554367,0.7262648940086365,0.014388062991201878,0.002011164091527462,0.00029807936516590416,0.019347134977579117,0.2292994260787964
datasets\data\test\Candidiasis\train_candida-groin-14.jpeg,Candidiasis,1,Candidiasis,1,0.005086093209683895,0.8001464605331421,0.02198622189462185,0.0010411277180537581,0.00039212856790982187,0.013244095258414745,0.15810386836528778
datasets\data\test\Candidiasis\train_candida-penis-24.jpeg,Candidiasis,1,Candidiasis,1,0.006041711661964655,0.630333662033081,0.02561255358159542,0.006306072231382132,0.0006515528075397015,0.1998823583126068,0.1311720609664917
datasets\data\test\Candidiasis\train_candida-penis-25.jpeg,Candidiasis,1,Candidiasis,1,2.7848729587276466e-05,0.9934294819831848,6.357062375172973e-05,4.605532467394369e-06,1.47926058957637e-07,0.0027523378375917673,0.003721951274201274
datasets\data\test\Candidiasis\train_candida-penis-47.jpeg,Candidiasis,1,Candidiasis,1,0.011321963742375374,0.8312343955039978,0.008759420365095139,0.0023463924881070852,0.0013157594949007034,0.09438613802194595,0.050635937601327896
datasets\data\test\Candidiasis\train_Candida-penis-765.jpeg,Candidiasis,1,Candidiasis,1,0.008765206672251225,0.723778486251831,0.005428651813417673,0.0024092989042401314,0.00026399141643196344,0.21885532140731812,0.04049898684024811
datasets\data\test\Candidiasis\train_candidiasis-diaper-25.jpeg,Candidiasis,1,Tinea,6,0.03420184552669525,0.023344868794083595,0.3343912363052368,0.023497341200709343,0.002599729225039482,0.23182201385498047,0.3501429259777069
datasets\data\test\Candidiasis\train_candidiasis-diaper-31.jpeg,Candidiasis,1,Candidiasis,1,0.0032825926318764687,0.7663038372993469,0.05258955806493759,0.0010767652420327067,0.0002831598976626992,0.12497685104608536,0.05148721858859062
datasets\data\test\Candidiasis\train_candidiasis-large-skin-folds-117.jpeg,Candidiasis,1,Candidiasis,1,0.00027253583539277315,0.8850408792495728,0.0015417011454701424,5.807517300127074e-05,3.272993490099907e-05,0.0069206529296934605,0.10613349080085754
datasets\data\test\Candidiasis\train_candidiasis-large-skin-folds-131.jpeg,Candidiasis,1,Candidiasis,1,0.029779458418488503,0.8388060927391052,0.0014663180336356163,0.0004138236108701676,0.00011138900299556553,0.0145180094987154,0.11490482091903687
datasets\data\test\Candidiasis\train_candidiasis-large-skin-folds-142.jpeg,Candidiasis,1,Candidiasis,1,0.0005936100496910512,0.8971776366233826,0.0022399257868528366,0.00010229939653072506,4.3789579649455845e-05,0.009808050468564034,0.09003479033708572
datasets\data\test\Candidiasis\train_candidiasis-large-skin-folds-163.jpeg,Candidiasis,1,Tinea,6,0.006470728199928999,0.3700281083583832,0.10166963189840317,0.002875658217817545,0.00018253065354656428,0.08668694645166397,0.43208634853363037
datasets\data\test\Candidiasis\train_candidiasis-large-skin-folds-166.jpeg,Candidiasis,1,Candidiasis,1,0.03478272631764412,0.548247218132019,0.0032717138528823853,0.0005011460743844509,0.0007402896299026906,0.11259093880653381,0.2998659610748291
datasets\data\test\Candidiasis\train_candidiasis-large-skin-folds-17.jpeg,Candidiasis,1,Tinea,6,0.012574994936585426,0.29574570059776306,0.14214935898780823,0.0010081387590616941,0.0013979867799207568,0.13755148649215698,0.4095723330974579
datasets\data\test\Candidiasis\train_candidiasis-large-skin-folds-170.jpeg,Candidiasis,1,Candidiasis,1,0.0004381359613034874,0.9369574189186096,0.001804658561013639,0.0003006093902513385,2.4012069843593054e-05,0.010388149879872799,0.05008711293339729
datasets\data\test\Candidiasis\train_candidiasis-large-skin-folds-175.jpeg,Candidiasis,1,Candidiasis,1,0.005211465992033482,0.8504718542098999,0.04443879425525665,0.008124656043946743,0.0011797422775998712,0.019570810720324516,0.07100271433591843
datasets\data\test\Candidiasis\train_candidiasis-large-skin-folds-176.jpeg,Candidiasis,1,Candidiasis,1,0.0007191678741946816,0.9534321427345276,0.0023027313873171806,0.0001754586846800521,7.897492469055578e-05,0.006054014433175325,0.0372374951839447
datasets\data\test\Candidiasis\train_candidiasis-large-skin-folds-95.jpeg,Candidiasis,1,Candidiasis,1,5.140856956131756e-05,0.9598764777183533,0.00043311811168678105,2.460153382344288e-06,1.13047246941278e-06,0.003173586679622531,0.03646183758974075
datasets\data\test\Candidiasis\train_candidiasis-mouth-11.jpeg,Candidiasis,1,Psoriasis,5,0.054896797984838486,0.07404045760631561,0.06782471388578415,0.02026127465069294,0.006722671911120415,0.632526695728302,0.14372743666172028
datasets\data\test\Eczema\test_05Atopic0712046.jpeg,Eczema,2,Eczema,2,0.0025845051277428865,0.0003316575021017343,0.6779810786247253,0.010438241995871067,5.687819793820381e-05,0.24649295210838318,0.06211463734507561
datasets\data\test\Eczema\test_Dyshidrosis-14.jpg,Eczema,2,Tinea,6,0.0028667207807302475,0.00030848084134049714,0.3461233675479889,0.0029861917719244957,6.158632459118962e-05,0.0773257315158844,0.570327877998352
datasets\data\test\Eczema\test_Dyshidrosis-31.jpg,Eczema,2,Eczema,2,0.0009975428692996502,6.286544521572068e-05,0.5226616859436035,0.0005828863359056413,2.3145516934164334e-06,0.4666772186756134,0.009015495888888836
datasets\data\test\Eczema\test_eczema-fingertips-142.jpeg,Eczema,2,Eczema,2,3.08151138597168e-05,9.55518498813035e-06,0.9119705557823181,0.02270110882818699,1.7182775991386734e-05,0.012534764595329762,0.05273597314953804
datasets\data\test\Eczema\test_lichen-simplex-chronicus-177.jpg,Eczema,2,Eczema,2,0.0008159231510944664,6.243344250833616e-05,0.7904605865478516,0.010848463512957096,3.691732126753777e-05,0.14846493303775787,0.049310676753520966
datasets\data\test\Eczema\test_lichen-simplex-chronicus-89.jpg,Eczema,2,Psoriasis,5,0.019425498321652412,0.00017883168766275048,0.06673946231603622,0.038117822259664536,0.0016906128730624914,0.6602950096130371,0.2135528177022934
datasets\data\test\Eczema\test_lichen-simplex-chronicus-91.jpg,Eczema,2,Psoriasis,5,0.13675542175769806,0.001113087753765285,0.15935592353343964,0.009307983331382275,0.0016989208525046706,0.6338558197021484,0.05791277438402176
datasets\data\test\Eczema\test_neurotic-excoriations-13.jpg,Eczema,2,Eczema,2,0.012557253241539001,0.0006115753785707057,0.4643769860267639,0.0073265754617750645,0.0001339626032859087,0.18489272892475128,0.3301009237766266
datasets\data\test\Eczema\test_neurotic-excoriations-27.jpg,Eczema,2,Tinea,6,0.00782990176230669,0.0001817658921936527,0.06711834669113159,0.03914710134267807,0.013086647726595402,0.3068203330039978,0.5658158659934998
datasets\data\test\Eczema\test_pompholyx-7.jpg,Eczema,2,Psoriasis,5,0.16756291687488556,0.0019858020823448896,0.11756210774183273,0.19265399873256683,0.019204525277018547,0.26237061619758606,0.2386600226163864
datasets\data\test\Eczema\test_prurigo-nodularis-22.jpg,Eczema,2,NailFungus,3,0.0033168031368404627,0.0004599866515491158,0.23088312149047852,0.5153972506523132,0.0003088589874096215,0.2043745070695877,0.045259490609169006
datasets\data\test\Eczema\test_stasis-dermatitis-115.jpg,Eczema,2,Eczema,2,0.001266991370357573,8.927223097998649e-05,0.5368426442146301,0.014848155900835991,9.356283408124e-05,0.1699742078781128,0.27688515186309814
datasets\data\test\Eczema\test_stasis-dermatitis-122.jpg,Eczema,2,Eczema,2,0.0030596342403441668,0.0004925796529278159,0.5900188088417053,0.007376170251518488,0.0011110245250165462,0.1251654028892517,0.27277639508247375
datasets\data\test\Eczema\test_stasis-dermatitis-135.jpg,Eczema,2,Tinea,6,0.055485207587480545,0.005736724939197302,0.40588364005088806,0.010363243520259857,0.003789786249399185,0.09052065759897232,0.4282207489013672
datasets\data\test\Eczema\test_stasis-dermatitis-93.jpg,Eczema,2,Eczema,2,7.720217399764806e-05,7.549816473328974e-06,0.952599048614502,0.00017738481983542442,3.33595124857311e-07,0.019762299954891205,0.02737618051469326
datasets\data\test\Eczema\train_chapped-fissured-feet-1.jpg,Eczema,2,Eczema,2,0.00018884139717556536,0.0001881979260360822,0.535223126411438,0.0006879348075017333,1.6366715499316342e-05,0.029721660539507866,0.43397390842437744
datasets\data\test\Eczema\train_chapped-fissured-feet-17.jpg,Eczema,2,Eczema,2,0.0001831047993618995,5.9813246480189264e-05,0.7246119379997253,0.000470039522042498,6.6554352997627575e-06,0.20996755361557007,0.06470091640949249
datasets\data\test\Eczema\train_chapped-fissured-feet-34.jpg,Eczema,2,Eczema,2,8.287455420941114e-05,0.001598635339178145,0.8046432137489319,0.002710158471018076,8.930990588851273e-05,0.13279202580451965,0.05808378756046295
datasets\data\test\Eczema\train_chapped-fissured-feet-5.jpg,Eczema,2,Eczema,2,3.585629747249186e-05,4.7721910959808156e-05,0.8156976699829102,0.0032506852876394987,1.0859571375476662e-05,0.06924319267272949,0.11171413958072662
datasets\data\test\Eczema\train_desquamation-7.jpg,Eczema,2,Eczema,2,0.0003846545296255499,0.0001809202803997323,0.5282782316207886,0.0038237576372921467,2.6858528144657612e-05,0.3489736020565033,0.11833196133375168
datasets\data\test\Eczema\train_Dyshidrosis-17.jpg,Eczema,2,Eczema,2,0.0008725978550501168,3.544410355971195e-05,0.8400256037712097,0.0008705083164386451,1.4174187526805326e-05,0.0943135991692543,0.06386813521385193
datasets\data\test\Eczema\train_Dyshidrosis-23.jpg,Eczema,2,Eczema,2,0.0016609823796898127,0.00014212941459845752,0.8712168335914612,0.002236203756183386,1.2536831491161138e-05,0.10793635994195938,0.016794944182038307
datasets\data\test\Eczema\train_Dyshidrosis-25.jpg,Eczema,2,Eczema,2,0.04267645999789238,0.000164660086738877,0.7688872218132019,0.00034024164779111743,1.3148826838005334e-05,0.11267144978046417,0.0752469077706337
datasets\data\test\Eczema\train_Dyshidrosis-32.jpg,Eczema,2,Eczema,2,0.01452239416539669,0.00021879997802898288,0.6819936633110046,0.000803473754785955,4.628496026271023e-05,0.2621786296367645,0.040236763656139374
datasets\data\test\Eczema\train_Dyshidrosis-38.jpg,Eczema,2,Eczema,2,0.003394707106053829,0.003585514612495899,0.816916286945343,0.003547089407220483,0.0001425371301593259,0.04288175702095032,0.12953205406665802
datasets\data\test\Eczema\train_Dyshidrosis-6.jpg,Eczema,2,Eczema,2,0.002804917050525546,0.00011212073150090873,0.4623816907405853,0.0016065242234617472,3.7938367313472554e-05,0.37727904319763184,0.15577778220176697
datasets\data\test\Eczema\train_eczema-acute-2.jpeg,Eczema,2,Eczema,2,0.001820870442315936,0.00011444458505138755,0.6810351014137268,0.0012132892152294517,1.884975608845707e-05,0.19047819077968597,0.12531918287277222
datasets\data\test\Eczema\train_eczema-areola-10.jpeg,Eczema,2,Eczema,2,0.04223167151212692,0.055351030081510544,0.6071960926055908,0.019708244130015373,0.0006480644224211574,0.04985225945711136,0.22501258552074432
datasets\data\test\Eczema\train_eczema-areola-11.jpeg,Eczema,2,Eczema,2,0.009338787756860256,0.02242845483124256,0.6583498120307922,0.002320952946320176,8.377152698813006e-05,0.02911064401268959,0.2783676087856293
datasets\data\test\Eczema\train_eczema-areola-22.jpeg,Eczema,2,Eczema,2,0.05294032022356987,0.0012783512938767672,0.6132796406745911,0.013522881083190441,0.0009340237593278289,0.20054201781749725,0.11750271916389465
datasets\data\test\Eczema\train_eczema-areola-8.jpeg,Eczema,2,Tinea,6,0.023093506693840027,0.2648468017578125,0.2898293435573578,0.00978066585958004,0.005467836279422045,0.0894041359424591,0.31757768988609314
datasets\data\test\Eczema\train_eczema-asteatotic-15.jpeg,Eczema,2,Eczema,2,6.59079450997524e-05,4.4292792154010385e-05,0.9542140364646912,0.0015865284949541092,1.6472171182613238e-06,0.020241940394043922,0.02384561486542225
datasets\data\test\Eczema\train_eczema-asteatotic-24.jpeg,Eczema,2,Eczema,2,0.001707620220258832,0.0001491039147367701,0.8082177639007568,0.002137413714081049,0.00014218033174984157,0.14032991230487823,0.047316040843725204
datasets\data\test\Eczema\train_eczema-asteatotic-29.jpeg,Eczema,2,Eczema,2,0.0004285885370336473,9.244856482837349e-05,0.7593024373054504,0.0032679138239473104,2.866773138521239e-05,0.08241705596446991,0.15446285903453827
datasets\data\test\Eczema\train_eczema-asteatotic-30.jpeg,Eczema,2,Eczema,2,0.00021424327860586345,0.0001435208396287635,0.949297308921814,0.0025249107275158167,0.00020068392041139305,0.022005343809723854,0.025613848119974136
datasets\data\test\Eczema\train_eczema-asteatotic-39.jpeg,Eczema,2,Eczema,2,7.051903958199546e-05,6.166914681671187e-05,0.9187362790107727,0.0008200563606806099,3.3974652069446165e-06,0.0690978467464447,0.01121026836335659
datasets\data\test\Eczema\train_eczema-asteatotic-53.jpeg,Eczema,2,NailFungus,3,0.006207475904375315,0.00024395038781221956,0.21483565866947174,0.3664664328098297,0.0004474423185456544,0.19640028476715088,0.21539875864982605
datasets\data\test\Eczema\train_eczema-asteatotic-6.jpeg,Eczema,2,Eczema,2,0.00017732975538820028,3.301473770989105e-05,0.9163392186164856,0.006728515960276127,2.7427231543697417e-06,0.043531108647584915,0.03318813443183899
datasets\data\test\Eczema\train_eczema-chronic-12.jpeg,Eczema,2,Eczema,2,0.1421309858560562,0.002935149474069476,0.54336017370224,0.0138019984588027,0.005539166275411844,0.18372049927711487,0.10851200670003891
datasets\data\test\Eczema\train_eczema-chronic-4.jpeg,Eczema,2,Eczema,2,0.0007507026894018054,3.0485858587780967e-05,0.8467673063278198,0.013876696117222309,1.2524896192189772e-05,0.06561160087585449,0.07295066863298416
datasets\data\test\Eczema\train_eczema-chronic-48.jpeg,Eczema,2,Psoriasis,5,0.19160351157188416,0.0009866690961644053,0.16906070709228516,0.003253185423091054,0.0005292720161378384,0.5930085182189941,0.04155818000435829
datasets\data\test\Eczema\train_eczema-fingertips-1.jpeg,Eczema,2,Eczema,2,0.0005065595032647252,0.0015406443271785975,0.45171940326690674,0.1806754171848297,0.0001803126506274566,0.28429630398750305,0.08108135312795639
datasets\data\test\Eczema\train_eczema-fingertips-125.jpeg,Eczema,2,Eczema,2,0.00027815348585136235,0.0005024104029871523,0.8524165153503418,0.03250627592206001,0.00028126404504291713,0.10412250459194183,0.009892881847918034
datasets\data\test\Eczema\train_eczema-fingertips-126.jpeg,Eczema,2,NailFungus,3,0.0014280941104516387,0.002181002637371421,0.3749261796474457,0.41322410106658936,0.001683984068222344,0.1827869862318039,0.023769676685333252
datasets\data\test\Eczema\train_eczema-fingertips-130.jpeg,Eczema,2,Eczema,2,0.0005401134258136153,0.002518041990697384,0.6809839606285095,0.0007334306719712913,2.7197005692869425e-05,0.19477462768554688,0.1204226091504097
datasets\data\test\Eczema\train_eczema-fingertips-143.jpeg,Eczema,2,Eczema,2,1.5295969205908477e-05,8.240568422479555e-05,0.7553018927574158,0.094509057700634,1.618345959286671e-05,0.12672275304794312,0.023352306336164474
datasets\data\test\Eczema\train_eczema-fingertips-26.jpeg,Eczema,2,Eczema,2,5.8922927564708516e-05,2.9790031476295553e-05,0.7520046234130859,0.0002170720399590209,8.275142135971691e-07,0.21899749338626862,0.028691191226243973
datasets\data\test\Eczema\train_eczema-fingertips-27.jpeg,Eczema,2,Eczema,2,0.000426967948442325,1.1078486750193406e-05,0.6694667339324951,0.0003795779193751514,1.3999612065163092e-06,0.27118679881095886,0.05852748081088066
datasets\data\test\Eczema\train_eczema-fingertips-36.jpg,Eczema,2,Eczema,2,0.00016035925364121795,2.3343496650340967e-05,0.9035146832466125,0.014442721381783485,5.552665243158117e-05,0.031309328973293304,0.05049411207437515
datasets\data\test\Eczema\train_eczema-fingertips-43.jpeg,Eczema,2,Eczema,2,0.0011547592002898455,9.035741095431149e-05,0.7495017051696777,0.007344378158450127,3.166158785461448e-05,0.22309762239456177,0.01877950318157673
datasets\data\test\Eczema\train_eczema-fingertips-44.jpeg,Eczema,2,Eczema,2,0.008325276896357536,0.0004126177227590233,0.4957595765590668,0.13714340329170227,0.0003184779197908938,0.3357681632041931,0.022272467613220215
datasets\data\test\Eczema\train_eczema-fingertips-6.jpeg,Eczema,2,Eczema,2,0.00027958606369793415,0.0002830428129527718,0.8127585649490356,0.10973328351974487,9.884777682600543e-05,0.054617203772068024,0.02222953364253044
datasets\data\test\Eczema\train_eczema-fingertips-60.jpeg,Eczema,2,Eczema,2,8.681845793034881e-05,0.00020450149895623326,0.8749704957008362,0.004287989344447851,5.334099842002615e-05,0.05451139062643051,0.06588543951511383
datasets\data\test\Eczema\train_eczema-fingertips-74.jpeg,Eczema,2,Eczema,2,5.355783287086524e-05,0.00011495399667182937,0.9267256259918213,0.003277331357821822,1.5698711649747565e-05,0.05232549458742142,0.01748734526336193
datasets\data\test\Eczema\train_eczema-fingertips-76.jpeg,Eczema,2,Eczema,2,3.2626554457237944e-05,7.51840925659053e-05,0.7763760089874268,0.03885689750313759,5.034188870922662e-05,0.17529916763305664,0.009309735149145126
datasets\data\test\Eczema\train_eczema-fingertips-88.jpeg,Eczema,2,Eczema,2,2.7902520741918124e-05,0.00042031961493194103,0.6596019864082336,0.17172779142856598,0.00017449124425183982,0.14665663242340088,0.02139085717499256
datasets\data\test\Eczema\train_eczema-fingertips-98.jpg,Eczema,2,NailFungus,3,0.007071560248732567,0.016266798600554466,0.326528400182724,0.40616339445114136,0.0009303220431320369,0.0613054484128952,0.181734099984169
datasets\data\test\Eczema\train_eczema-foot-102.jpeg,Eczema,2,Eczema,2,0.002091484609991312,0.0003947086806874722,0.633681058883667,0.008266248740255833,8.219263690989465e-05,0.1949860155582428,0.16049827635288239
datasets\data\test\Eczema\train_eczema-foot-16.jpeg,Eczema,2,Eczema,2,0.0067740981467068195,0.0003202411171514541,0.5570234060287476,0.031980112195014954,0.00024046856560744345,0.17780287563800812,0.22585874795913696
datasets\data\test\Eczema\train_eczema-foot-20.jpeg,Eczema,2,Eczema,2,0.0003426110779400915,0.0006046112393960357,0.60462486743927,0.0006267405115067959,2.1841184207005426e-05,0.2969585359096527,0.09682083874940872
datasets\data\test\Eczema\train_eczema-foot-22.jpeg,Eczema,2,Eczema,2,0.007216319907456636,0.0020881949458271265,0.6448858380317688,0.09351163357496262,0.0004137959040235728,0.14567415416240692,0.10621000081300735
datasets\data\test\Eczema\train_eczema-foot-29.jpeg,Eczema,2,Eczema,2,0.014812115579843521,0.0015722810057923198,0.6517837643623352,0.013908173888921738,0.00023038656217977405,0.2061631828546524,0.11153014004230499
datasets\data\test\Eczema\train_eczema-foot-31.jpeg,Eczema,2,Psoriasis,5,0.00037265720311552286,0.010583946481347084,0.2117622047662735,0.007940893061459064,4.4850345148006454e-05,0.7203740477561951,0.04892140254378319
datasets\data\test\Eczema\train_eczema-foot-33.jpeg,Eczema,2,Eczema,2,0.001412456389516592,0.0008767787367105484,0.5054500102996826,0.000715922680683434,1.5368848835350946e-05,0.480690598487854,0.010838842950761318
datasets\data\test\Eczema\train_eczema-foot-52.jpeg,Eczema,2,Eczema,2,0.0020252056419849396,3.4359840356046334e-05,0.4416193962097168,0.0028273840434849262,6.092231342336163e-05,0.39368897676467896,0.1597437560558319
datasets\data\test\Eczema\train_eczema-foot-74.jpeg,Eczema,2,Eczema,2,0.0017810779390856624,0.00021723138343077153,0.6161067485809326,0.01757187768816948,0.0001235479285242036,0.10314737260341644,0.2610521614551544
datasets\data\test\Eczema\train_eczema-foot-81.jpeg,Eczema,2,Eczema,2,0.0003041194868274033,9.786870214156806e-05,0.8069623708724976,0.004863339476287365,2.8800304789911024e-05,0.14375285804271698,0.04399063438177109
datasets\data\test\Eczema\train_eczema-foot-96.jpeg,Eczema,2,Eczema,2,0.009671397507190704,0.0002815432380884886,0.6032539010047913,0.001761660329066217,6.771642074454576e-05,0.2796608805656433,0.1053028553724289
datasets\data\test\Eczema\train_eczema-hand-108.jpeg,Eczema,2,Psoriasis,5,0.0007640986004844308,0.0002568912459537387,0.3963642120361328,0.0033616460859775543,1.3766215488431044e-05,0.541935384273529,0.05730406567454338
datasets\data\test\Eczema\train_eczema-hand-119.jpeg,Eczema,2,Eczema,2,0.010989903472363949,0.00024353558546863496,0.556079089641571,0.01914849877357483,0.00021994684357196093,0.30345016717910767,0.1098688468337059
datasets\data\test\Eczema\train_eczema-hand-130.jpeg,Eczema,2,Eczema,2,0.000680682947859168,7.377614383585751e-05,0.5434468388557434,0.0014806935796514153,2.334312375751324e-05,0.4251563549041748,0.029138408601284027
datasets\data\test\Eczema\train_eczema-hand-132.jpeg,Eczema,2,Eczema,2,0.0002652611874509603,0.0004964423715136945,0.7529860734939575,0.0003012647503055632,1.2094385056116153e-05,0.18757660686969757,0.05836228281259537
datasets\data\test\Eczema\train_eczema-hand-138.jpeg,Eczema,2,Eczema,2,0.0006901631713844836,0.000949879817198962,0.9057704210281372,0.0010215117363259196,0.00010203515557805076,0.02663036249577999,0.06483566761016846
datasets\data\test\Eczema\train_eczema-hand-143.jpeg,Eczema,2,Eczema,2,0.005987439304590225,1.59956998686539e-05,0.777445912361145,0.002065485343337059,7.117254426702857e-05,0.10428822785615921,0.11012578755617142
datasets\data\test\Eczema\train_eczema-hand-144.jpeg,Eczema,2,Eczema,2,0.025259574875235558,0.006397917866706848,0.4453103244304657,0.004839304368942976,0.0019042306812480092,0.2659427225589752,0.25034594535827637
datasets\data\test\Eczema\train_eczema-hand-151.jpeg,Eczema,2,Eczema,2,0.002085271989926696,0.00023439516371581703,0.4768739640712738,0.000868581177201122,3.2477546483278275e-05,0.3488907814025879,0.17101459205150604
datasets\data\test\Eczema\train_eczema-hand-166.jpg,Eczema,2,Eczema,2,5.851421519764699e-05,0.0012442003935575485,0.8200755715370178,0.0004540350928436965,2.1739744624937885e-05,0.14368396997451782,0.03446197509765625
datasets\data\test\Eczema\train_eczema-hand-175.jpeg,Eczema,2,Eczema,2,0.00798615999519825,0.0004122744139749557,0.667765200138092,0.007355929352343082,0.0016852763947099447,0.19548290967941284,0.11931218951940536
datasets\data\test\Eczema\train_eczema-hand-185.jpeg,Eczema,2,Eczema,2,0.01710272580385208,0.0011551310308277607,0.7958832383155823,0.004952463321387768,0.00031642516842111945,0.10150095820426941,0.07908903062343597
datasets\data\test\Eczema\train_eczema-hand-190.jpeg,Eczema,2,Psoriasis,5,0.004828800912946463,0.00031707953894510865,0.39196112751960754,0.0014438177458941936,3.7233385228319094e-05,0.579780638217926,0.02163134329020977
datasets\data\test\Eczema\train_eczema-hand-191.jpeg,Eczema,2,Eczema,2,5.569867789745331e-05,5.100424459669739e-06,0.8907740712165833,0.0006677349447272718,4.67139579996001e-06,0.07241690903902054,0.03607579693198204
datasets\data\test\Eczema\train_eczema-hand-90.jpeg,Eczema,2,Eczema,2,0.0010465718805789948,8.615744445705786e-05,0.6330257654190063,0.0017576009267941117,3.13531891151797e-05,0.1576562523841858,0.20639634132385254
datasets\data\test\Eczema\train_eczema-hand-91.jpeg,Eczema,2,Psoriasis,5,0.009527373127639294,0.00047896013711579144,0.31242528557777405,0.005243564490228891,0.15656758844852448,0.326957643032074,0.18879958987236023
datasets\data\test\Eczema\train_eczema-impetiginized-1.jpeg,Eczema,2,Normal,4,0.05314250290393829,0.0028690688777714968,0.03269365057349205,0.011136647313833237,0.7167052626609802,0.14078915119171143,0.042663708329200745
datasets\data\test\Eczema\train_eczema-impetiginized-10.jpeg,Eczema,2,Tinea,6,0.0019318575505167246,0.0005754058947786689,0.137123242020607,0.006489614024758339,0.009401262737810612,0.38698166608810425,0.45749688148498535
datasets\data\test\Eczema\train_eczema-leg-14.jpeg,Eczema,2,Eczema,2,3.9879825635580346e-05,0.0001666828611632809,0.7604237198829651,0.00097698497120291,2.4496657715644687e-06,0.008996592834591866,0.22939375042915344
datasets\data\test\Eczema\train_eczema-leg-20.jpeg,Eczema,2,Eczema,2,0.004303936380892992,0.001106136362068355,0.42102304100990295,0.16703425347805023,0.0006802728748880327,0.3104794919490814,0.09537293016910553
datasets\data\test\Eczema\train_eczema-nummular-105.jpeg,Eczema,2,Psoriasis,5,0.005058551672846079,0.003007045481353998,0.35985252261161804,0.009372838772833347,0.0011695441789925098,0.5548462271690369,0.06669328361749649
datasets\data\test\Eczema\train_eczema-nummular-115.jpeg,Eczema,2,Eczema,2,0.04695534706115723,0.009585653431713581,0.5134896636009216,0.004284055903553963,0.0011791420402005315,0.013986374251544476,0.4105197489261627
datasets\data\test\Eczema\train_eczema-nummular-144.jpeg,Eczema,2,NailFungus,3,0.018771668896079063,0.0002568387717474252,0.1197994127869606,0.382512629032135,0.0006891923840157688,0.3036242425441742,0.17434605956077576
datasets\data\test\Eczema\train_eczema-nummular-156.jpg,Eczema,2,Psoriasis,5,0.01138298399746418,0.0013984695542603731,0.2950502932071686,0.011570745147764683,0.00024343380937352777,0.6551536321640015,0.02520044893026352
datasets\data\test\Eczema\train_eczema-nummular-165.jpeg,Eczema,2,Tinea,6,0.04679008945822716,0.00034782980219461024,0.2346654087305069,0.04225028306245804,0.0005703736678697169,0.19505320489406586,0.4803227484226227
datasets\data\test\Eczema\train_eczema-nummular-173.jpeg,Eczema,2,NailFungus,3,0.0036642118357121944,0.0033415842335671186,0.1692139357328415,0.5348982810974121,0.001525274245068431,0.21984128654003143,0.06751541048288345
datasets\data\test\Eczema\train_eczema-nummular-180.jpeg,Eczema,2,Eczema,2,0.0008357033948414028,0.00015426088066305965,0.669398844242096,0.006025968585163355,4.5795150072081015e-05,0.20410314202308655,0.11943628638982773
datasets\data\test\Eczema\train_eczema-nummular-80.jpeg,Eczema,2,Eczema,2,0.008290578611195087,0.0006578993634320796,0.519164502620697,0.016374949365854263,0.00373534532263875,0.15462009608745575,0.29715657234191895
datasets\data\test\Eczema\train_eczema-nummular-82.jpeg,Eczema,2,Tinea,6,0.009285650216042995,0.002597269369289279,0.2339314967393875,0.003930596634745598,0.0056113675236701965,0.3063056766986847,0.4383379817008972
datasets\data\test\Eczema\train_eczema-scrotum-4.jpeg,Eczema,2,Psoriasis,5,0.0334748774766922,0.00041298731230199337,0.1438206434249878,0.1423720121383667,0.0007355052512139082,0.3540841042995453,0.3250998854637146
datasets\data\test\Eczema\train_eczema-subacute-105.jpeg,Eczema,2,Eczema,2,0.012698497623205185,0.0007613763445988297,0.8416299223899841,0.0015417532995343208,4.157138027949259e-05,0.1037895455956459,0.039537250995635986
datasets\data\test\Eczema\train_eczema-subacute-19.jpeg,Eczema,2,Eczema,2,0.013925992883741856,3.5116459912387654e-05,0.7411856055259705,0.0007568583241663873,9.156167834589723e-06,0.09577962756156921,0.14830756187438965
datasets\data\test\Eczema\train_eczema-subacute-77.jpeg,Eczema,2,NailFungus,3,0.002235263818874955,9.603270882507786e-05,0.3059985637664795,0.3222244381904602,9.106834477279335e-05,0.2962426245212555,0.07311203330755234
datasets\data\test\Eczema\train_eczema-subacute-9.jpeg,Eczema,2,Eczema,2,0.050132378935813904,0.0009985027136281133,0.6227455735206604,0.008938233368098736,0.00036823598202317953,0.22331972420215607,0.09349724650382996
datasets\data\test\Eczema\train_eczema-trunk-generalized-19.jpeg,Eczema,2,Eczema,2,0.006001918110996485,0.00023573572980239987,0.3682985007762909,0.007997190579771996,0.0004089447029400617,0.28221914172172546,0.3348385989665985
datasets\data\test\Eczema\train_eczema-trunk-generalized-2.jpeg,Eczema,2,Eczema,2,0.004401347134262323,0.00011913316120626405,0.6784573197364807,0.0015198795590549707,3.008988278452307e-05,0.05403890833258629,0.26143330335617065
datasets\data\test\Eczema\train_eczema-vulva-5.jpeg,Eczema,2,Tinea,6,0.17590737342834473,0.07969924062490463,0.06589816510677338,0.009125197306275368,0.005020096432417631,0.21707631647586823,0.44727352261543274
datasets\data\test\Eczema\train_eczema-vulva-6.jpg,Eczema,2,Tinea,6,0.11964841932058334,0.04341365769505501,0.16177251935005188,0.0026177342515438795,0.0013078713091090322,0.21202555298805237,0.4592142403125763
datasets\data\test\Eczema\train_eczema-vulva-7.jpeg,Eczema,2,Eczema,2,0.08995770663022995,0.0023452206514775753,0.3464721441268921,0.004568926524370909,0.0006696748314425349,0.2599289119243622,0.2960573732852936
datasets\data\test\Eczema\train_emersion-foot-4.jpg,Eczema,2,Psoriasis,5,0.010483626276254654,0.0006141935591585934,0.1937471330165863,0.023926550522446632,0.0003007477498613298,0.6822893023490906,0.08863842487335205
datasets\data\test\Eczema\train_fiberglass-dermatitis-1.jpg,Eczema,2,Tinea,6,0.33045288920402527,0.0005437699146568775,0.005528131499886513,0.0237029530107975,0.0020374227315187454,0.1541999727487564,0.4835347831249237
datasets\data\test\Eczema\train_fissure-11.jpg,Eczema,2,Eczema,2,0.0006951388786546886,0.0004930911236442626,0.6572009921073914,0.158142551779747,0.00017601870058570057,0.15869081020355225,0.024601329118013382
datasets\data\test\Eczema\train_keratolysis-exfoliativa-10.jpg,Eczema,2,Eczema,2,0.002443224424496293,2.615721859910991e-05,0.8192632794380188,0.0039052260108292103,9.391107596457005e-05,0.07103492319583893,0.10323327779769897
datasets\data\test\Eczema\train_keratolysis-exfoliativa-17.jpg,Eczema,2,Eczema,2,0.00015482932212762535,8.151170186465606e-05,0.8771340250968933,0.00047099738731049,5.732748377340613e-06,0.0995793491601944,0.022573497146368027
datasets\data\test\Eczema\train_keratolysis-exfoliativa-20.jpg,Eczema,2,Eczema,2,0.00041287060594186187,0.0003780080587603152,0.79277503490448,0.0012952610850334167,1.9097969925496727e-05,0.07459775358438492,0.1305219531059265
datasets\data\test\Eczema\train_keratolysis-exfoliativa-21.jpg,Eczema,2,Eczema,2,0.003000539029017091,0.0007173591875471175,0.7057225108146667,0.000764444179367274,6.838798435637727e-05,0.03436373546719551,0.2553630471229553
datasets\data\test\Eczema\train_keratolysis-exfoliativa-24.jpg,Eczema,2,Eczema,2,0.00044261565199121833,0.003719198051840067,0.7284229397773743,0.005045110825449228,8.386694389628246e-05,0.1425461620092392,0.11974013596773148
datasets\data\test\Eczema\train_keratolysis-exfoliativa-25.jpg,Eczema,2,Eczema,2,0.0008798909839242697,0.00015139253810048103,0.5530597567558289,0.0036414358764886856,6.520229362649843e-05,0.1000441163778305,0.3421581983566284
datasets\data\test\Eczema\train_keratolysis-exfoliativa-30.jpg,Eczema,2,Eczema,2,0.007823818363249302,5.1244711357867345e-05,0.6914260983467102,0.008621491491794586,4.097778219147585e-05,0.16717468202114105,0.12486174702644348
datasets\data\test\Eczema\train_keratolysis-exfoliativa-32.jpg,Eczema,2,Eczema,2,0.00858280062675476,6.030413351254538e-05,0.46248742938041687,0.0012270810548216105,3.239677971578203e-05,0.4359963834285736,0.09161363542079926
datasets\data\test\Eczema\train_keratolysis-exfoliativa-47.jpg,Eczema,2,Psoriasis,5,0.0029564884025603533,0.0001921295333886519,0.391144722700119,0.0008461846155114472,6.789069448132068e-05,0.4428758919239044,0.16191673278808594
datasets\data\test\Eczema\train_lichen-simplex-chronicus-110.jpg,Eczema,2,Tinea,6,0.08013051003217697,0.00519002927467227,0.261152446269989,0.04559659957885742,0.0026370808482170105,0.2935384213924408,0.31175491213798523
datasets\data\test\Eczema\train_lichen-simplex-chronicus-111.jpg,Eczema,2,Tinea,6,0.0033561151940375566,0.0009846778120845556,0.16392828524112701,0.022391654551029205,0.0005972423823550344,0.3763633668422699,0.4323786795139313
datasets\data\test\Eczema\train_lichen-simplex-chronicus-120.jpg,Eczema,2,Eczema,2,0.057885732501745224,5.38850981683936e-05,0.4847322106361389,0.10695261508226395,0.0001462258951505646,0.1317494809627533,0.21847987174987793
datasets\data\test\Eczema\train_lichen-simplex-chronicus-131.jpg,Eczema,2,Psoriasis,5,0.009601758792996407,0.006943896412849426,0.2824130654335022,0.008923212997615337,0.0018946524942293763,0.504546582698822,0.18567678332328796
datasets\data\test\Eczema\train_lichen-simplex-chronicus-133.jpg,Eczema,2,Eczema,2,0.00522194430232048,0.0008482869016006589,0.8436890840530396,0.008398044854402542,9.404421871295199e-05,0.10559576749801636,0.03615281730890274
datasets\data\test\Eczema\train_lichen-simplex-chronicus-181.jpg,Eczema,2,Eczema,2,0.0229006540030241,0.01748945564031601,0.5357480049133301,0.015284539200365543,0.03450147062540054,0.1275591105222702,0.24651673436164856
datasets\data\test\Eczema\train_lichen-simplex-chronicus-182.jpg,Eczema,2,Eczema,2,0.0026591371279209852,2.122503792634234e-05,0.47168466448783875,0.07543017715215683,1.866583443188574e-05,0.3901985287666321,0.05998765304684639
datasets\data\test\Eczema\train_lichen-simplex-chronicus-191.jpg,Eczema,2,Eczema,2,0.0008934279903769493,0.0015420984709635377,0.8256734609603882,0.01286373846232891,0.00012437879922799766,0.10269548743963242,0.05620737373828888
datasets\data\test\Eczema\train_lichen-simplex-chronicus-83.jpg,Eczema,2,Eczema,2,0.0076878927648067474,0.026766737923026085,0.6397828459739685,0.09149259328842163,0.0014889254234731197,0.16319917142391205,0.06958182901144028
datasets\data\test\Eczema\train_maceration-1.jpg,Eczema,2,Eczema,2,0.0014865485718473792,7.566031854366884e-05,0.7481651306152344,0.000604401109740138,9.063046491064597e-06,0.22154276072978973,0.028116432949900627
datasets\data\test\Eczema\train_milroy-disease-1.jpg,Eczema,2,Eczema,2,0.002646887442097068,0.0014863164396956563,0.46669867634773254,0.008232557214796543,0.00022138003259897232,0.23286886513233185,0.2878453731536865
datasets\data\test\Eczema\train_neurotic-excoriations-2.jpg,Eczema,2,Eczema,2,0.010051112622022629,0.00015797636297065765,0.8246008157730103,0.0009408649639226496,2.9055619961582124e-05,0.09223554283380508,0.07198462635278702
datasets\data\test\Eczema\train_neurotic-excoriations-21.jpg,Eczema,2,Eczema,2,0.00496684992685914,3.5336794098839164e-05,0.645224928855896,0.0017908152658492327,6.683944775431883e-06,0.32807081937789917,0.01990462653338909
datasets\data\test\Eczema\train_neurotic-excoriations-38.jpg,Eczema,2,Psoriasis,5,0.06562375277280807,0.003406785661354661,0.09365283697843552,0.1377372294664383,0.00911645870655775,0.5795282125473022,0.11093465983867645
datasets\data\test\Eczema\train_neurotic-excoriations-59.jpg,Eczema,2,Eczema,2,0.011965683661401272,0.00021296834165696055,0.8163106441497803,0.0018048835918307304,1.7871117961476557e-05,0.15949106216430664,0.010196952149271965
datasets\data\test\Eczema\train_neurotic-excoriations-8.jpg,Eczema,2,Eczema,2,0.004072214476764202,0.0006196808535605669,0.6123861074447632,0.17765167355537415,0.0005919095710851252,0.13166432082653046,0.07301416993141174
datasets\data\test\Eczema\train_notalgia-paraesthetica-2.jpg,Eczema,2,Eczema,2,0.004167500417679548,0.0002459776296745986,0.6527727842330933,0.003227260196581483,0.00022275930678006262,0.14997901022434235,0.18938471376895905
datasets\data\test\Eczema\train_phlebitis-superficial-5.jpg,Eczema,2,Eczema,2,7.495684985769913e-05,7.710407771810424e-06,0.8579548597335815,0.005104493349790573,8.659652621645364e-07,0.09334037452936172,0.04351682588458061
datasets\data\test\Eczema\train_prurigo-nodularis-27.jpg,Eczema,2,Eczema,2,0.01574794203042984,0.005618545226752758,0.4208507835865021,0.03316357731819153,0.019491050392389297,0.2766118347644806,0.2285163402557373
datasets\data\test\Eczema\train_prurigo-nodularis-28.jpg,Eczema,2,Tinea,6,0.1653747856616974,0.00358074763789773,0.11383041739463806,0.03283578157424927,0.07059434801340103,0.24590222537517548,0.3678816854953766
datasets\data\test\Eczema\train_prurigo-nodularis-29.jpg,Eczema,2,Tinea,6,0.03889172524213791,0.0059168231673538685,0.3360942304134369,0.025628887116909027,0.013240111991763115,0.14507029950618744,0.4351578652858734
datasets\data\test\Eczema\train_prurigo-nodularis-3.jpg,Eczema,2,Normal,4,0.2384318709373474,0.01537797786295414,0.054371077567338943,0.024761656299233437,0.505600094795227,0.12053413689136505,0.04092315584421158
datasets\data\test\Eczema\train_prurigo-nodularis-31.jpg,Eczema,2,Eczema,2,8.659886225359514e-05,4.2950974602717906e-05,0.680717408657074,0.028711099177598953,1.0171848771278746e-05,0.09351500123739243,0.19691671431064606
datasets\data\test\Eczema\train_stasis-dermatitis-10.jpg,Eczema,2,Eczema,2,0.06594585627317429,0.002365340944379568,0.4641050100326538,0.006145883351564407,0.0008477173396386206,0.4070863127708435,0.05350388586521149
datasets\data\test\Eczema\train_stasis-dermatitis-114.jpg,Eczema,2,Eczema,2,0.0004802121256943792,0.004849847871810198,0.7536947131156921,0.026523394510149956,9.549415699439123e-05,0.07586311548948288,0.1384931057691574
datasets\data\test\Eczema\train_stasis-dermatitis-131.jpg,Eczema,2,Eczema,2,0.0037898803129792213,1.0440912774356548e-05,0.746473491191864,0.001188861788250506,8.772564797254745e-06,0.1333819031715393,0.11514654755592346
datasets\data\test\Eczema\train_stasis-dermatitis-139.jpg,Eczema,2,Eczema,2,0.02452087588608265,0.010174529626965523,0.6832025647163391,0.019613031297922134,0.002535540610551834,0.07925575226545334,0.1806977391242981
datasets\data\test\Eczema\train_stasis-dermatitis-14.jpg,Eczema,2,Eczema,2,0.0009274173062294722,0.00010989710426656529,0.8311243653297424,0.008207699283957481,9.412766303285025e-06,0.10613249987363815,0.05348857492208481
datasets\data\test\Eczema\train_stasis-dermatitis-167.jpg,Eczema,2,Eczema,2,0.0003354098880663514,3.1417308491654694e-05,0.8597280383110046,0.017845170572400093,1.1465574971225578e-05,0.0691811665892601,0.05286731570959091
datasets\data\test\Eczema\train_stasis-dermatitis-20.jpg,Eczema,2,Eczema,2,0.00023992691421881318,0.00019542209338396788,0.8039382100105286,0.0003357507521286607,3.449547875788994e-06,0.10674192011356354,0.0885453149676323
datasets\data\test\Eczema\train_stasis-dermatitis-83.jpg,Eczema,2,Eczema,2,0.0009055894915945828,0.00010810562525875866,0.6359022259712219,0.021697193384170532,0.00014020253729540855,0.21564806997776031,0.12559860944747925
datasets\data\test\Eczema\train_stasis-dermatitis-86.jpg,Eczema,2,Eczema,2,0.001161781488917768,7.842245395295322e-05,0.7868421673774719,0.0037891750689595938,0.00012026754848193377,0.1358690708875656,0.07213917374610901
datasets\data\test\Eczema\valid_05atopic0123068.jpeg,Eczema,2,Eczema,2,0.01855413056910038,0.0004461160278879106,0.6642652153968811,0.07457707077264786,0.00024053097877185792,0.20732317864894867,0.03459376096725464
datasets\data\test\Eczema\valid_05Atopic0329041.jpeg,Eczema,2,Eczema,2,0.3443011939525604,0.00018847233150154352,0.5340726971626282,0.000738930597435683,6.722027319483459e-05,0.03624448925256729,0.08438701182603836
datasets\data\test\Eczema\valid_05atopic0411054.jpeg,Eczema,2,Eczema,2,0.03167342022061348,0.020952388644218445,0.380269318819046,0.011467380449175835,0.0003791100170928985,0.3252253234386444,0.2300330251455307
datasets\data\test\Eczema\valid_05atopic0411056.jpeg,Eczema,2,Eczema,2,0.18622291088104248,0.0025663929991424084,0.5978705883026123,0.0045584989711642265,0.0013488063123077154,0.052144695073366165,0.15528810024261475
datasets\data\test\Eczema\valid_05Atopic0712048.jpeg,Eczema,2,Eczema,2,4.33511559094768e-05,5.608571427728748e-06,0.8912003040313721,0.0002567436022218317,1.1160879864746676e-07,0.10607874393463135,0.0024151732213795185
datasets\data\test\Eczema\valid_05Atopic10065.jpeg,Eczema,2,Eczema,2,0.00041630773921497166,0.00042838862282224,0.7140178680419922,0.04971391707658768,7.104673568392172e-05,0.14464952051639557,0.09070301800966263
datasets\data\test\Eczema\valid_05Atopic10067.jpeg,Eczema,2,Eczema,2,0.0022030312102288008,3.686892887344584e-05,0.7275466322898865,0.0008023282280191779,1.0741376172518358e-05,0.09812212735414505,0.17127828299999237
datasets\data\test\Eczema\valid_05atopic1107057.jpeg,Eczema,2,Tinea,6,0.03655776008963585,0.00016560022777412087,0.3302866518497467,0.04140559211373329,0.0006986663793213665,0.16157741844654083,0.42930832505226135
datasets\data\test\Eczema\valid_05Atopic1206043.jpeg,Eczema,2,Eczema,2,0.00015219475608319044,0.00010237965761916712,0.8453289866447449,0.002883337205275893,1.0728022061812226e-05,0.08545315265655518,0.06606919318437576
datasets\data\test\Eczema\valid_05Atopic2.jpeg,Eczema,2,Eczema,2,1.1278005331405438e-05,5.659807811753126e-06,0.9673828482627869,0.0033345562405884266,2.240387146912326e-07,0.02481984719634056,0.004445657134056091
datasets\data\test\Eczema\valid_05AtopicDerm0112042.jpeg,Eczema,2,Eczema,2,0.03828840330243111,0.006937701255083084,0.44808292388916016,0.006292287725955248,0.000952951842918992,0.20812037587165833,0.29132533073425293
datasets\data\test\Eczema\valid_05AtopicFace0105042ok.jpeg,Eczema,2,Eczema,2,0.002541914815083146,0.0022479465696960688,0.8440024852752686,0.00010005413787439466,3.436354745645076e-05,0.02871854417026043,0.12235472351312637
datasets\data\test\Eczema\valid_05atopicFace100305.jpeg,Eczema,2,Acne,0,0.7131832838058472,0.002468703780323267,0.1333281397819519,0.0033682610373944044,0.0013670395128428936,0.0726274698972702,0.07365705817937851
datasets\data\test\Eczema\valid_05atopicFeet0801052.jpeg,Eczema,2,Eczema,2,0.0019505234668031335,6.690259033348411e-05,0.8171477317810059,0.0014042723923921585,4.100773003301583e-05,0.09473267942667007,0.08465689420700073
datasets\data\test\Eczema\valid_05atopicFoot050806.jpeg,Eczema,2,Eczema,2,0.00035315583227202296,0.00012608428369276226,0.6295405030250549,0.0020236072596162558,3.135524457320571e-05,0.05858663469552994,0.30933859944343567
datasets\data\test\Eczema\valid_05atopicKnee0801051.jpeg,Eczema,2,Eczema,2,0.052551303058862686,0.00013272084470372647,0.6217280626296997,0.05231460928916931,0.00021387796732597053,0.11596895754337311,0.15709051489830017
datasets\data\test\Eczema\valid_05AtopicMouth54.jpeg,Eczema,2,Eczema,2,0.15612928569316864,0.0006355357472784817,0.5197869539260864,0.006623792462050915,0.0010462406789883971,0.16807545721530914,0.14770270884037018
datasets\data\test\NailFungus\test_acute-paronychia-25.jpg,NailFungus,3,NailFungus,3,0.00148833601269871,0.00011667607759591192,0.025148676708340645,0.9106557965278625,0.00019461980264168233,0.029100345447659492,0.03329555690288544
datasets\data\test\NailFungus\test_alopecia-areata-67.jpg,NailFungus,3,Tinea,6,3.2914573239395395e-05,1.2175158872196334e-06,0.053805314004421234,0.2880542576313019,4.749786512547871e-06,0.19881491363048553,0.4592866599559784
datasets\data\test\NailFungus\test_alopecia-areata-81.jpg,NailFungus,3,NailFungus,3,0.009436624124646187,0.0008063348359428346,0.03271237760782242,0.8524036407470703,0.0005887914448976517,0.06698921322822571,0.03706306591629982
datasets\data\test\NailFungus\test_beaus-lines-17.jpg,NailFungus,3,NailFungus,3,9.723329640110023e-06,1.4877970215820824e-06,0.0003924104676116258,0.9898408055305481,5.500559836946195e-06,0.009509600698947906,0.0002404701808700338
datasets\data\test\NailFungus\test_beaus-lines-28.jpg,NailFungus,3,NailFungus,3,0.002005230635404587,0.0008611232042312622,0.012654535472393036,0.9337158799171448,0.0031635540071874857,0.0390690341591835,0.00853059347718954
datasets\data\test\NailFungus\test_BedRidges-1.jpg,NailFungus,3,NailFungus,3,2.6131418053410016e-05,2.129912900272757e-06,0.003754657693207264,0.9898321628570557,3.7685208553739358e-06,0.004484306089580059,0.001896818052046001
datasets\data\test\NailFungus\test_chronic-paronychia-34.jpg,NailFungus,3,NailFungus,3,9.089142986340448e-05,0.00029128254391252995,0.005373342894017696,0.9767115116119385,3.327418744447641e-05,0.014331401325762272,0.003168269991874695
datasets\data\test\NailFungus\test_chronic-paronychia-35.jpg,NailFungus,3,NailFungus,3,0.00026528918533585966,6.87068750266917e-05,0.014119992032647133,0.9691746830940247,0.00044260089634917676,0.010294211097061634,0.005634605418890715
datasets\data\test\NailFungus\test_chronic-paronychia-43.jpg,NailFungus,3,NailFungus,3,0.00014516458031721413,0.0001776013959897682,0.015875574201345444,0.9527829885482788,0.000264279282419011,0.010235246270895004,0.02051917091012001
datasets\data\test\NailFungus\test_chronic-paronychia-48.jpg,NailFungus,3,NailFungus,3,0.0014389874413609505,4.6174547605914995e-05,0.02429783158004284,0.9105815887451172,0.00012908937060274184,0.048234667629003525,0.01527163852006197
datasets\data\test\NailFungus\test_distal-subungual-onychomycosis-114.jpg,NailFungus,3,NailFungus,3,2.9772322704957332e-06,6.038450464984635e-06,0.0009407097240909934,0.9876132011413574,1.1772121979447547e-06,0.011084523983299732,0.0003514079435262829
datasets\data\test\NailFungus\test_distal-subungual-onychomycosis-14.jpg,NailFungus,3,NailFungus,3,4.999495649826713e-05,4.604499554261565e-05,0.008964414708316326,0.9664658904075623,4.952137896907516e-05,0.0221114344894886,0.0023126641754060984
datasets\data\test\NailFungus\test_distal-subungual-onychomycosis-40.jpg,NailFungus,3,NailFungus,3,9.533178672427312e-05,7.565521173091838e-06,0.008124995976686478,0.9655502438545227,1.9783019524766132e-05,0.024876773357391357,0.001325309625826776
datasets\data\test\NailFungus\test_eczema-nail-5.jpg,NailFungus,3,NailFungus,3,0.004477931186556816,0.00020669617515522987,0.17145174741744995,0.7008234858512878,0.012769127264618874,0.039442479610443115,0.07082849740982056
datasets\data\test\NailFungus\test_koilonychia-12.jpg,NailFungus,3,NailFungus,3,5.760019485023804e-05,1.3666783161170315e-05,0.010252688080072403,0.9798460602760315,0.000419697433244437,0.006211469415575266,0.003198815044015646
datasets\data\test\NailFungus\test_mucous-cyst-22.jpg,NailFungus,3,NailFungus,3,0.00010730466601671651,8.142901606333908e-06,0.17884597182273865,0.6720412969589233,8.510370207659435e-06,0.0806577280163765,0.06833095848560333
datasets\data\test\NailFungus\test_mucous-cyst-39.jpg,NailFungus,3,NailFungus,3,4.242558134137653e-06,1.3823798781231744e-06,0.001096663298085332,0.9949601888656616,2.3491161300626118e-06,0.0034854249097406864,0.0004497339832596481
datasets\data\test\NailFungus\test_nail-melanoma-4.jpg,NailFungus,3,NailFungus,3,0.008513566106557846,0.006356109399348497,0.07627249509096146,0.5419811010360718,0.0005496784579008818,0.1598159521818161,0.20651109516620636
datasets\data\test\NailFungus\test_onychogryphosis-7.jpg,NailFungus,3,NailFungus,3,5.996541403874289e-06,6.196268259373028e-06,0.002936077304184437,0.9833221435546875,3.931359970010817e-06,0.012614828534424305,0.0011107332538813353
datasets\data\test\NailFungus\test_onycholysis-48.jpg,NailFungus,3,NailFungus,3,0.00012056028208462521,3.7444446206791326e-05,0.0017679333686828613,0.9808065295219421,6.778580427635461e-05,0.015421734191477299,0.0017779938643798232
datasets\data\test\NailFungus\test_periungual-warts-9.jpg,NailFungus,3,NailFungus,3,0.013308891095221043,0.00027525279438123107,0.11251609027385712,0.694553792476654,0.001241033896803856,0.13886326551437378,0.039241690188646317
datasets\data\test\NailFungus\test_pincer-nails-3.jpg,NailFungus,3,NailFungus,3,0.0001830333931138739,4.9026926717488095e-05,0.030540214851498604,0.9561420679092407,0.00031722112908028066,0.00820064451545477,0.004567745141685009
datasets\data\test\NailFungus\test_pseudomonas-22.jpg,NailFungus,3,NailFungus,3,4.1977385990321636e-05,4.5569762733066455e-05,0.0059719933196902275,0.9774754047393799,2.4903794837882742e-05,0.014986725524067879,0.001453406410291791
datasets\data\test\NailFungus\test_psoriasis-166.jpg,NailFungus,3,NailFungus,3,4.62562165921554e-05,4.0082835766952485e-05,0.01040737610310316,0.9627779126167297,1.3595515156339388e-05,0.02531932294368744,0.0013954866444692016
datasets\data\test\NailFungus\test_psoriasis-32.jpg,NailFungus,3,NailFungus,3,0.0008316494640894234,0.00022398422879632562,0.012810648418962955,0.9438875317573547,0.00021651299903169274,0.03759937733411789,0.004430276341736317
datasets\data\test\NailFungus\test_ridging-beading-25.jpg,NailFungus,3,NailFungus,3,0.00015983065532054752,6.193818262545392e-05,0.013435290195047855,0.9612012505531311,2.5725123123265803e-05,0.022312266752123833,0.002803806448355317
datasets\data\test\NailFungus\test_yellow-nails-14.jpg,NailFungus,3,NailFungus,3,1.7085478248191066e-05,6.986821063037496e-06,0.0019841305911540985,0.9832483530044556,4.229948444844922e-06,0.014242122881114483,0.0004970484296791255
datasets\data\test\NailFungus\train_alopecia-areata-104.jpg,NailFungus,3,Tinea,6,0.008496591821312904,5.046166916145012e-05,0.11915487051010132,0.17418159544467926,0.006041035521775484,0.23318028450012207,0.458895206451416
datasets\data\test\NailFungus\train_alopecia-areata-106.jpg,NailFungus,3,NailFungus,3,0.0015343273989856243,1.3197716725699138e-05,0.008146727457642555,0.9080140590667725,0.00010346878116251901,0.018375828862190247,0.06381246447563171
datasets\data\test\NailFungus\train_alopecia-areata-29.jpg,NailFungus,3,NailFungus,3,0.011436362750828266,0.0006979770842008293,0.02287568897008896,0.815880537033081,0.0012642553774639964,0.13455459475517273,0.01329063344746828
datasets\data\test\NailFungus\train_alopecia-areata-36.jpg,NailFungus,3,NailFungus,3,0.0014837528578937054,1.384323877573479e-05,0.05870237573981285,0.543547511100769,0.0008099200204014778,0.13298285007476807,0.26245972514152527
datasets\data\test\NailFungus\train_alopecia-areata-45.jpg,NailFungus,3,NailFungus,3,0.0011945380829274654,1.823009915824514e-05,0.010690893046557903,0.8555916547775269,0.0012525732163339853,0.023638013750314713,0.10761406272649765
datasets\data\test\NailFungus\train_alopecia-areata-65.jpg,NailFungus,3,Tinea,6,0.0009002424776554108,1.1401119081710931e-05,0.09432727843523026,0.144551083445549,0.026432793587446213,0.2806077003479004,0.45316949486732483
datasets\data\test\NailFungus\train_alopecia-areata-71.jpg,NailFungus,3,Psoriasis,5,0.006289583630859852,8.409711881540716e-05,0.057476308196783066,0.23327550292015076,0.001338089699856937,0.4427150785923004,0.25882136821746826
datasets\data\test\NailFungus\train_alopecia-areata-73.jpg,NailFungus,3,NailFungus,3,0.0031901514157652855,0.00017641815065871924,0.008902592584490776,0.9098749160766602,0.000530499848537147,0.031796906143426895,0.045528512448072433
datasets\data\test\NailFungus\train_alopecia-areata-98.jpg,NailFungus,3,Normal,4,0.000754492764826864,3.45675834978465e-05,0.0011424134718254209,0.007038393057882786,0.9839503765106201,0.002494984306395054,0.004584798589348793
datasets\data\test\NailFungus\train_biting-excoriation-20.jpg,NailFungus,3,Psoriasis,5,0.007401893846690655,0.00114901689812541,0.35809022188186646,0.09464965015649796,0.0009433103841729462,0.41602593660354614,0.12173999100923538
datasets\data\test\NailFungus\train_chronic-paronychia-1.jpg,NailFungus,3,NailFungus,3,0.0001423606590833515,3.6764733522431925e-05,0.007798217702656984,0.971472978591919,7.7798955317121e-05,0.018529413267970085,0.0019424335332587361
datasets\data\test\NailFungus\train_chronic-paronychia-30.jpg,NailFungus,3,NailFungus,3,0.0002509808982722461,3.0876253731548786e-05,0.013370320200920105,0.9559269547462463,9.421716094948351e-05,0.02232433296740055,0.008002289570868015
datasets\data\test\NailFungus\train_chronic-paronychia-33.jpg,NailFungus,3,NailFungus,3,0.0002602379536256194,0.0005429877783171833,0.011450783349573612,0.9602020978927612,0.00011588986671995372,0.023468326777219772,0.0039596762508153915
datasets\data\test\NailFungus\train_chronic-paronychia-4.jpg,NailFungus,3,NailFungus,3,0.0018312514293938875,0.006261912174522877,0.02918710932135582,0.7849031090736389,0.0011611564550548792,0.17116892337799072,0.005486581474542618
datasets\data\test\NailFungus\train_chronic-paronychia-49.jpg,NailFungus,3,NailFungus,3,3.483930049696937e-05,9.178605068882462e-06,0.005488225724548101,0.9850780963897705,9.96776816464262e-06,0.008526399731636047,0.0008533416548743844
datasets\data\test\NailFungus\train_chronic-paronychia-50.jpg,NailFungus,3,NailFungus,3,9.75300936261192e-05,9.077579306904227e-06,0.014925236813724041,0.9680841565132141,1.2842622709285934e-05,0.0143275773152709,0.0025436037685722113
datasets\data\test\NailFungus\train_chronic-paronychia-6.jpg,NailFungus,3,NailFungus,3,6.342008418869227e-05,0.0010495242895558476,0.016156215220689774,0.9315680265426636,5.786189649370499e-05,0.04551775008440018,0.005587172228842974
datasets\data\test\NailFungus\train_congenital-anomalies-1.jpg,NailFungus,3,NailFungus,3,0.0007882478530518711,4.148750304011628e-05,0.0020922215189784765,0.9504576325416565,4.202184936730191e-05,0.04388400539755821,0.0026944102719426155
datasets\data\test\NailFungus\train_congenital-anomalies-7.jpg,NailFungus,3,NailFungus,3,0.0006040388252586126,0.0002634015108924359,0.08719020336866379,0.8702876567840576,0.00023232113744597882,0.029916061088442802,0.011506294831633568
datasets\data\test\NailFungus\train_darier-nails-1.jpg,NailFungus,3,NailFungus,3,9.02386600500904e-05,1.6549798601772636e-05,0.00494576059281826,0.9843308329582214,2.3508284357376397e-05,0.009790141135454178,0.0008030280587263405
datasets\data\test\NailFungus\train_distal-subungual-onychomycosis-121.jpg,NailFungus,3,NailFungus,3,2.8846197892562486e-05,1.7899912563734688e-05,0.001998135820031166,0.9749632477760315,1.770644485077355e-05,0.02245297282934189,0.0005212349351495504
datasets\data\test\NailFungus\train_distal-subungual-onychomycosis-122.jpg,NailFungus,3,NailFungus,3,0.00010799279698403552,7.36421952751698e-06,0.007578963413834572,0.9767192602157593,2.5258763344027102e-05,0.01413661241531372,0.0014245652128010988
datasets\data\test\NailFungus\train_distal-subungual-onychomycosis-131.jpg,NailFungus,3,NailFungus,3,0.00018560800526756793,0.0001244203740498051,0.022603169083595276,0.9074152708053589,9.655470057623461e-05,0.06609669327735901,0.0034781810827553272
datasets\data\test\NailFungus\train_distal-subungual-onychomycosis-146.jpg,NailFungus,3,NailFungus,3,0.0008085959125310183,5.37461801286554e-06,0.0066673229448497295,0.9789952635765076,0.003556302050128579,0.003856590948998928,0.006110562011599541
datasets\data\test\NailFungus\train_distal-subungual-onychomycosis-15.jpg,NailFungus,3,NailFungus,3,0.00031137585756368935,7.065563841024414e-05,0.011891474947333336,0.901060938835144,0.00016519961354788393,0.07869235426187515,0.007808007765561342
datasets\data\test\NailFungus\train_distal-subungual-onychomycosis-23.jpg,NailFungus,3,NailFungus,3,0.00039653346175327897,0.00018492310482542962,0.005982702132314444,0.9667602777481079,0.0001305083278566599,0.02292580157518387,0.0036193414125591516
datasets\data\test\NailFungus\train_distal-subungual-onychomycosis-31.jpg,NailFungus,3,NailFungus,3,4.390119283925742e-05,3.64293782695313e-06,0.0023296053986996412,0.9785153865814209,7.222605745482724e-06,0.017971910536289215,0.0011283224448561668
datasets\data\test\NailFungus\train_distal-subungual-onychomycosis-36.jpg,NailFungus,3,Eczema,2,0.0012417160905897617,2.1947784262010828e-05,0.3883064091205597,0.009070837870240211,8.097017598629463e-06,0.22321167588233948,0.37813934683799744
datasets\data\test\NailFungus\train_distal-subungual-onychomycosis-38.jpg,NailFungus,3,NailFungus,3,7.56708177505061e-05,2.4768562070676126e-05,0.007269250229001045,0.9620196223258972,1.6070520359789953e-05,0.028137153014540672,0.0024574557319283485
datasets\data\test\NailFungus\train_distal-subungual-onychomycosis-41.jpg,NailFungus,3,NailFungus,3,4.3315700168022886e-05,3.5309611121192575e-05,0.0018339297967031598,0.9755444526672363,2.4357483198400587e-05,0.021383320912718773,0.0011352458968758583
datasets\data\test\NailFungus\train_distal-subungual-onychomycosis-90.jpg,NailFungus,3,NailFungus,3,0.0065041398629546165,0.0004893156583420932,0.07232864201068878,0.6936472654342651,0.002937440061941743,0.20097586512565613,0.0231173075735569
datasets\data\test\NailFungus\train_distal-subungual-onychomycosis-92.jpg,NailFungus,3,NailFungus,3,3.959679452236742e-05,1.5893954696366563e-05,0.0019622158724814653,0.9855798482894897,4.674908723245608e-06,0.011017326265573502,0.0013803996844217181
datasets\data\test\NailFungus\train_distal-subungual-onychomycosis-93.jpg,NailFungus,3,NailFungus,3,2.8027325242874213e-05,2.0469503851927584e-06,0.0020921966060996056,0.9899945855140686,3.223257635909249e-06,0.007444158662110567,0.00043574548908509314
datasets\data\test\NailFungus\train_dry-nails-6.jpg,NailFungus,3,NailFungus,3,0.00014134676894173026,3.0043480364838615e-05,0.022021206095814705,0.9295297265052795,6.468623905675486e-05,0.045003198087215424,0.003209747141227126
datasets\data\test\NailFungus\train_eczema-nail-6.jpg,NailFungus,3,NailFungus,3,0.0003619883209466934,2.1458814444486052e-05,0.01436860766261816,0.9011102318763733,8.580381836509332e-05,0.06788329780101776,0.016168693080544472
datasets\data\test\NailFungus\train_habit-tic-deformity-16.jpg,NailFungus,3,NailFungus,3,0.0005185484187677503,2.1649520931532606e-06,0.01367497444152832,0.9414824843406677,3.0213450372684747e-05,0.04119477793574333,0.0030967944767326117
datasets\data\test\NailFungus\train_habit-tic-deformity-18.jpg,NailFungus,3,NailFungus,3,4.407945652928902e-06,6.575181146217801e-07,0.0008620350272394717,0.9941113591194153,1.0132669103768421e-06,0.004890728741884232,0.00012975031859241426
datasets\data\test\NailFungus\train_habit-tic-deformity-35.jpg,NailFungus,3,NailFungus,3,0.00011466669093351811,0.00040970678674057126,0.014329701662063599,0.9453117847442627,6.429287168430164e-05,0.03565181419253349,0.004117942880839109
datasets\data\test\NailFungus\train_habit-tic-deformity-38.jpg,NailFungus,3,NailFungus,3,4.4466669351095334e-05,7.436329269694397e-06,0.0020016671624034643,0.989538311958313,3.7549050375673687e-06,0.0077964747324585915,0.0006078751175664365
datasets\data\test\NailFungus\train_habit-tic-deformity-45.jpg,NailFungus,3,NailFungus,3,2.4211058189393952e-05,1.4887917132000439e-05,0.0019127718405798078,0.9891201257705688,1.6357324057025835e-05,0.008288552053272724,0.0006231333245523274
datasets\data\test\NailFungus\train_koilonychia-13.jpg,NailFungus,3,NailFungus,3,0.00010485942766536027,3.889791332767345e-05,0.020413223654031754,0.9658390879631042,0.00019381447054911405,0.009081078693270683,0.004329001065343618
datasets\data\test\NailFungus\train_koilonychia-3.jpg,NailFungus,3,NailFungus,3,1.7240272427443415e-05,3.7660759062418947e-06,0.005113907624036074,0.9872249960899353,7.66102039051475e-06,0.006559433881193399,0.0010728900087997317
datasets\data\test\NailFungus\train_lichen-planus-107.jpg,NailFungus,3,Psoriasis,5,0.030215846374630928,0.0045500327832996845,0.020924093201756477,0.11456185579299927,0.006210942752659321,0.7612462639808655,0.06229092925786972
datasets\data\test\NailFungus\train_lichen-planus-109.jpg,NailFungus,3,Tinea,6,0.029612597078084946,0.0014914863277226686,0.04804766923189163,0.32511231303215027,0.0025551242288202047,0.14719517529010773,0.44598573446273804
datasets\data\test\NailFungus\train_lichen-planus-110.jpg,NailFungus,3,NailFungus,3,0.002680030185729265,0.0027948522474616766,0.034627966582775116,0.5165578126907349,0.0008378217462450266,0.25903743505477905,0.18346399068832397
datasets\data\test\NailFungus\train_lichen-planus-115.jpg,NailFungus,3,Psoriasis,5,0.004222201649099588,0.0014360907953232527,0.3363027274608612,0.024772608652710915,0.00037735162186436355,0.5375722050666809,0.09531675279140472
datasets\data\test\NailFungus\train_lichen-planus-166.jpg,NailFungus,3,Tinea,6,0.07941284775733948,0.00047456761240027845,0.11167850345373154,0.08677957206964493,0.0007749177166260779,0.3470848500728607,0.37379470467567444
datasets\data\test\NailFungus\train_lichen-planus-184.jpg,NailFungus,3,Psoriasis,5,0.0016952509758993983,5.785183748230338e-05,0.12892404198646545,0.29949572682380676,5.0159880629507825e-05,0.4032913148403168,0.16648568212985992
datasets\data\test\NailFungus\train_lichen-planus-188.jpg,NailFungus,3,NailFungus,3,0.02507019229233265,0.0015315362252295017,0.044697146862745285,0.6354998350143433,0.0012327847070991993,0.27158141136169434,0.02038709633052349
datasets\data\test\NailFungus\train_lichen-planus-195.jpg,NailFungus,3,NailFungus,3,0.007579789496958256,0.0006980758043937385,0.28681984543800354,0.35856518149375916,0.00041204801527783275,0.22005058825016022,0.12587448954582214
datasets\data\test\NailFungus\train_lichen-planus-2.jpg,NailFungus,3,Eczema,2,0.0019188174046576023,0.00020143129222560674,0.8459867835044861,0.023702481761574745,5.640411836793646e-05,0.07927115261554718,0.04886292666196823
datasets\data\test\NailFungus\train_lichen-planus-96.jpg,NailFungus,3,Psoriasis,5,0.00795485358685255,0.0027351682074368,0.14106912910938263,0.08570549637079239,0.00039083565934561193,0.41298961639404297,0.34915491938591003
datasets\data\test\NailFungus\train_median-nail-dystrophy-19.jpg,NailFungus,3,NailFungus,3,2.6150797566515394e-05,1.853439061960671e-05,0.004334519617259502,0.9778435826301575,1.9414448615862057e-05,0.01690211519598961,0.0008557311957702041
datasets\data\test\NailFungus\train_median-nail-dystrophy-5.jpg,NailFungus,3,NailFungus,3,4.668256951845251e-05,3.614886509240023e-06,0.002617619000375271,0.989250898361206,1.1545252164069097e-05,0.007585558108985424,0.0004841314221266657
datasets\data\test\NailFungus\train_mucous-cyst-102.jpg,NailFungus,3,NailFungus,3,0.00022450154938269407,0.00036991568049415946,0.026291033253073692,0.9243502616882324,0.0001135420534410514,0.037481751292943954,0.011169017292559147
datasets\data\test\NailFungus\train_mucous-cyst-14.jpg,NailFungus,3,NailFungus,3,0.0010257902322337031,0.002500313799828291,0.06341087818145752,0.8412389755249023,0.0009760622633621097,0.03559540584683418,0.055252619087696075
datasets\data\test\NailFungus\train_mucous-cyst-19.jpg,NailFungus,3,NailFungus,3,0.0005473262863233685,0.00021813758939970285,0.1825803965330124,0.5890241265296936,0.0007430320256389678,0.034983474761247635,0.19190357625484467
datasets\data\test\NailFungus\train_mucous-cyst-27.jpg,NailFungus,3,Eczema,2,0.0017144066514447331,3.567349995137192e-05,0.6445195078849792,0.048612285405397415,0.0001628598984098062,0.11573626846075058,0.18921896815299988
datasets\data\test\NailFungus\train_mucous-cyst-4.jpg,NailFungus,3,NailFungus,3,0.0003234149480704218,4.7417979658348486e-05,0.01848684251308441,0.9066194295883179,0.0002366764674661681,0.019202690571546555,0.05508347228169441
datasets\data\test\NailFungus\train_mucous-cyst-50.jpg,NailFungus,3,NailFungus,3,0.0001421236083842814,0.0001990325254155323,0.009906836785376072,0.959439754486084,4.7123707190621644e-05,0.023294895887374878,0.006970237009227276
datasets\data\test\NailFungus\train_mucous-cyst-7.jpg,NailFungus,3,NailFungus,3,6.300369568634778e-05,2.318794486200204e-06,0.010203003883361816,0.9718835949897766,8.417157005169429e-06,0.013926980085670948,0.003912682645022869
datasets\data\test\NailFungus\train_mucous-cyst-72.jpg,NailFungus,3,NailFungus,3,0.0022013033740222454,0.0005250797839835286,0.02058720402419567,0.7968488335609436,0.0007572189206257463,0.12325061112642288,0.055829647928476334
datasets\data\test\NailFungus\train_mucous-cyst-80.jpg,NailFungus,3,NailFungus,3,0.002006993629038334,9.121471521211788e-05,0.0847661942243576,0.8593634963035583,0.00017504414427094162,0.03769693523645401,0.01590009406208992
datasets\data\test\NailFungus\train_mucous-cyst-92.jpg,NailFungus,3,NailFungus,3,0.00026114453794434667,0.00023959879763424397,0.12086383253335953,0.7949517965316772,0.0001381204929202795,0.046954721212387085,0.036590732634067535
datasets\data\test\NailFungus\train_mucous-cyst-96.jpg,NailFungus,3,NailFungus,3,1.849827640398871e-05,5.040858013671823e-06,0.004770976025611162,0.9858878254890442,5.035428785049589e-06,0.006796921603381634,0.002515660133212805
datasets\data\test\NailFungus\train_mucous-cyst-98.jpg,NailFungus,3,NailFungus,3,0.0001383298949804157,0.00021076624398119748,0.034479010850191116,0.8965368866920471,8.770173008088022e-05,0.060233015567064285,0.008314233273267746
datasets\data\test\NailFungus\train_nail-distal-splitting-11.jpg,NailFungus,3,NailFungus,3,2.294680234626867e-05,9.427781151316594e-06,0.0398949533700943,0.9407327771186829,1.9590392184909433e-05,0.014153627678751945,0.005166729912161827
datasets\data\test\NailFungus\train_nail-distal-splitting-13.jpg,NailFungus,3,NailFungus,3,0.0010622558183968067,0.0003595734597183764,0.015791956335306168,0.861778974533081,0.0007369178929366171,0.09383280575275421,0.02643757127225399
datasets\data\test\NailFungus\train_nail-distal-splitting-19.jpg,NailFungus,3,NailFungus,3,0.00011290286056464538,0.0001197283563669771,0.0021449588239192963,0.9584775567054749,8.559456910006702e-05,0.038390178233385086,0.0006690644659101963
datasets\data\test\NailFungus\train_nail-distal-splitting-3.jpg,NailFungus,3,NailFungus,3,0.0004029889823868871,0.00016547601262573153,0.057443201541900635,0.9148396253585815,0.0003904007317032665,0.019367190077900887,0.00739119341596961
datasets\data\test\NailFungus\train_nail-melanoma-1.jpg,NailFungus,3,Eczema,2,0.015214711427688599,0.10835698246955872,0.5762509107589722,0.021791214123368263,0.002948030363768339,0.18397743999958038,0.0914607048034668
datasets\data\test\NailFungus\train_onycholysis-3.jpg,NailFungus,3,NailFungus,3,4.197351518087089e-05,4.338580401963554e-05,0.0024080744478851557,0.964495062828064,2.0111914636800066e-05,0.03161655366420746,0.001374928979203105
datasets\data\test\NailFungus\train_onycholysis-31.jpg,NailFungus,3,NailFungus,3,3.1788287742529064e-05,1.0676050806068815e-05,0.005037676077336073,0.9823246002197266,1.1696387446136214e-05,0.011515706777572632,0.0010679024271667004
datasets\data\test\NailFungus\train_onycholysis-34.jpg,NailFungus,3,NailFungus,3,3.64377410733141e-05,0.0001161548207164742,0.008333411067724228,0.975225031375885,3.406667019589804e-05,0.014268660917878151,0.0019862502813339233
datasets\data\test\NailFungus\train_periungual-epidermal-cyst-1.jpg,NailFungus,3,NailFungus,3,2.2717989850207232e-05,3.2159667171072215e-05,0.007696457672864199,0.9773818254470825,1.1102685675723478e-05,0.013140499591827393,0.0017152830259874463
datasets\data\test\NailFungus\train_periungual-epidermal-cyst-2.jpg,NailFungus,3,NailFungus,3,0.0042823301628232,0.001949976896867156,0.15876330435276031,0.41803109645843506,0.0024088406935334206,0.033962711691856384,0.3806017339229584
datasets\data\test\NailFungus\train_pincer-nails-1.jpg,NailFungus,3,NailFungus,3,8.310708835779224e-06,2.4727091840759385e-06,0.0034206421114504337,0.9918111562728882,3.551054760464467e-05,0.003942486830055714,0.0007793877157382667
datasets\data\test\NailFungus\train_pincer-nails-19.jpg,NailFungus,3,NailFungus,3,8.124239343487716e-07,3.6397052554093534e-06,0.0010472829453647137,0.9948798418045044,1.0907033356488682e-06,0.003837886266410351,0.00022943515796214342
datasets\data\test\NailFungus\train_pincer-nails-7.jpg,NailFungus,3,NailFungus,3,0.007353217341005802,0.0012417043326422572,0.34695544838905334,0.4117799401283264,0.05351313576102257,0.11914420872926712,0.060012347996234894
datasets\data\test\NailFungus\train_proximal-subungual-onychomycosis-123.jpg,NailFungus,3,NailFungus,3,0.0012329326709732413,0.0001574430789332837,0.009306766092777252,0.923906683921814,0.00025413406547158957,0.05936087295413017,0.005781177431344986
datasets\data\test\NailFungus\train_pseudomonas-20.jpg,NailFungus,3,NailFungus,3,6.309300260909367e-06,6.879185093566775e-06,0.004425998777151108,0.9813217520713806,1.8849074194804416e-06,0.013706836849451065,0.0005302888457663357
datasets\data\test\NailFungus\train_pseudomonas-33.jpg,NailFungus,3,NailFungus,3,0.00041524128755554557,2.6345314836362377e-05,0.03867718204855919,0.8465087413787842,0.00025927313254214823,0.09958796948194504,0.014525224454700947
datasets\data\test\NailFungus\train_pseudomonas-34.jpg,NailFungus,3,NailFungus,3,5.392528692027554e-05,2.9446391636156477e-05,0.006053788587450981,0.9682320952415466,1.9949677152908407e-05,0.023831844329833984,0.001778968027792871
datasets\data\test\NailFungus\train_pseudomonas-4.jpg,NailFungus,3,NailFungus,3,3.524747080518864e-05,4.1553183109499514e-05,0.004161644261330366,0.9618555903434753,8.669587259646505e-06,0.033280663192272186,0.0006166868843138218
datasets\data\test\NailFungus\train_pseudomonas-7.jpg,NailFungus,3,NailFungus,3,0.00020331887935753912,5.8913985412800685e-05,0.009329244494438171,0.9196134209632874,0.00013391273387242109,0.06223558261990547,0.008425641804933548
datasets\data\test\NailFungus\train_psoriasis-103.jpg,NailFungus,3,NailFungus,3,0.00018193353025708348,0.00014583721349481493,0.0015300080412998796,0.981845498085022,2.7113948817714117e-05,0.01560127642005682,0.0006682943785563111
datasets\data\test\NailFungus\train_psoriasis-114.jpg,NailFungus,3,NailFungus,3,0.0001293203968089074,0.00029744443600066006,0.016077769920229912,0.9257603287696838,3.028215178346727e-05,0.054858166724443436,0.002846724819391966
datasets\data\test\NailFungus\train_psoriasis-136.jpg,NailFungus,3,NailFungus,3,2.8601702069863677e-05,7.6216701927478425e-06,0.002036085119470954,0.9813883304595947,7.725261639279779e-06,0.015853898599743843,0.00067779520759359
datasets\data\test\NailFungus\train_ridging-beading-16.jpg,NailFungus,3,NailFungus,3,0.0005879057571291924,0.00046190558350645006,0.04969630017876625,0.8721007704734802,0.000301166670396924,0.05570344254374504,0.021148599684238434
datasets\data\test\NailFungus\train_splinter-hemorrhage-4.jpg,NailFungus,3,NailFungus,3,2.9841372452210635e-05,7.056944741634652e-05,0.0015286820707842708,0.9538800120353699,2.0755654986714944e-05,0.04315352067351341,0.001316615380346775
datasets\data\test\NailFungus\train_subungual-hematoma-2.jpg,NailFungus,3,NailFungus,3,0.00030207191593945026,8.598028944106773e-05,0.016391796991229057,0.9449863433837891,0.00028430987731553614,0.03474951907992363,0.0032000290229916573
datasets\data\test\NailFungus\train_subungual-hematoma-6.jpg,NailFungus,3,NailFungus,3,4.5869513996876776e-05,2.6168409021920525e-05,0.04618231579661369,0.943490207195282,2.722589488257654e-05,0.008297057822346687,0.0019311908399686217
datasets\data\test\NailFungus\train_trauma-12.jpg,NailFungus,3,NailFungus,3,1.391749901813455e-05,2.1961811853543622e-06,0.00719024520367384,0.9851886034011841,2.129846279785852e-06,0.006532927975058556,0.0010700032580643892
datasets\data\test\NailFungus\train_trauma-22.jpg,NailFungus,3,NailFungus,3,0.0001061902439687401,9.259048238163814e-05,0.007443971000611782,0.9729512929916382,0.00015453359810635448,0.016782769933342934,0.002468631137162447
datasets\data\test\NailFungus\train_trauma-27.jpg,NailFungus,3,NailFungus,3,0.00011003503459505737,3.1321815185947344e-05,0.008357372134923935,0.9798150062561035,6.051121818018146e-05,0.009216687642037868,0.0024090437218546867
datasets\data\test\NailFungus\train_trauma-6.jpg,NailFungus,3,NailFungus,3,0.0033432021737098694,0.00019515087478794158,0.023159848526120186,0.791984498500824,0.00037690973840653896,0.17400968074798584,0.006930768955498934
datasets\data\test\NailFungus\train_twenty-nail-dystrophy-14.jpg,NailFungus,3,NailFungus,3,0.002112587681040168,0.0007131166057661176,0.01393126230686903,0.8934550881385803,0.0005282672354951501,0.07405466586351395,0.015205018222332
datasets\data\test\NailFungus\train_twenty-nail-dystrophy-9.jpg,NailFungus,3,NailFungus,3,0.009210025891661644,0.0022147444542497396,0.03798924386501312,0.8462245464324951,0.0007398385205306113,0.04116687551140785,0.06245475634932518
datasets\data\test\NailFungus\train_yellow-nails-11.jpg,NailFungus,3,NailFungus,3,9.773290366865695e-05,7.614016067236662e-05,0.0035310217645019293,0.9804883003234863,8.843589603202417e-05,0.01452023908495903,0.0011980774579569697
datasets\data\test\Normal\test_214_jpg.rf.7e30201e5d7531031dfd18ce88691292.jpeg,Normal,4,Normal,4,0.0035299048759043217,0.0001961100206244737,0.004328218288719654,0.01012619212269783,0.9559937715530396,0.014712054282426834,0.011113865301012993
datasets\data\test\Normal\test_6 (104).jpeg,Normal,4,Normal,4,1.0157496035390068e-05,6.098794642639405e-07,3.6733149499923456e-06,1.4607418052037247e-05,0.9999233484268188,1.8431004718877375e-05,2.923455394920893e-05
datasets\data\test\Normal\test_6 (26).jpeg,Normal,4,Normal,4,0.00010946722613880411,2.926950855908217e-06,5.179542495170608e-05,8.973899093689397e-05,0.9993013143539429,0.00013244121510069817,0.00031222967663779855
datasets\data\test\Normal\test_71OHGRMj2FL._AC_UF226226_FMjpg_.jpeg,Normal,4,Normal,4,6.133070564828813e-05,6.153957201604499e-07,6.7157352532376535e-06,7.491737051168457e-06,0.9998229146003723,5.420298475655727e-05,4.667796747526154e-05
datasets\data\test\Normal\test_Hand_0005704.jpeg,Normal,4,Normal,4,6.291786121437326e-05,5.853662969457218e-06,5.516995588550344e-05,2.085992855427321e-05,0.9995526671409607,0.00017845293041318655,0.00012402176798786968
datasets\data\test\Normal\test_Hand_0010193.jpeg,Normal,4,Normal,4,0.00011278769670752808,5.472320935950847e-06,8.854015322867781e-05,1.3058067452220712e-05,0.9990646243095398,0.00042015762301161885,0.00029543094569817185
datasets\data\test\Normal\test_hurikan-440-right-side-view2.jpeg,Normal,4,Normal,4,0.0005538554978556931,2.4619213945697993e-05,0.00019780462025664747,0.00014651069068349898,0.9971020817756653,0.0009754622005857527,0.000999643700197339
datasets\data\test\Normal\test_images (1) (13).jpeg,Normal,4,Normal,4,9.392401238983439e-07,1.4179641993905534e-06,9.363594131173159e-07,1.6044579069784959e-06,0.9999629259109497,5.586649876931915e-06,2.655377465998754e-05
datasets\data\test\Normal\test_images (2) (12).jpeg,Normal,4,Normal,4,4.421999165060697e-06,2.3169616270024562e-07,6.115595169831067e-06,2.3378870537271723e-06,0.9998729228973389,4.226051169098355e-05,7.169455057010055e-05
datasets\data\test\Normal\test_images (2) (30).jpeg,Normal,4,Normal,4,0.0003499178565107286,1.008919207379222e-05,3.36884222633671e-05,2.6446405172464438e-05,0.9989902377128601,0.0003175677265971899,0.0002720858610700816
datasets\data\test\Normal\test_images (2) (9).jpeg,Normal,4,Normal,4,0.005329042673110962,2.0090670659556054e-05,0.00015269235882442445,5.50255281268619e-05,0.9857150912284851,0.004495770670473576,0.004232290666550398
datasets\data\test\Normal\test_images (30).jpeg,Normal,4,Normal,4,5.985542884445749e-05,2.106151896441588e-06,2.9121620173100382e-05,0.00018948708020616323,0.9992040991783142,0.00025573375751264393,0.00025957796606235206
datasets\data\test\Normal\test_photo-1459262838948-3e2de6c1ec80.jpeg,Normal,4,Normal,4,0.00020143267465755343,1.0273550287820399e-05,0.00011113956134067848,7.389312668237835e-05,0.9987963438034058,0.0003435940307099372,0.0004631771589629352
datasets\data\test\Normal\test_photo-1557242836-b5ab8bb0ebb4.jpeg,Normal,4,Normal,4,0.0026958368252962828,0.00011989903578069061,0.0007846766384318471,0.002910274313762784,0.9819661378860474,0.005263341590762138,0.0062596783973276615
datasets\data\test\Normal\test_photo-1561780535-118e36e56095.jpeg,Normal,4,Normal,4,0.0006275110645219684,1.8126325812772848e-05,9.128437523031607e-05,2.744712219282519e-05,0.998016357421875,0.00032451143488287926,0.0008947243331931531
datasets\data\test\Normal\test_photo-1586617356423-52763004deac.jpeg,Normal,4,Normal,4,0.0007365770870819688,1.2749808774970006e-05,0.0003773884382098913,0.0001676511747064069,0.9959688186645508,0.0004903567023575306,0.00224652630276978
datasets\data\test\Normal\test_photo-1587334207407-deb137a955ba.jpeg,Normal,4,Normal,4,0.00015786052972543985,4.082787654624553e-06,0.0006512498948723078,0.00028119684429839253,0.9965953230857849,0.0015000776620581746,0.000810162047855556
datasets\data\test\Normal\train_Image1021.jpeg,Normal,4,Normal,4,0.0006146273226477206,2.1410916815511882e-05,0.00036916398676112294,0.00023824576055631042,0.9967457056045532,0.0014062855625525117,0.0006044726469554007
datasets\data\test\Normal\train_Image1027.jpeg,Normal,4,Normal,4,3.071103856200352e-05,2.5568733690306544e-06,4.845923740504077e-06,4.844500836043153e-06,0.9997404217720032,9.657443297328427e-05,0.0001201079212478362
datasets\data\test\Normal\train_Image1047.jpeg,Normal,4,Normal,4,4.208717291476205e-05,2.459716370140086e-06,1.2060925655532628e-05,3.5783511975751026e-06,0.9996891021728516,0.0001709583739284426,7.977660425240174e-05
datasets\data\test\Normal\train_Image1057.jpeg,Normal,4,Normal,4,2.0950084945070557e-05,1.0397028660236174e-07,3.720566610354581e-06,2.4456355731672375e-06,0.9998683929443359,6.107369699748233e-05,4.318384890211746e-05
datasets\data\test\Normal\train_Image1067.jpeg,Normal,4,Normal,4,1.390385932609206e-06,1.8460568185219017e-07,1.5934188013488892e-07,6.474283509305678e-08,0.999990701675415,4.188734692434082e-06,3.3213229926332133e-06
datasets\data\test\Normal\train_Image1069.jpeg,Normal,4,Normal,4,1.8479051504982635e-05,7.582601938338485e-06,6.9818966039747465e-06,1.2602716878973297e-06,0.9996505975723267,9.478736319579184e-05,0.00022032501874491572
datasets\data\test\Normal\train_Image1071.jpeg,Normal,4,Normal,4,0.000251637160545215,7.733205166005064e-06,8.73392418725416e-05,0.0002484956930857152,0.9983572363853455,0.00044754723785445094,0.0006000525900162756
datasets\data\test\Normal\train_Image1108.jpeg,Normal,4,Normal,4,0.00012875001993961632,3.4954267903231084e-05,8.519259426975623e-05,0.00022184567933436483,0.9950416684150696,0.003115315455943346,0.0013723606243729591
datasets\data\test\Normal\train_Image1119.jpeg,Normal,4,Normal,4,0.00046980706974864006,0.00026490536401979625,0.0002285991213284433,0.0003612779837567359,0.9961351156234741,0.0008869335288181901,0.0016533912857994437
datasets\data\test\Normal\train_Image1121.jpeg,Normal,4,Normal,4,4.9988306273007765e-05,1.5902180621196749e-06,2.961257087008562e-05,4.985870691598393e-05,0.9996293783187866,0.00011263060878263786,0.0001269402855541557
datasets\data\test\Normal\train_Image1125.jpeg,Normal,4,Normal,4,0.001227798406034708,7.130148878786713e-05,0.001017370610497892,0.0002454311470501125,0.9872231483459473,0.0018772269831970334,0.008337734267115593
datasets\data\test\Normal\train_Image1178.jpeg,Normal,4,Normal,4,2.694166687433608e-05,1.0395222489023581e-05,8.284669456770644e-05,0.00011784348316723481,0.999270498752594,0.00020920662791468203,0.0002822063979692757
datasets\data\test\Normal\train_Image1198.jpeg,Normal,4,Normal,4,0.00035838416079059243,3.181391002726741e-05,0.0002948399633169174,0.0006343197310343385,0.995623767375946,0.0011790607823058963,0.0018776922952383757
datasets\data\test\Normal\train_Image1205.jpeg,Normal,4,Normal,4,0.0010543286334723234,4.4900654756929725e-05,0.0003556149313226342,0.0010837757727131248,0.9951003193855286,0.0012476955307647586,0.0011132744839414954
datasets\data\test\Normal\train_Image1212.jpeg,Normal,4,Normal,4,0.00022605594131164253,2.294618207088206e-05,0.0001501232763985172,0.0004621892003342509,0.9976925849914551,0.0008239308372139931,0.0006220604409463704
datasets\data\test\Normal\train_Image1221.jpeg,Normal,4,Normal,4,1.105184401239967e-05,1.038563709698792e-06,6.5423328123870306e-06,1.9872336451953743e-06,0.9999313354492188,2.863605368474964e-05,1.9340124708833173e-05
datasets\data\test\Normal\train_Image1229.jpeg,Normal,4,Normal,4,5.280204277369194e-05,1.0865480817301432e-06,7.4378103818162344e-06,6.994856903475011e-06,0.9996950626373291,8.454528142465279e-05,0.0001521324593340978
datasets\data\test\Normal\train_Image1247.jpeg,Normal,4,Normal,4,0.00307947164401412,8.703781350050122e-05,0.0004416866577230394,0.0005613362300209701,0.9906170964241028,0.0022534055169671774,0.0029600588604807854
datasets\data\test\Normal\train_Image1250.jpeg,Normal,4,Normal,4,0.0005209874943830073,0.00012655129830818623,0.00019708502804860473,0.0012843692675232887,0.9954748749732971,0.0018029545899480581,0.0005932421190664172
datasets\data\test\Normal\train_Image1254.jpeg,Normal,4,Normal,4,0.00011085160804213956,2.8881046091555618e-05,3.163859582855366e-05,2.5601784727768973e-05,0.9995660185813904,0.00014619315334130079,9.08336733118631e-05
datasets\data\test\Normal\train_Image1257.jpeg,Normal,4,Normal,4,0.11045719683170319,0.002744851168245077,0.040317997336387634,0.043832890689373016,0.7090764045715332,0.053087059408426285,0.04048359766602516
datasets\data\test\Normal\train_Image1260.jpeg,Normal,4,Normal,4,0.028323853388428688,0.0018517745193094015,0.001459261286072433,0.00040869219810701907,0.9424543380737305,0.017738699913024902,0.007763415575027466
datasets\data\test\Normal\train_Image1271.jpeg,Normal,4,Normal,4,0.00020291005785111338,6.375137309078127e-05,0.002675775671377778,0.00014457084762398154,0.9881006479263306,0.005146003793925047,0.0036663159262388945
datasets\data\test\Normal\train_Image1281.jpeg,Normal,4,Normal,4,0.0003358014510013163,8.583401358919218e-05,2.1190731786191463e-05,1.3195826795708854e-05,0.9986724853515625,0.0003640836221165955,0.0005073625943623483
datasets\data\test\Normal\train_Image1285.jpeg,Normal,4,Normal,4,0.0010484386002644897,1.74029846675694e-05,0.0001222275459440425,9.763834532350302e-05,0.9971471428871155,0.0012262790696695447,0.00034091321867890656
datasets\data\test\Normal\train_Image13.jpeg,Normal,4,Normal,4,1.7929578461917117e-05,6.61804961055168e-07,2.37794779422984e-06,4.152545443503186e-06,0.999930739402771,1.785644235496875e-05,2.6304029233870097e-05
datasets\data\test\Normal\train_Image1314.jpeg,Normal,4,Normal,4,0.0004890740383416414,2.8719488909700885e-05,0.0002853249607142061,0.0001802998740458861,0.9970257878303528,0.0006153769209049642,0.0013753923121839762
datasets\data\test\Normal\train_Image1316.jpeg,Normal,4,Normal,4,0.0005975397070869803,2.4559292342019035e-06,3.752132033696398e-05,8.452907059108838e-05,0.9983820915222168,0.0002602199383545667,0.0006356411031447351
datasets\data\test\Normal\train_Image1335.jpeg,Normal,4,Normal,4,0.00014916087093297392,4.265995812602341e-06,0.0008929354953579605,1.664316914684605e-05,0.9957772493362427,0.0008772622095420957,0.0022824076004326344
datasets\data\test\Normal\train_Image1342.jpeg,Normal,4,Normal,4,0.00020197535923216492,4.521880327956751e-07,3.8785663491580635e-05,0.0003875752736348659,0.9985461235046387,0.0007396764121949673,8.536309178452939e-05
datasets\data\test\Normal\train_Image1350.jpeg,Normal,4,Normal,4,0.0004358119040261954,1.495671494922135e-05,0.0001262724690604955,7.356156129390001e-05,0.997669517993927,0.0012047688942402601,0.00047519474173896015
datasets\data\test\Normal\train_Image1353.jpeg,Normal,4,Normal,4,2.88537717096915e-06,9.277439971810963e-07,4.406262632983271e-06,1.5137577520363266e-06,0.9998680353164673,4.2056744860019535e-05,8.018228254513815e-05
datasets\data\test\Normal\train_Image1361.jpeg,Normal,4,Normal,4,0.0009356679511256516,8.772928595135454e-06,0.00012604394578374922,0.00018415821250528097,0.9977003931999207,0.0004650779301300645,0.0005798305501230061
datasets\data\test\Normal\train_Image1362.jpeg,Normal,4,Normal,4,1.0243156793876551e-05,1.467598877979981e-07,9.275520278606564e-05,3.466292764642276e-05,0.9992148876190186,4.08549458370544e-05,0.0006064655026420951
datasets\data\test\Normal\train_Image1372.jpeg,Normal,4,Normal,4,0.004839134402573109,5.714487997465767e-05,0.0022013881243765354,0.006754491478204727,0.9297653436660767,0.019007418304681778,0.03737509250640869
datasets\data\test\Normal\train_Image1378.jpeg,Normal,4,Normal,4,0.00011206669296370819,3.7538409287662944e-06,9.151507583737839e-06,1.9109829736407846e-05,0.9993222951889038,0.00030941161094233394,0.00022423996415454894
datasets\data\test\Normal\train_Image1385.jpeg,Normal,4,Normal,4,5.679699097527191e-05,2.3521297407569364e-06,2.401191341050435e-05,9.909728396451101e-05,0.9996151924133301,9.04112821444869e-05,0.00011206683848286048
datasets\data\test\Normal\train_Image1393.jpeg,Normal,4,Normal,4,5.3383505473902915e-06,6.112661310453404e-08,3.7825197978236247e-06,3.448692223173566e-05,0.9999071359634399,3.14312637783587e-05,1.771600182109978e-05
datasets\data\test\Normal\train_Image1408.jpeg,Normal,4,Normal,4,0.025600725784897804,1.1193605132575613e-05,0.0007198074017651379,0.0001206495362566784,0.9678030610084534,0.0018884196178987622,0.003856172552332282
datasets\data\test\Normal\train_Image1418.jpeg,Normal,4,Normal,4,0.0253311675041914,0.0001689592463662848,0.04862374812364578,0.0031312108039855957,0.8109739422798157,0.05458733066916466,0.05718362703919411
datasets\data\test\Normal\train_Image1423.jpeg,Normal,4,Normal,4,8.763084224483464e-06,5.550807600229746e-07,4.521144364844076e-05,0.00014162188745103776,0.9994638562202454,0.00019062688807025552,0.0001493850868428126
datasets\data\test\Normal\train_Image1424.jpeg,Normal,4,Normal,4,0.0003828369081020355,1.2480437362683006e-05,3.149486656184308e-05,5.4173171520233154e-05,0.9991471767425537,0.00016330138896591961,0.00020852827583439648
datasets\data\test\Normal\train_Image1430.jpeg,Normal,4,Normal,4,0.0017110166372731328,7.956078479764983e-05,0.00017957894306164235,0.00040397554403170943,0.9954788088798523,0.0007591580506414175,0.0013879525940865278
datasets\data\test\Normal\train_Image1432.jpeg,Normal,4,Normal,4,0.006517456378787756,0.00010061497596325353,0.0033081446308642626,0.030020730569958687,0.9415717720985413,0.011788996867835522,0.006692192517220974
datasets\data\test\Normal\train_Image1437.jpeg,Normal,4,Normal,4,0.0010354109108448029,9.130169019044843e-06,9.260731894755736e-05,0.0002911003539338708,0.997212827205658,0.0008590446086600423,0.0004999199882149696
datasets\data\test\Normal\train_Image1439.jpeg,Normal,4,Normal,4,7.853079296182841e-05,1.6062579106801422e-06,2.2420455934479833e-05,1.7250564269488677e-05,0.9993945360183716,0.00010194993228651583,0.0003836710238829255
datasets\data\test\Normal\train_Image1442.jpeg,Normal,4,Normal,4,1.1428360267018434e-05,1.4163376249598514e-07,3.891783762810519e-06,2.6297088879800867e-06,0.9999114274978638,2.0034418412251398e-05,5.041395706939511e-05
datasets\data\test\Normal\train_Image1449.jpeg,Normal,4,Normal,4,6.717900396324694e-05,1.0418507372378372e-05,6.211052823346108e-05,4.256707688909955e-05,0.9991876482963562,0.00032139578252099454,0.00030874417279846966
datasets\data\test\Normal\train_Image1472.jpeg,Normal,4,Normal,4,0.05817437544465065,0.00020841261721216142,0.0036786466371268034,0.0017737402813509107,0.9049902558326721,0.017779044806957245,0.013395536690950394
datasets\data\test\Normal\train_Image1488.jpeg,Normal,4,Normal,4,0.018693527206778526,0.0011550021590664983,0.005555113777518272,0.045185524970293045,0.8833513259887695,0.01891329698264599,0.02714620530605316
datasets\data\test\Normal\train_Image1489.jpeg,Normal,4,Normal,4,0.00044586812146008015,1.2372474884614348e-05,0.0006370110204443336,0.00044604294816963375,0.9951795339584351,0.0012260099174454808,0.002053244039416313
datasets\data\test\Normal\train_Image1490.jpeg,Normal,4,Normal,4,0.00020665404736064374,3.635813641267305e-07,1.0712878975027706e-05,7.517945505242096e-06,0.9996073842048645,6.374052463797852e-05,0.00010364545596530661
datasets\data\test\Normal\train_Image1496.jpeg,Normal,4,Normal,4,0.0004920238279737532,6.880839919176651e-06,7.471158460248262e-05,0.00011668365186778829,0.9985633492469788,0.00022766966139897704,0.0005187444039620459
datasets\data\test\Normal\train_Image1506.jpeg,Normal,4,Normal,4,0.0002021011314354837,5.706901447410928e-06,8.476770017296076e-05,0.00020883271645288914,0.9990211725234985,0.00026872867601923645,0.00020872082677669823
datasets\data\test\Normal\train_Image1515.jpeg,Normal,4,Normal,4,2.3968985260580666e-05,5.561845227930462e-06,2.9691209419979714e-05,2.859776941477321e-05,0.9995720982551575,0.00010352118260925636,0.00023657374549657106
datasets\data\test\Normal\train_Image1541.jpeg,Normal,4,Normal,4,0.008141380734741688,0.0001542570098536089,0.001082365633919835,0.004953926429152489,0.923534095287323,0.00983597245067358,0.05229807272553444
datasets\data\test\Normal\train_Image1544.jpeg,Normal,4,Normal,4,0.06664295494556427,0.00014500718680210412,0.006061881314963102,0.00034773291554301977,0.9049214124679565,0.012700827792286873,0.009180162101984024
datasets\data\test\Normal\train_Image1547.jpeg,Normal,4,Normal,4,0.0004420780169311911,5.887923180125654e-05,0.00041438016341999173,0.00033384599373675883,0.9969762563705444,0.0007793178665451705,0.0009951590327546
datasets\data\test\Normal\train_Image1560.jpeg,Normal,4,Normal,4,0.0025101813953369856,1.21036946438835e-05,0.00024048663908615708,0.00011966864258283749,0.9947283864021301,0.0019096159376204014,0.0004794837150257081
datasets\data\test\Normal\train_Image1563.jpeg,Normal,4,Normal,4,0.00021293212193995714,1.1262459338468034e-06,3.3352240279782563e-05,0.00016839290037751198,0.9984470009803772,0.00024481938453391194,0.0008924518479034305
datasets\data\test\Normal\train_Image1579.jpeg,Normal,4,Normal,4,3.0471954232780263e-05,9.571746204528608e-07,0.00011665686179185286,0.0002883905835915357,0.9990731477737427,0.0002583723689895123,0.00023194013920146972
datasets\data\test\Normal\train_Image1585.jpeg,Normal,4,Normal,4,0.0006241024238988757,7.0218579821812455e-06,0.000320672697853297,0.0002693156711757183,0.9958221912384033,0.001061803544871509,0.0018949329387396574
datasets\data\test\Normal\train_Image1591.jpeg,Normal,4,Normal,4,0.0007779162842780352,1.9699860786204226e-05,0.00010332192323403433,0.00015092479588929564,0.9972628355026245,0.0006642983062192798,0.0010209073079749942
datasets\data\test\Normal\train_Image1599.jpeg,Normal,4,Normal,4,0.0036933794617652893,3.3420274121453986e-05,0.0007247921312227845,0.0022119684144854546,0.9868417978286743,0.0040318663232028484,0.002462770789861679
datasets\data\test\Normal\train_Image1617.jpeg,Normal,4,Normal,4,3.376087624928914e-05,5.022776576879551e-07,7.710711543040816e-06,4.80643539049197e-05,0.9998488426208496,3.105757787125185e-05,3.0127221180009656e-05
datasets\data\test\Normal\train_Image1618.jpeg,Normal,4,Normal,4,0.0007364326738752425,5.4810757319501135e-06,0.00028340230346657336,0.00019626827270258218,0.997747004032135,0.00041169548057951033,0.0006195789901539683
datasets\data\test\Normal\train_Image1619.jpeg,Normal,4,Normal,4,6.960415339563042e-05,7.430172388467327e-08,7.2275229285878595e-06,8.446297101727396e-07,0.9997624754905701,2.7027082978747785e-05,0.00013276745448820293
datasets\data\test\Normal\train_Image1639.jpeg,Normal,4,Normal,4,0.00277510448358953,5.8689147408585995e-05,0.0009352928609587252,0.001029588165692985,0.9878124594688416,0.0022362852469086647,0.005152545869350433
datasets\data\test\Normal\train_Image1678.jpeg,Normal,4,Normal,4,0.0004510145809035748,7.313654805329861e-06,0.00024164310889318585,0.0009032984962686896,0.9951025247573853,0.0004720994329545647,0.0028220515232533216
datasets\data\test\Normal\train_Image1708.jpeg,Normal,4,Normal,4,0.23625358939170837,0.0004784823686350137,0.01999647729098797,0.002715436741709709,0.7087631225585938,0.017745742574334145,0.014047128148376942
datasets\data\test\Normal\train_Image1712.jpeg,Normal,4,Normal,4,8.428283422290406e-07,1.8785286659550593e-09,1.7596699990463094e-06,3.650454800663283e-07,0.9999390840530396,3.070318371101166e-06,5.480896288645454e-05
datasets\data\test\Normal\train_Image1719.jpeg,Normal,4,Normal,4,9.257470810553059e-05,2.0172761651338078e-05,3.4067241358570755e-05,7.141511741792783e-05,0.9993078708648682,0.0002706511877477169,0.00020326646335888654
datasets\data\test\Normal\train_Image1729.jpeg,Normal,4,Normal,4,4.547338903648779e-05,1.0530721738177817e-05,0.0005365692195482552,0.003269967157393694,0.9952319264411926,0.0007184445858001709,0.0001871593703981489
datasets\data\test\Normal\train_Image1737.jpeg,Normal,4,Normal,4,3.826677129836753e-05,1.8278892639500555e-06,1.6353285900549963e-05,1.6501300706295297e-05,0.9996246099472046,7.616696530021727e-05,0.00022623402765020728
datasets\data\test\Normal\train_Image188.jpeg,Normal,4,Normal,4,0.0001729324576444924,2.0476347344811074e-05,6.918607687111944e-05,4.801391696673818e-05,0.9981188178062439,0.0006385432207025588,0.0009320612298324704
datasets\data\test\Normal\train_Image196.jpeg,Normal,4,Normal,4,7.038313196972013e-05,1.4181334336171858e-05,6.37704724795185e-05,5.65420305065345e-05,0.9989485144615173,0.0004985312698408961,0.00034812334342859685
datasets\data\test\Normal\train_Image214.jpeg,Normal,4,Normal,4,2.5991252186940983e-05,1.7413269688404398e-06,1.669793618930271e-06,4.761319814861054e-06,0.9999076128005981,2.226591095677577e-05,3.596874012146145e-05
datasets\data\test\Normal\train_Image218.jpeg,Normal,4,Normal,4,1.8818535636455636e-06,1.3423111511201569e-07,6.409486985603507e-08,8.13860978610137e-08,0.9999933242797852,9.018767741508782e-07,3.681017233247985e-06
datasets\data\test\Normal\train_Image220.jpeg,Normal,4,Normal,4,0.00022899486066307873,4.395174983073957e-05,2.6136835003853776e-05,2.635972123243846e-05,0.9991793036460876,0.00016299854905810207,0.00033218675525859
datasets\data\test\Normal\train_Image227.jpeg,Normal,4,Normal,4,3.1334362574853e-05,8.279220082840766e-07,2.1609039322356693e-06,8.253005034930538e-06,0.9998703002929688,2.8626171115320176e-05,5.8520701713860035e-05
datasets\data\test\Normal\train_Image246.jpeg,Normal,4,Normal,4,1.49909953961469e-06,6.993404610966536e-08,8.176294272743689e-07,7.325052706619317e-07,0.9999566078186035,4.383729446999496e-06,3.574043876142241e-05
datasets\data\test\Normal\train_Image247.jpeg,Normal,4,Normal,4,1.3848068192601204e-05,1.5567597984045278e-06,1.0324572031095158e-05,2.07673292607069e-05,0.999711811542511,6.330800533760339e-05,0.00017832346202339977
datasets\data\test\Normal\train_Image257.jpeg,Normal,4,Normal,4,0.004049315117299557,7.224459113785997e-05,0.00015265823458321393,0.00034446350764483213,0.9913825392723083,0.001393808051943779,0.0026049832813441753
datasets\data\test\Normal\train_Image274.jpeg,Normal,4,Normal,4,2.9418391932267696e-05,2.0266723765871575e-07,3.947762888856232e-05,4.9234477046411484e-06,0.9996022582054138,6.943012704141438e-05,0.00025422850740142167
datasets\data\test\Normal\train_Image275.jpeg,Normal,4,Normal,4,0.0003767189627978951,3.531439006110304e-06,0.001138147315941751,0.004370041191577911,0.9871337413787842,0.0022892893757671118,0.004688531160354614
datasets\data\test\Normal\train_Image28.jpeg,Normal,4,Normal,4,6.1400151025736704e-06,2.6022482302323624e-07,3.0280486384981486e-07,1.0285079810046227e-07,0.999987006187439,1.994481635847478e-06,4.128509317524731e-06
datasets\data\test\Normal\train_Image296.jpeg,Normal,4,Normal,4,0.0005308671970851719,2.8074649890186265e-05,3.525123611325398e-05,2.5581306545063853e-05,0.9985398054122925,0.0003375388332642615,0.0005029590101912618
datasets\data\test\Normal\train_Image298.jpeg,Normal,4,Normal,4,0.0002532098151277751,1.2565566294142627e-06,1.80258575710468e-05,0.00011684661876643077,0.9972676038742065,0.00026080646784976125,0.0020822922233492136
datasets\data\test\Normal\train_Image338.jpeg,Normal,4,Normal,4,5.124693416291848e-05,1.2151741657362436e-07,7.035180169623345e-05,5.8282348618377e-06,0.998791515827179,0.00014318476314656436,0.0009378058020956814
datasets\data\test\Normal\train_Image343.jpeg,Normal,4,Normal,4,1.2289498954487499e-05,3.8801891832918045e-07,3.2538750929234084e-06,4.052809345012065e-06,0.9999419450759888,1.688119664322585e-05,2.116744508384727e-05
datasets\data\test\Normal\train_Image344.jpeg,Normal,4,Normal,4,0.00011146497854497284,1.6076646716101095e-06,0.0005377963534556329,2.3073325792211108e-05,0.9768730401992798,0.0008673536358401179,0.021585708484053612
datasets\data\test\Normal\train_Image368.jpeg,Normal,4,Normal,4,3.299844320281409e-05,1.65283881869982e-06,2.0294612113502808e-05,1.9376522686798126e-05,0.9997250437736511,0.0001285068574361503,7.211014599306509e-05
datasets\data\test\Normal\train_Image395.jpeg,Normal,4,Normal,4,0.021873148158192635,0.0011499860556796193,0.0013953156303614378,0.0018203317886218429,0.9489856362342834,0.00807773508131504,0.016697846353054047
datasets\data\test\Normal\train_Image432.jpeg,Normal,4,Normal,4,0.0002729654952418059,6.568622211489128e-06,8.228411752497777e-05,0.0003322076809126884,0.9981155395507812,0.0007145805866457522,0.00047584445565007627
datasets\data\test\Normal\train_Image437.jpeg,Normal,4,Normal,4,0.002254268852993846,6.0708527598762885e-05,0.0001486378605477512,0.0003879269934259355,0.9920594692230225,0.0016882679192349315,0.003400624031201005
datasets\data\test\Normal\train_Image458.jpeg,Normal,4,Normal,4,6.219608167157276e-06,8.581335464441509e-07,2.583541345302365e-06,2.282183913848712e-06,0.9999539852142334,1.871861059044022e-05,1.545663872093428e-05
datasets\data\test\Normal\train_Image465.jpeg,Normal,4,Normal,4,1.3836283869750332e-05,1.340554831585905e-07,9.880475772661157e-06,2.1345105778891593e-05,0.9998113512992859,3.735878999577835e-05,0.0001060769209288992
datasets\data\test\Normal\train_Image483.jpeg,Normal,4,Normal,4,3.915222259820439e-05,5.270871497486951e-06,1.634384534554556e-05,1.681584217294585e-05,0.9995096921920776,7.760091102682054e-05,0.0003350622719153762
datasets\data\test\Normal\train_Image514.jpeg,Normal,4,Normal,4,0.00014135394303593785,7.123849627532763e-06,3.181936699547805e-05,2.2095411623013206e-05,0.9992801547050476,0.00034483251511119306,0.00017257350555155426
datasets\data\test\Normal\train_Image515.jpeg,Normal,4,Normal,4,8.185765182133764e-05,2.750160774667165e-07,1.6573394532315433e-05,3.0511826025758637e-06,0.999750554561615,0.00010376375576015562,4.383577106636949e-05
datasets\data\test\Normal\train_Image539.jpeg,Normal,4,Normal,4,5.114129635330755e-07,7.495985165917318e-09,2.9206994156538713e-08,4.041746848315597e-08,0.9999983310699463,4.952767085342202e-07,6.207164346960781e-07
datasets\data\test\Normal\train_Image540.jpeg,Normal,4,Normal,4,1.990865484913229e-06,3.205207121936837e-07,4.2685402945608075e-07,1.913018792265575e-07,0.9999891519546509,3.556792989911628e-06,4.32229080615798e-06
datasets\data\test\Normal\train_Image546.jpeg,Normal,4,Normal,4,5.110095457894204e-07,3.9340093849205005e-08,2.674159418347699e-07,5.222952950134641e-07,0.999994158744812,1.2511028444350814e-06,3.265068244218128e-06
datasets\data\test\Normal\train_Image561.jpeg,Normal,4,Normal,4,0.0019865487702190876,0.00028459526947699487,0.016018519178032875,6.533685518661514e-05,0.9507526755332947,0.01955551654100418,0.01133674941956997
datasets\data\test\Normal\train_Image576.jpeg,Normal,4,Normal,4,0.005009331740438938,0.0005387198179960251,0.0005223393673077226,0.00020172074437141418,0.956293523311615,0.00593688664957881,0.03149743005633354
datasets\data\test\Normal\train_Image581.jpeg,Normal,4,Normal,4,1.9233561033615842e-05,5.579375965680811e-07,5.618421255348949e-06,1.0235443369310815e-05,0.9998974800109863,5.182103632250801e-05,1.5114688721951097e-05
datasets\data\test\Normal\train_Image629.jpeg,Normal,4,Normal,4,0.0016862958436831832,9.610093002265785e-06,0.0006139694596640766,0.004504823591560125,0.9901247024536133,0.0013319746358320117,0.0017285586800426245
datasets\data\test\Normal\train_Image639.jpeg,Normal,4,Normal,4,0.00022637797519564629,6.833963198005222e-06,0.0005187958013266325,6.780854891985655e-05,0.9971281886100769,0.0014373906888067722,0.0006147461826913059
datasets\data\test\Normal\train_Image659.jpeg,Normal,4,Normal,4,0.000689158565364778,0.00042497384129092097,0.0004143464029766619,0.00029308837838470936,0.9915653467178345,0.004114698618650436,0.002498399931937456
datasets\data\test\Normal\train_Image662.jpeg,Normal,4,Normal,4,0.0001994674967136234,6.219419901754009e-06,0.0001305679470533505,0.00017105427104979753,0.9986057877540588,0.0002270412223879248,0.0006599099142476916
datasets\data\test\Normal\train_Image672.jpeg,Normal,4,Normal,4,0.0005348576232790947,0.00011665620695566759,0.00016406508802901953,0.00010074276360683143,0.9980952143669128,0.0005169294308871031,0.000471518695121631
datasets\data\test\Normal\train_Image683.jpeg,Normal,4,Normal,4,0.000396829069359228,8.321091445395723e-05,0.00015939048898871988,2.595660771476105e-05,0.9966273903846741,0.0013630525209009647,0.001344162505120039
datasets\data\test\Normal\train_Image687.jpeg,Normal,4,Normal,4,0.00846206583082676,1.5287025235011242e-05,5.9737354604294524e-05,0.00021633879805449396,0.9869984984397888,0.0011520988773554564,0.0030959476716816425
datasets\data\test\Normal\train_Image694.jpeg,Normal,4,Normal,4,1.4777329852222465e-05,8.517580454281415e-07,5.99022678215988e-05,8.651977259432897e-05,0.999534010887146,0.00010396491416031495,0.0001999539672397077
datasets\data\test\Normal\train_Image7.jpeg,Normal,4,Normal,4,1.3023269275436178e-05,2.2149122003156663e-07,2.1887277057430765e-07,4.93451750571694e-08,0.9999759197235107,4.9864311222336255e-06,5.579295248026028e-06
datasets\data\test\Normal\train_Image700.jpeg,Normal,4,Normal,4,0.0004316396079957485,3.874607864418067e-05,0.00014922203263267875,0.000404574180720374,0.9963089823722839,0.0012082986067980528,0.0014585173921659589
datasets\data\test\Normal\train_Image712.jpeg,Normal,4,Normal,4,5.7056699006352574e-05,2.0591072825482115e-05,0.00016760703874751925,6.696392665617168e-05,0.9982870221138,0.0010229459730908275,0.00037783384323120117
datasets\data\test\Normal\train_Image726.jpeg,Normal,4,Normal,4,4.520131187746301e-05,1.0471441100889933e-06,2.6458284992258996e-05,4.586407158058137e-05,0.9995991587638855,0.00011701429320964962,0.000165327699505724
datasets\data\test\Normal\train_Image752.jpeg,Normal,4,Normal,4,9.134364518104121e-06,3.357232856160408e-07,8.539734039914038e-07,4.944764441461302e-06,0.999969482421875,6.221732746780617e-06,9.030512046592776e-06
datasets\data\test\Normal\train_Image760.jpeg,Normal,4,Normal,4,4.599006206262857e-05,3.869891315844143e-06,3.202403604518622e-05,4.164423808106221e-05,0.9996787309646606,9.912673704093322e-05,9.853173105511814e-05
datasets\data\test\Normal\train_Image764.jpeg,Normal,4,Normal,4,4.07131028623553e-06,1.1754572142308461e-06,4.7612561502319295e-06,7.01105182088213e-06,0.9999438524246216,2.6061221433337778e-05,1.3105704056215473e-05
datasets\data\test\Normal\train_Image767.jpeg,Normal,4,Normal,4,3.27141497109551e-05,5.050423169450369e-06,1.975982013391331e-05,2.039040919044055e-05,0.9997803568840027,8.938635437516496e-05,5.243889245321043e-05
datasets\data\test\Normal\train_Image770.jpeg,Normal,4,Normal,4,2.896700425480958e-05,3.949207439291058e-06,3.676114647532813e-05,3.490130984573625e-05,0.9997454285621643,6.406808097381145e-05,8.583990711485967e-05
datasets\data\test\Normal\train_Image773.jpeg,Normal,4,Normal,4,4.17765841120854e-05,1.8453113170835422e-06,1.4902833754604217e-05,2.7510521249496378e-05,0.9996902942657471,8.572097431169823e-05,0.0001379039604216814
datasets\data\test\Normal\train_Image776.jpeg,Normal,4,Normal,4,4.230819831718691e-05,4.134904884267598e-06,1.4001533600094263e-05,1.5911002265056595e-05,0.9997256398200989,7.272651419043541e-05,0.00012537084694486111
datasets\data\test\Normal\train_Image778.jpeg,Normal,4,Normal,4,2.9009159334236756e-05,8.352418490176206e-07,1.418245847162325e-05,3.675686093629338e-05,0.999778687953949,5.5536951549584046e-05,8.50396609166637e-05
datasets\data\test\Normal\train_Image786.jpeg,Normal,4,Normal,4,1.9368904759176075e-05,2.010858679568628e-06,1.2321056601649616e-05,2.480049715813948e-06,0.9996246099472046,0.00026695706765167415,7.213874778244644e-05
datasets\data\test\Normal\train_Image791.jpeg,Normal,4,Normal,4,3.69093322660774e-05,6.375092311827757e-07,1.7018517610267736e-05,2.6440900910529308e-05,0.9994798302650452,9.382377902511507e-05,0.00034535559825599194
datasets\data\test\Normal\train_Image792.jpeg,Normal,4,Normal,4,8.504481229465455e-06,3.1356330509879626e-07,1.2446397477106075e-06,3.249434030294651e-06,0.9999370574951172,2.237090484413784e-05,2.7232725187786855e-05
datasets\data\test\Normal\train_Image793.jpeg,Normal,4,Normal,4,1.3034247785981279e-05,1.153449602497858e-07,1.4666871948065818e-06,1.321581066804356e-06,0.9999622106552124,8.948675713327248e-06,1.295755646424368e-05
datasets\data\test\Normal\train_Image794.jpeg,Normal,4,Normal,4,1.422819696017541e-05,3.8769641719227366e-07,6.636310445173876e-06,2.10914868148393e-06,0.9999200105667114,2.3221147785079665e-05,3.342547279316932e-05
datasets\data\test\Normal\train_Image799.jpeg,Normal,4,Normal,4,1.524548679299187e-06,1.0211731478193542e-06,1.9558797248464543e-06,9.95136474557512e-07,0.9999561309814453,1.0977733836625703e-05,2.7359055820852518e-05
datasets\data\test\Normal\train_Image804.jpeg,Normal,4,Normal,4,3.908033613697626e-05,3.4373856578895357e-06,3.3441050618421286e-05,3.724845373653807e-05,0.9995115995407104,9.95295777102001e-05,0.0002756711910478771
datasets\data\test\Normal\train_Image808.jpeg,Normal,4,Normal,4,9.16859607968945e-06,1.5918385543045588e-06,8.155427167366724e-06,5.571901510847965e-06,0.9999202489852905,1.815267933125142e-05,3.712874240591191e-05
datasets\data\test\Normal\train_Image815.jpeg,Normal,4,Normal,4,0.0003702066605910659,0.0001741727173794061,0.000511329504661262,0.0003378416586201638,0.9944887161254883,0.0007644234574399889,0.0033532639499753714
datasets\data\test\Normal\train_Image821.jpeg,Normal,4,Normal,4,5.9910704294452444e-05,3.514310265018139e-06,3.395258681848645e-05,3.2278803701046854e-05,0.9994117021560669,7.111750164767727e-05,0.0003876105765812099
datasets\data\test\Normal\train_Image832.jpeg,Normal,4,Normal,4,0.0004840169276576489,9.986452823795844e-06,9.913100075209513e-05,8.347786933882162e-05,0.9982584118843079,0.00042936537647619843,0.000635708449408412
datasets\data\test\Normal\train_Image833.jpeg,Normal,4,Normal,4,0.00018038568668998778,3.3813157642725855e-06,6.431647489080206e-05,4.2438168748049065e-05,0.9992283582687378,0.00017900991952046752,0.00030220329063013196
datasets\data\test\Normal\train_Image858.jpeg,Normal,4,Normal,4,3.2540618121856824e-05,4.837256710743532e-06,4.92610570290708e-06,6.475573900388554e-05,0.9997431635856628,0.00010370295058237389,4.613676719600335e-05
datasets\data\test\Normal\train_Image867.jpeg,Normal,4,Normal,4,0.00019614130724221468,2.301523090864066e-05,0.0003773997013922781,0.0004354997945483774,0.9967924952507019,0.0011426183627918363,0.0010328796925023198
datasets\data\test\Normal\train_Image877.jpeg,Normal,4,Normal,4,3.0374563721125014e-05,1.391819751006551e-06,1.5572137272101827e-05,1.030949078995036e-05,0.9996978044509888,7.598853699164465e-05,0.0001686049799900502
datasets\data\test\Normal\train_Image891.jpeg,Normal,4,Normal,4,9.339124517282471e-05,8.149477253027726e-06,3.0515564503730275e-05,1.5537887520622462e-05,0.9995273351669312,0.00015353724302258343,0.0001716272090561688
datasets\data\test\Normal\train_Image894.jpeg,Normal,4,Normal,4,1.934196916408837e-06,2.172715312553919e-06,5.130173690304218e-07,7.155983894335805e-07,0.9999701976776123,1.5231378711177967e-05,9.237453014065977e-06
datasets\data\test\Normal\train_Image895.jpeg,Normal,4,Normal,4,8.25526331027504e-06,1.3400040188571438e-06,9.776934348337818e-06,2.1440830551000545e-06,0.9999005794525146,4.208130485494621e-05,3.590402047848329e-05
datasets\data\test\Normal\train_Image898.jpeg,Normal,4,Normal,4,1.6476418750244193e-05,6.794186333536345e-07,5.95485607846058e-06,2.2731970602762885e-05,0.9998111128807068,7.949575228849426e-05,6.368156027747318e-05
datasets\data\test\Normal\train_Image908.jpeg,Normal,4,Normal,4,5.661837803927483e-06,4.997733640266233e-07,4.901248303212924e-06,8.501958177475899e-07,0.9999277591705322,3.522033875924535e-05,2.5179529984598048e-05
datasets\data\test\Normal\train_Image914.jpeg,Normal,4,Normal,4,2.6666702979127876e-05,5.2112895900791045e-06,3.968714736402035e-05,2.2560667275683954e-05,0.999555766582489,0.0002034421922871843,0.0001466696703573689
datasets\data\test\Normal\train_Image930.jpeg,Normal,4,Normal,4,4.166811777395196e-05,3.3466760669398354e-06,9.340628457721323e-05,4.135457857046276e-05,0.999352753162384,0.00016918724577408284,0.00029833338339813054
datasets\data\test\Normal\train_Image940.jpeg,Normal,4,Normal,4,7.037555769784376e-05,7.625826128787594e-06,2.7130616217618808e-05,1.847033854573965e-05,0.9995995163917542,0.0001865231606643647,9.040330769494176e-05
datasets\data\test\Normal\train_Image949.jpeg,Normal,4,Normal,4,1.7336938981316052e-05,6.272748009905627e-07,3.8202295399969444e-05,7.5535194810072426e-06,0.999729335308075,8.89158109202981e-05,0.00011804475070675835
datasets\data\test\Normal\train_Image958.jpeg,Normal,4,Normal,4,1.5006356079538818e-05,1.0405494776932755e-06,1.619280010345392e-05,1.825260915211402e-05,0.999669075012207,0.00025256277876906097,2.7906244213227183e-05
datasets\data\test\Normal\train_Image962.jpeg,Normal,4,Normal,4,0.0001278431445825845,1.140025142376544e-05,0.00015109845844563097,1.0997465324180666e-05,0.9991238713264465,0.00038452650187537074,0.0001902566000353545
datasets\data\test\Normal\train_Image996.jpeg,Normal,4,Normal,4,0.0004002781060989946,7.02411780366674e-05,0.00015912034723442048,0.00012434118252713233,0.9977745413780212,0.0007886773673817515,0.000682811951264739
datasets\data\test\Normal\valid_Image100.jpeg,Normal,4,Normal,4,1.1578362318687141e-05,2.970999730678159e-07,3.827088676189305e-06,1.0404032764199656e-06,0.9997058510780334,3.275307608419098e-05,0.0002446075377520174
datasets\data\test\Normal\valid_Image102.jpeg,Normal,4,Normal,4,3.7798527046106756e-05,6.301704047473322e-07,3.0315318326756824e-06,6.9137745413172524e-06,0.999790608882904,4.713392991106957e-05,0.00011392861051717773
datasets\data\test\Normal\valid_Image114.jpeg,Normal,4,Normal,4,5.9221820265520364e-05,8.611256816948298e-06,2.2830597572465194e-06,1.1382327102182899e-05,0.9998169541358948,4.318236460676417e-05,5.8364588767290115e-05
datasets\data\test\Normal\valid_Image119.jpeg,Normal,4,Normal,4,0.000660135701764375,0.0003260317607782781,6.327229493763298e-05,4.582868132274598e-05,0.9965547323226929,0.0009963916381821036,0.0013536537298932672
datasets\data\test\Normal\valid_Image136.jpeg,Normal,4,Normal,4,8.956598321674392e-06,1.024276912175992e-06,2.891714530051104e-06,2.820668669301085e-06,0.9998314380645752,2.3854758183006197e-05,0.00012907585187349468
datasets\data\test\Normal\valid_Image141.jpeg,Normal,4,Normal,4,9.348967068945058e-06,5.461392902361695e-07,5.566730010286847e-07,6.882745537950541e-07,0.999945878982544,6.052499884390272e-06,3.693538747029379e-05
datasets\data\test\Normal\valid_Image163.jpeg,Normal,4,Normal,4,1.1949376130360179e-05,3.164959139212442e-08,1.1064996670029359e-06,6.886402843520045e-06,0.9997718930244446,1.67376365425298e-05,0.00019149821309838444
datasets\data\test\Normal\valid_Image176.jpeg,Normal,4,Normal,4,1.1437364264565986e-06,9.863022398803878e-08,4.772597321789362e-07,2.9348041152843507e-07,0.9999860525131226,5.05531761518796e-06,6.742432105966145e-06
datasets\data\test\Normal\valid_Image179.jpeg,Normal,4,Normal,4,9.878126002149656e-05,8.651354619360063e-06,2.8450713216443546e-05,2.9398604965535924e-05,0.9994615912437439,0.00016126560512930155,0.00021190161351114511
datasets\data\test\Normal\valid_Image180.jpeg,Normal,4,Normal,4,0.0001585486752446741,3.2958603696897626e-05,0.00036752692540176213,0.0002720309130381793,0.9941481351852417,0.00162668211851269,0.0033941450528800488
datasets\data\test\Normal\valid_Image49.jpeg,Normal,4,Normal,4,0.001669517019763589,4.134090704610571e-05,1.9133194655296393e-05,2.5770699721761048e-05,0.997657060623169,0.00032484036637470126,0.00026227766647934914
datasets\data\test\Normal\valid_Image56.jpeg,Normal,4,Normal,4,9.902634019454126e-07,3.309172029730689e-07,1.83694203315099e-06,2.7226272436564614e-07,0.9999834299087524,2.9630559765791986e-06,1.020330182655016e-05
datasets\data\test\Normal\valid_Image71.jpeg,Normal,4,Normal,4,6.264474905037787e-06,9.144224577539717e-07,7.790716267663811e-07,9.846472721619648e-07,0.9999730587005615,7.881923011154868e-06,1.0046025636256672e-05
datasets\data\test\Normal\valid_Image96.jpeg,Normal,4,Normal,4,5.817215424031019e-05,1.2014322692266433e-06,3.711737008416094e-05,1.2697651072812732e-05,0.9991135001182556,6.354750075843185e-05,0.0007138244691304862
datasets\data\test\Psoriasis\test_08sebKerm1122046.jpg,Psoriasis,5,Acne,0,0.7785267233848572,0.0008761762292124331,0.07420755922794342,0.001495077507570386,0.0002467891026753932,0.07032237201929092,0.07432535290718079
datasets\data\test\Psoriasis\test_Lichen-Planus-Drug-28.jpg,Psoriasis,5,Psoriasis,5,0.029128050431609154,0.0059380983002483845,0.19760389626026154,0.10408890247344971,0.01119183748960495,0.4998251795768738,0.15222404897212982
datasets\data\test\Psoriasis\test_lichen-planus-vaginal-9.jpg,Psoriasis,5,Psoriasis,5,0.01572093926370144,0.09652656316757202,0.038480281829833984,0.007671901024878025,0.0021681389771401882,0.45665717124938965,0.3827749192714691
datasets\data\test\Psoriasis\test_Lichen-Sclerosus-Skin-127.jpg,Psoriasis,5,Psoriasis,5,0.04447542130947113,0.0013905796222388744,0.08502968400716782,0.013041158206760883,0.0005990898353047669,0.6868703961372375,0.1685936152935028
datasets\data\test\Psoriasis\test_Lichen-Sclerosus-Skin-90.jpg,Psoriasis,5,Psoriasis,5,0.18866674602031708,0.011699838563799858,0.09985751658678055,0.0009425070602446795,0.007108092773705721,0.5558938980102539,0.13583141565322876
datasets\data\test\Psoriasis\test_pityriasis-rosea-143.jpg,Psoriasis,5,Psoriasis,5,0.022890729829669,0.0030833864584565163,0.06942499428987503,0.002581552369520068,0.00011968630860792473,0.8820724487304688,0.019827155396342278
datasets\data\test\Psoriasis\test_pityriasis-rosea-191.jpg,Psoriasis,5,Psoriasis,5,0.03633439168334007,0.0006611069547943771,0.17542831599712372,0.0036407276056706905,0.00027805237914435565,0.7645938992500305,0.019063515588641167
datasets\data\test\Psoriasis\test_pityriasis-rubra-pilaris-1.jpg,Psoriasis,5,Psoriasis,5,0.0009291974711231887,0.00017762393690645695,0.016540322452783585,0.00010120744991581887,5.170933491172036e-06,0.9788506627082825,0.003395887091755867
datasets\data\test\Psoriasis\test_pityriasis-rubra-pilaris-13.jpg,Psoriasis,5,Psoriasis,5,0.010371707379817963,0.009551780298352242,0.1711350530385971,0.004293110221624374,0.0034647230058908463,0.6937572956085205,0.10742639005184174
datasets\data\test\Psoriasis\test_pityriasis-rubra-pilaris-49.jpg,Psoriasis,5,Tinea,6,0.005584174767136574,0.0005135375540703535,0.11124089360237122,0.005755751393735409,0.00027087191119790077,0.27427995204925537,0.6023548245429993
datasets\data\test\Psoriasis\test_Psoriasis-Histology-4.jpg,Psoriasis,5,Normal,4,0.023073485121130943,0.004227128345519304,0.007060021162033081,0.08205657452344894,0.6766228079795837,0.11954144388437271,0.08741848915815353
datasets\data\test\Psoriasis\test_scalp-psoriasis-0003__ProtectWyJQcm90ZWN0Il0_FocusFillWzI5NCwyMjIsIngiLDFd.jpeg,Psoriasis,5,Psoriasis,5,0.01197220478206873,7.131136226234958e-05,0.005702646914869547,0.004025695379823446,0.00048351369332522154,0.9665669202804565,0.01117775309830904
datasets\data\test\Psoriasis\test_scalp-psoriasis-0006__ProtectWyJQcm90ZWN0Il0_FocusFillWzI5NCwyMjIsIngiLDFd.jpeg,Psoriasis,5,Psoriasis,5,0.2997124493122101,0.0006219469360075891,0.07385488599538803,0.002802738919854164,0.01765047386288643,0.557651698589325,0.047705791890621185
datasets\data\test\Psoriasis\test_seborrheic-dermatitis-129.jpg,Psoriasis,5,Tinea,6,0.22968250513076782,0.01855974644422531,0.03696691244840622,0.044066719710826874,0.005559409968554974,0.2601850628852844,0.4049796760082245
datasets\data\test\Psoriasis\test_seborrheic-dermatitis-15.jpg,Psoriasis,5,Psoriasis,5,0.06932644546031952,0.0006293267360888422,0.11738403886556625,0.13137546181678772,0.0010994761250913143,0.5881938338279724,0.09199148416519165
datasets\data\test\Psoriasis\train_08PsoriasisPitting1.jpg,Psoriasis,5,NailFungus,3,0.0001497440243838355,4.3965170334558934e-05,0.0016266144812107086,0.9736701846122742,2.4278137061628513e-05,0.023452864959836006,0.0010322873713448644
datasets\data\test\Psoriasis\train_08SebDermEAr.jpg,Psoriasis,5,Acne,0,0.5434507727622986,0.00034083425998687744,0.05297842621803284,0.04844516143202782,0.00040418910793960094,0.3136417865753174,0.04073880612850189
datasets\data\test\Psoriasis\train_08sebDermEar031306.jpg,Psoriasis,5,Psoriasis,5,0.007525750435888767,0.004808188881725073,0.024961179122328758,0.039925578981637955,0.010446248576045036,0.8698045015335083,0.04252856224775314
datasets\data\test\Psoriasis\train_08SebDermPresternal063002.jpg,Psoriasis,5,Tinea,6,0.08203794807195663,0.004830982536077499,0.14125822484493256,0.02309701032936573,0.04545041546225548,0.048233866691589355,0.6550915837287903
datasets\data\test\Psoriasis\train_08sebDermScalp111308.jpg,Psoriasis,5,Psoriasis,5,0.0018917028792202473,0.00012524235353339463,0.06966064125299454,0.02764979377388954,0.0011775268940255046,0.562781810760498,0.3367133140563965
datasets\data\test\Psoriasis\train_08SebDermScalp3.jpg,Psoriasis,5,Psoriasis,5,6.139539618743584e-05,0.0012384973233565688,0.01697188802063465,0.0009503856417723,3.03548058582237e-05,0.8198190927505493,0.16092830896377563
datasets\data\test\Psoriasis\train_08TineaAmiantacea.jpg,Psoriasis,5,Psoriasis,5,0.0022150215227156878,9.648942796047777e-05,0.05320272967219353,0.04803333804011345,0.000423332501668483,0.6947514414787292,0.20127762854099274
datasets\data\test\Psoriasis\train_Axillary-Granular-Parakeratosis-4.jpg,Psoriasis,5,Tinea,6,0.001175133977085352,0.002118813805282116,0.34598368406295776,0.0024141313042491674,0.00012211613648105413,0.11736909300088882,0.5308170318603516
datasets\data\test\Psoriasis\train_Axillary-Granular-Parakeratosis-6.jpg,Psoriasis,5,Tinea,6,0.0006959743914194405,0.01889110542833805,0.24892674386501312,3.263129838160239e-05,1.0062757610285189e-05,0.01612669602036476,0.7153167128562927
datasets\data\test\Psoriasis\train_Axillary-Granular-Parakeratosis-7.jpg,Psoriasis,5,Tinea,6,0.004162357188761234,0.13531915843486786,0.11951758712530136,0.0011382410302758217,0.00021131298854015768,0.12031538039445877,0.6193360090255737
datasets\data\test\Psoriasis\train_lichen-planus-20.jpg,Psoriasis,5,NailFungus,3,0.00027070476789958775,0.0001855056470958516,0.27679145336151123,0.534241795539856,7.265368185471743e-05,0.16279055178165436,0.02564728632569313
datasets\data\test\Psoriasis\train_lichen-planus-204.jpg,Psoriasis,5,Tinea,6,0.02959086373448372,0.000632990151643753,0.20222154259681702,0.18856880068778992,0.0008705590153113008,0.15243127942085266,0.42568400502204895
datasets\data\test\Psoriasis\train_Lichen-Planus-Drug-14.jpg,Psoriasis,5,Eczema,2,0.015848560258746147,7.765891496092081e-05,0.5770405530929565,0.0035503050312399864,0.0012140646576881409,0.14889250695705414,0.25337639451026917
datasets\data\test\Psoriasis\train_Lichen-Planus-Drug-16.jpg,Psoriasis,5,Psoriasis,5,0.23271486163139343,0.0002027870068559423,0.25291740894317627,0.013167092576622963,0.00024011505593080074,0.3421783149242401,0.158579483628273
datasets\data\test\Psoriasis\train_Lichen-Planus-Drug-23.jpg,Psoriasis,5,Tinea,6,0.0050689466297626495,3.5670105717144907e-05,0.14023350179195404,0.0020756812300533056,2.375391159148421e-05,0.18054403364658356,0.6720184087753296
datasets\data\test\Psoriasis\train_Lichen-Planus-Drug-7.jpg,Psoriasis,5,Psoriasis,5,0.015872932970523834,0.00035100337117910385,0.21564529836177826,0.00749078206717968,8.103189611574635e-05,0.6945610046386719,0.06599798798561096
datasets\data\test\Psoriasis\train_Lichen-Planus-Drug-8.jpg,Psoriasis,5,Tinea,6,0.005540745332837105,0.002801960101351142,0.2008737474679947,0.046426791697740555,0.03527526184916496,0.21371081471443176,0.4953707456588745
datasets\data\test\Psoriasis\train_Lichen-Planus-Oral-37.jpg,Psoriasis,5,Psoriasis,5,0.057959605008363724,0.06249890848994255,0.031246861442923546,0.004461752250790596,0.0015103149926289916,0.7965191006660461,0.04580347239971161
datasets\data\test\Psoriasis\train_Lichen-Planus-Oral-46.jpg,Psoriasis,5,Acne,0,0.48374730348587036,0.001861676457338035,0.0783548578619957,0.09059499204158783,0.002204075688496232,0.2825500965118408,0.06068696454167366
datasets\data\test\Psoriasis\train_Lichen-Planus-Oral-7.jpg,Psoriasis,5,Psoriasis,5,0.008641554974019527,0.032832007855176926,0.2136021852493286,0.012161113321781158,0.0009321427787654102,0.44311273097991943,0.28871819376945496
datasets\data\test\Psoriasis\train_Lichen-Planus-Palm-Soles-7.jpg,Psoriasis,5,Tinea,6,0.0035635889507830143,0.0021753432229161263,0.14355236291885376,0.0010329504730179906,7.519616337958723e-05,0.0850289911031723,0.7645716071128845
datasets\data\test\Psoriasis\train_lichen-planus-vaginal-8.jpg,Psoriasis,5,Psoriasis,5,0.029759475961327553,0.023960350081324577,0.013762708753347397,0.01774543523788452,0.0017227822681888938,0.8854100704193115,0.0276391189545393
datasets\data\test\Psoriasis\train_Lichen-Sclerosis-Vulva-22.jpg,Psoriasis,5,Psoriasis,5,0.0041412715800106525,0.002176892478018999,0.02337665855884552,0.007296208292245865,0.00020659550500568002,0.9467964768409729,0.01600603014230728
datasets\data\test\Psoriasis\train_Lichen-Sclerosis-Vulva-29.jpg,Psoriasis,5,Psoriasis,5,0.32510051131248474,0.05674499273300171,0.043517448008060455,0.011763782240450382,0.004587858449667692,0.46321702003479004,0.09506835788488388
datasets\data\test\Psoriasis\train_Lichen-Sclerosis-Vulva-8.jpg,Psoriasis,5,Tinea,6,0.2281191349029541,0.008506649173796177,0.047338396310806274,0.015511156059801579,0.0027203774079680443,0.2993239760398865,0.39848029613494873
datasets\data\test\Psoriasis\train_Lichen-Sclerosis-Vulva-9.jpg,Psoriasis,5,Tinea,6,0.01709592342376709,0.03671610355377197,0.0785847157239914,0.001111600548028946,0.0008979482227005064,0.25715014338493347,0.608443558216095
datasets\data\test\Psoriasis\train_Lichen-Sclerosus-Penis-2.jpg,Psoriasis,5,Psoriasis,5,0.021683963015675545,0.035244181752204895,0.0251743383705616,0.00271312496624887,0.0006174928275868297,0.643552839756012,0.27101415395736694
datasets\data\test\Psoriasis\train_Lichen-Sclerosus-Penis-28.jpg,Psoriasis,5,Psoriasis,5,0.010938901454210281,0.01834815740585327,0.24012120068073273,0.06826730817556381,0.003270891960710287,0.5819540619850159,0.07709953188896179
datasets\data\test\Psoriasis\train_Lichen-Sclerosus-Penis-44.jpg,Psoriasis,5,Psoriasis,5,0.054249756038188934,0.008875153958797455,0.03493260219693184,0.004542947746813297,0.0007547334535047412,0.8316051363945007,0.06503963470458984
datasets\data\test\Psoriasis\train_Lichen-Sclerosus-Skin-104.jpg,Psoriasis,5,NailFungus,3,0.05467500910162926,0.0013488309923559427,0.047387268394231796,0.6229536533355713,0.005944542586803436,0.11776949465274811,0.14992119371891022
datasets\data\test\Psoriasis\train_Lichen-Sclerosus-Skin-105.jpg,Psoriasis,5,Tinea,6,0.0018812124617397785,0.00037799536949023604,0.01929682493209839,0.001614805543795228,6.385507003869861e-05,0.09004433453083038,0.8867209553718567
datasets\data\test\Psoriasis\train_Lichen-Sclerosus-Skin-108.jpg,Psoriasis,5,Tinea,6,0.025524238124489784,0.00034153219894506037,0.011464307084679604,0.05089340731501579,0.00026946025900542736,0.2743987739086151,0.6371082663536072
datasets\data\test\Psoriasis\train_Lichen-Sclerosus-Skin-11.jpg,Psoriasis,5,Psoriasis,5,0.03129138424992561,0.001506905653513968,0.33303526043891907,0.017674725502729416,0.0013697606045752764,0.523506224155426,0.09161584824323654
datasets\data\test\Psoriasis\train_Lichen-Sclerosus-Skin-128.jpg,Psoriasis,5,Psoriasis,5,0.010396723635494709,0.0017600135179236531,0.045748718082904816,0.03340926021337509,0.0012337982188910246,0.7868610620498657,0.12059043347835541
datasets\data\test\Psoriasis\train_Lichen-Sclerosus-Skin-24.jpg,Psoriasis,5,Psoriasis,5,0.17877952754497528,0.0011935157235711813,0.040784064680337906,0.005405903328210115,0.0010196660878136754,0.5577234625816345,0.2150939553976059
datasets\data\test\Psoriasis\train_Lichen-Sclerosus-Skin-66.jpg,Psoriasis,5,Psoriasis,5,0.0071374415419995785,0.0012242497177794576,0.03676481544971466,0.21370744705200195,0.0008639467414468527,0.5587539672851562,0.1815480887889862
datasets\data\test\Psoriasis\train_Lichen-Sclerosus-Skin-67.jpg,Psoriasis,5,Psoriasis,5,0.11907987296581268,0.0007459506159648299,0.1156025379896164,0.03520244359970093,0.0026370466221123934,0.6793613433837891,0.04737081751227379
datasets\data\test\Psoriasis\train_Lichen-Sclerosus-Skin-77.jpg,Psoriasis,5,Acne,0,0.7553181648254395,0.000292731769150123,0.059961460530757904,0.004335301462560892,0.00011185149196535349,0.12184291332960129,0.058137595653533936
datasets\data\test\Psoriasis\train_Lichen-Sclerosus-Skin-89.jpg,Psoriasis,5,Psoriasis,5,0.0170777328312397,0.0009699579677544534,0.04049933701753616,0.013836763799190521,0.0003484829212538898,0.6658605933189392,0.2614070773124695
datasets\data\test\Psoriasis\train_Lichen-Sclerosus-Skin-93.jpg,Psoriasis,5,Psoriasis,5,0.0034781640861183405,4.035495294374414e-05,0.15747566521167755,0.008286206983029842,3.20981016557198e-05,0.44001296162605286,0.39067453145980835
datasets\data\test\Psoriasis\train_Pityriasis-Lichenoides-15.jpg,Psoriasis,5,Psoriasis,5,0.01185836922377348,5.799498103442602e-05,0.013190990313887596,0.004167227074503899,6.036922786734067e-05,0.8610166311264038,0.10964835435152054
datasets\data\test\Psoriasis\train_Pityriasis-Lichenoides-18.jpg,Psoriasis,5,Psoriasis,5,0.003401226829737425,6.483490869868547e-05,0.0038503145333379507,0.001240918762050569,2.7384161512600258e-05,0.8275336623191833,0.16388162970542908
datasets\data\test\Psoriasis\train_Pityriasis-Lichenoides-28.jpg,Psoriasis,5,Psoriasis,5,0.010505656711757183,0.0014219745062291622,0.1777832955121994,0.03822299465537071,0.0007764531765133142,0.7593479156494141,0.011941695585846901
datasets\data\test\Psoriasis\train_Pityriasis-Lichenoides-42.jpg,Psoriasis,5,Tinea,6,0.02311602793633938,0.0017205425538122654,0.04672917351126671,0.001965129282325506,0.006265868898481131,0.06676951795816422,0.8534337878227234
datasets\data\test\Psoriasis\train_Pityriasis-Lichenoides-52.jpg,Psoriasis,5,NailFungus,3,0.16401585936546326,0.0038487110286951065,0.02880462259054184,0.3610115051269531,0.022327467799186707,0.3157709240913391,0.10422086715698242
datasets\data\test\Psoriasis\train_Pityriasis-Lichenoides-8.jpg,Psoriasis,5,Eczema,2,0.025111796334385872,0.004524899646639824,0.2767501473426819,0.19919559359550476,0.001059644389897585,0.22848281264305115,0.2648751437664032
datasets\data\test\Psoriasis\train_pityriasis-rosea-1.jpg,Psoriasis,5,Psoriasis,5,0.012478036805987358,0.003364300588145852,0.02651355229318142,0.015738006681203842,0.0014866924611851573,0.7426133751869202,0.19780606031417847
datasets\data\test\Psoriasis\train_pityriasis-rosea-10.jpg,Psoriasis,5,Psoriasis,5,0.015394384041428566,0.003950767684727907,0.06468029320240021,0.24558351933956146,0.0027793569024652243,0.44750091433525085,0.2201106995344162
datasets\data\test\Psoriasis\train_pityriasis-rosea-112.jpg,Psoriasis,5,Psoriasis,5,0.000649718102067709,0.0001453694567317143,0.33762311935424805,0.005110530648380518,4.41941010649316e-05,0.6276625990867615,0.028764471411705017
datasets\data\test\Psoriasis\train_pityriasis-rosea-117.jpg,Psoriasis,5,Psoriasis,5,0.14048409461975098,0.0013955654576420784,0.1299469769001007,0.0027943283785134554,0.0020100667607039213,0.5270518064498901,0.19631712138652802
datasets\data\test\Psoriasis\train_pityriasis-rosea-119.jpg,Psoriasis,5,Psoriasis,5,0.17795322835445404,0.0006374167860485613,0.1722961813211441,0.008634849451482296,0.001199634512886405,0.4786951541900635,0.16058355569839478
datasets\data\test\Psoriasis\train_pityriasis-rosea-162.jpg,Psoriasis,5,Psoriasis,5,0.0010080711217597127,0.001055425382219255,0.06387057900428772,0.0006355551304295659,6.163213402032852e-05,0.8829609751701355,0.05040775611996651
datasets\data\test\Psoriasis\train_pityriasis-rosea-184.jpg,Psoriasis,5,Psoriasis,5,0.02796381339430809,0.001227939035743475,0.09165418893098831,0.0183396078646183,0.0022633771877735853,0.7350917458534241,0.12345938384532928
datasets\data\test\Psoriasis\train_pityriasis-rosea-185.jpg,Psoriasis,5,Eczema,2,0.0019191817846149206,0.00016645461437292397,0.742297351360321,0.0032346779480576515,0.00020377572218421847,0.10497374087572098,0.14720481634140015
datasets\data\test\Psoriasis\train_pityriasis-rosea-2.jpg,Psoriasis,5,Psoriasis,5,0.0007862553466111422,4.51185587735381e-05,0.17450372874736786,0.00371167017146945,1.1142891708004754e-05,0.7883960604667664,0.03254595771431923
datasets\data\test\Psoriasis\train_pityriasis-rubra-pilaris-12.jpg,Psoriasis,5,Tinea,6,0.03293203189969063,0.00039121086592786014,0.025003677234053612,0.02105938084423542,7.410300167975947e-05,0.14810140430927277,0.7724380493164062
datasets\data\test\Psoriasis\train_pityriasis-rubra-pilaris-16.jpg,Psoriasis,5,Psoriasis,5,0.0039476933889091015,0.0002580157306510955,0.21392636001110077,0.010909114964306355,0.00015660104691050947,0.5752768516540527,0.19552534818649292
datasets\data\test\Psoriasis\train_pityriasis-rubra-pilaris-32.jpg,Psoriasis,5,NailFungus,3,0.0034017052967101336,0.003797606099396944,0.06578072160482407,0.7018560767173767,0.000611121766269207,0.1093175858259201,0.11523514240980148
datasets\data\test\Psoriasis\train_pityriasis-rubra-pilaris-35.jpg,Psoriasis,5,Tinea,6,0.0007038632757030427,0.00013481490896083415,0.37521952390670776,0.00019998307107016444,2.939210389740765e-06,0.14798258244991302,0.47575634717941284
datasets\data\test\Psoriasis\train_pityriasis-rubra-pilaris-38.jpg,Psoriasis,5,Psoriasis,5,0.0011809009592980146,0.0006215784233063459,0.01932060346007347,0.018100474029779434,0.00037785296444781125,0.9284130930900574,0.03198548033833504
datasets\data\test\Psoriasis\train_pityriasis-rubra-pilaris-56.jpg,Psoriasis,5,Psoriasis,5,0.002716899150982499,0.002756931586191058,0.11828436702489853,0.028044411912560463,0.0019290924537926912,0.6119568347930908,0.23431146144866943
datasets\data\test\Psoriasis\train_Psoriasis-Anus-17.jpeg,Psoriasis,5,Psoriasis,5,0.03328385204076767,0.019119465723633766,0.17527583241462708,0.010281610302627087,0.003653088817372918,0.41469499468803406,0.3436911702156067
datasets\data\test\Psoriasis\train_Psoriasis-Anus-6.jpg,Psoriasis,5,Psoriasis,5,0.013795136474072933,0.0023914072662591934,0.18184329569339752,0.09549924731254578,0.0021186431404203176,0.3523932099342346,0.3519590497016907
datasets\data\test\Psoriasis\train_Psoriasis-Cellulitis-2.jpeg,Psoriasis,5,Psoriasis,5,0.1246429830789566,0.00016225926810875535,0.01929827407002449,0.0025027585215866566,0.00015279509534593672,0.8202826380729675,0.032958365976810455
datasets\data\test\Psoriasis\train_Psoriasis-Chronic-Plaque-101.jpeg,Psoriasis,5,Eczema,2,0.00955913681536913,0.00031759831472299993,0.6534422039985657,0.009975193999707699,0.00017532990023028105,0.25693637132644653,0.06959420442581177
datasets\data\test\Psoriasis\train_Psoriasis-Chronic-Plaque-104.jpeg,Psoriasis,5,Eczema,2,0.000314601551508531,4.867215466219932e-05,0.767571747303009,0.0672740563750267,1.5359808458015323e-05,0.08915664255619049,0.07561888545751572
datasets\data\test\Psoriasis\train_Psoriasis-Chronic-Plaque-108.jpeg,Psoriasis,5,Tinea,6,0.044726621359586716,0.001697687665000558,0.190564826130867,0.09975472092628479,0.000529337499756366,0.15382003784179688,0.5089067816734314
datasets\data\test\Psoriasis\train_Psoriasis-Chronic-Plaque-11.jpeg,Psoriasis,5,Psoriasis,5,0.009191610850393772,0.00024448195472359657,0.1510247439146042,0.003529719542711973,0.0003405254683457315,0.7356960773468018,0.09997286647558212
datasets\data\test\Psoriasis\train_Psoriasis-Chronic-Plaque-110.jpeg,Psoriasis,5,Psoriasis,5,0.0007475004531443119,0.0007178046507760882,0.4040467441082001,0.010168325155973434,9.184056398225948e-05,0.5380253195762634,0.04620245844125748
datasets\data\test\Psoriasis\train_Psoriasis-Chronic-Plaque-112.jpeg,Psoriasis,5,Eczema,2,0.0006814082153141499,0.0002264151262352243,0.6674678921699524,0.005320535507053137,1.982185676752124e-05,0.09841904044151306,0.22786492109298706
datasets\data\test\Psoriasis\train_Psoriasis-Chronic-Plaque-113.jpeg,Psoriasis,5,Psoriasis,5,0.0012770795729011297,4.8074365622596815e-05,0.39225730299949646,0.002047157846391201,2.0544754079310223e-05,0.5811631679534912,0.023186679929494858
datasets\data\test\Psoriasis\train_Psoriasis-Chronic-Plaque-122.jpeg,Psoriasis,5,Psoriasis,5,0.015451747924089432,0.00017431149899493903,0.43830740451812744,0.03781192749738693,6.835360545665026e-05,0.45402806997299194,0.05415824055671692
datasets\data\test\Psoriasis\train_Psoriasis-Chronic-Plaque-127.jpeg,Psoriasis,5,NailFungus,3,0.00677139637991786,0.0002503417490515858,0.18017321825027466,0.40877577662467957,0.0004729166394099593,0.35852929949760437,0.04502706602215767
datasets\data\test\Psoriasis\train_Psoriasis-Chronic-Plaque-128.jpeg,Psoriasis,5,Psoriasis,5,0.0037347697652876377,0.011343499645590782,0.06898529082536697,0.012744919396936893,0.0009462548769079149,0.8299714922904968,0.07227378338575363
datasets\data\test\Psoriasis\train_Psoriasis-Chronic-Plaque-132.jpeg,Psoriasis,5,NailFungus,3,0.008898691274225712,0.007051804568618536,0.03260013088583946,0.6363585591316223,0.051150280982255936,0.2357293963432312,0.028211191296577454
datasets\data\test\Psoriasis\train_Psoriasis-Chronic-Plaque-141.jpeg,Psoriasis,5,Tinea,6,0.0004301646549720317,0.0003325490979477763,0.03716797009110451,0.012705042958259583,0.004904264584183693,0.20994992554187775,0.734510064125061
datasets\data\test\Psoriasis\train_Psoriasis-Chronic-Plaque-149.jpg,Psoriasis,5,Psoriasis,5,0.00039121255395002663,0.00043164787348359823,0.06767041981220245,0.03119206801056862,0.004887748975306749,0.805753767490387,0.08967310935258865
datasets\data\test\Psoriasis\train_Psoriasis-Chronic-Plaque-154.jpg,Psoriasis,5,Psoriasis,5,0.0003786192391999066,0.00026844654348678887,0.11550803482532501,0.025252649560570717,0.0003587980172596872,0.8423218727111816,0.015911566093564034
datasets\data\test\Psoriasis\train_Psoriasis-Chronic-Plaque-161.jpeg,Psoriasis,5,Psoriasis,5,0.0004913914599455893,0.00017125725571531802,0.3834082782268524,0.0012140407925471663,1.3385536476562265e-05,0.6011053323745728,0.013596250675618649
datasets\data\test\Psoriasis\train_Psoriasis-Chronic-Plaque-178.jpeg,Psoriasis,5,Psoriasis,5,0.010152498260140419,0.00014890039165038615,0.24181342124938965,0.00270171370357275,0.00040583236841484904,0.6177223324775696,0.1270553171634674
datasets\data\test\Psoriasis\train_Psoriasis-Chronic-Plaque-187.jpeg,Psoriasis,5,Psoriasis,5,0.004798486828804016,0.01373977679759264,0.10860670357942581,0.000611393537838012,0.000416083523305133,0.843102216720581,0.02872529812157154
datasets\data\test\Psoriasis\train_Psoriasis-Chronic-Plaque-189.jpeg,Psoriasis,5,Psoriasis,5,9.89347681752406e-05,5.232865078141913e-06,0.15820975601673126,0.0005368328420445323,6.101440135353187e-07,0.8221959471702576,0.018952762708067894
datasets\data\test\Psoriasis\train_Psoriasis-Chronic-Plaque-90.jpeg,Psoriasis,5,Eczema,2,0.05401991680264473,0.002248540986329317,0.41370889544487,0.06304716318845749,0.10088524222373962,0.11161322146654129,0.25447702407836914
datasets\data\test\Psoriasis\train_Psoriasis-Chronic-Plaque-98.jpeg,Psoriasis,5,Eczema,2,0.0077195423655211926,0.0006588742835447192,0.6745361089706421,0.07552270591259003,0.00047154631465673447,0.1557963341474533,0.08529487252235413
datasets\data\test\Psoriasis\train_psoriasis-digits-2.jpeg,Psoriasis,5,Eczema,2,0.001966852694749832,0.0002582579618319869,0.5090999007225037,0.007516288198530674,0.00019266639719717205,0.31405773758888245,0.16690832376480103
datasets\data\test\Psoriasis\train_psoriasis-digits-3.jpeg,Psoriasis,5,Eczema,2,0.006085361819714308,0.02811284549534321,0.7152653932571411,0.011179246939718723,0.0004490272549446672,0.07252294570207596,0.1663852035999298
datasets\data\test\Psoriasis\train_psoriasis-erythrodermic-1.jpeg,Psoriasis,5,Psoriasis,5,0.0021627815440297127,0.0009834419470280409,0.018280139192938805,0.00039817020297050476,4.936264667776413e-05,0.9580312967300415,0.02009490877389908
datasets\data\test\Psoriasis\train_psoriasis-erythrodermic-21.jpeg,Psoriasis,5,Psoriasis,5,0.0009526913636364043,0.006174569949507713,0.0352904312312603,0.00024405764997936785,2.22969629248837e-05,0.9350579977035522,0.022258130833506584
datasets\data\test\Psoriasis\train_Psoriasis-Guttate-104.jpeg,Psoriasis,5,Psoriasis,5,0.003981877584010363,7.186923903645948e-05,0.009961307980120182,0.0005818486679345369,0.00015069145592860878,0.9829743504524231,0.0022780958097428083
datasets\data\test\Psoriasis\train_Psoriasis-Guttate-111.jpeg,Psoriasis,5,Psoriasis,5,0.0037415558472275734,0.00015144400822464377,0.1082552820444107,0.0003804743173532188,1.8404492948320694e-05,0.8530230522155762,0.034429822117090225
datasets\data\test\Psoriasis\train_Psoriasis-Guttate-123.jpeg,Psoriasis,5,Psoriasis,5,0.000509890029206872,0.00016234118083957583,0.04207058995962143,0.0020742069464176893,1.6840345779201016e-05,0.9350401759147644,0.020125921815633774
datasets\data\test\Psoriasis\train_Psoriasis-Guttate-57.jpeg,Psoriasis,5,Psoriasis,5,0.016311965882778168,0.0003774951910600066,0.14493630826473236,0.010502140037715435,0.0006004358292557299,0.44768449664115906,0.3795871436595917
datasets\data\test\Psoriasis\train_Psoriasis-Guttate-62.jpeg,Psoriasis,5,Psoriasis,5,0.0016121272929012775,0.00010628943709889427,0.015209151431918144,0.0046343267895281315,3.5510878660716116e-05,0.9280443787574768,0.050358206033706665
datasets\data\test\Psoriasis\train_Psoriasis-Hand-38.jpeg,Psoriasis,5,Psoriasis,5,0.0023728397209197283,0.00014313944848254323,0.16953380405902863,0.01312228199094534,3.841448051389307e-05,0.7671391367912292,0.047650378197431564
datasets\data\test\Psoriasis\train_Psoriasis-Hand-45.jpeg,Psoriasis,5,Psoriasis,5,0.002598483581095934,0.00010243511496810243,0.4579826891422272,0.002190152881667018,3.675414336612448e-05,0.47652387619018555,0.060565561056137085
datasets\data\test\Psoriasis\train_Psoriasis-Hand-47.jpg,Psoriasis,5,Eczema,2,0.04413952678442001,0.00010701170685933903,0.6135884523391724,0.006582874339073896,4.231000639265403e-05,0.30393433570861816,0.03160548582673073
datasets\data\test\Psoriasis\train_Psoriasis-Hand-5.jpeg,Psoriasis,5,Psoriasis,5,0.00461801839992404,0.007783985696732998,0.2941003441810608,0.009939981624484062,0.0011848328867927194,0.4012705385684967,0.28110232949256897
datasets\data\test\Psoriasis\train_Psoriasis-Hand-6.jpeg,Psoriasis,5,Tinea,6,0.19663725793361664,0.0015052311355248094,0.28975769877433777,0.051169391721487045,0.0009362527634948492,0.09993143379688263,0.36006268858909607
datasets\data\test\Psoriasis\train_Psoriasis-Histology-18.jpg,Psoriasis,5,Psoriasis,5,0.02799316868185997,0.0028243581764400005,0.027304816991090775,0.01771237887442112,0.005825767759233713,0.9092689752578735,0.009070551954209805
datasets\data\test\Psoriasis\train_Psoriasis-HIV-3.jpeg,Psoriasis,5,Psoriasis,5,0.03383728489279747,0.0025077429600059986,0.19065633416175842,0.004805176053196192,0.0010201741242781281,0.4381626546382904,0.32901066541671753
datasets\data\test\Psoriasis\train_Psoriasis-infant-4.jpeg,Psoriasis,5,Psoriasis,5,0.0002838342043105513,0.003149143885821104,0.0047203367576003075,0.00026416953187435865,2.7512109227245674e-05,0.990790843963623,0.000764154305215925
datasets\data\test\Psoriasis\train_Psoriasis-inversus-30.jpeg,Psoriasis,5,Tinea,6,0.001963556045666337,0.013053523376584053,0.06305854767560959,0.0024074262473732233,0.0003130634722765535,0.07513608783483505,0.8440676927566528
datasets\data\test\Psoriasis\train_Psoriasis-nails-15.jpeg,Psoriasis,5,Tinea,6,0.0004398997116368264,0.05777960270643234,0.2607385218143463,0.0027944957837462425,0.0007738566491752863,0.12013103812932968,0.5573425889015198
datasets\data\test\Psoriasis\train_Psoriasis-nails-20.jpeg,Psoriasis,5,NailFungus,3,4.587536750477739e-05,0.002272737445309758,0.038154080510139465,0.8415760397911072,3.743870183825493e-05,0.11208280920982361,0.005830980837345123
datasets\data\test\Psoriasis\train_Psoriasis-nails-8.jpeg,Psoriasis,5,NailFungus,3,0.003305431455373764,0.0013931975699961185,0.026838162913918495,0.8718799352645874,0.001214381423778832,0.04664083942770958,0.048728033900260925
datasets\data\test\Psoriasis\train_psoriasis-palms-soles-111.jpeg,Psoriasis,5,Psoriasis,5,0.02143612690269947,0.00018096969870384783,0.16136839985847473,0.003445583861321211,6.063819455448538e-05,0.7928920984268188,0.02061621844768524
datasets\data\test\Psoriasis\train_psoriasis-palms-soles-121.jpeg,Psoriasis,5,Psoriasis,5,0.000662986421957612,0.00030366930877789855,0.21527375280857086,0.00041748242801986635,9.479828804614954e-06,0.7428237199783325,0.04050888493657112
datasets\data\test\Psoriasis\train_psoriasis-palms-soles-13.jpg,Psoriasis,5,Psoriasis,5,0.001168235670775175,0.00027400001999922097,0.1964907944202423,0.02154318243265152,0.0001434866280760616,0.7197546362876892,0.060625649988651276
datasets\data\test\Psoriasis\train_psoriasis-palms-soles-136.jpeg,Psoriasis,5,Eczema,2,0.0007655163644813001,0.0002023342822212726,0.7762079238891602,0.002749040722846985,3.397170439711772e-05,0.14791575074195862,0.07212551683187485
datasets\data\test\Psoriasis\train_psoriasis-palms-soles-14.jpeg,Psoriasis,5,Eczema,2,0.0020451429300010204,0.00023390064598061144,0.6829246282577515,0.004806748125702143,0.0001023085496854037,0.2867085933685303,0.023178692907094955
datasets\data\test\Psoriasis\train_psoriasis-palms-soles-144.jpeg,Psoriasis,5,Psoriasis,5,0.0001294945686822757,0.002192608779296279,0.1702643781900406,0.01029965654015541,0.00016246114682871848,0.7929921746253967,0.023959292098879814
datasets\data\test\Psoriasis\train_psoriasis-palms-soles-145.jpeg,Psoriasis,5,Psoriasis,5,0.003119794884696603,4.684228406404145e-05,0.20456725358963013,0.0006905324989929795,5.29889575773268e-06,0.7723503708839417,0.019219890236854553
datasets\data\test\Psoriasis\train_psoriasis-palms-soles-178.jpeg,Psoriasis,5,Psoriasis,5,0.0004088862333446741,0.00017841516819316894,0.3600795865058899,0.0008080335683189332,4.001093657279853e-06,0.5923390984535217,0.04618201404809952
datasets\data\test\Psoriasis\train_psoriasis-palms-soles-18.jpeg,Psoriasis,5,Psoriasis,5,0.032710980623960495,0.0006839260458946228,0.37646612524986267,0.015517687425017357,0.00017994313384406269,0.5258528590202332,0.048588525503873825
datasets\data\test\Psoriasis\train_psoriasis-palms-soles-19.jpeg,Psoriasis,5,Eczema,2,0.008625917136669159,0.0035133156925439835,0.7974798083305359,0.015924904495477676,0.0004960654187016189,0.08330218493938446,0.09065775573253632
datasets\data\test\Psoriasis\train_psoriasis-palms-soles-83.jpeg,Psoriasis,5,Eczema,2,0.00020547184976749122,0.001523468061350286,0.4449229836463928,0.0029757265001535416,2.0907340513076633e-05,0.4051297903060913,0.14522169530391693
datasets\data\test\Psoriasis\train_psoriasis-palms-soles-97.jpeg,Psoriasis,5,Eczema,2,0.006923525594174862,0.0016178531805053353,0.6056905388832092,0.052242014557123184,0.00012716834316961467,0.2909436523914337,0.042455192655324936
datasets\data\test\Psoriasis\train_Psoriasis-penis-13.jpeg,Psoriasis,5,Tinea,6,0.04461130499839783,0.03327062726020813,0.16851599514484406,0.005788909271359444,0.015476743690669537,0.20606033504009247,0.5262760519981384
datasets\data\test\Psoriasis\train_Psoriasis-penis-14.jpeg,Psoriasis,5,Psoriasis,5,0.10007205605506897,0.005636731628328562,0.16084830462932587,0.012090041302144527,0.0028010690584778786,0.6615884304046631,0.05696334317326546
datasets\data\test\Psoriasis\train_psoriasis-pustular-generalized-3.jpeg,Psoriasis,5,Psoriasis,5,0.0008577988483011723,0.0009098285809159279,0.10339084267616272,0.06385812163352966,0.0002587586350273341,0.8048616647720337,0.02586297318339348
datasets\data\test\Psoriasis\train_psoriasis-pustular-generalized-4.jpeg,Psoriasis,5,Normal,4,0.03365826606750488,0.0021326979622244835,0.07934221625328064,0.0025560983922332525,0.5452807545661926,0.27197542786598206,0.06505456566810608
datasets\data\test\Psoriasis\train_psoriasis-pustular-generalized-41.jpeg,Psoriasis,5,Psoriasis,5,0.0017447678837925196,0.001341149676591158,0.32084915041923523,0.0016055845189839602,8.97634236025624e-05,0.5869261026382446,0.08744349330663681
datasets\data\test\Psoriasis\train_psoriasis-pustular-generalized-42.jpeg,Psoriasis,5,Eczema,2,0.004438149277120829,0.0025801905430853367,0.49563831090927124,0.0017559564439579844,0.00011112664651591331,0.3722059428691864,0.12327025830745697
datasets\data\test\Psoriasis\train_psoriasis-pustular-generalized-47.jpeg,Psoriasis,5,Psoriasis,5,0.005617455579340458,0.00030249921837821603,0.2048192173242569,0.003335755318403244,0.0001762041647452861,0.6269717216491699,0.15877725183963776
datasets\data\test\Psoriasis\train_psoriasis-pustular-generalized-49.jpeg,Psoriasis,5,Eczema,2,0.06511817872524261,0.0004715818213298917,0.5222263336181641,0.035491835325956345,0.0006987550295889378,0.34547877311706543,0.030514566227793694
datasets\data\test\Psoriasis\train_psoriasis-pustular-generalized-60.jpeg,Psoriasis,5,Eczema,2,0.00016517018957529217,1.428513860446401e-05,0.794822096824646,0.0018329016165807843,1.3495167650035e-06,0.18179696798324585,0.021367346867918968
datasets\data\test\Psoriasis\train_psoriasis-pustular-generalized-8.jpeg,Psoriasis,5,Psoriasis,5,0.015812624245882034,0.006023217923939228,0.05525011196732521,0.016505859792232513,0.001857855124399066,0.8134971261024475,0.09105324000120163
datasets\data\test\Psoriasis\train_psoriasis-scalp-103.jpeg,Psoriasis,5,Psoriasis,5,0.018154334276914597,0.0018200223566964269,0.08589097112417221,0.0029312469996511936,0.0002386721462244168,0.8467761874198914,0.04418856278061867
datasets\data\test\Psoriasis\train_psoriasis-scalp-110.jpeg,Psoriasis,5,Psoriasis,5,0.010554162785410881,0.00018045825709123164,0.03421463444828987,0.04697690159082413,0.004730108194053173,0.8049447536468506,0.0983988419175148
datasets\data\test\Psoriasis\train_psoriasis-scalp-50.jpg,Psoriasis,5,Psoriasis,5,0.0063464888371527195,0.0019169910810887814,0.11176936328411102,0.08630695939064026,0.0012039104476571083,0.7324733138084412,0.05998307466506958
datasets\data\test\Psoriasis\train_psoriasis-scalp-72.jpeg,Psoriasis,5,Psoriasis,5,0.005643708631396294,0.0008566454635001719,0.06567932665348053,0.007100509945303202,0.0011023541446775198,0.8783912062644958,0.04122614860534668
datasets\data\test\Psoriasis\train_psoriasis-scalp-88.jpeg,Psoriasis,5,Psoriasis,5,0.05038737133145332,0.000771322927903384,0.20138460397720337,0.008694414980709553,0.00038354162825271487,0.6788060069084167,0.05957269296050072
datasets\data\test\Psoriasis\train_Psoriasis-vulva-1.jpeg,Psoriasis,5,Tinea,6,0.010078019462525845,0.0026525643188506365,0.0999801754951477,0.1499001383781433,0.006449270527809858,0.0647977739572525,0.6661421060562134
datasets\data\test\Psoriasis\train_reiter-syndrome-13.jpg,Psoriasis,5,Psoriasis,5,0.16992533206939697,0.006250845268368721,0.07072269171476364,0.06121828779578209,0.016367366537451744,0.595058262348175,0.0804571807384491
datasets\data\test\Psoriasis\train_reiter-syndrome-14.jpg,Psoriasis,5,Eczema,2,0.004050471354275942,0.0015313129406422377,0.462481290102005,0.0266390610486269,0.001204166910611093,0.4113377332687378,0.09275589883327484
datasets\data\test\Psoriasis\train_reiter-syndrome-4.jpg,Psoriasis,5,Eczema,2,0.0012805850710719824,0.0009882182348519564,0.47915101051330566,0.034009065479040146,0.0004094619944225997,0.37105047702789307,0.11311119794845581
datasets\data\test\Psoriasis\train_reiter-syndrome-9.jpg,Psoriasis,5,Psoriasis,5,0.006582013797014952,0.01026228442788124,0.01830051839351654,0.030645424500107765,0.2924942374229431,0.5757207274436951,0.06599479168653488
datasets\data\test\Psoriasis\train_scalp-psoriasis-0001__ProtectWyJQcm90ZWN0Il0_FocusFillWzI5NCwyMjIsIngiLDFd.jpeg,Psoriasis,5,Psoriasis,5,0.17704516649246216,0.0011569038033485413,0.024202728644013405,0.01198815181851387,0.009235982783138752,0.7563785910606384,0.01999250054359436
datasets\data\test\Psoriasis\train_scalp-psoriasis-0007__ProtectWyJQcm90ZWN0Il0_FocusFillWzI5NCwyMjIsIngiLDFd.jpeg,Psoriasis,5,Psoriasis,5,0.08647338300943375,0.005833941511809826,0.019133932888507843,0.0022647196892648935,0.015330101363360882,0.7941385507583618,0.07682530581951141
datasets\data\test\Psoriasis\train_scalp-psoriasis-0021__ProtectWyJQcm90ZWN0Il0_FocusFillWzI5NCwyMjIsIngiLDFd.jpeg,Psoriasis,5,Psoriasis,5,0.0012538443552330136,5.64333276997786e-05,0.0016645396826788783,0.0014909158926457167,0.00045655143912881613,0.9888219833374023,0.006255682557821274
datasets\data\test\Psoriasis\train_scalp-psoriasis-0022__ProtectWyJQcm90ZWN0Il0_FocusFillWzI5NCwyMjIsIngiLDFd.jpeg,Psoriasis,5,Psoriasis,5,0.04208484664559364,0.040448352694511414,0.02050844207406044,0.026778437197208405,0.014255589805543423,0.762292206287384,0.09363209456205368
datasets\data\test\Psoriasis\train_seborrheic-dermatitis-10.jpg,Psoriasis,5,Psoriasis,5,0.03269106149673462,0.008875993080437183,0.020845917984843254,0.14324045181274414,0.002204194199293852,0.48947426676750183,0.302668035030365
datasets\data\test\Psoriasis\train_seborrheic-dermatitis-104.jpg,Psoriasis,5,Acne,0,0.7500011920928955,0.0004780990129802376,0.07558968663215637,0.002735764952376485,0.00027941708685830235,0.13675977289676666,0.03415612876415253
datasets\data\test\Psoriasis\train_seborrheic-dermatitis-110.jpg,Psoriasis,5,Psoriasis,5,0.26726576685905457,0.0012273660395294428,0.18845777213573456,0.007322153076529503,0.003909402061253786,0.46294939517974854,0.06886812299489975
datasets\data\test\Psoriasis\train_seborrheic-dermatitis-14.jpg,Psoriasis,5,Psoriasis,5,0.3201565146446228,0.000596832309383899,0.26029837131500244,0.001534407609142363,0.00027398247038945556,0.36675551533699036,0.05038433149456978
datasets\data\test\Psoriasis\train_seborrheic-dermatitis-145.jpg,Psoriasis,5,Psoriasis,5,0.30455130338668823,0.030143143609166145,0.13042619824409485,0.0062332903034985065,0.000950227549765259,0.410643607378006,0.11705226451158524
datasets\data\test\Psoriasis\train_seborrheic-dermatitis-154.jpg,Psoriasis,5,Acne,0,0.8669538497924805,6.749408930772915e-05,0.04977482184767723,0.000577688158955425,3.744886635104194e-05,0.05499400570988655,0.027594828978180885
datasets\data\test\Psoriasis\train_seborrheic-dermatitis-76.jpg,Psoriasis,5,Acne,0,0.5409572124481201,0.0031168702989816666,0.0927811935544014,0.003947598394006491,0.001254760310985148,0.3202184736728668,0.0377238430082798
datasets\data\test\Psoriasis\train_seborrheic-dermatitis-95.jpg,Psoriasis,5,Psoriasis,5,0.35727566480636597,0.00020594520901795477,0.16398559510707855,0.024280909448862076,0.0009778899839147925,0.3737647831439972,0.07950913906097412
datasets\data\test\Psoriasis\train_seborrheic-dermatitis-99.jpg,Psoriasis,5,Psoriasis,5,0.2319701910018921,0.0010665137087926269,0.2648145854473114,0.01217680424451828,0.0040362244471907616,0.4431086778640747,0.04282701015472412
datasets\data\test\Psoriasis\valid_3563__ProtectWyJQcm90ZWN0Il0_FocusFillWzI5NCwyMjIsIngiLDFd.jpeg,Psoriasis,5,Tinea,6,0.0012997136218473315,1.4230725355446339e-05,0.018445154651999474,0.01610179990530014,6.93913025315851e-05,0.3475353717803955,0.6165343523025513
datasets\data\test\Psoriasis\valid_3570__ProtectWyJQcm90ZWN0Il0_FocusFillWzI5NCwyMjIsIngiLDFd.jpeg,Psoriasis,5,Psoriasis,5,0.07225064188241959,0.000955319672357291,0.01639021746814251,0.1254342645406723,0.0007447143434546888,0.7309684157371521,0.05325647071003914
datasets\data\test\Psoriasis\valid_3576__ProtectWyJQcm90ZWN0Il0_FocusFillWzI5NCwyMjIsIngiLDFd.jpeg,Psoriasis,5,NailFungus,3,0.018253348767757416,0.00022784706379752606,0.013538677245378494,0.587874174118042,0.003763503162190318,0.2868092358112335,0.08953317254781723
datasets\data\test\Psoriasis\valid_facial-psoriasis-002__ProtectWyJQcm90ZWN0Il0_FocusFillWzI5NCwyMjIsIngiLDFd.jpeg,Psoriasis,5,Psoriasis,5,0.21550367772579193,0.012826069258153439,0.020707882940769196,0.009257080033421516,0.031905047595500946,0.5232635736465454,0.18653665482997894
datasets\data\test\Tinea\test_13candidaIntertrigo0220061.jpg,Tinea,6,Candidiasis,1,0.006192733999341726,0.8509945273399353,0.024486999958753586,0.0038703172467648983,0.0008295797160826623,0.06102687865495682,0.052599042654037476
datasets\data\test\Tinea\test_erosio-interdigitalis-blastomycetica-11.jpg,Tinea,6,Psoriasis,5,0.004045783542096615,0.02846594713628292,0.18029460310935974,0.007348855957388878,0.0009257529745809734,0.43575677275657654,0.3431623578071594
datasets\data\test\Tinea\test_erythrasma-13.jpg,Tinea,6,Tinea,6,0.21683552861213684,0.03464427962899208,0.08453860878944397,0.006857086904346943,0.002764042466878891,0.2758572995662689,0.37850308418273926
datasets\data\test\Tinea\test_majocchi-granuloma-2.jpg,Tinea,6,Psoriasis,5,0.0020521485712379217,0.0001245837629539892,0.3747219443321228,0.005206482019275427,4.618343155016191e-05,0.5260223746299744,0.09182630479335785
datasets\data\test\Tinea\test_north-american-blastomycosis-2.jpg,Tinea,6,Tinea,6,0.2522507309913635,0.0043855211697518826,0.046947136521339417,0.01832856796681881,0.0008805770194157958,0.2501894533634186,0.4270178973674774
datasets\data\test\Tinea\test_perleche-34.jpg,Tinea,6,Tinea,6,0.009138127788901329,0.0003768999595195055,0.018854239955544472,0.00538343470543623,2.7593769118539058e-05,0.013304835185408592,0.9529147744178772
datasets\data\test\Tinea\test_pitted-keratolysis-3.jpg,Tinea,6,Eczema,2,0.0004835193685721606,7.370761159108952e-05,0.8066868782043457,0.015187542885541916,0.0007151826284825802,0.058168597519397736,0.11868460476398468
datasets\data\test\Tinea\test_pityrosporum-folliculitis-4.jpg,Tinea,6,Psoriasis,5,0.04845980554819107,0.004902062937617302,0.1310730129480362,0.0887446403503418,0.0047245207242667675,0.5648720264434814,0.15722393989562988
datasets\data\test\Tinea\test_tincorp5__ProtectWyJQcm90ZWN0Il0_FocusFillWzI5NCwyMjIsIngiLDE2XQ.jpeg,Tinea,6,Tinea,6,0.010780267417430878,0.0014068655436858535,0.02225884236395359,0.047157350927591324,0.0009045788901858032,0.07710583508014679,0.8403863310813904
datasets\data\test\Tinea\test_tinea-groin-112.jpeg,Tinea,6,Tinea,6,0.023675598204135895,0.3690730333328247,0.03951266407966614,0.0030151745304465294,0.0009922501631081104,0.015952805057168007,0.5477784872055054
datasets\data\test\Tinea\test_tinea-laboratory-46.jpg,Tinea,6,Tinea,6,0.0025386533234268427,1.6332644008798525e-05,0.0007437170716002584,0.0004979073419235647,2.9972337870276533e-05,0.004134471528232098,0.9920389652252197
datasets\data\test\Tinea\test_tinea-laboratory-56.jpg,Tinea,6,Tinea,6,0.00754872290417552,0.0003209268907085061,0.008135572075843811,0.005495602730661631,0.001163398614153266,0.009018145501613617,0.9683176279067993
datasets\data\test\Tinea\test_tinea-palm-2.jpeg,Tinea,6,Normal,4,0.004941216204315424,0.003339414019137621,0.011090954765677452,0.0011516028316691518,0.850493848323822,0.01791611686348915,0.11106697469949722
datasets\data\test\Tinea\train_13TineaAcute.jpg,Tinea,6,Tinea,6,0.0006114828283898532,7.626546721439809e-05,0.3792184591293335,0.007183358073234558,3.8269667129497975e-05,0.06594815850257874,0.5469239950180054
datasets\data\test\Tinea\train_13tineaCorporis0808059.jpg,Tinea,6,Eczema,2,0.0014170631766319275,8.018797234399244e-05,0.5284556746482849,0.0031748793553560972,5.406178024713881e-05,0.16364753246307373,0.3031705915927887
datasets\data\test\Tinea\train_candidiasis-large-skin-folds-137.jpg,Tinea,6,Candidiasis,1,0.0017023440450429916,0.8203396797180176,0.0030854567885398865,0.0004718954733107239,8.05234958534129e-05,0.10221192240715027,0.07210821658372879
datasets\data\test\Tinea\train_candidiasis-mouth-8.jpg,Tinea,6,Candidiasis,1,0.021571561694145203,0.7461534738540649,0.01470077596604824,0.004529287107288837,0.005195758771151304,0.09045789390802383,0.11739134043455124
datasets\data\test\Tinea\train_coccidiomycosis-2.jpg,Tinea,6,Tinea,6,0.06096218153834343,0.00033804282429628074,0.08095793426036835,0.04335738718509674,0.058839477598667145,0.046908438205718994,0.7086365222930908
datasets\data\test\Tinea\train_erosio-interdigitalis-blastomycetica-1.jpg,Tinea,6,Psoriasis,5,0.012755349278450012,0.023255227133631706,0.3103577792644501,0.01051997672766447,0.0006417009280994534,0.40941768884658813,0.23305225372314453
datasets\data\test\Tinea\train_erosio-interdigitalis-blastomycetica-12.jpg,Tinea,6,Tinea,6,0.000241453992202878,0.004510311409831047,0.04124017059803009,0.006220242474228144,7.731332516414113e-06,0.020330896601080894,0.9274491667747498
datasets\data\test\Tinea\train_erosio-interdigitalis-blastomycetica-16.jpg,Tinea,6,Tinea,6,0.0022843345068395138,0.0003637727058958262,0.11098071932792664,0.005983763840049505,6.226717960089445e-05,0.017667479813098907,0.8626577258110046
datasets\data\test\Tinea\train_erosio-interdigitalis-blastomycetica-27.jpg,Tinea,6,Tinea,6,0.0015410183696076274,0.0007192940101958811,0.0372634083032608,0.012154062278568745,0.00019557500490918756,0.009506605565547943,0.9386200904846191
datasets\data\test\Tinea\train_id-reaction-1.jpg,Tinea,6,Eczema,2,0.0007443420472554862,4.8224985221168026e-05,0.3886304497718811,0.25760364532470703,0.00030316473566927016,0.10899664461612701,0.24367356300354004
datasets\data\test\Tinea\train_intertrigo-10.jpg,Tinea,6,Tinea,6,0.004758432041853666,0.13603343069553375,0.06072789430618286,0.00786332506686449,0.0015628820983693004,0.043588995933532715,0.7454650402069092
datasets\data\test\Tinea\train_intertrigo-75.jpg,Tinea,6,Tinea,6,0.020152414217591286,0.011424237862229347,0.17785607278347015,0.02319497801363468,0.005237214732915163,0.08606741577386856,0.6760676503181458
datasets\data\test\Tinea\train_intertrigo-82.jpg,Tinea,6,Acne,0,0.5534794330596924,0.0026206173934042454,0.09935763478279114,0.03978785499930382,0.0012458506971597672,0.15756158530712128,0.14594705402851105
datasets\data\test\Tinea\train_intertrigo-9.jpg,Tinea,6,Candidiasis,1,0.003500651102513075,0.5773918628692627,0.01358259841799736,0.0007173600606620312,0.0002682667982298881,0.04358245059847832,0.3609568476676941
datasets\data\test\Tinea\train_kerion-2.jpg,Tinea,6,Tinea,6,0.14491043984889984,0.010379073210060596,0.008028161711990833,0.008889475837349892,0.008068470284342766,0.0493956096470356,0.7703288197517395
datasets\data\test\Tinea\train_perleche-14.jpg,Tinea,6,Tinea,6,0.2714199125766754,0.0002818385255523026,0.15833985805511475,0.009160135872662067,0.00014160409045871347,0.16800495982170105,0.3926517367362976
datasets\data\test\Tinea\train_perleche-25.jpg,Tinea,6,Acne,0,0.7538089752197266,0.0010670195333659649,0.028391486033797264,0.005913871340453625,0.0005307004903443158,0.03946983441710472,0.17081809043884277
datasets\data\test\Tinea\train_perleche-37.jpg,Tinea,6,Tinea,6,0.1464606374502182,0.0030979004222899675,0.07993347197771072,0.019720319658517838,0.0008589700446464121,0.18487273156642914,0.5650559663772583
datasets\data\test\Tinea\train_perleche-39.jpg,Tinea,6,Tinea,6,0.0825459361076355,0.001332151354290545,0.07007105648517609,0.012052231468260288,0.0003548545064404607,0.035868264734745026,0.7977754473686218
datasets\data\test\Tinea\train_perleche-48.jpg,Tinea,6,Tinea,6,0.028802579268813133,0.008276914246380329,0.058033477514982224,0.0073502990417182446,0.000745752127841115,0.05389334261417389,0.8428977131843567
datasets\data\test\Tinea\train_perleche-54.jpg,Tinea,6,Tinea,6,0.4378558397293091,0.0004325531772337854,0.03694424033164978,0.017386261373758316,0.00022178319341037422,0.04622599110007286,0.4609333574771881
datasets\data\test\Tinea\train_perleche-8.jpg,Tinea,6,Tinea,6,0.03880345821380615,0.000870712858159095,0.14390228688716888,0.006678050383925438,0.00016832357505336404,0.0516737699508667,0.7579034566879272
datasets\data\test\Tinea\train_pitted-keratolysis-7.jpg,Tinea,6,Eczema,2,0.00030235864687711,1.5559320672764443e-05,0.6345142722129822,0.0005214692791923881,5.0051952712237835e-05,0.009237746708095074,0.3553584814071655
datasets\data\test\Tinea\train_pityrosporum-folliculitis-5.jpg,Tinea,6,Tinea,6,0.00229882774874568,7.12423789082095e-05,0.007909821346402168,0.006801685784012079,2.644218875502702e-05,0.14905577898025513,0.8338361978530884
datasets\data\test\Tinea\train_tinea-beard-1.jpg,Tinea,6,Tinea,6,0.2100641131401062,0.0007066352409310639,0.14089389145374298,0.04022461175918579,0.0006914645782671869,0.11428683996200562,0.49313244223594666
datasets\data\test\Tinea\train_tinea-beard-16.jpg,Tinea,6,Acne,0,0.34365808963775635,0.001028548926115036,0.05198341980576515,0.006467272527515888,0.13379791378974915,0.20624887943267822,0.25681591033935547
datasets\data\test\Tinea\train_tinea-body-121.jpg,Tinea,6,Tinea,6,0.00028446916257962584,0.0001766076748026535,0.04213566705584526,0.004348298069089651,7.717312655586284e-06,0.06447599083185196,0.8885713219642639
datasets\data\test\Tinea\train_tinea-body-139.jpg,Tinea,6,Tinea,6,0.002939228666946292,0.0002986138279084116,0.15693849325180054,0.006845461204648018,7.231322524603456e-05,0.14241299033164978,0.6904929876327515
datasets\data\test\Tinea\train_tinea-body-146.jpg,Tinea,6,NailFungus,3,0.0074355723336339,0.00024827278684824705,0.012971695512533188,0.43676015734672546,0.00042624384514056146,0.12893636524677277,0.4132216274738312
datasets\data\test\Tinea\train_tinea-body-153.jpg,Tinea,6,Eczema,2,0.01173422671854496,0.0022623962722718716,0.4640255272388458,0.08672038465738297,0.0016232202760875225,0.19000880420207977,0.24362537264823914
datasets\data\test\Tinea\train_tinea-body-179.jpeg,Tinea,6,Tinea,6,0.05244281888008118,0.002736503491178155,0.09004560858011246,0.053803250193595886,0.0009811264462769032,0.09923800081014633,0.7007526755332947
datasets\data\test\Tinea\train_tinea-body-180.jpeg,Tinea,6,Tinea,6,0.07081817835569382,0.009427906014025211,0.0795728787779808,0.012668044306337833,0.0015909748617559671,0.08248231559991837,0.7434397339820862
datasets\data\test\Tinea\train_tinea-body-182.jpeg,Tinea,6,Candidiasis,1,6.324332935037091e-05,0.9881375432014465,0.0005463748821057379,1.6395435977756279e-06,1.6915448668441968e-06,0.0036993648391216993,0.007550108712166548
datasets\data\test\Tinea\train_tinea-body-186.jpeg,Tinea,6,Acne,0,0.8903746008872986,0.004744793754070997,0.009989677928388119,0.002044387860223651,0.0011750786798074841,0.06525575369596481,0.02641575038433075
datasets\data\test\Tinea\train_tinea-body-19.jpg,Tinea,6,Eczema,2,0.0001735218393150717,0.003454740159213543,0.5831298232078552,0.0008018405642360449,2.2283013095147908e-05,0.15629412233829498,0.2561236321926117
datasets\data\test\Tinea\train_tinea-body-198.jpeg,Tinea,6,Tinea,6,0.04383675754070282,0.0031513310968875885,0.2260075956583023,0.08953028917312622,0.0016028593527153134,0.1416742354631424,0.49419689178466797
datasets\data\test\Tinea\train_tinea-body-86.jpg,Tinea,6,Tinea,6,0.0005287014646455646,0.0004331576346885413,0.2485811561346054,0.026646561920642853,7.490429561585188e-05,0.30297142267227173,0.42076414823532104
datasets\data\test\Tinea\train_tinea-border-1.jpeg,Tinea,6,Tinea,6,0.013914346694946289,0.000885317858774215,0.1698773354291916,0.005817340221256018,0.0007967439014464617,0.09311911463737488,0.7155898809432983
datasets\data\test\Tinea\train_tinea-face-14.jpeg,Tinea,6,Acne,0,0.3558488190174103,0.06207118555903435,0.28508639335632324,0.0023992746137082577,0.000503200979437679,0.14912420511245728,0.14496688544750214
datasets\data\test\Tinea\train_tinea-face-18.jpeg,Tinea,6,Tinea,6,0.24996298551559448,0.0031420099548995495,0.08436435461044312,0.004738754127174616,0.00040506766526959836,0.11398597806692123,0.5434008836746216
datasets\data\test\Tinea\train_tinea-face-35.jpeg,Tinea,6,Acne,0,0.6395745277404785,0.00073822564445436,0.1250605434179306,0.001159321516752243,0.00043579289922490716,0.10510168224573135,0.1279298961162567
datasets\data\test\Tinea\train_tinea-face-43.jpeg,Tinea,6,Acne,0,0.452059268951416,0.0010471687419340014,0.1576547473669052,0.005898764822632074,0.0011050711618736386,0.059405893087387085,0.3228290379047394
datasets\data\test\Tinea\train_tinea-face-68.jpeg,Tinea,6,Acne,0,0.3396713137626648,0.004347203299403191,0.05887805297970772,0.09228281676769257,0.0036028395406901836,0.16163557767868042,0.339582234621048
datasets\data\test\Tinea\train_tinea-foot-dorsum-32.jpeg,Tinea,6,Eczema,2,0.0024095717817544937,0.0007778314757160842,0.4336584210395813,0.08795200288295746,0.00033936946419999003,0.13489188253879547,0.3399708867073059
datasets\data\test\Tinea\train_tinea-foot-plantar-25.jpeg,Tinea,6,Tinea,6,0.0005700153997167945,0.0001417298335582018,0.2846745252609253,0.00910045113414526,4.581571920425631e-05,0.10298065096139908,0.6024868488311768
datasets\data\test\Tinea\train_tinea-foot-plantar-5.jpeg,Tinea,6,Eczema,2,0.003982981201261282,0.0007006851956248283,0.7050502896308899,0.0025978838093578815,0.00037329611950553954,0.12084601819515228,0.16644889116287231
datasets\data\test\Tinea\train_tinea-foot-webs-10.jpeg,Tinea,6,Tinea,6,0.0057527790777385235,0.007092364598065615,0.13714870810508728,0.012871010228991508,0.0003522728802636266,0.0980391874909401,0.7387436628341675
datasets\data\test\Tinea\train_tinea-foot-webs-21.jpeg,Tinea,6,Tinea,6,0.0002112748334184289,0.0009499703883193433,0.013371490873396397,0.0020881202071905136,1.757869540597312e-05,0.011206676252186298,0.9721549153327942
datasets\data\test\Tinea\train_tinea-foot-webs-3.jpeg,Tinea,6,Eczema,2,0.0007924095843918622,0.00019593049364630133,0.49161189794540405,0.0028220047242939472,0.00013511972792912275,0.03265970200300217,0.47178295254707336
datasets\data\test\Tinea\train_tinea-foot-webs-45.jpeg,Tinea,6,Tinea,6,2.3742039047647268e-05,0.00021981629834044725,0.04045486822724342,0.0003150651464238763,4.9356276576872915e-06,0.001931813545525074,0.9570497274398804
datasets\data\test\Tinea\train_tinea-foot-webs-51.jpeg,Tinea,6,Tinea,6,0.00029635243117809296,0.00582932448014617,0.29517826437950134,0.0007800241000950336,3.606347308959812e-05,0.00989796407520771,0.6879820227622986
datasets\data\test\Tinea\train_tinea-foot-webs-54.jpeg,Tinea,6,Tinea,6,0.00015739815717097372,0.004139626864343882,0.27562662959098816,0.0027463778387755156,4.4231750507606193e-05,0.03699291869997978,0.6802928447723389
datasets\data\test\Tinea\train_tinea-foot-webs-57.jpeg,Tinea,6,Tinea,6,1.5823690773686394e-05,0.0007101428927853703,0.4335245192050934,0.0006766508449800313,1.3275100172904786e-05,0.014792478643357754,0.5502670407295227
datasets\data\test\Tinea\train_tinea-foot-webs-73.jpeg,Tinea,6,Tinea,6,0.00912558101117611,0.024534797295928,0.2606406509876251,0.10573165118694305,0.0017533459467813373,0.09578042477369308,0.5024335980415344
datasets\data\test\Tinea\train_tinea-foot-webs-77.jpeg,Tinea,6,Tinea,6,1.1258169251959771e-05,0.00037305374280549586,0.06225113198161125,0.0018389037577435374,2.5291474230471067e-06,0.024833623319864273,0.9106895327568054
datasets\data\test\Tinea\train_tinea-groin-106.jpeg,Tinea,6,Candidiasis,1,0.0009331558831036091,0.8329797387123108,0.001533790840767324,0.00012842273281421512,1.6313919331878424e-05,0.003393876599147916,0.16101481020450592
datasets\data\test\Tinea\train_tinea-groin-110.jpeg,Tinea,6,Tinea,6,0.011191705241799355,0.00010437327728141099,0.005952119827270508,0.003703598864376545,3.0267830879893154e-05,0.02825131081044674,0.9507666230201721
datasets\data\test\Tinea\train_tinea-groin-19.jpeg,Tinea,6,Tinea,6,0.0003292313194833696,0.009067371487617493,0.014858212321996689,0.0003173644654452801,3.670919977594167e-05,0.006883011665195227,0.9685081243515015
datasets\data\test\Tinea\train_tinea-groin-21.jpeg,Tinea,6,Tinea,6,0.035898786038160324,0.06036217883229256,0.03911953419446945,0.010244953446090221,0.0032075687777251005,0.06607159227132797,0.7850952744483948
datasets\data\test\Tinea\train_tinea-groin-30.jpeg,Tinea,6,Candidiasis,1,0.0005183054599910975,0.6779136657714844,0.007751510478556156,0.00019020045874640346,9.813181532081217e-05,0.006765570491552353,0.30676257610321045
datasets\data\test\Tinea\train_tinea-groin-43.jpeg,Tinea,6,Psoriasis,5,0.0266342181712389,0.013564230874180794,0.22434008121490479,0.0032640553545206785,0.0017805210081860423,0.4111475944519043,0.3192693889141083
datasets\data\test\Tinea\train_tinea-groin-56.jpeg,Tinea,6,Tinea,6,0.0015377263771370053,0.005126976873725653,0.013579250313341618,0.0006206690450198948,9.821019193623215e-05,0.013709128834307194,0.9653280377388
datasets\data\test\Tinea\train_tinea-groin-66.jpeg,Tinea,6,Tinea,6,0.0024337186478078365,0.07498724013566971,0.06297587603330612,0.0030595078133046627,0.00024568065418861806,0.01534161064773798,0.840956449508667
datasets\data\test\Tinea\train_tinea-groin-7.jpeg,Tinea,6,Tinea,6,0.19802987575531006,0.033041246235370636,0.009754130616784096,0.0020833760499954224,0.0004722562152892351,0.08450808376073837,0.6721110343933105
datasets\data\test\Tinea\train_tinea-hand-dorsum-12.jpeg,Tinea,6,Tinea,6,0.0005271778209134936,4.387088119983673e-05,0.3088739812374115,0.03231538459658623,2.049282193183899e-05,0.05989817902445793,0.5983209609985352
datasets\data\test\Tinea\train_tinea-hand-dorsum-39.jpeg,Tinea,6,Tinea,6,0.0020809981506317854,0.004162750206887722,0.1904931217432022,0.07232306152582169,0.0002301769272889942,0.02246197871863842,0.7082478404045105
datasets\data\test\Tinea\train_tinea-hand-dorsum-48.jpeg,Tinea,6,Tinea,6,0.022101225331425667,0.003406342351809144,0.3035733103752136,0.01594206690788269,0.0008714079740457237,0.059407059103250504,0.5946985483169556
datasets\data\test\Tinea\train_tinea-incognito-10.jpeg,Tinea,6,Tinea,6,0.03653712570667267,0.002037887927144766,0.079025499522686,0.015135777182877064,0.0030011371709406376,0.06924174726009369,0.7950208783149719
datasets\data\test\Tinea\train_tinea-incognito-2.jpeg,Tinea,6,Tinea,6,0.042738787829875946,0.0017868292052298784,0.07020647078752518,0.013906879350543022,0.11840260773897171,0.0935458093881607,0.6594126224517822
datasets\data\test\Tinea\train_tinea-incognito-21.jpeg,Tinea,6,NailFungus,3,0.006582155823707581,0.002207864075899124,0.055237457156181335,0.36341413855552673,0.0008077043457888067,0.3501790761947632,0.22157159447669983
datasets\data\test\Tinea\train_tinea-incognito-30.jpeg,Tinea,6,Eczema,2,0.0016932759899646044,0.011392444372177124,0.5231439471244812,0.04709811508655548,0.0004101935774087906,0.29388368129730225,0.1223783865571022
datasets\data\test\Tinea\train_tinea-incognito-32.jpeg,Tinea,6,Tinea,6,0.20075570046901703,0.007092833053320646,0.018534019589424133,0.006211950443685055,0.0022030735854059458,0.024735484272241592,0.7404669523239136
datasets\data\test\Tinea\train_tinea-incognito-37.jpeg,Tinea,6,Tinea,6,0.005643153563141823,0.26245447993278503,0.014525122009217739,0.0013494594022631645,0.00035225707688368857,0.01044407207518816,0.7052314281463623
datasets\data\test\Tinea\train_tinea-incognito-62.jpeg,Tinea,6,Tinea,6,0.0012446697801351547,0.0013953505549579859,0.141996830701828,0.0007997010252438486,0.00013591059541795403,0.18874713778495789,0.665680468082428
datasets\data\test\Tinea\train_tinea-laboratory-22.jpg,Tinea,6,Tinea,6,6.031079465174116e-06,1.9757069935621985e-07,7.538320642197505e-05,5.057199359725928e-06,4.792880048398729e-08,0.00025774555979296565,0.9996554851531982
datasets\data\test\Tinea\train_tinea-laboratory-32.jpg,Tinea,6,Tinea,6,0.0019854966085404158,0.00027641403721645474,0.004185029771178961,0.004917280748486519,0.17914941906929016,0.04688539355993271,0.7626009583473206
datasets\data\test\Tinea\train_tinea-laboratory-34.jpg,Tinea,6,Tinea,6,4.707668267656118e-05,8.002974141163577e-07,0.00038956713979132473,1.9066157619818114e-05,4.162839104537852e-07,0.0003876290866173804,0.9991554021835327
datasets\data\test\Tinea\train_tinea-laboratory-5.jpg,Tinea,6,Tinea,6,0.013170843943953514,0.00437558488920331,0.030417662113904953,0.015395264141261578,0.03608985245227814,0.09448012709617615,0.8060706257820129
datasets\data\test\Tinea\train_tinea-laboratory-55.jpg,Tinea,6,Tinea,6,0.004478570073843002,0.0007522984524257481,0.003906144294887781,0.012083073146641254,0.017578059807419777,0.011188255622982979,0.9500136375427246
datasets\data\test\Tinea\train_tinea-laboratory-72.jpg,Tinea,6,Tinea,6,7.956758054206148e-05,4.040570729557658e-06,0.0006002574227750301,8.302343303512316e-06,5.1095652452204376e-05,0.0038694969844073057,0.9953872561454773
datasets\data\test\Tinea\train_tinea-laboratory-8.jpg,Tinea,6,Tinea,6,4.0402264858130366e-05,5.376410626922734e-06,0.0008736590971238911,4.618336242856458e-05,1.2827928230763064e-06,0.0015094660921022296,0.9975236058235168
datasets\data\test\Tinea\train_tinea-palm-28.jpeg,Tinea,6,Eczema,2,0.00581000279635191,0.002488694852218032,0.4741923213005066,0.003650249447673559,0.0004383297637104988,0.21545353531837463,0.2979668974876404
datasets\data\test\Tinea\train_tinea-palm-29.jpeg,Tinea,6,Tinea,6,0.03111918643116951,0.0021568224765360355,0.3449055552482605,0.0005381471710279584,0.0001291717344429344,0.08562783151865005,0.5355233550071716
datasets\data\test\Tinea\train_tinea-palm-32.jpeg,Tinea,6,Tinea,6,0.007004698738455772,0.00045387932914309204,0.34265515208244324,0.010815522633492947,0.005096724256873131,0.07158602029085159,0.5623881220817566
datasets\data\test\Tinea\train_tinea-palm-33.jpeg,Tinea,6,Tinea,6,0.0005085962475277483,0.00013280881103128195,0.4610051214694977,0.0009685817058198154,9.870067879091948e-05,0.039530400186777115,0.49775582551956177
datasets\data\test\Tinea\train_tinea-palm-37.jpeg,Tinea,6,Eczema,2,0.0001884115335997194,0.00010355882113799453,0.616540789604187,0.00029742441256530583,2.7556108761928044e-05,0.07360437512397766,0.30923789739608765
datasets\data\test\Tinea\train_tinea-palm-39.jpeg,Tinea,6,Tinea,6,7.195012585725635e-05,4.794224150828086e-05,0.23091217875480652,0.00012776468065567315,4.056888428749517e-06,0.022843189537525177,0.74599289894104
datasets\data\test\Tinea\train_tinea-palm-44.jpeg,Tinea,6,Tinea,6,0.0012922764290124178,0.010724237188696861,0.3281489610671997,0.00018619101319927722,4.0896095015341416e-05,0.11338797956705093,0.546219527721405
datasets\data\test\Tinea\train_tinea-palm-49.jpeg,Tinea,6,Tinea,6,0.04803973808884621,0.0005860300734639168,0.2856989800930023,0.0170038603246212,0.004445214290171862,0.2126888632774353,0.4315372705459595
datasets\data\test\Tinea\train_tinea-palm-9.jpeg,Tinea,6,Psoriasis,5,0.002232400933280587,0.00016796152340248227,0.2506569027900696,0.0023667211644351482,4.742386227007955e-05,0.5120373964309692,0.23249118030071259
datasets\data\test\Tinea\train_tinea-primary-lesion-27.jpeg,Tinea,6,Tinea,6,0.02564288303256035,0.05149637535214424,0.023669559508562088,0.006506144069135189,0.002671124879270792,0.294901967048645,0.5951119661331177
datasets\data\test\Tinea\train_tinea-primary-lesion-32.jpeg,Tinea,6,Tinea,6,0.06307779997587204,0.003681320697069168,0.05573783814907074,0.28030771017074585,0.03490264713764191,0.2625516653060913,0.2997409999370575
datasets\data\test\Tinea\train_tinea-primary-lesion-47.jpeg,Tinea,6,Tinea,6,0.0027806535363197327,0.0010279759299010038,0.030467098578810692,0.0012496460694819689,6.364747969200835e-05,0.05251316353678703,0.9118977785110474
datasets\data\test\Tinea\train_tinea-primary-lesion-49.jpeg,Tinea,6,Tinea,6,0.003504591528326273,0.0010885352967306972,0.2090291827917099,0.012801649048924446,0.00012712518218904734,0.284679114818573,0.4887697696685791
datasets\data\test\Tinea\train_tinea-primary-lesion-7.jpeg,Tinea,6,Tinea,6,0.011516104452311993,0.0007901609060354531,0.18514825403690338,0.007838448509573936,0.0008771904394961894,0.1170530617237091,0.6767767667770386
datasets\data\test\Tinea\train_tinea-scalp-10.jpeg,Tinea,6,Tinea,6,0.0023794721346348524,0.0011789390118792653,0.030032504349946976,0.02838422916829586,0.00010700023995013908,0.23972433805465698,0.6981935501098633
datasets\data\test\Tinea\train_tinea-scalp-12.jpeg,Tinea,6,Tinea,6,0.0032988153398036957,0.0002047599555226043,0.030055642127990723,0.15299509465694427,0.001019004383124411,0.04076973721385002,0.77165687084198
datasets\data\test\Tinea\train_tinea-scalp-13.jpeg,Tinea,6,Normal,4,0.09925717860460281,0.00101274938788265,0.01400824822485447,0.011622690595686436,0.4210590124130249,0.1103890985250473,0.34265097975730896
datasets\data\test\Tinea\train_tinea-scalp-15.jpeg,Tinea,6,Tinea,6,0.007731335703283548,9.206157847074792e-05,0.02680238150060177,0.15084204077720642,0.003409532131627202,0.041740305721759796,0.7693824172019958
datasets\data\test\Tinea\train_tinea-scalp-17.jpeg,Tinea,6,Normal,4,0.07362273335456848,0.00046275617205537856,0.01690617948770523,0.05797902122139931,0.7147278785705566,0.07940680533647537,0.056894659996032715
datasets\data\test\Tinea\train_tinea-scalp-18.jpeg,Tinea,6,Tinea,6,0.013786757364869118,8.03819129941985e-05,0.023046519607305527,0.16015572845935822,0.006217875052243471,0.08852633833885193,0.7081863880157471
datasets\data\test\Tinea\train_tinea-scalp-28.jpeg,Tinea,6,Tinea,6,0.0035504514817148447,0.00016470234550070018,0.15428633987903595,0.07149289548397064,0.0001738422579364851,0.14652012288570404,0.6238116025924683
datasets\data\test\Tinea\train_tinea-scalp-30.jpeg,Tinea,6,NailFungus,3,0.0001671234203968197,7.754927537462208e-06,0.009606399573385715,0.8686869144439697,8.241497562266886e-05,0.026183782145380974,0.09526561945676804
datasets\data\test\Tinea\train_tinea-scalp-35.jpeg,Tinea,6,Tinea,6,0.002744794823229313,1.5730172890471295e-05,0.10340914875268936,0.02106277272105217,0.00013172946637496352,0.23438099026679993,0.6382548809051514
datasets\data\test\Tinea\train_tinea-scalp-43.jpg,Tinea,6,Tinea,6,0.001098794979043305,0.0001559044176246971,0.03334600105881691,0.0016118420753628016,0.00013547354319598526,0.01785985752940178,0.9457921385765076
datasets\data\test\Tinea\train_tinea-scalp-5.jpeg,Tinea,6,Psoriasis,5,0.0023066161666065454,4.866130984737538e-05,0.11495877802371979,0.001886479090899229,5.8204761444358155e-05,0.7127752900123596,0.16796590387821198
datasets\data\test\Tinea\train_tinea-versicolor-104.jpg,Tinea,6,Tinea,6,0.0036918544210493565,0.0001762042666086927,0.0947544202208519,0.0010401314357295632,0.00019767755293287337,0.09613577276468277,0.8040039539337158
datasets\data\test\Tinea\train_tinea-versicolor-109.jpeg,Tinea,6,Tinea,6,0.03326170891523361,0.0001825664658099413,0.2919492721557617,0.02508542872965336,0.0007841786136850715,0.07895605266094208,0.5697808265686035
datasets\data\test\Tinea\train_tinea-versicolor-116.jpeg,Tinea,6,Tinea,6,0.00043200605432502925,5.9888272517127916e-05,0.016201455146074295,0.0005056964000687003,3.998217289336026e-05,0.0358046256005764,0.94695645570755
datasets\data\test\Tinea\train_tinea-versicolor-118.jpeg,Tinea,6,Tinea,6,0.005992627236992121,0.00028168398421257734,0.023030387237668037,0.020567597821354866,0.000680683646351099,0.06367625296115875,0.8857707977294922
datasets\data\test\Tinea\train_tinea-versicolor-139.jpeg,Tinea,6,Tinea,6,0.0041970666497945786,0.0002724885125644505,0.03535044193267822,0.01762314699590206,0.001158673781901598,0.21864551305770874,0.7227526903152466
datasets\data\test\Tinea\train_tinea-versicolor-141.jpeg,Tinea,6,Eczema,2,0.2083149254322052,0.0010534158209338784,0.3411547839641571,0.019777711480855942,0.01085133571177721,0.2869144678115845,0.1319332867860794
datasets\data\test\Tinea\train_tinea-versicolor-157.jpeg,Tinea,6,Tinea,6,0.04115891084074974,0.0016522416844964027,0.020963061600923538,0.031614694744348526,0.008705760352313519,0.07818949222564697,0.8177158832550049
datasets\data\test\Tinea\train_tinea-versicolor-180.jpeg,Tinea,6,Tinea,6,0.00033907245961017907,7.766683665977325e-06,0.05908957123756409,0.003001864766702056,2.230368772870861e-05,0.04594038426876068,0.8915990591049194
datasets\data\test\Tinea\train_tinea-versicolor-183.jpeg,Tinea,6,Tinea,6,0.004397490993142128,0.00013136083725839853,0.06363683193922043,0.0021462636068463326,0.00037306660669855773,0.28610730171203613,0.6432076692581177
datasets\data\test\Tinea\train_tinea-versicolor-187.jpg,Tinea,6,Acne,0,0.5138451457023621,5.6822002079570666e-05,0.027869895100593567,0.001876535825431347,4.996765710529871e-05,0.0475696325302124,0.40873199701309204
datasets\data\test\Tinea\train_tinea-versicolor-81.jpeg,Tinea,6,Psoriasis,5,0.001960308523848653,0.0013131890445947647,0.24544447660446167,0.00032933600596152246,4.125905252294615e-05,0.42083853483200073,0.33007290959358215
datasets\data\test\Tinea\train_tinea-versicolor-9.jpeg,Tinea,6,Tinea,6,0.007772219367325306,0.0002542477159295231,0.2976113557815552,0.020511284470558167,0.00038277386920526624,0.08482976257801056,0.5886383652687073
datasets\data\test\Tinea\train_tinea-versicolor-95.jpeg,Tinea,6,Tinea,6,0.001986728049814701,0.0008208168437704444,0.08606965094804764,0.048980504274368286,0.0005224898341111839,0.13565289974212646,0.7259669303894043
datasets\data\test\Tinea\train_tinea-versicolor-96.jpeg,Tinea,6,Tinea,6,0.013592125847935677,0.0012668872950598598,0.012024857103824615,0.022111354395747185,0.0003753253258764744,0.14613239467144012,0.8044970035552979
datasets\data\test\Tinea\train_tinped20__ProtectWyJQcm90ZWN0Il0_FocusFillWzI5NCwyMjIsInkiLDdd.jpeg,Tinea,6,Psoriasis,5,0.29858851432800293,0.05094083398580551,0.05187121778726578,0.04128159582614899,0.025808846578001976,0.3319949507713318,0.1995140016078949
datasets\data\test\Tinea\train_tinped30__ProtectWyJQcm90ZWN0Il0_FocusFillWzI5NCwyMjIsIngiLDFd.jpeg,Tinea,6,Eczema,2,0.0071659996174275875,0.01280165370553732,0.43042173981666565,0.03636922687292099,0.015832044184207916,0.11694706976413727,0.38046228885650635
datasets\data\test\Tinea\train_tinped5__ProtectWyJQcm90ZWN0Il0_FocusFillWzI5NCwyMjIsInkiLDM2XQ.jpeg,Tinea,6,Candidiasis,1,0.07808370888233185,0.5024024248123169,0.02324201911687851,0.024830974638462067,0.1637638360261917,0.0937962755560875,0.11388072371482849
datasets\data\test\Tinea\valid_13TineaIncognito2.jpeg,Tinea,6,Tinea,6,0.0007524924003519118,0.00029197268304415047,0.33444610238075256,0.028846433386206627,7.192370685515925e-05,0.23062913119792938,0.4049619138240814
datasets\data\test\Tinea\valid_tinea-beard-6.jpeg,Tinea,6,Tinea,6,0.08812329173088074,0.002070549875497818,0.12923488020896912,0.00241520325653255,0.00020180769206490368,0.07996588945388794,0.6979883909225464
datasets\data\test\Tinea\valid_tinea-body-118.jpeg,Tinea,6,Eczema,2,0.0012126018991693854,0.000203260438865982,0.41660523414611816,0.03311200067400932,0.0007132547907531261,0.3207927644252777,0.22736090421676636
