path,y_true,y_true_idx,y_pred_idx,y_pred,proba_Acne,proba_Candidiasis,proba_Eczema,proba_NailFungus,proba_Normal,proba_Psoriasis,proba_Tinea
datasets\data\test\Acne\test_07SteroidPerioral1.jpg,Acne,0,0,Acne,0.6404586831728617,0.056435960034529366,0.051917266100645065,0.04766374329725901,0.06051448235909144,0.05160308505098025,0.09140681723753612
datasets\data\test\Acne\test_rosacea-10.jpg,Acne,0,0,Acne,0.5085491339365641,0.037933328499396644,0.1791524402797222,0.04218033701181412,0.03591204682985941,0.15961448848247528,0.036658188328146935
datasets\data\test\Acne\test_rosacea-76.jpg,Acne,0,0,Acne,0.520720362663269,0.03948597858349482,0.043554832537968956,0.06639887392520905,0.04536845162510872,0.10974447677532832,0.17472699036200842
datasets\data\test\Acne\test_rosacea-84.jpg,Acne,0,0,Acne,0.43555394808451336,0.03477488458156586,0.2290437233944734,0.0763221134742101,0.05142010748386383,0.10636196037133534,0.06652324243138234
datasets\data\test\Acne\train_07sebDerem1101052.jpg,Acne,0,0,Acne,0.6373405257860819,0.03845623880624771,0.06732410440842311,0.03987159331639608,0.04543643817305565,0.1329269458850225,0.038644192119439445
datasets\data\test\Acne\train_acne-closed-comedo-10.jpg,Acne,0,0,Acne,0.5519134898980459,0.038764256363113724,0.12312990675369899,0.036973251650730767,0.046312289933363594,0.17556318392356238,0.02734359446913004
datasets\data\test\Acne\train_acne-closed-comedo-2.jpg,Acne,0,0,Acne,0.6942334373792013,0.05290795862674713,0.04096612147986889,0.05490482226014137,0.05337682614723841,0.0447601613899072,0.05885065346956253
datasets\data\test\Acne\train_acne-closed-comedo-21.jpg,Acne,0,0,Acne,0.47705016781886417,0.039373001704613365,0.050428966681162514,0.062341601898272835,0.04221111536026001,0.11151510725418727,0.21708004549145699
datasets\data\test\Acne\train_acne-closed-comedo-35.jpg,Acne,0,0,Acne,0.6048352718353271,0.04816504195332527,0.1267406145731608,0.04600823111832142,0.05190161739786466,0.04242010538776716,0.07992909848690033
datasets\data\test\Acne\train_acne-cystic-104.jpg,Acne,0,0,Acne,0.6152129669984182,0.05124997099240621,0.10123290369908015,0.06759995097915332,0.052476720263560615,0.05917372057835261,0.05305378387371699
datasets\data\test\Acne\train_acne-cystic-111.jpeg,Acne,0,0,Acne,0.6817529201507568,0.05188846712311109,0.0540705236295859,0.057128808150688805,0.059658131251732506,0.05500146746635437,0.040499664222200714
datasets\data\test\Acne\train_acne-cystic-116.jpeg,Acne,0,0,Acne,0.608703096707662,0.0569415253897508,0.11174217859903972,0.0585419125854969,0.052028801292181015,0.04848536352316538,0.06355716412266095
datasets\data\test\Acne\train_acne-cystic-122.jpg,Acne,0,0,Acne,0.4036809578537941,0.05125365282098452,0.17952159295479456,0.039565072705348335,0.03778606653213501,0.1860241231818994,0.10216853146751721
datasets\data\test\Acne\train_acne-cystic-124.jpeg,Acne,0,0,Acne,0.6770796974500021,0.05061242108543714,0.04562681168317795,0.04776318868001302,0.056043347964684166,0.059691609193881355,0.06318290904164314
datasets\data\test\Acne\train_acne-cystic-151.jpeg,Acne,0,0,Acne,0.683491587638855,0.04094861509899298,0.034502736603220306,0.04773783373335997,0.04309768229722977,0.11105520899097125,0.03916635550558567
datasets\data\test\Acne\train_acne-cystic-16.jpg,Acne,0,0,Acne,0.6727937857309977,0.04985066999991735,0.07250584910313289,0.0492249404390653,0.05408853540817896,0.06033433601260185,0.041201877718170486
datasets\data\test\Acne\train_acne-cystic-32.jpg,Acne,0,0,Acne,0.6816179951032003,0.05251565451423327,0.05841930086414019,0.052546706050634384,0.05681728571653366,0.04748493308822314,0.050598149498303734
datasets\data\test\Acne\train_acne-cystic-5.jpg,Acne,0,0,Acne,0.700472096602122,0.05509969095389048,0.04792513574163119,0.047916882981856666,0.055818105737368263,0.047109801322221756,0.04565830404559771
datasets\data\test\Acne\train_acne-cystic-58.jpg,Acne,0,0,Acne,0.5668483873208364,0.04639324421683947,0.14895662541190782,0.050306362410386406,0.04440559446811676,0.072207177678744,0.0708826333284378
datasets\data\test\Acne\train_acne-cystic-85.jpeg,Acne,0,0,Acne,0.5881647070248922,0.04768191774686178,0.07942717956999938,0.11626794561743736,0.04832206666469574,0.061815425753593445,0.058320759485165276
datasets\data\test\Acne\train_acne-cystic-99.jpeg,Acne,0,0,Acne,0.6796557903289795,0.05331992109616598,0.07910489415129025,0.040743835270404816,0.05331238731741905,0.04338068887591362,0.0504824494322141
datasets\data\test\Acne\train_acne-excoriated-17.jpg,Acne,0,0,Acne,0.6032362778981527,0.04108968128760656,0.03955224032203356,0.047781084974606834,0.042860316733519234,0.09620468939344089,0.1292757367094358
datasets\data\test\Acne\train_acne-excoriated-20.jpeg,Acne,0,0,Acne,0.6613771915435791,0.05231127515435219,0.05720215911666552,0.054437888165314995,0.05403017749389013,0.055276514341433845,0.0653647780418396
datasets\data\test\Acne\train_acne-face-1-16__ProtectWyJQcm90ZWN0Il0_FocusFillWzI5NCwyMjIsInkiLDg1XQ.jpeg,Acne,0,0,Acne,0.7001374959945679,0.05076955507198969,0.03966763367255529,0.05011224249998728,0.050685553501049675,0.06588141744335492,0.042746093745032944
datasets\data\test\Acne\train_acne-face-1-26__ProtectWyJQcm90ZWN0Il0_FocusFillWzI5NCwyMjIsIngiLDFd.jpeg,Acne,0,0,Acne,0.6618572672208151,0.06393908709287643,0.04597045357028643,0.05765757461388906,0.06115541607141495,0.051652178168296814,0.057767994701862335
datasets\data\test\Acne\train_acne-face-1-28__ProtectWyJQcm90ZWN0Il0_FocusFillWzI5NCwyMjIsIngiLDFd.jpeg,Acne,0,0,Acne,0.6439126133918762,0.05745097746451696,0.05073633914192518,0.04856220756967863,0.05006230250000954,0.10847656428813934,0.04079895590742429
datasets\data\test\Acne\train_acne-face-1-28__WatermarkedWyJXYXRlcm1hcmtlZCJd (1).jpeg,Acne,0,0,Acne,0.7092791199684143,0.05236168950796127,0.03925675029555956,0.04641015827655792,0.052379569659630455,0.06165578837196032,0.03865696303546429
datasets\data\test\Acne\train_acne-face-1-29__ProtectWyJQcm90ZWN0Il0_FocusFillWzI5NCwyMjIsIngiLDFd.jpeg,Acne,0,0,Acne,0.6622759302457174,0.060352315505345665,0.05222826078534126,0.06077998876571655,0.052441210796435676,0.04706014568607012,0.06486215566595395
datasets\data\test\Acne\train_acne-face-1-44__ProtectWyJQcm90ZWN0Il0_FocusFillWzI5NCwyMjIsInkiLDg1XQ.jpeg,Acne,0,0,Acne,0.6628956397374471,0.05787890901168188,0.04674630363782247,0.05816889554262161,0.0627456617852052,0.06505508720874786,0.04650950307647387
datasets\data\test\Acne\train_acne-face-1-5__ProtectWyJQcm90ZWN0Il0_FocusFillWzI5NCwyMjIsIngiLDFd.jpeg,Acne,0,0,Acne,0.6552619934082031,0.06443323691685994,0.04523895556728045,0.05840989574790001,0.05885657171408335,0.05397719889879227,0.0638221191863219
datasets\data\test\Acne\train_acne-face-11-1__ProtectWyJQcm90ZWN0Il0_FocusFillWzI5NCwyMjIsIngiLDFd.jpeg,Acne,0,0,Acne,0.6159705817699432,0.0825293039282163,0.04984497154752413,0.056768291940291725,0.06280725821852684,0.08789390325546265,0.04418575639526049
datasets\data\test\Acne\train_acne-face-19-1__ProtectWyJQcm90ZWN0Il0_FocusFillWzI5NCwyMjIsIngiLDFd.jpeg,Acne,0,0,Acne,0.6201996306578318,0.060055108120044075,0.05647980670134226,0.055023652811845146,0.05430867398778597,0.10175501058499019,0.05217809354265531
datasets\data\test\Acne\train_acne-face-2-10__ProtectWyJQcm90ZWN0Il0_FocusFillWzI5NCwyMjIsIngiLDFd.jpeg,Acne,0,0,Acne,0.693933924039205,0.05115493262807528,0.053558489928642906,0.048244899759689965,0.051036460946003594,0.0693499060968558,0.03272142509619395
datasets\data\test\Acne\train_acne-face-2-24__ProtectWyJQcm90ZWN0Il0_FocusFillWzI5NCwyMjIsIngiLDFd.jpeg,Acne,0,0,Acne,0.6989143490791321,0.051425899068514504,0.0487662081917127,0.043437402695417404,0.05765071635444959,0.05959398423631986,0.04021144968767961
datasets\data\test\Acne\train_acne-face-2-26__ProtectWyJQcm90ZWN0Il0_FocusFillWzI5NCwyMjIsInkiLDg1XQ.jpeg,Acne,0,0,Acne,0.6318550507227579,0.08152517800529797,0.05078690374890963,0.05752070744832357,0.0627075011531512,0.05618085339665413,0.05942379807432493
datasets\data\test\Acne\train_acne-face-2-36__ProtectWyJQcm90ZWN0Il0_FocusFillWzI5NCwyMjIsIngiLDFd.jpeg,Acne,0,0,Acne,0.6451009114583334,0.05864608163634936,0.05091303835312525,0.06779269377390544,0.06356348469853401,0.0655882532397906,0.04839552193880081
datasets\data\test\Acne\train_acne-face-3-19__ProtectWyJQcm90ZWN0Il0_FocusFillWzI5NCwyMjIsIngiLDFd.jpeg,Acne,0,0,Acne,0.5511955221494039,0.07282454644640286,0.06828022499879201,0.049909563114245735,0.07641121745109558,0.09232044592499733,0.08905846998095512
datasets\data\test\Acne\train_acne-face-3-22__ProtectWyJQcm90ZWN0Il0_FocusFillWzI5NCwyMjIsIngiLDFd.jpeg,Acne,0,0,Acne,0.6907442212104797,0.052913361539443336,0.04468409220377604,0.0527529368797938,0.05996214350064596,0.05127453928192457,0.04766868179043134
datasets\data\test\Acne\train_acne-face-3-6__ProtectWyJQcm90ZWN0Il0_FocusFillWzI5NCwyMjIsIngiLDFd.jpeg,Acne,0,0,Acne,0.6959927479426066,0.05457523465156555,0.041687035312255226,0.052195617308219276,0.05450546368956566,0.05562245100736618,0.04542144760489464
datasets\data\test\Acne\train_acne-face-3-8__ProtectWyJQcm90ZWN0Il0_FocusFillWzI5NCwyMjIsIngiLDFd.jpeg,Acne,0,0,Acne,0.683090090751648,0.05529319246610006,0.04767486825585365,0.05253730217615763,0.054554689675569534,0.056541060407956444,0.050308791299661
datasets\data\test\Acne\train_acne-face-4-14__ProtectWyJQcm90ZWN0Il0_FocusFillWzI5NCwyMjIsIngiLDFd.jpeg,Acne,0,0,Acne,0.6674168109893799,0.05634011452396711,0.043074907114108406,0.04971213514606158,0.05621802806854248,0.05999899531404177,0.06723899270097415
datasets\data\test\Acne\train_acne-face-4-6__ProtectWyJQcm90ZWN0Il0_FocusFillWzI5NCwyMjIsIngiLDFd.jpeg,Acne,0,0,Acne,0.5651083985964457,0.049785222858190536,0.08176153277357419,0.08778942500551541,0.061660158137480416,0.11302831023931503,0.040866987158854805
datasets\data\test\Acne\train_acne-face-5-3__ProtectWyJQcm90ZWN0Il0_FocusFillWzI5NCwyMjIsIngiLDFd.jpeg,Acne,0,0,Acne,0.6320058703422546,0.058063471068938576,0.05052205796043078,0.05717468510071436,0.050643653919299446,0.0650273288289706,0.08656296258171399
datasets\data\test\Acne\train_acne-face-55__ProtectWyJQcm90ZWN0Il0_FocusFillWzI5NCwyMjIsIngiLDFd.jpeg,Acne,0,0,Acne,0.6966906189918518,0.046979484458764396,0.05448260655005773,0.04433960964282354,0.053870233396689095,0.06269923349221547,0.040938192357619606
datasets\data\test\Acne\train_acne-face-66__ProtectWyJQcm90ZWN0Il0_FocusFillWzI5NCwyMjIsIngiLDFd.jpeg,Acne,0,0,Acne,0.4918579161167145,0.08096301679809888,0.05362833539644877,0.08475059891740482,0.06048105532924334,0.10532793775200844,0.12299116204182307
datasets\data\test\Acne\train_acne-face-7-1__ProtectWyJQcm90ZWN0Il0_FocusFillWzI5NCwyMjIsIngiLDE4XQ.jpeg,Acne,0,0,Acne,0.6606976985931396,0.0503538412352403,0.052981277306874595,0.0591698611776034,0.054360032081604004,0.08176675190528233,0.04067054142554601
datasets\data\test\Acne\train_acne-face-74__ProtectWyJQcm90ZWN0Il0_FocusFillWzI5NCwyMjIsIngiLDFd.jpeg,Acne,0,0,Acne,0.6826184988021851,0.05819691841801008,0.05085887139042219,0.05101547514398893,0.059546622137228646,0.05782039215167364,0.03994324803352356
datasets\data\test\Acne\train_acne-face-77__ProtectWyJQcm90ZWN0Il0_FocusFillWzI5NCwyMjIsIngiLDFd.jpeg,Acne,0,0,Acne,0.5752785801887512,0.10787673791249593,0.08429751296838124,0.05105984335144361,0.0649335707227389,0.07689843699336052,0.03965528681874275
datasets\data\test\Acne\train_acne-face-78__ProtectWyJQcm90ZWN0Il0_FocusFillWzI5NCwyMjIsIngiLDFd.jpeg,Acne,0,0,Acne,0.7081960837046305,0.05268773436546326,0.03900433021287123,0.05205809945861498,0.05369735384980837,0.053820191572109856,0.040536198765039444
datasets\data\test\Acne\train_acne-histology-3.jpg,Acne,0,5,Psoriasis,0.04845974004516999,0.036843456948796906,0.10697030896941821,0.0327919777482748,0.03528908578058084,0.7035739421844482,0.03607150353491306
datasets\data\test\Acne\train_acne-infantile-9.jpg,Acne,0,0,Acne,0.6838062802950541,0.05173614745338758,0.05879650513331095,0.04614659522970518,0.048860842982927956,0.059069265921910606,0.051584359258413315
datasets\data\test\Acne\train_acne-open-comedo-10.jpeg,Acne,0,0,Acne,0.643069326877594,0.043083121379216514,0.0610042338569959,0.05306283012032509,0.06124722212553024,0.10431475440661113,0.03421850502490997
datasets\data\test\Acne\train_acne-open-comedo-12.jpeg,Acne,0,0,Acne,0.5953030089537302,0.04766346452136835,0.06481688345472018,0.06267703945438068,0.06284690648317337,0.11190820237000783,0.05478451152642568
datasets\data\test\Acne\train_acne-open-comedo-22.jpeg,Acne,0,0,Acne,0.7058683236440023,0.04746753101547559,0.04506943312784036,0.060270400096972786,0.04937744388977686,0.043941522017121315,0.048005277911822
datasets\data\test\Acne\train_acne-open-comedo-38.jpeg,Acne,0,0,Acne,0.6487114032109579,0.04940314839283625,0.051042175541321434,0.06038956344127655,0.049215988566478096,0.0629086544116338,0.07832904905080795
datasets\data\test\Acne\train_acne-open-comedo-57.jpg,Acne,0,0,Acne,0.6237385173638662,0.0421565535167853,0.10648116966088612,0.04546623304486275,0.046284868071476616,0.07898684591054916,0.05688584720094999
datasets\data\test\Acne\train_acne-open-comedo-65.jpeg,Acne,0,0,Acne,0.5488700568675995,0.04332152691980203,0.04642093678315481,0.0627089614669482,0.04895675058166186,0.0947521763543288,0.15496954694390297
datasets\data\test\Acne\train_acne-open-comedo-69.jpeg,Acne,0,0,Acne,0.6446888446807861,0.04959196473161379,0.07318772623936336,0.05177632470925649,0.054944757372140884,0.05698485548297564,0.0688255565861861
datasets\data\test\Acne\train_acne-open-comedo-8.jpeg,Acne,0,0,Acne,0.723935087521871,0.03896718348066012,0.04720664521058401,0.041349511593580246,0.043327262004216514,0.05940613895654678,0.04580816378196081
datasets\data\test\Acne\train_acne-primary-lesion-7.jpg,Acne,0,0,Acne,0.6234436432520548,0.04271669685840607,0.06141405925154686,0.062970915188392,0.08695261801282565,0.05018664399782816,0.07231541350483894
datasets\data\test\Acne\train_acne-pustular-34.jpeg,Acne,0,0,Acne,0.6822073260943095,0.05233249068260193,0.03757271481057008,0.059104337046543755,0.05047729859749476,0.0687479426463445,0.04955787460009257
datasets\data\test\Acne\train_acne-pustular-40.jpeg,Acne,0,0,Acne,0.6938284834225973,0.05312928184866905,0.048892651995023094,0.053762055933475494,0.05491188416878382,0.051226808379093804,0.044248836735884346
datasets\data\test\Acne\train_acne-pustular-48.jpeg,Acne,0,0,Acne,0.652752161026001,0.05389015500744184,0.06730116034547488,0.059854296346505485,0.05688296630978584,0.06274193897843361,0.04657729839285215
datasets\data\test\Acne\train_acne-pustular-50.jpeg,Acne,0,0,Acne,0.6995023290316263,0.05159582321842512,0.04580315202474594,0.05744181076685587,0.053735687086979546,0.04393781224886576,0.047983442743619285
datasets\data\test\Acne\train_acne-pustular-53.jpeg,Acne,0,0,Acne,0.7111862699190775,0.04685076077779134,0.0392707996070385,0.06175442039966583,0.046985176702340446,0.04521576687693596,0.04873677964011828
datasets\data\test\Acne\train_acne-pustular-54.jpeg,Acne,0,0,Acne,0.6708654165267944,0.049403450141350426,0.07502289364735286,0.053037683169047035,0.05492262914776802,0.050771087408065796,0.04597689708073934
datasets\data\test\Acne\train_acne-pustular-56.jpeg,Acne,0,0,Acne,0.580030083656311,0.05257168039679527,0.08323378736774127,0.04333075818916162,0.05094188575943311,0.1372463951508204,0.05264546349644661
datasets\data\test\Acne\train_acne-pustular-65.jpeg,Acne,0,0,Acne,0.671524703502655,0.04647792503237724,0.062125773479541145,0.049463026225566864,0.05261192470788956,0.07046536107858022,0.04733125617106756
datasets\data\test\Acne\train_acne-pustular-69.jpeg,Acne,0,0,Acne,0.5987701813379923,0.0556718185544014,0.09279518450299899,0.06434241309762001,0.0576596533258756,0.05662712703148524,0.07413365319371223
datasets\data\test\Acne\train_acne-pustular-74.jpeg,Acne,0,0,Acne,0.6708067258199056,0.04752516249815623,0.047754074136416115,0.04629064351320267,0.046102466682593025,0.050956333676973976,0.09056461850802104
datasets\data\test\Acne\train_gram-negative-folliculitis-1.jpg,Acne,0,0,Acne,0.6838958064715067,0.048783161987861,0.052628353238105774,0.04284290721019109,0.05095422764619192,0.04992431402206421,0.07097122197349866
datasets\data\test\Acne\train_hidradenitis-suppurativa-21.jpg,Acne,0,0,Acne,0.6717659632364908,0.06796634818116824,0.06078546680510044,0.046224294851223625,0.04322403545180956,0.05333435411254565,0.05669953674077988
datasets\data\test\Acne\train_hidradenitis-suppurativa-4.jpg,Acne,0,0,Acne,0.6596837441126505,0.046230281392733254,0.0985969826579094,0.040658107648293175,0.04487208401163419,0.06566557412346204,0.04429326578974724
datasets\data\test\Acne\train_hidradenitis-suppurativa-41.jpg,Acne,0,0,Acne,0.6591925024986267,0.06676095724105835,0.04218857238690058,0.05424662927786509,0.044552840292453766,0.0645704163859288,0.06848808253804843
datasets\data\test\Acne\train_hidradenitis-suppurativa-52.jpg,Acne,0,0,Acne,0.7355850537618002,0.05341265847285589,0.037296214451392494,0.04295094249149164,0.04788060113787651,0.03514986609419187,0.04772466421127319
datasets\data\test\Acne\train_hidradenitis-suppurativa-64.jpg,Acne,0,0,Acne,0.4350867395599683,0.038797998800873756,0.036969892059763275,0.15253967543443045,0.044979033370812736,0.19466408838828406,0.09696259225408237
datasets\data\test\Acne\train_hidradenitis-suppurativa-65.jpg,Acne,0,0,Acne,0.6320160230000814,0.050844584902127586,0.05903906002640724,0.05622257788976034,0.04588574543595314,0.06781535347302754,0.08817663664619128
datasets\data\test\Acne\train_hidradenitis-suppurativa-66.jpg,Acne,0,0,Acne,0.5637542108694712,0.05092465256651243,0.051245770106712975,0.05015597492456436,0.042813689758380256,0.1013626828789711,0.1397430586318175
datasets\data\test\Acne\train_hidradenitis-suppurativa-92.jpg,Acne,0,0,Acne,0.7013062636057535,0.04838875805338224,0.04493600378433863,0.04578776657581329,0.05297166729966799,0.052889602879683174,0.0537199421475331
datasets\data\test\Acne\train_Hidradenitis-Suppurativa-Areola-2.jpg,Acne,0,0,Acne,0.5919451912244161,0.03609547205269337,0.19655252496401468,0.04833135257164637,0.043833122278253235,0.03905296449859937,0.044189401591817536
datasets\data\test\Acne\train_milia-13.jpg,Acne,0,0,Acne,0.5693424542744955,0.05323488016923269,0.12086001907785733,0.05681289856632551,0.05397850895921389,0.08173243701457977,0.06403881187240283
datasets\data\test\Acne\train_perioral-dermatitis-102.jpg,Acne,0,2,Eczema,0.27540382991234463,0.04785591115554174,0.2930270805954933,0.0419331764181455,0.047736225028832756,0.0587140458325545,0.23532974223295847
datasets\data\test\Acne\train_perioral-dermatitis-105.jpg,Acne,0,0,Acne,0.5678503115971884,0.054829596231381096,0.11005932961901028,0.05237227429946264,0.053046642492214836,0.048022868732611336,0.11381893729170163
datasets\data\test\Acne\train_perioral-dermatitis-118.jpg,Acne,0,0,Acne,0.7096768617630005,0.041944450388352074,0.043894754722714424,0.050508582343657814,0.04656865944465002,0.06926356007655461,0.038143144299586616
datasets\data\test\Acne\train_perioral-dermatitis-122.jpg,Acne,0,0,Acne,0.6477449138959249,0.05750954275329908,0.07462606579065323,0.05300533398985863,0.05668726935982704,0.07197277868787448,0.03845405702789625
datasets\data\test\Acne\train_perioral-dermatitis-124.jpg,Acne,0,0,Acne,0.3195038475096226,0.04407593856255213,0.05710850159327189,0.15477574616670609,0.04598145807782809,0.2300181227425734,0.14853638410568237
datasets\data\test\Acne\train_perioral-dermatitis-129.jpg,Acne,0,0,Acne,0.5751219391822815,0.05710398902495702,0.0967948983112971,0.06182593231399854,0.05338197325666746,0.07553714762131374,0.08023412153124809
datasets\data\test\Acne\train_perioral-dermatitis-13.jpg,Acne,0,0,Acne,0.6751177708307902,0.046548170348008476,0.06027484188477198,0.05328990270694097,0.048128521690766014,0.07438263793786366,0.04225814839204153
datasets\data\test\Acne\train_perioral-dermatitis-139.jpg,Acne,0,3,NailFungus,0.22559837500254312,0.04452267289161682,0.17205670724312463,0.2458027054866155,0.05410424992442131,0.10609459628661473,0.1518207093079885
datasets\data\test\Acne\train_perioral-dermatitis-22.jpg,Acne,0,0,Acne,0.6082623600959778,0.04405838375290235,0.062174469232559204,0.0410581324249506,0.048823134352763496,0.09777114043633144,0.09785239150126775
datasets\data\test\Acne\train_perioral-dermatitis-26.jpg,Acne,0,0,Acne,0.5154942770799001,0.03805360880990823,0.1945886885126432,0.043513767421245575,0.04092591007550558,0.12090241660674413,0.046521359433730446
datasets\data\test\Acne\train_perioral-dermatitis-3.jpg,Acne,0,0,Acne,0.6055353879928589,0.038053106516599655,0.07695449143648148,0.04192734509706497,0.03373006793359915,0.11407774686813354,0.0897218423585097
datasets\data\test\Acne\train_perioral-dermatitis-54.jpg,Acne,0,0,Acne,0.6458605329195658,0.041467428828279175,0.05337093894680341,0.04182291775941849,0.04938144360979398,0.12593088547388712,0.0421658456325531
datasets\data\test\Acne\train_perioral-dermatitis-59.jpg,Acne,0,0,Acne,0.3831094652414322,0.05908522506554922,0.19022120038668314,0.14440194889903069,0.043021569649378456,0.06901971933742364,0.11114085217316945
datasets\data\test\Acne\train_perioral-dermatitis-99.jpg,Acne,0,0,Acne,0.6544850468635559,0.049457862973213196,0.046735951056083046,0.04558140536149343,0.05627396826942762,0.09907229120532672,0.04839351152380308
datasets\data\test\Acne\train_rosacea-17.jpg,Acne,0,0,Acne,0.648064931233724,0.04328835755586624,0.06481793771187465,0.03764398954808712,0.045255545526742935,0.11649066830674808,0.04443862413366636
datasets\data\test\Acne\train_rosacea-41.jpg,Acne,0,0,Acne,0.5625580847263336,0.05028431490063667,0.07137224202354749,0.1071271685262521,0.062428327898184456,0.08409937471151352,0.062130494664112725
datasets\data\test\Acne\train_rosacea-47.jpg,Acne,0,0,Acne,0.711401104927063,0.04380746434132258,0.05685810372233391,0.03800917292634646,0.0460970364511013,0.06594416871666908,0.037883009761571884
datasets\data\test\Acne\train_rosacea-51.jpg,Acne,0,0,Acne,0.7383860349655151,0.04482275806367397,0.05011896789073944,0.04151985980570316,0.05227074275414149,0.03859242424368858,0.034289226246376835
datasets\data\test\Acne\train_rosacea-57.jpg,Acne,0,0,Acne,0.679246743520101,0.04976598173379898,0.07275858521461487,0.04344421314696471,0.05421059702833494,0.05632771675785383,0.04424616073568662
datasets\data\test\Acne\train_rosacea-69.jpg,Acne,0,5,Psoriasis,0.05528779389957587,0.04287845889727274,0.04802130162715912,0.16040759036938348,0.054265815764665604,0.5311354796091715,0.1080035815636317
datasets\data\test\Acne\train_rosacea-83.jpg,Acne,0,0,Acne,0.6867317159970602,0.04722058648864428,0.0448223352432251,0.042591242119669914,0.05024270092447599,0.08296034733454387,0.04543109859029452
datasets\data\test\Acne\train_rosacea-89.jpg,Acne,0,0,Acne,0.482392559448878,0.05435735732316971,0.03610195778310299,0.07848983630537987,0.04569986338416735,0.10198746994137764,0.20097094029188156
datasets\data\test\Acne\train_rosacea-9.jpg,Acne,0,0,Acne,0.6259419123331705,0.04316232601801554,0.05751545478900274,0.045346549401680626,0.051994211971759796,0.09970061977704366,0.07633890335758527
datasets\data\test\Acne\train_rosacea-90.jpg,Acne,0,0,Acne,0.6023998061815897,0.0433009701470534,0.10088406999905904,0.05985826005538305,0.045458621035019554,0.07996977120637894,0.06812850882609685
datasets\data\test\Acne\train_rosacea-92.jpg,Acne,0,0,Acne,0.3017151740690072,0.04812894326945146,0.07523014272252719,0.15612176805734634,0.05489854825039705,0.12157407402992249,0.24233134960134825
datasets\data\test\Acne\train_rosacea-97.jpg,Acne,0,0,Acne,0.7096510330835978,0.04967096447944641,0.055331857254107795,0.046461748580137886,0.05330529808998108,0.04348342431088289,0.04209571580092112
datasets\data\test\Acne\train_rosacea-nose-38.jpg,Acne,0,0,Acne,0.6803405284881592,0.054154894004265465,0.041873540729284286,0.05918889368573824,0.05775084098180135,0.0434011680384477,0.06329017008344333
datasets\data\test\Acne\train_rosacea-nose-41.jpg,Acne,0,0,Acne,0.5751871565977732,0.042357154190540314,0.05422796681523323,0.047576118260622025,0.051014608393112816,0.11257531121373177,0.11706173916657765
datasets\data\test\Acne\train_rosacea-nose-7.jpg,Acne,0,0,Acne,0.6392357846101125,0.038144477953513466,0.036964944253365196,0.039322649439175926,0.044319212436676025,0.08376466979583104,0.11824832608302434
datasets\data\test\Acne\train_rosacea-steroid-4.jpg,Acne,0,0,Acne,0.6278223196665446,0.04024376223484675,0.0757641891638438,0.04431562994917234,0.049508714427550636,0.07106242328882217,0.09128303080797195
datasets\data\test\Acne\train_sebaceous-glands-upper-lip-1.jpg,Acne,0,0,Acne,0.5897330741087595,0.045330980171759926,0.04362474009394646,0.06607772161563237,0.0579514242708683,0.10371060421069463,0.09357146049539249
datasets\data\test\Acne\valid_179__ProtectWyJQcm90ZWN0Il0_FocusFillWzI5NCwyMjIsIngiLDFd.jpeg,Acne,0,0,Acne,0.6280456384023031,0.0629276620845,0.07322146743535995,0.05243333180745443,0.05926184356212616,0.05503966907660166,0.06907041743397713
datasets\data\test\Acne\valid_194__ProtectWyJQcm90ZWN0Il0_FocusFillWzI5NCwyMjIsIngiLDFd.jpeg,Acne,0,0,Acne,0.5190440018971761,0.0537899819513162,0.07997320344050725,0.055609751492738724,0.06372607871890068,0.1812625490128994,0.04659444590409597
datasets\data\test\Acne\valid_acne-comedones-57-v2__ProtectWyJQcm90ZWN0Il0_FocusFillWzI5NCwyMjIsIngiLDE3XQ.jpeg,Acne,0,0,Acne,0.7060291568438212,0.049923536678155266,0.04181459794441859,0.045680321753025055,0.054746138552824654,0.04638862734039625,0.0554175799091657
datasets\data\test\Acne\valid_acne-cystic-33.jpeg,Acne,0,0,Acne,0.6914948225021362,0.0563718726237615,0.05624086161454519,0.05454432343443235,0.05751494069894155,0.043560583144426346,0.04027261957526207
datasets\data\test\Candidiasis\test_1308__ProtectWyJQcm90ZWN0Il0_FocusFillWzI5NCwyMjIsIngiLDFd.jpeg,Candidiasis,1,1,Candidiasis,0.05455022926131884,0.6853450338045756,0.05374445269505183,0.0513127235074838,0.05075438196460406,0.04730320287247499,0.05698995292186737
datasets\data\test\Candidiasis\test_candidiasis-large-skin-folds-172.jpeg,Candidiasis,1,6,Tinea,0.04013150868316492,0.2562526228527228,0.04567573964595795,0.0495537631213665,0.04923822854955991,0.08244750276207924,0.47670060644547146
datasets\data\test\Candidiasis\train_1285-small__ProtectWyJQcm90ZWN0Il0_FocusFillWzI5NCwyMjIsInkiLDg1XQ.jpeg,Candidiasis,1,1,Candidiasis,0.0612568532427152,0.5576160550117493,0.06518853704134624,0.06530715897679329,0.11421697835127513,0.05812850221991539,0.0782858928044637
datasets\data\test\Candidiasis\train_1295-small__ProtectWyJQcm90ZWN0Il0_FocusFillWzI5NCwyMjIsInkiLDg1XQ.jpeg,Candidiasis,1,1,Candidiasis,0.06818703686197598,0.5144735276699066,0.0630280002951622,0.061653258899847664,0.06560876468817393,0.17896926899751028,0.048080158730347954
datasets\data\test\Candidiasis\train_1296__ProtectWyJQcm90ZWN0Il0_FocusFillWzI5NCwyMjIsIngiLDFd.jpeg,Candidiasis,1,1,Candidiasis,0.05249761293331782,0.6674948533376058,0.05046876147389412,0.05710551515221596,0.05719165007273356,0.05360233411192894,0.06163926919301351
datasets\data\test\Candidiasis\train_1311-small__ProtectWyJQcm90ZWN0Il0_FocusFillWzI5NCwyMjIsIngiLDFd.jpeg,Candidiasis,1,1,Candidiasis,0.0840995783607165,0.5751119454701742,0.0526800292233626,0.05419903372724851,0.08114095280567805,0.07322088008125623,0.07954760144154231
datasets\data\test\Candidiasis\train_13CandidaAxillae020210.jpeg,Candidiasis,1,6,Tinea,0.03877603200574716,0.05299548804759979,0.11690786605079968,0.030160353829463322,0.03391824165980021,0.07332378315428893,0.6539182464281718
datasets\data\test\Candidiasis\train_13CandidaBreast.jpeg,Candidiasis,1,1,Candidiasis,0.05453472646574179,0.49125397205352783,0.055818889290094376,0.059662519643704094,0.051534504940112434,0.06598348170518875,0.2212118866542975
datasets\data\test\Candidiasis\train_candida-groin-14.jpeg,Candidiasis,1,6,Tinea,0.05387972419460615,0.33561570942401886,0.07542579621076584,0.042102646082639694,0.049368370324373245,0.07331221053997676,0.37029551963011426
datasets\data\test\Candidiasis\train_candida-penis-24.jpeg,Candidiasis,1,1,Candidiasis,0.05025584871570269,0.6880538860956827,0.05341185753544172,0.05005026236176491,0.04947391152381897,0.055459894239902496,0.05329436312119166
datasets\data\test\Candidiasis\train_candida-penis-25.jpeg,Candidiasis,1,1,Candidiasis,0.05357145890593529,0.6740999221801758,0.055771805346012115,0.05174826582272848,0.054457450906435646,0.0481001449127992,0.062251011530558266
datasets\data\test\Candidiasis\train_candida-penis-47.jpeg,Candidiasis,1,1,Candidiasis,0.05291816468040148,0.6471776167551676,0.05642094835639,0.05065103123585383,0.04907472555836042,0.09150189037124316,0.05225564042727152
datasets\data\test\Candidiasis\train_Candida-penis-765.jpeg,Candidiasis,1,5,Psoriasis,0.04951201876004537,0.2586950957775116,0.2131222685178121,0.05504363030195236,0.05054084397852421,0.3274138371149699,0.0456723061700662
datasets\data\test\Candidiasis\train_candidiasis-diaper-25.jpeg,Candidiasis,1,1,Candidiasis,0.05902364104986191,0.4683040926853816,0.14657178645332655,0.056671099116404854,0.052316777408123016,0.09098050619165103,0.12613212441404661
datasets\data\test\Candidiasis\train_candidiasis-diaper-31.jpeg,Candidiasis,1,1,Candidiasis,0.04735317453742027,0.6901590426762899,0.05110284686088562,0.05144555245836576,0.05014896268645922,0.05517314374446869,0.054617234816153847
datasets\data\test\Candidiasis\train_candidiasis-large-skin-folds-117.jpeg,Candidiasis,1,1,Candidiasis,0.05266061301032702,0.6764353712399801,0.05334841087460518,0.05286713192860285,0.053643165777126946,0.047500547021627426,0.06354476263125737
datasets\data\test\Candidiasis\train_candidiasis-large-skin-folds-131.jpeg,Candidiasis,1,6,Tinea,0.07255090276400249,0.2261564532915751,0.04984995722770691,0.047508922715981804,0.05145107830564181,0.13575114930669466,0.4167315661907196
datasets\data\test\Candidiasis\train_candidiasis-large-skin-folds-142.jpeg,Candidiasis,1,1,Candidiasis,0.054261637230714165,0.671002467473348,0.05236689125498136,0.056509402891000114,0.05362905810276667,0.05218985676765442,0.06004068379600843
datasets\data\test\Candidiasis\train_candidiasis-large-skin-folds-163.jpeg,Candidiasis,1,1,Candidiasis,0.04830999796589216,0.5646764238675436,0.07872613022724788,0.04701042299469312,0.05817906931042671,0.052041673411925636,0.15105624745289484
datasets\data\test\Candidiasis\train_candidiasis-large-skin-folds-166.jpeg,Candidiasis,1,1,Candidiasis,0.05668110027909279,0.6458615859349569,0.0510561428964138,0.05269779389103254,0.05579428498943647,0.05841084072987238,0.07949824382861455
datasets\data\test\Candidiasis\train_candidiasis-large-skin-folds-17.jpeg,Candidiasis,1,6,Tinea,0.3088700684408347,0.06713836019237836,0.06264525403579076,0.04125780798494816,0.04066513851284981,0.1324718693892161,0.3469514970978101
datasets\data\test\Candidiasis\train_candidiasis-large-skin-folds-170.jpeg,Candidiasis,1,1,Candidiasis,0.048553364972273506,0.6828204393386841,0.05093905950586001,0.05204095443089803,0.05194841449459394,0.050925079733133316,0.06277268876632054
datasets\data\test\Candidiasis\train_candidiasis-large-skin-folds-175.jpeg,Candidiasis,1,1,Candidiasis,0.05795662353436152,0.6061626275380453,0.05178913474082947,0.05975733573238055,0.05311909690499306,0.07847342019279797,0.0927417737742265
datasets\data\test\Candidiasis\train_candidiasis-large-skin-folds-176.jpeg,Candidiasis,1,1,Candidiasis,0.056096663077672325,0.6760564645131429,0.05346200615167618,0.054491968204577766,0.054128741224606834,0.04976325978835424,0.05600093553463618
datasets\data\test\Candidiasis\train_candidiasis-large-skin-folds-95.jpeg,Candidiasis,1,1,Candidiasis,0.0516809398929278,0.6580066879590353,0.05748157203197479,0.055292713145414986,0.05668141692876816,0.04803233593702316,0.07282437135775884
datasets\data\test\Candidiasis\train_candidiasis-mouth-11.jpeg,Candidiasis,1,5,Psoriasis,0.045810800045728683,0.04737238213419914,0.04500201344490051,0.040541308000683784,0.04323790408670902,0.6809242566426595,0.09711127107342084
datasets\data\test\Eczema\test_05Atopic0712046.jpeg,Eczema,2,2,Eczema,0.03844459603230158,0.04620554484426975,0.7170079151789347,0.03634419105947018,0.04103312206765016,0.053318088253339134,0.0676465171078841
datasets\data\test\Eczema\test_Dyshidrosis-14.jpg,Eczema,2,6,Tinea,0.037333777795235314,0.04541244233647982,0.18534253786007562,0.03946364608903726,0.042791467159986496,0.14867794637878737,0.500978151957194
datasets\data\test\Eczema\test_Dyshidrosis-31.jpg,Eczema,2,2,Eczema,0.05000221108396848,0.04103095084428787,0.5862754881381989,0.03281838105370601,0.04288197681307793,0.21542164807518324,0.031569348027308784
datasets\data\test\Eczema\test_eczema-fingertips-142.jpeg,Eczema,2,2,Eczema,0.040835276866952576,0.04456590302288532,0.6956974069277445,0.04760881637533506,0.047461009273926415,0.053940419728557266,0.06989115973313649
datasets\data\test\Eczema\test_lichen-simplex-chronicus-177.jpg,Eczema,2,2,Eczema,0.03864701961477598,0.04138332729538282,0.7093366980552673,0.060237819949785866,0.042900211488207184,0.04979290130237738,0.05770200428863367
datasets\data\test\Eczema\test_lichen-simplex-chronicus-89.jpg,Eczema,2,5,Psoriasis,0.19271860520044962,0.034452978521585464,0.07003004228075345,0.03497697785496712,0.04663670559724172,0.555307537317276,0.06587714577714603
datasets\data\test\Eczema\test_lichen-simplex-chronicus-91.jpg,Eczema,2,2,Eczema,0.041077934205532074,0.03358152632912,0.731313169002533,0.03883593281110128,0.03341895714402199,0.0585570919016997,0.06321535632014275
datasets\data\test\Eczema\test_neurotic-excoriations-13.jpg,Eczema,2,2,Eczema,0.03977963080008825,0.04088106875618299,0.6693094968795776,0.04497315734624863,0.041020200277368225,0.11443203190962474,0.04960443017383417
datasets\data\test\Eczema\test_neurotic-excoriations-27.jpg,Eczema,2,2,Eczema,0.03167326562106609,0.038743156318863235,0.6380606889724731,0.0492786280810833,0.0399468969553709,0.1428269942601522,0.059470368549227715
datasets\data\test\Eczema\test_pompholyx-7.jpg,Eczema,2,6,Tinea,0.07058971499403317,0.043196079010764755,0.2362742225329081,0.04857814436157545,0.044837068766355515,0.06530780841906865,0.4912169575691223
datasets\data\test\Eczema\test_prurigo-nodularis-22.jpg,Eczema,2,2,Eczema,0.06252010663350423,0.04903870572646459,0.532914012670517,0.058943466593821846,0.05115900685389837,0.13600009679794312,0.10942458858092625
datasets\data\test\Eczema\test_stasis-dermatitis-115.jpg,Eczema,2,2,Eczema,0.04000509654482206,0.04684684673945109,0.6332726081212362,0.0625026101867358,0.04855662708481153,0.06929583350817363,0.09952041630943616
datasets\data\test\Eczema\test_stasis-dermatitis-122.jpg,Eczema,2,2,Eczema,0.03868245395521323,0.04277943695584933,0.6981696685155233,0.03457582493623098,0.043114520609378815,0.06490191320578258,0.0777761662999789
datasets\data\test\Eczema\test_stasis-dermatitis-135.jpg,Eczema,2,2,Eczema,0.05685092012087504,0.03849987188975016,0.5482013722260793,0.14258753259976706,0.04365897054473559,0.0780931996802489,0.09210814908146858
datasets\data\test\Eczema\test_stasis-dermatitis-93.jpg,Eczema,2,2,Eczema,0.042599370858321585,0.04509775713086128,0.7424405018488566,0.03590296767652035,0.04496564654012521,0.040419804553190865,0.048573968932032585
datasets\data\test\Eczema\train_chapped-fissured-feet-1.jpg,Eczema,2,2,Eczema,0.05191083997488022,0.05166785046458244,0.6451711654663086,0.05414578691124916,0.051896185924609504,0.04861930012702942,0.09658884257078171
datasets\data\test\Eczema\train_chapped-fissured-feet-17.jpg,Eczema,2,2,Eczema,0.03541180367271105,0.04325839007894198,0.6516239245732626,0.0396379753947258,0.047385108967622123,0.07092470427354176,0.11175808931390445
datasets\data\test\Eczema\train_chapped-fissured-feet-34.jpg,Eczema,2,2,Eczema,0.03556423510114352,0.037217640628417335,0.7483274141947428,0.03046238546570142,0.038829886664946876,0.058712744464476906,0.0508857195576032
datasets\data\test\Eczema\train_chapped-fissured-feet-5.jpg,Eczema,2,2,Eczema,0.043482065200805664,0.04646415263414383,0.6608484387397766,0.040833923344810806,0.05111681669950485,0.039669182151556015,0.11758539825677872
datasets\data\test\Eczema\train_desquamation-7.jpg,Eczema,2,2,Eczema,0.04570574685931206,0.04618001294632753,0.48115093012650806,0.032273142909010254,0.050118301063776016,0.17242774988214174,0.17214411000410715
datasets\data\test\Eczema\train_Dyshidrosis-17.jpg,Eczema,2,2,Eczema,0.0446249054123958,0.040776917400459446,0.685556431611379,0.03243750830491384,0.04355534973243872,0.08451190094153087,0.06853701174259186
datasets\data\test\Eczema\train_Dyshidrosis-23.jpg,Eczema,2,2,Eczema,0.042164607594410576,0.03958852216601372,0.7066036264101664,0.03201504610478878,0.03852777245144049,0.10331421842177708,0.037786210576693215
datasets\data\test\Eczema\train_Dyshidrosis-25.jpg,Eczema,2,2,Eczema,0.062427274882793427,0.04339148476719856,0.6719314257303873,0.045234368493159614,0.042829502994815506,0.09228081504503886,0.04190509890516599
datasets\data\test\Eczema\train_Dyshidrosis-32.jpg,Eczema,2,2,Eczema,0.04955569778879484,0.03939891171952089,0.6434148252010345,0.038052946949998535,0.04034777358174324,0.1553541123867035,0.03387570194900036
datasets\data\test\Eczema\train_Dyshidrosis-38.jpg,Eczema,2,2,Eczema,0.04647714147965113,0.038217355186740555,0.7350604931513468,0.035947064558664955,0.04714971408247948,0.04915923501054446,0.04798898100852966
datasets\data\test\Eczema\train_Dyshidrosis-6.jpg,Eczema,2,2,Eczema,0.040614817291498184,0.04168859745065371,0.6793679396311442,0.04468983535965284,0.03961502512296041,0.08604220549265544,0.06798168023427327
datasets\data\test\Eczema\train_eczema-acute-2.jpeg,Eczema,2,2,Eczema,0.03452616433302561,0.03462987268964449,0.5502306620279948,0.02967943778882424,0.03543556605776151,0.26988598828514415,0.04561228801806768
datasets\data\test\Eczema\train_eczema-areola-10.jpeg,Eczema,2,2,Eczema,0.047034903119007744,0.0480508916079998,0.6371128360430399,0.09831042836109798,0.042124820252259575,0.05287120242913564,0.07449490763247013
datasets\data\test\Eczema\train_eczema-areola-11.jpeg,Eczema,2,2,Eczema,0.057691617558399834,0.05216949308911959,0.5212921102841696,0.09677720194061597,0.05124964316685995,0.13708617786566415,0.08373373250166576
datasets\data\test\Eczema\train_eczema-areola-22.jpeg,Eczema,2,2,Eczema,0.042028725147247314,0.03842747894426187,0.5317011127869288,0.047268075247605644,0.04208328761160374,0.21921411405007044,0.07927719006935756
datasets\data\test\Eczema\train_eczema-areola-8.jpeg,Eczema,2,2,Eczema,0.1255165028075377,0.05183854947487513,0.6223284105459849,0.062073533733685814,0.041121713196237884,0.060144404570261635,0.03697688318789005
datasets\data\test\Eczema\train_eczema-asteatotic-15.jpeg,Eczema,2,2,Eczema,0.04033728657911221,0.04795300277570883,0.7087761958440145,0.044638004153966904,0.047850484028458595,0.034070113052924476,0.07637491822242737
datasets\data\test\Eczema\train_eczema-asteatotic-24.jpeg,Eczema,2,2,Eczema,0.030828578087190788,0.04078411993881067,0.6353610157966614,0.0401072030266126,0.06330720335245132,0.06552199150125186,0.12408993889888127
datasets\data\test\Eczema\train_eczema-asteatotic-29.jpeg,Eczema,2,2,Eczema,0.049620519702633224,0.05282102773586909,0.6107069651285807,0.04910207663973173,0.05411758149663607,0.06928338731328647,0.114348404109478
datasets\data\test\Eczema\train_eczema-asteatotic-30.jpeg,Eczema,2,2,Eczema,0.04533618983502189,0.042844610288739204,0.7174709836641947,0.039824966030816235,0.04460471527030071,0.06046269151071707,0.04945587397863468
datasets\data\test\Eczema\train_eczema-asteatotic-39.jpeg,Eczema,2,2,Eczema,0.03530816687270999,0.03539821427936355,0.7634979685147604,0.039427090591440596,0.04424478734532992,0.053664294381936394,0.02845948499937852
datasets\data\test\Eczema\train_eczema-asteatotic-53.jpeg,Eczema,2,2,Eczema,0.030199920758605003,0.03884046711027622,0.38011057178179425,0.04586956650018692,0.04634967197974523,0.10559150824944179,0.35303829113642377
datasets\data\test\Eczema\train_eczema-asteatotic-6.jpeg,Eczema,2,2,Eczema,0.039611210425694786,0.04244758995870749,0.7436333298683167,0.05373514319459597,0.04471641965210438,0.036721247558792434,0.039135068034132324
datasets\data\test\Eczema\train_eczema-chronic-12.jpeg,Eczema,2,2,Eczema,0.0385113333662351,0.039160739009579025,0.7198537588119507,0.03804881808658441,0.03229902622600397,0.06420346101125081,0.06792287280162175
datasets\data\test\Eczema\train_eczema-chronic-4.jpeg,Eczema,2,2,Eczema,0.03738264460116625,0.037227453043063484,0.6537039677302042,0.07019757106900215,0.03737789516647657,0.03551897841195265,0.12859149153033891
datasets\data\test\Eczema\train_eczema-chronic-48.jpeg,Eczema,2,5,Psoriasis,0.03086922379831473,0.029510183880726498,0.41456443071365356,0.0313827550659577,0.02837761988242467,0.4174111932516098,0.047884574780861534
datasets\data\test\Eczema\train_eczema-fingertips-1.jpeg,Eczema,2,2,Eczema,0.045580717424551644,0.04587377607822418,0.4986618757247925,0.15487397462129593,0.04399706174929937,0.1795338417092959,0.031478761384884514
datasets\data\test\Eczema\train_eczema-fingertips-125.jpeg,Eczema,2,2,Eczema,0.037570812428991,0.04157130916913351,0.692177931467692,0.05205440645416578,0.04434370001157125,0.09441561624407768,0.03786618076264858
datasets\data\test\Eczema\train_eczema-fingertips-126.jpeg,Eczema,2,2,Eczema,0.060539656629165016,0.04239178573091825,0.4706679433584213,0.24517274647951126,0.049045998603105545,0.09333766624331474,0.03884424641728401
datasets\data\test\Eczema\train_eczema-fingertips-130.jpeg,Eczema,2,2,Eczema,0.0371395330876112,0.04812942321101824,0.6010101238886515,0.038218759621183075,0.04741426184773445,0.177568385998408,0.05051953842242559
datasets\data\test\Eczema\train_eczema-fingertips-143.jpeg,Eczema,2,2,Eczema,0.03155003643284241,0.03818377790351709,0.47130278249581653,0.0373732273777326,0.04228720131019751,0.3364958216746648,0.042807153736551605
datasets\data\test\Eczema\train_eczema-fingertips-26.jpeg,Eczema,2,2,Eczema,0.0426777166624864,0.04380997891227404,0.683728814125061,0.03269184504946073,0.043021924793720245,0.11102645347515742,0.04304320365190506
datasets\data\test\Eczema\train_eczema-fingertips-27.jpeg,Eczema,2,2,Eczema,0.04031992517411709,0.04478358974059423,0.6334742108980814,0.03113913970688979,0.04312422995766004,0.16379193713267645,0.043366968631744385
datasets\data\test\Eczema\train_eczema-fingertips-36.jpg,Eczema,2,2,Eczema,0.05220490321516991,0.04830592622359594,0.7039287487665812,0.06156523649891218,0.051583280165990196,0.035164702062805496,0.047247227281332016
datasets\data\test\Eczema\train_eczema-fingertips-43.jpeg,Eczema,2,2,Eczema,0.04418214286367098,0.05541883657375971,0.5076081852118174,0.09311319515109062,0.05818565314014753,0.2012228990594546,0.04026908986270428
datasets\data\test\Eczema\train_eczema-fingertips-44.jpeg,Eczema,2,2,Eczema,0.052628246446450554,0.05624762549996376,0.5268155038356781,0.05061802268028259,0.06115058623254299,0.21548466881116232,0.03705535611758629
datasets\data\test\Eczema\train_eczema-fingertips-6.jpeg,Eczema,2,2,Eczema,0.03357039112597704,0.03610544092953205,0.7156271537144979,0.06155697504679362,0.037315756703416504,0.08672841265797615,0.029095840640366077
datasets\data\test\Eczema\train_eczema-fingertips-60.jpeg,Eczema,2,2,Eczema,0.04238484799861908,0.0427198459704717,0.7275394002596537,0.0496391790608565,0.050681814551353455,0.03545053489506245,0.0515843965113163
datasets\data\test\Eczema\train_eczema-fingertips-74.jpeg,Eczema,2,2,Eczema,0.04971680790185928,0.05586357166369756,0.6755417188008627,0.05040739104151726,0.06229272733132044,0.059951109190781914,0.04622669145464897
datasets\data\test\Eczema\train_eczema-fingertips-76.jpeg,Eczema,2,2,Eczema,0.03872777335345745,0.04387133258084456,0.5795445541540781,0.04677731543779373,0.04696413377920786,0.1989753246307373,0.045139638086160026
datasets\data\test\Eczema\train_eczema-fingertips-88.jpeg,Eczema,2,2,Eczema,0.042322964717944465,0.044122874115904175,0.7099520564079285,0.058577749878168106,0.04848905528585116,0.06297696381807327,0.033558359990517296
datasets\data\test\Eczema\train_eczema-fingertips-98.jpg,Eczema,2,2,Eczema,0.051357368628184,0.04029094552000364,0.6282068689664205,0.13272507240374884,0.041655220091342926,0.07185705502827962,0.03390746625761191
datasets\data\test\Eczema\train_eczema-foot-102.jpeg,Eczema,2,2,Eczema,0.03324022702872753,0.04243051198621591,0.5593825081984202,0.038365598767995834,0.04567157725493113,0.041893174250920616,0.23901639878749847
datasets\data\test\Eczema\train_eczema-foot-16.jpeg,Eczema,2,2,Eczema,0.04183728558321794,0.03577805124223232,0.5997152825196584,0.03267232390741507,0.03655619857211908,0.17323612359662852,0.08020471160610516
datasets\data\test\Eczema\train_eczema-foot-20.jpeg,Eczema,2,2,Eczema,0.04040096141397953,0.04679576804240545,0.4612944771846135,0.03249207014838854,0.04371527830759684,0.12919888893763223,0.24610253795981407
datasets\data\test\Eczema\train_eczema-foot-22.jpeg,Eczema,2,2,Eczema,0.043802607183655105,0.050245750695466995,0.6960466504096985,0.04111619914571444,0.045244200776020684,0.047952489306529365,0.07559213290611903
datasets\data\test\Eczema\train_eczema-foot-29.jpeg,Eczema,2,2,Eczema,0.03259295659760634,0.04011413144568602,0.6260222395261129,0.04184395323197047,0.039270516484975815,0.165620855987072,0.05453535045186678
datasets\data\test\Eczema\train_eczema-foot-31.jpeg,Eczema,2,2,Eczema,0.04050710238516331,0.06824458763003349,0.4073071877161662,0.05929381027817726,0.05320717766880989,0.1916417529185613,0.17979842672745386
datasets\data\test\Eczema\train_eczema-foot-33.jpeg,Eczema,2,2,Eczema,0.04473739117383957,0.05880486158033212,0.37720834215482074,0.03395848783353964,0.052085610727469124,0.3174989273150762,0.115706376110514
datasets\data\test\Eczema\train_eczema-foot-52.jpeg,Eczema,2,2,Eczema,0.03666272386908531,0.03523538261651993,0.6305815080801646,0.03207323824365934,0.040003148217995964,0.17784623925884566,0.047597785790761314
datasets\data\test\Eczema\train_eczema-foot-74.jpeg,Eczema,2,2,Eczema,0.03727211492757002,0.04718694711724917,0.6122290889422098,0.04105681553483009,0.045412843426068626,0.06408041715621948,0.15276176606615385
datasets\data\test\Eczema\train_eczema-foot-81.jpeg,Eczema,2,2,Eczema,0.035755016220112644,0.04006359695146481,0.7197424570719401,0.03601897445817789,0.04159232849876086,0.07904131338000298,0.04778629417220751
datasets\data\test\Eczema\train_eczema-foot-96.jpeg,Eczema,2,2,Eczema,0.04288247351845106,0.0354544830818971,0.4342961957057317,0.03087592435379823,0.036313315853476524,0.27603595207134884,0.1441416572779417
datasets\data\test\Eczema\train_eczema-hand-108.jpeg,Eczema,2,2,Eczema,0.03754388478895029,0.03806739424665769,0.5865325629711151,0.029288517621656258,0.04149659847219785,0.2320025898516178,0.035068392753601074
datasets\data\test\Eczema\train_eczema-hand-119.jpeg,Eczema,2,6,Tinea,0.04649215998748938,0.05225377157330513,0.3056526134411494,0.04149371261397997,0.04753559579451879,0.1459535559018453,0.36061859130859375
datasets\data\test\Eczema\train_eczema-hand-130.jpeg,Eczema,2,2,Eczema,0.04413206813236078,0.04476484780510267,0.6510298649470011,0.029952750230828922,0.044183539847532906,0.11225330084562302,0.07368363688389461
datasets\data\test\Eczema\train_eczema-hand-132.jpeg,Eczema,2,2,Eczema,0.046399968365828194,0.04768026682237784,0.6834442615509033,0.034538961946964264,0.050178555150826774,0.055631622672080994,0.08212636411190033
datasets\data\test\Eczema\train_eczema-hand-138.jpeg,Eczema,2,2,Eczema,0.06944251929720242,0.05024592516322931,0.6745276053746542,0.04350735805928707,0.05638537431756655,0.07021858915686607,0.035672668988506
datasets\data\test\Eczema\train_eczema-hand-143.jpeg,Eczema,2,2,Eczema,0.04116058691094319,0.03620013532539209,0.6892434358596802,0.03623418385783831,0.04151585263510545,0.11358762408296268,0.04205816239118576
datasets\data\test\Eczema\train_eczema-hand-144.jpeg,Eczema,2,2,Eczema,0.03331640145430962,0.03856108275552591,0.6446016232172648,0.0310899019241333,0.040606423591574035,0.1469363085925579,0.06488828361034393
datasets\data\test\Eczema\train_eczema-hand-151.jpeg,Eczema,2,2,Eczema,0.05000493551294009,0.05232958743969599,0.5929550925890604,0.05002080649137497,0.05142300700147947,0.15065352618694305,0.0526130385696888
datasets\data\test\Eczema\train_eczema-hand-166.jpg,Eczema,2,2,Eczema,0.03677675314247608,0.042598530650138855,0.7144856452941895,0.03588589156667391,0.04879496370752653,0.056599789609511696,0.064858411749204
datasets\data\test\Eczema\train_eczema-hand-175.jpeg,Eczema,2,2,Eczema,0.05262814648449421,0.048108685140808426,0.630992571512858,0.043871148799856506,0.05830109243591627,0.04569375390807787,0.12040462344884872
datasets\data\test\Eczema\train_eczema-hand-185.jpeg,Eczema,2,2,Eczema,0.05415682618816694,0.04435651873548826,0.7069223125775655,0.03973871096968651,0.05009484694649776,0.06698674336075783,0.03774411355455717
datasets\data\test\Eczema\train_eczema-hand-190.jpeg,Eczema,2,2,Eczema,0.043789965100586414,0.041561681777238846,0.732371985912323,0.03905687419076761,0.04484146895507971,0.05877202500899633,0.03960597701370716
datasets\data\test\Eczema\train_eczema-hand-191.jpeg,Eczema,2,2,Eczema,0.041216541081666946,0.04231653921306133,0.7172661225001017,0.038821945587793984,0.04704998806118965,0.06864814336101215,0.04468066804111004
datasets\data\test\Eczema\train_eczema-hand-90.jpeg,Eczema,2,2,Eczema,0.03481618190805117,0.037302316476901375,0.5706620514392853,0.027769824489951134,0.03942018374800682,0.2193091263373693,0.07072032118837039
datasets\data\test\Eczema\train_eczema-hand-91.jpeg,Eczema,2,2,Eczema,0.030222297025223572,0.035107001662254333,0.6561344762643179,0.028453240171074867,0.047481595228115715,0.14327432215213776,0.05932707960406939
datasets\data\test\Eczema\train_eczema-impetiginized-1.jpeg,Eczema,2,6,Tinea,0.0342660757402579,0.038524958615501724,0.355437512199084,0.03299538046121597,0.049948217968146004,0.06638599808017413,0.422441894809405
datasets\data\test\Eczema\train_eczema-impetiginized-10.jpeg,Eczema,2,2,Eczema,0.055414956683913864,0.02887115969012181,0.5013709366321564,0.030476216226816177,0.03688801390429338,0.2656992624203364,0.0812794640660286
datasets\data\test\Eczema\train_eczema-leg-14.jpeg,Eczema,2,2,Eczema,0.042421985417604446,0.045477900033195816,0.6951879064242045,0.047078341245651245,0.04427756182849407,0.0360587357232968,0.0894975836078326
datasets\data\test\Eczema\train_eczema-leg-20.jpeg,Eczema,2,2,Eczema,0.039206565668185554,0.04296162165701389,0.740813414255778,0.04553570101658503,0.04416965072353681,0.042411280795931816,0.04490173483888308
datasets\data\test\Eczema\train_eczema-nummular-105.jpeg,Eczema,2,2,Eczema,0.03753851726651192,0.036777746553222336,0.5969567795594534,0.03704660634199778,0.03741437693436941,0.21584908167521158,0.03841691340009371
datasets\data\test\Eczema\train_eczema-nummular-115.jpeg,Eczema,2,2,Eczema,0.09715045026193063,0.031058591480056446,0.6170023878415426,0.035512883216142654,0.04668878515561422,0.10869301358858745,0.06389385089278221
datasets\data\test\Eczema\train_eczema-nummular-144.jpeg,Eczema,2,5,Psoriasis,0.03457403928041458,0.04462209716439247,0.22685512403647104,0.05372847616672516,0.047905233999093376,0.4727367063363393,0.11957834288477898
datasets\data\test\Eczema\train_eczema-nummular-156.jpg,Eczema,2,2,Eczema,0.03676789812743664,0.0433892955382665,0.5006935000419617,0.068802526841561,0.05385295550028483,0.2282834847768148,0.06821034972866376
datasets\data\test\Eczema\train_eczema-nummular-165.jpeg,Eczema,2,2,Eczema,0.05514544745286306,0.044097871209184326,0.5378916064898173,0.0695089263220628,0.051019457479317985,0.1441320776939392,0.09820462018251419
datasets\data\test\Eczema\train_eczema-nummular-173.jpeg,Eczema,2,2,Eczema,0.03670554390798012,0.03563791140913963,0.6278438766797384,0.04591416008770466,0.038015998899936676,0.13294492661952972,0.08293758581082027
datasets\data\test\Eczema\train_eczema-nummular-180.jpeg,Eczema,2,2,Eczema,0.052745070308446884,0.06392686689893405,0.6167890826861063,0.04756015663345655,0.05095116297403971,0.061707645654678345,0.10631999994317691
datasets\data\test\Eczema\train_eczema-nummular-80.jpeg,Eczema,2,2,Eczema,0.05375428559879462,0.048550909385085106,0.6821460326512655,0.04711561712125937,0.046000893538196884,0.054928732415040336,0.06750352059801419
datasets\data\test\Eczema\train_eczema-nummular-82.jpeg,Eczema,2,5,Psoriasis,0.055189055701096855,0.03906159227093061,0.24543512364228567,0.031226763501763344,0.035055119233826794,0.5575595100720724,0.03647282471259435
datasets\data\test\Eczema\train_eczema-scrotum-4.jpeg,Eczema,2,2,Eczema,0.09020567933718364,0.03745118218163649,0.4325365424156189,0.12923664972186089,0.04058056324720383,0.23931890726089478,0.03067048949499925
datasets\data\test\Eczema\train_eczema-subacute-105.jpeg,Eczema,2,2,Eczema,0.07031388704975446,0.04937983676791191,0.6869048277537028,0.04716642821828524,0.0518792470296224,0.043271152302622795,0.051084612806638084
datasets\data\test\Eczema\train_eczema-subacute-19.jpeg,Eczema,2,2,Eczema,0.07356334229310353,0.0444660522043705,0.6868098576863607,0.03269726255287727,0.0399816936502854,0.0753032552699248,0.04717852920293808
datasets\data\test\Eczema\train_eczema-subacute-77.jpeg,Eczema,2,2,Eczema,0.037193384331961475,0.044705300902326904,0.6227543751398722,0.05251699437697729,0.04568602268894514,0.12301610658566157,0.07412781318028767
datasets\data\test\Eczema\train_eczema-subacute-9.jpeg,Eczema,2,2,Eczema,0.04761008111139139,0.03316917270421982,0.7267369627952576,0.03815015032887459,0.035201482474803925,0.06199971710642179,0.05713246390223503
datasets\data\test\Eczema\train_eczema-trunk-generalized-19.jpeg,Eczema,2,2,Eczema,0.051548197865486145,0.040594443678855896,0.6133779486020406,0.036115942833324276,0.0396409078190724,0.17728434751431146,0.04143822814027468
datasets\data\test\Eczema\train_eczema-trunk-generalized-2.jpeg,Eczema,2,2,Eczema,0.06134224310517311,0.04064463513592879,0.7473421096801758,0.037253829961021744,0.037141049901644387,0.04230534906188647,0.0339707595606645
datasets\data\test\Eczema\train_eczema-vulva-5.jpeg,Eczema,2,5,Psoriasis,0.07708488032221794,0.05650750733911991,0.22860309729973474,0.05065378608802954,0.04523540226121744,0.4229385554790497,0.11897676438093185
datasets\data\test\Eczema\train_eczema-vulva-6.jpg,Eczema,2,5,Psoriasis,0.05748531098167101,0.06373508647084236,0.13464786981542906,0.04939250896374384,0.04497166412572066,0.47242270906766254,0.17734486237168312
datasets\data\test\Eczema\train_eczema-vulva-7.jpeg,Eczema,2,2,Eczema,0.036492624009648957,0.030553601682186127,0.5390567978223165,0.03254644200205803,0.03227156959474087,0.16556716586152712,0.1635118325551351
datasets\data\test\Eczema\train_emersion-foot-4.jpg,Eczema,2,5,Psoriasis,0.03549411396185557,0.03262813575565815,0.1483125165104866,0.04389817329744498,0.040152428671717644,0.4132439245780309,0.28627071032921475
datasets\data\test\Eczema\train_fiberglass-dermatitis-1.jpg,Eczema,2,6,Tinea,0.049163774897654854,0.04843016962210337,0.06405068933963776,0.07740999509890874,0.044775464882453285,0.08380429074168205,0.6323656241099039
datasets\data\test\Eczema\train_fissure-11.jpg,Eczema,2,2,Eczema,0.069963655124108,0.04662695030371348,0.6645538608233134,0.07224482918779056,0.04367540404200554,0.057458375891049705,0.04547696436444918
datasets\data\test\Eczema\train_keratolysis-exfoliativa-10.jpg,Eczema,2,2,Eczema,0.042863634725411735,0.041837324077884354,0.7016431093215942,0.04556914046406746,0.05023906504114469,0.06224606310327848,0.0556016614039739
datasets\data\test\Eczema\train_keratolysis-exfoliativa-17.jpg,Eczema,2,2,Eczema,0.043440116569399834,0.047797013695041336,0.6799594759941101,0.04123941560586294,0.04750147213538488,0.06082433710495631,0.07923818752169609
datasets\data\test\Eczema\train_keratolysis-exfoliativa-20.jpg,Eczema,2,2,Eczema,0.042492171128590904,0.052973583340644836,0.6808493733406067,0.04265343894561132,0.05143613492449125,0.06718316301703453,0.062412148962418236
datasets\data\test\Eczema\train_keratolysis-exfoliativa-21.jpg,Eczema,2,2,Eczema,0.0453416525075833,0.053993137553334236,0.6394321322441101,0.04102523376544317,0.04635318989555041,0.04815207980573177,0.12570258354147276
datasets\data\test\Eczema\train_keratolysis-exfoliativa-24.jpg,Eczema,2,2,Eczema,0.06982510040203731,0.048444985101620354,0.377759945889314,0.04102731371919314,0.05212768539786339,0.160396841665109,0.25041811416546506
datasets\data\test\Eczema\train_keratolysis-exfoliativa-25.jpg,Eczema,2,2,Eczema,0.04314944396416346,0.04400940022120873,0.6473614176114401,0.03273359934488932,0.04293929102520148,0.03510721338291963,0.15469965711236
datasets\data\test\Eczema\train_keratolysis-exfoliativa-30.jpg,Eczema,2,2,Eczema,0.057968770464261375,0.04617077981432279,0.6190815965334574,0.03331881947815418,0.04763277247548103,0.13723182181517282,0.05859542265534401
datasets\data\test\Eczema\train_keratolysis-exfoliativa-32.jpg,Eczema,2,2,Eczema,0.04565229763587316,0.050032819310824074,0.5417236685752869,0.03736384958028793,0.043967586010694504,0.24435324718554816,0.036906556536753975
datasets\data\test\Eczema\train_keratolysis-exfoliativa-47.jpg,Eczema,2,2,Eczema,0.030498101686437924,0.04035609339674314,0.6248793005943298,0.026336447646220524,0.03503744366268317,0.1906948685646057,0.05219773265222708
datasets\data\test\Eczema\train_lichen-simplex-chronicus-110.jpg,Eczema,2,2,Eczema,0.04747410739461581,0.04562044392029444,0.5668438275655111,0.03963922647138437,0.045535350839296974,0.055875204503536224,0.19901185731093088
datasets\data\test\Eczema\train_lichen-simplex-chronicus-111.jpg,Eczema,2,2,Eczema,0.050947402914365135,0.03858404917021593,0.2973007261753082,0.14220776657263437,0.046588546906908355,0.29567043979962665,0.1287011094391346
datasets\data\test\Eczema\train_lichen-simplex-chronicus-120.jpg,Eczema,2,2,Eczema,0.05023635302980741,0.05076959480841955,0.596066931883494,0.06238457808891932,0.05324491237600645,0.1051698550581932,0.08212776171664397
datasets\data\test\Eczema\train_lichen-simplex-chronicus-131.jpg,Eczema,2,2,Eczema,0.057781122624874115,0.038992179557681084,0.6149428089459738,0.04339109888921181,0.04389565562208494,0.1629064381122589,0.038090674206614494
datasets\data\test\Eczema\train_lichen-simplex-chronicus-133.jpg,Eczema,2,2,Eczema,0.03895217708001534,0.0457955797513326,0.7199049592018127,0.03813386025528113,0.042554362366596855,0.049077991396188736,0.06558110689123471
datasets\data\test\Eczema\train_lichen-simplex-chronicus-181.jpg,Eczema,2,2,Eczema,0.04614680136243502,0.040002121279637017,0.652277410030365,0.04433450102806091,0.04239543961981932,0.1145816296339035,0.06026210015018781
datasets\data\test\Eczema\train_lichen-simplex-chronicus-182.jpg,Eczema,2,2,Eczema,0.0345312487334013,0.03869256501396497,0.44072481493155163,0.049210344130794205,0.04515377804636955,0.33562038342158,0.05606690483788649
datasets\data\test\Eczema\train_lichen-simplex-chronicus-191.jpg,Eczema,2,2,Eczema,0.036516606186827026,0.03842427643636862,0.7389314572016398,0.04475232275823752,0.037792367239793144,0.04455426832040151,0.05902868136763573
datasets\data\test\Eczema\train_lichen-simplex-chronicus-83.jpg,Eczema,2,2,Eczema,0.04308316018432379,0.22536876797676086,0.44279661029577255,0.042128230134646096,0.0519561730325222,0.08447942386070888,0.11018767207860947
datasets\data\test\Eczema\train_maceration-1.jpg,Eczema,2,2,Eczema,0.03636488690972328,0.04282712129255136,0.4152485231558482,0.0459179679552714,0.044882683704296746,0.24592497696479163,0.16883383442958197
datasets\data\test\Eczema\train_milroy-disease-1.jpg,Eczema,2,5,Psoriasis,0.05986491218209267,0.05021615202228228,0.11567017684380214,0.042589946339527764,0.04517847423752149,0.36951729158560437,0.316963071624438
datasets\data\test\Eczema\train_neurotic-excoriations-2.jpg,Eczema,2,2,Eczema,0.09893696506818135,0.03888075798749924,0.6727897127469381,0.03435148298740387,0.04338305195172628,0.04423221076528231,0.06742581290503342
datasets\data\test\Eczema\train_neurotic-excoriations-21.jpg,Eczema,2,2,Eczema,0.04595951860149702,0.04471016054352125,0.4065210223197937,0.04444996391733488,0.041979361325502396,0.35451814780632657,0.061861827969551086
datasets\data\test\Eczema\train_neurotic-excoriations-38.jpg,Eczema,2,2,Eczema,0.17044262836376825,0.03976923661927382,0.5246599415938059,0.06785591319203377,0.04680801803867022,0.08694468686978023,0.06351957718531291
datasets\data\test\Eczema\train_neurotic-excoriations-59.jpg,Eczema,2,2,Eczema,0.053358828028043113,0.04042845467726389,0.7601465185483297,0.03332043997943401,0.036736048137148224,0.04497872541348139,0.031030982732772827
datasets\data\test\Eczema\train_neurotic-excoriations-8.jpg,Eczema,2,2,Eczema,0.036190686747431755,0.041114832585056625,0.5465068320433298,0.042141602685054146,0.039325395599007607,0.24568215509255728,0.04903850828607877
datasets\data\test\Eczema\train_notalgia-paraesthetica-2.jpg,Eczema,2,2,Eczema,0.05509710870683193,0.03429652067522208,0.5690567394097646,0.03288571039835612,0.034549605722228684,0.17147173235813776,0.10264255478978157
datasets\data\test\Eczema\train_phlebitis-superficial-5.jpg,Eczema,2,2,Eczema,0.04498561037083467,0.04953475296497345,0.5878758827845255,0.0671894686917464,0.04814678678909937,0.11714265868067741,0.0851248415807883
datasets\data\test\Eczema\train_prurigo-nodularis-27.jpg,Eczema,2,5,Psoriasis,0.037928602658212185,0.04034283757209778,0.2064512645204862,0.048643684014678,0.04180798058708509,0.3435159921646118,0.28130965679883957
datasets\data\test\Eczema\train_prurigo-nodularis-28.jpg,Eczema,2,2,Eczema,0.0410836556305488,0.04450578925510248,0.555992434422175,0.04507225379347801,0.04464962954322497,0.10287107775608699,0.16582515897850195
datasets\data\test\Eczema\train_prurigo-nodularis-29.jpg,Eczema,2,2,Eczema,0.05366969356934229,0.040497378135720886,0.42373748620351154,0.05864408488074938,0.04639509320259094,0.17748883366584778,0.1995674123366674
datasets\data\test\Eczema\train_prurigo-nodularis-3.jpg,Eczema,2,0,Acne,0.4305633008480072,0.05349586779872576,0.31382910907268524,0.05233046288291613,0.06162811815738678,0.04056225592891375,0.04759086047609647
datasets\data\test\Eczema\train_prurigo-nodularis-31.jpg,Eczema,2,2,Eczema,0.03670657922824224,0.04664936723808447,0.6804856657981873,0.05674251293142637,0.04770397519071897,0.04188269376754761,0.08982918411493301
datasets\data\test\Eczema\train_stasis-dermatitis-10.jpg,Eczema,2,2,Eczema,0.03304965669910113,0.03532940956453482,0.7365900675455729,0.025405604702730972,0.03580471562842528,0.0810223954419295,0.05279816687107086
datasets\data\test\Eczema\train_stasis-dermatitis-114.jpg,Eczema,2,2,Eczema,0.036810943856835365,0.04725790830949942,0.7434829274813334,0.03006795731683572,0.03857188175121943,0.03714796590308348,0.06666045139233272
datasets\data\test\Eczema\train_stasis-dermatitis-131.jpg,Eczema,2,2,Eczema,0.04805045326550802,0.04173932348688444,0.7234972914059957,0.04402434453368187,0.044575108836094536,0.0541440856953462,0.04396939401825269
datasets\data\test\Eczema\train_stasis-dermatitis-139.jpg,Eczema,2,2,Eczema,0.0709226056933403,0.039082614704966545,0.6510584453741709,0.08416394392649333,0.043959478537241616,0.04825016297399998,0.06256274196008842
datasets\data\test\Eczema\train_stasis-dermatitis-14.jpg,Eczema,2,2,Eczema,0.038112471190591656,0.04308308723072211,0.7453096111615499,0.04691288620233536,0.04261755757033825,0.041405497739712395,0.04255890970428785
datasets\data\test\Eczema\train_stasis-dermatitis-167.jpg,Eczema,2,2,Eczema,0.03920798655599356,0.04225550157328447,0.6935958862304688,0.0563213936984539,0.03998996006945769,0.039938539266586304,0.08869077761967976
datasets\data\test\Eczema\train_stasis-dermatitis-20.jpg,Eczema,2,2,Eczema,0.033136786272128425,0.04116264171898365,0.7325917283693949,0.03066009810815255,0.03881698784728845,0.08172544464468956,0.04190633197625478
datasets\data\test\Eczema\train_stasis-dermatitis-83.jpg,Eczema,2,2,Eczema,0.04669965306917826,0.051066345224777855,0.6928962667783102,0.04745443786183993,0.05430897821982702,0.06733645995457967,0.040237837781508766
datasets\data\test\Eczema\train_stasis-dermatitis-86.jpg,Eczema,2,2,Eczema,0.04436863027513027,0.04377780295908451,0.7327942649523417,0.040096500888466835,0.04688181014110645,0.05337274819612503,0.03870823575804631
datasets\data\test\Eczema\valid_05atopic0123068.jpeg,Eczema,2,2,Eczema,0.041042838245630264,0.042823122814297676,0.6922387480735779,0.07270097980896632,0.04172892806430658,0.05755078295866648,0.05191459755102793
datasets\data\test\Eczema\valid_05Atopic0329041.jpeg,Eczema,2,2,Eczema,0.054535280292232834,0.03287238689760367,0.7402845223744711,0.028130502129594486,0.031240023362139862,0.08119958142439525,0.03173773984114329
datasets\data\test\Eczema\valid_05atopic0411054.jpeg,Eczema,2,2,Eczema,0.04490592827399572,0.04125164945920309,0.6583558122316996,0.054124198853969574,0.04562791809439659,0.07667044550180435,0.07906402026613553
datasets\data\test\Eczema\valid_05atopic0411056.jpeg,Eczema,2,2,Eczema,0.06524640570084254,0.039549728855490685,0.7426777084668478,0.036030806601047516,0.03592816429833571,0.03353450261056423,0.04703265801072121
datasets\data\test\Eczema\valid_05Atopic0712048.jpeg,Eczema,2,2,Eczema,0.03884387450913588,0.052734333400925,0.6957466006278992,0.05512452560166518,0.05066154897212982,0.05915387844045957,0.04773524031043053
datasets\data\test\Eczema\valid_05Atopic10065.jpeg,Eczema,2,2,Eczema,0.05691749230027199,0.050009687741597496,0.5257207651933035,0.208745206395785,0.05190618087848028,0.05710247655709585,0.04959821328520775
datasets\data\test\Eczema\valid_05Atopic10067.jpeg,Eczema,2,2,Eczema,0.044233777249852814,0.04399104788899422,0.7405503392219543,0.03480055338392655,0.04720718848208586,0.054618549843629204,0.03459852902839581
datasets\data\test\Eczema\valid_05atopic1107057.jpeg,Eczema,2,2,Eczema,0.03620166393617789,0.044005767752726875,0.6826271613438925,0.0491314431031545,0.045482066770394645,0.07330774515867233,0.06924417987465858
datasets\data\test\Eczema\valid_05Atopic1206043.jpeg,Eczema,2,2,Eczema,0.04867083517213663,0.04774000061055025,0.7207768162091573,0.050640335927406945,0.04753612354397774,0.04137275740504265,0.043263167763749756
datasets\data\test\Eczema\valid_05Atopic2.jpeg,Eczema,2,2,Eczema,0.04299774579703808,0.04280731144050757,0.7257505853970846,0.048347506672143936,0.04471720941364765,0.05477994432051977,0.04059971682727337
datasets\data\test\Eczema\valid_05AtopicDerm0112042.jpeg,Eczema,2,2,Eczema,0.04636556965609392,0.04539962857961655,0.6386395692825317,0.05415817846854528,0.04554345831274986,0.0910931167503198,0.0788004497687022
datasets\data\test\Eczema\valid_05AtopicFace0105042ok.jpeg,Eczema,2,2,Eczema,0.05396487129231294,0.03264044504612684,0.7801446517308553,0.03058220709984501,0.03212822166581949,0.03282122376064459,0.037718404084444046
datasets\data\test\Eczema\valid_05atopicFace100305.jpeg,Eczema,2,2,Eczema,0.16965483129024506,0.04326918845375379,0.5271324614683787,0.053780371944109596,0.045882844676574074,0.09992724532882373,0.06035307049751282
datasets\data\test\Eczema\valid_05atopicFeet0801052.jpeg,Eczema,2,2,Eczema,0.040247365832328796,0.040944394345084824,0.7111201484998068,0.047932256013154984,0.04554813293119272,0.04971716242531935,0.06449058279395103
datasets\data\test\Eczema\valid_05atopicFoot050806.jpeg,Eczema,2,2,Eczema,0.04049742532273134,0.04614688331882159,0.572456936041514,0.04489624500274658,0.04891285176078478,0.06854844838380814,0.1785412256916364
datasets\data\test\Eczema\valid_05atopicKnee0801051.jpeg,Eczema,2,2,Eczema,0.08652428910136223,0.0461601677040259,0.596949984629949,0.06401096656918526,0.04646788847943147,0.08074012274543445,0.07914660250147183
datasets\data\test\Eczema\valid_05AtopicMouth54.jpeg,Eczema,2,2,Eczema,0.14458827674388885,0.053467524548371635,0.3847542603810628,0.05390965441862742,0.04207976907491684,0.042882405842343964,0.27831809719403583
datasets\data\test\NailFungus\test_acute-paronychia-25.jpg,NailFungus,3,3,NailFungus,0.04684143140912056,0.04622807105382284,0.05290172497431437,0.6266702016194662,0.05075103541215261,0.11487986892461777,0.06172769020001093
datasets\data\test\NailFungus\test_alopecia-areata-67.jpg,NailFungus,3,3,NailFungus,0.03508188637594382,0.0562494732439518,0.07279499620199203,0.5099018216133118,0.05222091202934583,0.05670106659332911,0.21704985946416855
datasets\data\test\NailFungus\test_alopecia-areata-81.jpg,NailFungus,3,3,NailFungus,0.16696126634875932,0.04124583303928375,0.036871147652467094,0.5304834445317587,0.04575081790486971,0.08857077981034915,0.09011668339371681
datasets\data\test\NailFungus\test_beaus-lines-17.jpg,NailFungus,3,3,NailFungus,0.05920695513486862,0.05361199503143629,0.04299582168459892,0.6825403173764547,0.05538863937060038,0.05664340158303579,0.04961287726958593
datasets\data\test\NailFungus\test_beaus-lines-28.jpg,NailFungus,3,3,NailFungus,0.053338292986154556,0.04367479309439659,0.05826971928278605,0.6872226993242899,0.04669662316640218,0.06426970660686493,0.046528189132610955
datasets\data\test\NailFungus\test_BedRidges-1.jpg,NailFungus,3,3,NailFungus,0.04433141524593035,0.04987157757083575,0.06364220504959424,0.6933756669362386,0.049784447997808456,0.05493022377292315,0.04406446715195974
datasets\data\test\NailFungus\test_chronic-paronychia-34.jpg,NailFungus,3,3,NailFungus,0.05447935809691747,0.05685615912079811,0.04710187017917633,0.6619040369987488,0.05421358719468117,0.06968558207154274,0.05575936163465182
datasets\data\test\NailFungus\test_chronic-paronychia-35.jpg,NailFungus,3,3,NailFungus,0.052451866368452706,0.05634907757242521,0.07101840774218242,0.6614505251248678,0.05593417833248774,0.05270922059814135,0.05008673667907715
datasets\data\test\NailFungus\test_chronic-paronychia-43.jpg,NailFungus,3,3,NailFungus,0.05329909548163414,0.04962008570631345,0.049888944874207176,0.6645740667978922,0.051775998125473656,0.07095756009221077,0.05988424022992452
datasets\data\test\NailFungus\test_chronic-paronychia-48.jpg,NailFungus,3,3,NailFungus,0.05225702623526255,0.05270777146021525,0.059126775711774826,0.680766224861145,0.05380138630668322,0.04867131635546684,0.05266951769590378
datasets\data\test\NailFungus\test_distal-subungual-onychomycosis-114.jpg,NailFungus,3,3,NailFungus,0.060189055899779,0.057562763492266335,0.0550214983522892,0.676137387752533,0.05159361784656843,0.05153341963887215,0.04796226446827253
datasets\data\test\NailFungus\test_distal-subungual-onychomycosis-14.jpg,NailFungus,3,3,NailFungus,0.05326374992728233,0.053170934319496155,0.04228378708163897,0.6768123507499695,0.05180814738074938,0.07530056064327557,0.04736048976580302
datasets\data\test\NailFungus\test_distal-subungual-onychomycosis-40.jpg,NailFungus,3,3,NailFungus,0.05237147584557533,0.05280714233716329,0.04613595207532247,0.6878417332967123,0.053186566879351936,0.06528264532486598,0.04237449790040652
datasets\data\test\NailFungus\test_eczema-nail-5.jpg,NailFungus,3,3,NailFungus,0.04464008038242658,0.04539063572883606,0.09024014199773471,0.681133766969045,0.04588532323638598,0.0475979708135128,0.04511211005349954
datasets\data\test\NailFungus\test_koilonychia-12.jpg,NailFungus,3,3,NailFungus,0.058338956286509834,0.05610930795470873,0.06126498927672704,0.6752131183942159,0.05295070757468542,0.048956008007129036,0.04716689450045427
datasets\data\test\NailFungus\test_mucous-cyst-22.jpg,NailFungus,3,3,NailFungus,0.051378330836693444,0.053704943507909775,0.11399809395273526,0.6411326924959818,0.05622682347893715,0.0384135227650404,0.04514556129773458
datasets\data\test\NailFungus\test_mucous-cyst-39.jpg,NailFungus,3,3,NailFungus,0.05198899656534195,0.051851168274879456,0.059948728730281196,0.6768242915471395,0.050770713637272515,0.05622449517250061,0.052391573786735535
datasets\data\test\NailFungus\test_nail-melanoma-4.jpg,NailFungus,3,3,NailFungus,0.04805148020386696,0.043251978854338326,0.04240160807967186,0.5964860618114471,0.047944460064172745,0.07434418549140294,0.14752021928628287
datasets\data\test\NailFungus\test_onychogryphosis-7.jpg,NailFungus,3,3,NailFungus,0.05655868475635847,0.05823532367746035,0.05463100224733353,0.6744194626808167,0.05393825595577558,0.05439090480407079,0.0478263720870018
datasets\data\test\NailFungus\test_onycholysis-48.jpg,NailFungus,3,3,NailFungus,0.058945550272862114,0.0522724874317646,0.049042221158742905,0.6701616644859314,0.071334607899189,0.04734685147802035,0.050896664460500084
datasets\data\test\NailFungus\test_periungual-warts-9.jpg,NailFungus,3,3,NailFungus,0.04806947708129883,0.051070122669140496,0.2285775070389112,0.4707065125306447,0.057889703661203384,0.0898726334174474,0.05381406843662262
datasets\data\test\NailFungus\test_pincer-nails-3.jpg,NailFungus,3,3,NailFungus,0.05085353801647822,0.04913137356440226,0.05809915686647097,0.7013675967852274,0.050818998366594315,0.04453100015719732,0.045198297748963036
datasets\data\test\NailFungus\test_pseudomonas-22.jpg,NailFungus,3,3,NailFungus,0.05487922579050064,0.058565529684225716,0.04563430448373159,0.659013013044993,0.05657645935813586,0.07212419807910919,0.053207257141669594
datasets\data\test\NailFungus\test_psoriasis-166.jpg,NailFungus,3,3,NailFungus,0.04529587676127752,0.05226989338795344,0.04195434848467509,0.6626972357432047,0.04605117936929067,0.0951157013575236,0.05661578103899956
datasets\data\test\NailFungus\test_psoriasis-32.jpg,NailFungus,3,3,NailFungus,0.04996064553658167,0.056262847036123276,0.05090047915776571,0.6137870748837789,0.049987477560838066,0.13597847521305084,0.043123021721839905
datasets\data\test\NailFungus\test_ridging-beading-25.jpg,NailFungus,3,3,NailFungus,0.05557964618007342,0.05354419723153114,0.05819016322493553,0.6619521776835123,0.0528546633819739,0.06315955643852551,0.05471957474946976
datasets\data\test\NailFungus\test_yellow-nails-14.jpg,NailFungus,3,3,NailFungus,0.05358915155132612,0.05467120433847109,0.04769745965798696,0.6906022429466248,0.05206060285369555,0.05389811905721823,0.04748124132553736
datasets\data\test\NailFungus\train_alopecia-areata-104.jpg,NailFungus,3,3,NailFungus,0.059108536690473557,0.0484477033217748,0.05906246478358904,0.63953697681427,0.045639630407094955,0.03872647508978844,0.1094782402118047
datasets\data\test\NailFungus\train_alopecia-areata-106.jpg,NailFungus,3,3,NailFungus,0.06143241189420223,0.03221708225707213,0.03343885329862436,0.7213354110717773,0.032739958725869656,0.06303573586046696,0.0558005403727293
datasets\data\test\NailFungus\train_alopecia-areata-29.jpg,NailFungus,3,3,NailFungus,0.09027403096357982,0.03674178756773472,0.04573403919736544,0.7033718427022299,0.0482861635585626,0.0402546152472496,0.03533754342546066
datasets\data\test\NailFungus\train_alopecia-areata-36.jpg,NailFungus,3,3,NailFungus,0.029310022791226704,0.04253425821661949,0.27495688448349637,0.40531180799007416,0.05039599041144053,0.1280043162405491,0.06948669130603473
datasets\data\test\NailFungus\train_alopecia-areata-45.jpg,NailFungus,3,3,NailFungus,0.04532739892601967,0.04896556958556175,0.05543930331865946,0.5947494506835938,0.05739792436361313,0.13066919272144636,0.06745116164286931
datasets\data\test\NailFungus\train_alopecia-areata-65.jpg,NailFungus,3,6,Tinea,0.0473480261862278,0.04721204315622648,0.04522547125816345,0.2535502115885417,0.07750817015767097,0.23569094886382422,0.29346513375639915
datasets\data\test\NailFungus\train_alopecia-areata-71.jpg,NailFungus,3,6,Tinea,0.037029121071100235,0.04620410750309626,0.04944473008314768,0.08323854580521584,0.053109114368756614,0.18459992607434592,0.5463744600613912
datasets\data\test\NailFungus\train_alopecia-areata-73.jpg,NailFungus,3,3,NailFungus,0.046604505429665245,0.04729534996052583,0.06999604279796283,0.50687508781751,0.060200011978546776,0.06985098868608475,0.19917798414826393
datasets\data\test\NailFungus\train_alopecia-areata-98.jpg,NailFungus,3,6,Tinea,0.07090029368797938,0.0845406303803126,0.11211590717236201,0.11273172746102016,0.1788366436958313,0.11558342228333156,0.3252913976709048
datasets\data\test\NailFungus\train_biting-excoriation-20.jpg,NailFungus,3,2,Eczema,0.07783205434679985,0.054832578947146736,0.3722011049588521,0.2290240377187729,0.061455968767404556,0.15595011909802756,0.048704141130050026
datasets\data\test\NailFungus\train_chronic-paronychia-1.jpg,NailFungus,3,3,NailFungus,0.056602505346139274,0.05557833363612493,0.0557751419643561,0.6479863127072653,0.05462776869535446,0.072876272102197,0.056553649405638375
datasets\data\test\NailFungus\train_chronic-paronychia-30.jpg,NailFungus,3,3,NailFungus,0.05373062317570051,0.0477277971804142,0.05337703227996826,0.7049468358357748,0.05131080374121666,0.04531636399527391,0.043590559934576355
datasets\data\test\NailFungus\train_chronic-paronychia-33.jpg,NailFungus,3,3,NailFungus,0.05749023457368215,0.05631952608625094,0.05087842916448911,0.6500500241915385,0.05557660013437271,0.07648248846332233,0.05320271228750547
datasets\data\test\NailFungus\train_chronic-paronychia-4.jpg,NailFungus,3,3,NailFungus,0.05282731230060259,0.04855018357435862,0.04840531821052233,0.6822760303815206,0.048029777904351555,0.08002709845701854,0.039884338776270546
datasets\data\test\NailFungus\train_chronic-paronychia-49.jpg,NailFungus,3,3,NailFungus,0.055579798916975655,0.05642560621102651,0.04707639912764231,0.672267735004425,0.054513659328222275,0.06266976768771808,0.0514670213063558
datasets\data\test\NailFungus\train_chronic-paronychia-50.jpg,NailFungus,3,3,NailFungus,0.04770630349715551,0.04980587586760521,0.05002878357966741,0.7069892287254333,0.05086531614263853,0.05022137860457102,0.044383104890584946
datasets\data\test\NailFungus\train_chronic-paronychia-6.jpg,NailFungus,3,3,NailFungus,0.048110295087099075,0.053370977441469826,0.0512355330089728,0.6777957280476888,0.053321113189061485,0.07441918303569157,0.04174718260765076
datasets\data\test\NailFungus\train_congenital-anomalies-1.jpg,NailFungus,3,3,NailFungus,0.053436060746510826,0.053143745909134545,0.042718805372714996,0.6622642278671265,0.05051533256967863,0.08903564016024272,0.04888620600104332
datasets\data\test\NailFungus\train_congenital-anomalies-7.jpg,NailFungus,3,3,NailFungus,0.04514660189549128,0.04699913660685221,0.04951931846638521,0.7221438884735107,0.04366683587431908,0.05077427874008814,0.04174994428952535
datasets\data\test\NailFungus\train_darier-nails-1.jpg,NailFungus,3,3,NailFungus,0.05697014927864075,0.05817035585641861,0.06382762889067332,0.6335233052571615,0.0552836445470651,0.07425535097718239,0.05796957264343897
datasets\data\test\NailFungus\train_distal-subungual-onychomycosis-121.jpg,NailFungus,3,3,NailFungus,0.0573493055999279,0.05756872768203417,0.05395583063364029,0.6661817828814188,0.0555158406496048,0.05974786480267843,0.049680646508932114
datasets\data\test\NailFungus\train_distal-subungual-onychomycosis-122.jpg,NailFungus,3,3,NailFungus,0.05807118117809296,0.05604041367769241,0.04500926906863848,0.6804706255594889,0.054323105762402214,0.05357418581843376,0.05251128474871317
datasets\data\test\NailFungus\train_distal-subungual-onychomycosis-131.jpg,NailFungus,3,3,NailFungus,0.04508145029346148,0.04813359181086222,0.05012274533510208,0.7015162706375122,0.04930930708845457,0.05954913174112638,0.046287499368190765
datasets\data\test\NailFungus\train_distal-subungual-onychomycosis-146.jpg,NailFungus,3,3,NailFungus,0.054632995277643204,0.046854508419831596,0.04982918749252955,0.6885732809702555,0.05599111318588257,0.05405323579907417,0.050065686305363975
datasets\data\test\NailFungus\train_distal-subungual-onychomycosis-15.jpg,NailFungus,3,3,NailFungus,0.051848556846380234,0.05040347451965014,0.039382368326187134,0.6788098216056824,0.05049601073066393,0.08225282033284505,0.04680691411097845
datasets\data\test\NailFungus\train_distal-subungual-onychomycosis-23.jpg,NailFungus,3,3,NailFungus,0.05280856043100357,0.051786491026480995,0.05732322235902151,0.674966057141622,0.04908504212896029,0.06850080688794453,0.045529854794343315
datasets\data\test\NailFungus\train_distal-subungual-onychomycosis-31.jpg,NailFungus,3,3,NailFungus,0.05203522741794586,0.050035727520783745,0.04643631602327029,0.690268894036611,0.051926703502734504,0.06462351853648822,0.04467360054453214
datasets\data\test\NailFungus\train_distal-subungual-onychomycosis-36.jpg,NailFungus,3,6,Tinea,0.03982355445623398,0.03736368380486965,0.12242436657349269,0.11929029723008473,0.04371216023961703,0.1810374582807223,0.4563484688599904
datasets\data\test\NailFungus\train_distal-subungual-onychomycosis-38.jpg,NailFungus,3,3,NailFungus,0.047023495038350425,0.04810486237208048,0.06308553988734882,0.6770571072896322,0.04316919296979904,0.07968400915463765,0.04187580073873202
datasets\data\test\NailFungus\train_distal-subungual-onychomycosis-41.jpg,NailFungus,3,3,NailFungus,0.05798884108662605,0.05012130240599314,0.04328275347749392,0.6520311633745829,0.051024116575717926,0.09159586578607559,0.0539559635023276
datasets\data\test\NailFungus\train_distal-subungual-onychomycosis-90.jpg,NailFungus,3,3,NailFungus,0.05301835015416145,0.059222513188918434,0.04973507672548294,0.6439948479334513,0.0566801962753137,0.07889044533173244,0.05845856542388598
datasets\data\test\NailFungus\train_distal-subungual-onychomycosis-92.jpg,NailFungus,3,3,NailFungus,0.056213658303022385,0.054856572300195694,0.04401595642169317,0.6650130351384481,0.05486563468972842,0.07143625989556313,0.053598893185456596
datasets\data\test\NailFungus\train_distal-subungual-onychomycosis-93.jpg,NailFungus,3,3,NailFungus,0.057562808195749916,0.05725189050038656,0.040828352173169456,0.6692989865938822,0.05486161385973295,0.06941282997528712,0.05078354229529699
datasets\data\test\NailFungus\train_dry-nails-6.jpg,NailFungus,3,3,NailFungus,0.04679252579808235,0.048394439121087394,0.059611899157365165,0.6930228670438131,0.04655057812730471,0.06756535544991493,0.03806234461565813
datasets\data\test\NailFungus\train_eczema-nail-6.jpg,NailFungus,3,3,NailFungus,0.05189621945222219,0.05280919621388117,0.04682997986674309,0.7004422346750895,0.04911445081233978,0.05296632771690687,0.045941561460494995
datasets\data\test\NailFungus\train_habit-tic-deformity-16.jpg,NailFungus,3,3,NailFungus,0.051340909053881965,0.04276445818444093,0.0683187407751878,0.670731782913208,0.04644207532207171,0.08487461134791374,0.03552741309007009
datasets\data\test\NailFungus\train_habit-tic-deformity-18.jpg,NailFungus,3,3,NailFungus,0.05582686389485995,0.053605234871308007,0.05238542209068934,0.6451465090115865,0.05459571878115336,0.08400862167278926,0.05443163091937701
datasets\data\test\NailFungus\train_habit-tic-deformity-35.jpg,NailFungus,3,3,NailFungus,0.04997880756855011,0.045943363259236016,0.06934746478994687,0.6682942112286886,0.04875049243370692,0.07558435201644897,0.042101290076971054
datasets\data\test\NailFungus\train_habit-tic-deformity-38.jpg,NailFungus,3,3,NailFungus,0.058295030146837234,0.05371242885788282,0.04932634780804316,0.6892128785451254,0.0487351156771183,0.05308987696965536,0.04762830461064974
datasets\data\test\NailFungus\train_habit-tic-deformity-45.jpg,NailFungus,3,3,NailFungus,0.05257213736573855,0.05465008815129598,0.0595644141236941,0.6757241686185201,0.053028655548890434,0.04743879288434982,0.057021783043940864
datasets\data\test\NailFungus\train_koilonychia-13.jpg,NailFungus,3,3,NailFungus,0.053987350314855576,0.056561643878618874,0.05646213640769323,0.69088347752889,0.05365215862790743,0.043926900873581566,0.04452634913225969
datasets\data\test\NailFungus\train_koilonychia-3.jpg,NailFungus,3,3,NailFungus,0.0529989463587602,0.05767913286884626,0.04894691208998362,0.6766032973925272,0.05406969661513964,0.06133409962058067,0.048367870350678764
datasets\data\test\NailFungus\train_lichen-planus-107.jpg,NailFungus,3,5,Psoriasis,0.06678113838036855,0.04808442542950312,0.10267980148394902,0.23665298148989677,0.050369283805290856,0.4254698654015859,0.06996251021822293
datasets\data\test\NailFungus\train_lichen-planus-109.jpg,NailFungus,3,6,Tinea,0.04255410407980283,0.04058309396107992,0.09486152976751328,0.07120798528194427,0.04075702466070652,0.05903081223368645,0.6510054270426432
datasets\data\test\NailFungus\train_lichen-planus-110.jpg,NailFungus,3,3,NailFungus,0.027404530284305412,0.03094234721114238,0.031129283209641773,0.749210258324941,0.031275345012545586,0.10596274087826411,0.024075481419761974
datasets\data\test\NailFungus\train_lichen-planus-115.jpg,NailFungus,3,5,Psoriasis,0.04644548272093137,0.045904225359360375,0.0721648062268893,0.2240881323814392,0.051570056627194084,0.3426426251729329,0.21718465785185495
datasets\data\test\NailFungus\train_lichen-planus-166.jpg,NailFungus,3,2,Eczema,0.050708809246619545,0.03743871860206127,0.33978524307409924,0.31686580926179886,0.04212620730201403,0.1687812606493632,0.04429397856195768
datasets\data\test\NailFungus\train_lichen-planus-184.jpg,NailFungus,3,3,NailFungus,0.029932708169023197,0.033704798047741256,0.03563410478333632,0.7392172813415527,0.03574214813609918,0.08250168524682522,0.043267318358023964
datasets\data\test\NailFungus\train_lichen-planus-188.jpg,NailFungus,3,3,NailFungus,0.03491997346282005,0.04561005781094233,0.07298755956192811,0.581215520699819,0.04046662586430708,0.17426451295614243,0.050535742193460464
datasets\data\test\NailFungus\train_lichen-planus-195.jpg,NailFungus,3,3,NailFungus,0.043332877258459725,0.04027130641043186,0.1867350141207377,0.5639563898245493,0.04284596567352613,0.08440120269854863,0.03845719868938128
datasets\data\test\NailFungus\train_lichen-planus-2.jpg,NailFungus,3,3,NailFungus,0.0541575662791729,0.044651986410220466,0.35587163766225177,0.3794378141562144,0.045351482927799225,0.068122748285532,0.052406751861174904
datasets\data\test\NailFungus\train_lichen-planus-96.jpg,NailFungus,3,5,Psoriasis,0.04720471675197283,0.03897378593683243,0.12667041520277658,0.22383653124173483,0.03831451448301474,0.33367106815179187,0.19132895643512407
datasets\data\test\NailFungus\train_median-nail-dystrophy-19.jpg,NailFungus,3,3,NailFungus,0.05028089756766955,0.055427672962347664,0.045517695446809135,0.6591069499651591,0.05233488976955414,0.0886150561273098,0.048716817051172256
datasets\data\test\NailFungus\train_median-nail-dystrophy-5.jpg,NailFungus,3,3,NailFungus,0.04587266345818838,0.04291875660419464,0.054011659075816475,0.7131686409314474,0.04566552738348643,0.05485045909881592,0.043512256195147835
datasets\data\test\NailFungus\train_mucous-cyst-102.jpg,NailFungus,3,3,NailFungus,0.05080620820323626,0.05011784036954244,0.05148843303322792,0.673403799533844,0.046796576430400215,0.07608045389254887,0.051306684811909996
datasets\data\test\NailFungus\train_mucous-cyst-14.jpg,NailFungus,3,3,NailFungus,0.05554900194207827,0.04417724162340164,0.04482323303818703,0.7016232411066691,0.05098288878798485,0.05952168256044388,0.043322703490654625
datasets\data\test\NailFungus\train_mucous-cyst-19.jpg,NailFungus,3,3,NailFungus,0.06347979977726936,0.047690423826376595,0.06312619770566623,0.6648120482762655,0.05548468232154846,0.051831322411696114,0.053575482219457626
datasets\data\test\NailFungus\train_mucous-cyst-27.jpg,NailFungus,3,6,Tinea,0.05129660293459892,0.05213286727666855,0.13098790869116783,0.2247578278183937,0.07119083901246388,0.09335930397113164,0.37627460310856503
datasets\data\test\NailFungus\train_mucous-cyst-4.jpg,NailFungus,3,3,NailFungus,0.042681811998287834,0.0511972705523173,0.0840466928978761,0.665043572584788,0.05195240800579389,0.0371055838962396,0.06797267496585846
datasets\data\test\NailFungus\train_mucous-cyst-50.jpg,NailFungus,3,3,NailFungus,0.049460956205924354,0.04927371193965276,0.061570377399524055,0.6579612294832865,0.04824269190430641,0.0680598256488641,0.06543119996786118
datasets\data\test\NailFungus\train_mucous-cyst-7.jpg,NailFungus,3,3,NailFungus,0.05149310827255249,0.05349652965863546,0.062121388812859855,0.6662629445393881,0.05139096826314926,0.0652829830845197,0.04995209351181984
datasets\data\test\NailFungus\train_mucous-cyst-72.jpg,NailFungus,3,3,NailFungus,0.06174641971786817,0.05340315649906794,0.03872189670801163,0.6464711626370748,0.061183655013640724,0.0701337531208992,0.068339920292298
datasets\data\test\NailFungus\train_mucous-cyst-80.jpg,NailFungus,3,3,NailFungus,0.051730506122112274,0.051289780686299004,0.05426720902323723,0.6734109322230021,0.05406621222694715,0.06286965310573578,0.05236571157972018
datasets\data\test\NailFungus\train_mucous-cyst-92.jpg,NailFungus,3,3,NailFungus,0.044782073547442756,0.04420550912618637,0.04697269822160403,0.7200779716173807,0.04553823918104172,0.05622772003213564,0.04219577213128408
datasets\data\test\NailFungus\train_mucous-cyst-96.jpg,NailFungus,3,3,NailFungus,0.04897714902957281,0.04879956444104513,0.0483976366619269,0.6648521423339844,0.0477495143810908,0.05895813430349032,0.08226585139830907
datasets\data\test\NailFungus\train_mucous-cyst-98.jpg,NailFungus,3,3,NailFungus,0.05239194383223852,0.05378759279847145,0.16424237688382468,0.5632905761400858,0.0544905960559845,0.05230391025543213,0.05949301396807035
datasets\data\test\NailFungus\train_nail-distal-splitting-11.jpg,NailFungus,3,3,NailFungus,0.05197203904390335,0.05373239517211914,0.0558590367436409,0.6829352378845215,0.04944142450888952,0.057419952005147934,0.048639923334121704
datasets\data\test\NailFungus\train_nail-distal-splitting-13.jpg,NailFungus,3,3,NailFungus,0.05592731883128484,0.05356367180744807,0.04497585445642471,0.6531421144803365,0.05968433991074562,0.08063928907116254,0.05206740895907084
datasets\data\test\NailFungus\train_nail-distal-splitting-19.jpg,NailFungus,3,3,NailFungus,0.048795210818449654,0.0490954282383124,0.04714003950357437,0.6741537849108378,0.050240339090426765,0.08606142302354176,0.04451372350255648
datasets\data\test\NailFungus\train_nail-distal-splitting-3.jpg,NailFungus,3,3,NailFungus,0.04870262493689855,0.05245966091752052,0.04776671156287193,0.6927290161450704,0.04761518289645513,0.05878455316027006,0.051942224303881325
datasets\data\test\NailFungus\train_nail-melanoma-1.jpg,NailFungus,3,2,Eczema,0.048104170709848404,0.05505375936627388,0.5204580724239349,0.16518281400203705,0.043025415390729904,0.08755558729171753,0.08062016094724338
datasets\data\test\NailFungus\train_onycholysis-3.jpg,NailFungus,3,3,NailFungus,0.05412908270955086,0.05424828827381134,0.04537980382641157,0.6677482922871908,0.05230102688074112,0.07073129092653592,0.05546223123868307
datasets\data\test\NailFungus\train_onycholysis-31.jpg,NailFungus,3,3,NailFungus,0.04778513809045156,0.05461536844571432,0.045090451836586,0.6877912481625875,0.05080018689235052,0.06615327422817548,0.04776431620121002
datasets\data\test\NailFungus\train_onycholysis-34.jpg,NailFungus,3,3,NailFungus,0.053940512239933014,0.05418982977668444,0.049359879146019615,0.66490505139033,0.05048404013117155,0.08183528234561284,0.045285421113173165
datasets\data\test\NailFungus\train_periungual-epidermal-cyst-1.jpg,NailFungus,3,3,NailFungus,0.05451749637722969,0.05449155469735464,0.07067326083779335,0.6726370453834534,0.05199559032917023,0.04891993974645933,0.04676509896914164
datasets\data\test\NailFungus\train_periungual-epidermal-cyst-2.jpg,NailFungus,3,3,NailFungus,0.0432712659239769,0.040068794041872025,0.04764700929323832,0.7091801961263021,0.04876916358868281,0.05029241368174553,0.060771144926548004
datasets\data\test\NailFungus\train_pincer-nails-1.jpg,NailFungus,3,3,NailFungus,0.05525933081905047,0.05709683274229368,0.06086552143096924,0.6581983963648478,0.05331232771277428,0.06142236044009527,0.05384522179762522
datasets\data\test\NailFungus\train_pincer-nails-19.jpg,NailFungus,3,3,NailFungus,0.050299069533745445,0.05360859135786692,0.04587873816490173,0.7044216195742289,0.05126520370443662,0.05009365578492483,0.04443316409985224
datasets\data\test\NailFungus\train_pincer-nails-7.jpg,NailFungus,3,3,NailFungus,0.0589668278892835,0.04960521558920542,0.06265794485807419,0.6786290208498637,0.050372286389271416,0.0503678061068058,0.04940090080102285
datasets\data\test\NailFungus\train_proximal-subungual-onychomycosis-123.jpg,NailFungus,3,3,NailFungus,0.05871691430608431,0.05415866399804751,0.03889718155066172,0.643082837263743,0.05453025549650192,0.09576679269472758,0.054847331096728645
datasets\data\test\NailFungus\train_pseudomonas-20.jpg,NailFungus,3,3,NailFungus,0.05016620457172394,0.05212054898341497,0.0404722106953462,0.6858825087547302,0.050942069540421166,0.07150209198395412,0.0489143542945385
datasets\data\test\NailFungus\train_pseudomonas-33.jpg,NailFungus,3,3,NailFungus,0.0552858921388785,0.05617904414733251,0.05351058021187782,0.6522135337193807,0.0595923475921154,0.07060207178195317,0.052616558969020844
datasets\data\test\NailFungus\train_pseudomonas-34.jpg,NailFungus,3,3,NailFungus,0.05265649904807409,0.04987317572037379,0.04945466791590055,0.6862120827039083,0.05177087336778641,0.05904233952363332,0.05099038655559222
datasets\data\test\NailFungus\train_pseudomonas-4.jpg,NailFungus,3,3,NailFungus,0.054091143111387886,0.04825839400291443,0.04397421206037203,0.6708857218424479,0.04715444644292196,0.09735328952471416,0.03828280481199423
datasets\data\test\NailFungus\train_pseudomonas-7.jpg,NailFungus,3,3,NailFungus,0.05432636911670367,0.04940800741314888,0.04576714833577474,0.6813720067342123,0.04890414451559385,0.07676804065704346,0.04345426708459854
datasets\data\test\NailFungus\train_psoriasis-103.jpg,NailFungus,3,3,NailFungus,0.05528474971652031,0.05662171170115471,0.041045049826304116,0.684617300828298,0.05079570412635803,0.06546079243222873,0.046174721171458565
datasets\data\test\NailFungus\train_psoriasis-114.jpg,NailFungus,3,3,NailFungus,0.04712095484137535,0.051352368046840034,0.06693285579482715,0.6425323883692423,0.04345419382055601,0.11469389498233795,0.03391334662834803
datasets\data\test\NailFungus\train_psoriasis-136.jpg,NailFungus,3,3,NailFungus,0.05336804439624151,0.05065073321262995,0.04192052657405535,0.6859357754389445,0.046658905843893685,0.0797292689482371,0.041736733789245285
datasets\data\test\NailFungus\train_ridging-beading-16.jpg,NailFungus,3,3,NailFungus,0.04107122744123141,0.04817776381969452,0.04607031991084417,0.6978713075319926,0.04706049710512161,0.0769233504931132,0.042825511346260704
datasets\data\test\NailFungus\train_splinter-hemorrhage-4.jpg,NailFungus,3,3,NailFungus,0.04662089670697848,0.044969867914915085,0.04258542135357857,0.655617376168569,0.04450178643067678,0.12271267672379811,0.0429919653882583
datasets\data\test\NailFungus\train_subungual-hematoma-2.jpg,NailFungus,3,3,NailFungus,0.05050919701655706,0.05231770997246107,0.10435855636994044,0.631469746430715,0.05321098119020462,0.06780984501043956,0.04032396152615547
datasets\data\test\NailFungus\train_subungual-hematoma-6.jpg,NailFungus,3,3,NailFungus,0.04750861848394076,0.050249757866064705,0.06689673786362012,0.6776042580604553,0.054417880872885384,0.05581770837306976,0.04750503723820051
datasets\data\test\NailFungus\train_trauma-12.jpg,NailFungus,3,3,NailFungus,0.04649492104848226,0.04434683918952942,0.054634747405846916,0.7137141426404318,0.04464251920580864,0.050158314406871796,0.04600854218006134
datasets\data\test\NailFungus\train_trauma-22.jpg,NailFungus,3,3,NailFungus,0.05315164104104042,0.05690079679091772,0.044313058257102966,0.695674995581309,0.05605168268084526,0.048620288570721946,0.04528755694627762
datasets\data\test\NailFungus\train_trauma-27.jpg,NailFungus,3,3,NailFungus,0.05904317523042361,0.06287309527397156,0.04985988140106201,0.6527482271194458,0.05930980667471886,0.06312061349550883,0.05304518466194471
datasets\data\test\NailFungus\train_trauma-6.jpg,NailFungus,3,3,NailFungus,0.06678540259599686,0.04769455331067244,0.03698250465095043,0.6069042483965555,0.04635188728570938,0.14650119841098785,0.048780219008525215
datasets\data\test\NailFungus\train_twenty-nail-dystrophy-14.jpg,NailFungus,3,3,NailFungus,0.0581775518755118,0.050915952771902084,0.05577183266480764,0.6304255326588949,0.05053522810339928,0.09067236507932346,0.06350154305497806
datasets\data\test\NailFungus\train_twenty-nail-dystrophy-9.jpg,NailFungus,3,3,NailFungus,0.0579457680384318,0.056660438577334084,0.049808996419111885,0.6571136315663656,0.05431516841053963,0.06876104697585106,0.05539499099055926
datasets\data\test\NailFungus\train_yellow-nails-11.jpg,NailFungus,3,3,NailFungus,0.055694326758384705,0.05093993494908015,0.045317391554514565,0.6678338845570883,0.04955356692274412,0.08736097564299901,0.04329991526901722
datasets\data\test\Normal\test_214_jpg.rf.7e30201e5d7531031dfd18ce88691292.jpeg,Normal,4,4,Normal,0.05279764533042908,0.05335370327035586,0.05272053927183151,0.048179165770610176,0.6901250084241232,0.049408670514822006,0.053415256241957344
datasets\data\test\Normal\test_6 (104).jpeg,Normal,4,4,Normal,0.04843388622005781,0.05022588248054186,0.05479412153363228,0.046002051482597985,0.6914625962575277,0.05460328360398611,0.054478208223978676
datasets\data\test\Normal\test_6 (26).jpeg,Normal,4,4,Normal,0.05904194340109825,0.046325527131557465,0.04898229241371155,0.04542004441221555,0.7136356234550476,0.04357570161422094,0.043018841495116554
datasets\data\test\Normal\test_71OHGRMj2FL._AC_UF226226_FMjpg_.jpeg,Normal,4,4,Normal,0.05971523001790047,0.048041759679714836,0.04952523733178774,0.056631202499071755,0.6847970088322958,0.05533201371630033,0.04595757151643435
datasets\data\test\Normal\test_Hand_0005704.jpeg,Normal,4,4,Normal,0.05034320925672849,0.05050405363241831,0.05258654554684957,0.047909609973430634,0.6920291185379028,0.05380607148011526,0.05282134190201759
datasets\data\test\Normal\test_Hand_0010193.jpeg,Normal,4,4,Normal,0.058420147746801376,0.054631891349951424,0.050827415039141975,0.05490525191028913,0.6722656488418579,0.052897825837135315,0.05605185031890869
datasets\data\test\Normal\test_hurikan-440-right-side-view2.jpeg,Normal,4,4,Normal,0.06026032194495201,0.05493574465314547,0.05168994516134262,0.05974613999327024,0.6430424253145853,0.06171162178119024,0.06861381232738495
datasets\data\test\Normal\test_images (1) (13).jpeg,Normal,4,4,Normal,0.04401390875379244,0.0465577058494091,0.04906196271379789,0.05083955700198809,0.7205636898676554,0.0367178830007712,0.05224532137314478
datasets\data\test\Normal\test_images (2) (12).jpeg,Normal,4,4,Normal,0.04546030921240648,0.05011964092652003,0.06341677159070969,0.05222604051232338,0.6915317972501119,0.05172469342748324,0.045520721624294914
datasets\data\test\Normal\test_images (2) (30).jpeg,Normal,4,4,Normal,0.04826167846719424,0.05408323680361112,0.05723034217953682,0.053966205567121506,0.6878759860992432,0.04671081776420275,0.05187171200911204
datasets\data\test\Normal\test_images (2) (9).jpeg,Normal,4,4,Normal,0.06569773703813553,0.06109737232327461,0.05735403920213381,0.0536113902926445,0.6460786859194437,0.06258276477456093,0.05357802783449491
datasets\data\test\Normal\test_images (30).jpeg,Normal,4,4,Normal,0.05044850707054138,0.053441437582174935,0.06359286109606425,0.05816366647680601,0.6574127475420634,0.054541029036045074,0.06239979838331541
datasets\data\test\Normal\test_photo-1459262838948-3e2de6c1ec80.jpeg,Normal,4,4,Normal,0.05014623701572418,0.056837369998296104,0.05241681014498075,0.04696571330229441,0.6950956185658773,0.05248245596885681,0.04605573539932569
datasets\data\test\Normal\test_photo-1557242836-b5ab8bb0ebb4.jpeg,Normal,4,4,Normal,0.05568838492035866,0.04559446995457014,0.04805433377623558,0.043213912596305214,0.7164282202720642,0.04221803570787112,0.048802636563777924
datasets\data\test\Normal\test_photo-1561780535-118e36e56095.jpeg,Normal,4,4,Normal,0.05588611836234728,0.05284730593363444,0.055857020119826,0.04942860578497251,0.6796767910321554,0.05732793112595876,0.04897624005873998
datasets\data\test\Normal\test_photo-1586617356423-52763004deac.jpeg,Normal,4,4,Normal,0.06161588430404663,0.06427307923634847,0.062097893406947456,0.06064315885305405,0.6465034286181132,0.047330617904663086,0.05753597244620323
datasets\data\test\Normal\test_photo-1587334207407-deb137a955ba.jpeg,Normal,4,4,Normal,0.0565351036687692,0.05228657399614652,0.05245737234751383,0.06177802632252375,0.6684379378954569,0.05254931251207987,0.055955685675144196
datasets\data\test\Normal\train_Image1021.jpeg,Normal,4,4,Normal,0.07029180973768234,0.0591538722316424,0.062137956420580544,0.05727459117770195,0.6156514883041382,0.08530520026882489,0.05018511228263378
datasets\data\test\Normal\train_Image1027.jpeg,Normal,4,4,Normal,0.06379060198863347,0.054745333890120186,0.05252387995521227,0.053153337289889656,0.6571234663327535,0.06172690416375796,0.05693647017081579
datasets\data\test\Normal\train_Image1047.jpeg,Normal,4,4,Normal,0.05640597020586332,0.05815074841181437,0.06811175247033437,0.05210157111287117,0.6575731237729391,0.053520879397789635,0.054135918617248535
datasets\data\test\Normal\train_Image1057.jpeg,Normal,4,4,Normal,0.05185641596714655,0.04825025424361229,0.057510919868946075,0.04651945208509763,0.70196533203125,0.052810912330945335,0.0410866883272926
datasets\data\test\Normal\train_Image1067.jpeg,Normal,4,4,Normal,0.047477216770251594,0.05579429244001707,0.05628675346573194,0.04743280758460363,0.6861335436503092,0.052984364330768585,0.05389098823070526
datasets\data\test\Normal\train_Image1069.jpeg,Normal,4,4,Normal,0.04724442462126414,0.056081607937812805,0.054625446597735085,0.0493479756017526,0.6853316227595011,0.056102183957894645,0.05126675094167391
datasets\data\test\Normal\train_Image1071.jpeg,Normal,4,4,Normal,0.04873804375529289,0.04930345465739568,0.05286941925684611,0.043868264804283776,0.7218371828397115,0.04160654420653979,0.04177702528735002
datasets\data\test\Normal\train_Image1108.jpeg,Normal,4,4,Normal,0.052560547987620033,0.04901709407567978,0.04982747261722883,0.0629190132021904,0.676934818426768,0.054044624169667564,0.054696412136157356
datasets\data\test\Normal\train_Image1119.jpeg,Normal,4,4,Normal,0.0641024187207222,0.06126554310321808,0.05781354630986849,0.06493497639894485,0.6452933549880981,0.05038222546378771,0.056207952400048576
datasets\data\test\Normal\train_Image1121.jpeg,Normal,4,4,Normal,0.04734854151805242,0.05034899959961573,0.05489209791024526,0.052093339463075004,0.6956596771876017,0.04578162791828314,0.05387570708990097
datasets\data\test\Normal\train_Image1125.jpeg,Normal,4,4,Normal,0.0443859143803517,0.057555521527926125,0.050779927521944046,0.058453274269898735,0.6871903737386068,0.03885840127865473,0.06277654692530632
datasets\data\test\Normal\train_Image1178.jpeg,Normal,4,4,Normal,0.04765403581162294,0.04938046385844549,0.05378062278032303,0.04786281536022822,0.6710716485977173,0.058553729206323624,0.07169668997327487
datasets\data\test\Normal\train_Image1198.jpeg,Normal,4,4,Normal,0.05572973067561785,0.05746398245294889,0.05406194676955541,0.06243382270137469,0.6449695030848185,0.05682105322678884,0.06851992383599281
datasets\data\test\Normal\train_Image1205.jpeg,Normal,4,4,Normal,0.056313157081604004,0.059131521731615067,0.05408823614319166,0.05560026069482168,0.6791103283564249,0.04708877019584179,0.04866773138443629
datasets\data\test\Normal\train_Image1212.jpeg,Normal,4,4,Normal,0.039306833719213806,0.047384507954120636,0.06250366692741711,0.05195272838075956,0.6999502778053284,0.046479206532239914,0.05242276688416799
datasets\data\test\Normal\train_Image1221.jpeg,Normal,4,4,Normal,0.049830454091231026,0.05437531570593516,0.05993026619156202,0.055339064449071884,0.6712324619293213,0.04848178724447886,0.060810605684916176
datasets\data\test\Normal\train_Image1229.jpeg,Normal,4,4,Normal,0.06396030510465305,0.058953831593195595,0.08315976460774739,0.06266270577907562,0.6066745718320211,0.07341155285636584,0.05117731044689814
datasets\data\test\Normal\train_Image1247.jpeg,Normal,4,4,Normal,0.047276017566521965,0.052313523987929024,0.04995811854799589,0.04717199752728144,0.7100094556808472,0.04622792825102806,0.04704295781751474
datasets\data\test\Normal\train_Image1250.jpeg,Normal,4,4,Normal,0.04774335275093714,0.060322302083174385,0.04735572263598442,0.0522346297899882,0.6980699698130289,0.05524544045329094,0.039028581231832504
datasets\data\test\Normal\train_Image1254.jpeg,Normal,4,4,Normal,0.03949005529284477,0.0394915584474802,0.03804379080732664,0.05972997099161148,0.7326606313387553,0.045178622007369995,0.045405313372612
datasets\data\test\Normal\train_Image1257.jpeg,Normal,4,4,Normal,0.255711297194163,0.06197361772259077,0.06178972621758779,0.060622431337833405,0.40825826426347095,0.09214894225200017,0.059495716666181885
datasets\data\test\Normal\train_Image1260.jpeg,Normal,4,4,Normal,0.06267413745323817,0.054573122411966324,0.0542216549317042,0.05478818962971369,0.6615447004636129,0.059796721984942756,0.052401465674241386
datasets\data\test\Normal\train_Image1271.jpeg,Normal,4,4,Normal,0.06329459076126416,0.059413215766350426,0.06298543885350227,0.06828294197718303,0.6197048624356588,0.05695917954047521,0.06935979798436165
datasets\data\test\Normal\train_Image1281.jpeg,Normal,4,4,Normal,0.044631946831941605,0.05015788724025091,0.05276313051581383,0.04703757166862488,0.7119086980819702,0.04351680974165598,0.04998394474387169
datasets\data\test\Normal\train_Image1285.jpeg,Normal,4,4,Normal,0.05126871665318807,0.05428301418821017,0.05211140960454941,0.057475234071413674,0.6812753677368164,0.05421397338310877,0.04937224586804708
datasets\data\test\Normal\train_Image13.jpeg,Normal,4,4,Normal,0.047496860225995384,0.04983829582730929,0.04707350209355354,0.049648500978946686,0.7101460496584574,0.050616126507520676,0.04518067588408788
datasets\data\test\Normal\train_Image1314.jpeg,Normal,4,4,Normal,0.05727260932326317,0.05996835480133692,0.04900548358758291,0.044607117772102356,0.671481192111969,0.056314064810673393,0.06135117014249166
datasets\data\test\Normal\train_Image1316.jpeg,Normal,4,4,Normal,0.05423455064495405,0.05476729323466619,0.06320477525393169,0.05113740389545759,0.6710495352745056,0.04747337723771731,0.05813303838173548
datasets\data\test\Normal\train_Image1335.jpeg,Normal,4,4,Normal,0.05433580900231997,0.0577601765592893,0.06838638956348102,0.05772476767500242,0.6542800664901733,0.04953939840197563,0.057973358780145645
datasets\data\test\Normal\train_Image1342.jpeg,Normal,4,4,Normal,0.05871044968565305,0.058805614709854126,0.07574221615990002,0.06280743330717087,0.6237773497899374,0.05584984769423803,0.06430704270799954
datasets\data\test\Normal\train_Image1350.jpeg,Normal,4,4,Normal,0.05380139499902725,0.05360878134767214,0.05338390295704206,0.047718483954668045,0.70061727364858,0.04112908989191055,0.049741083135207496
datasets\data\test\Normal\train_Image1353.jpeg,Normal,4,4,Normal,0.048799597968657814,0.07279335831602414,0.05906043077508608,0.054890118539333344,0.6696170767148336,0.043952288726965584,0.05088712150851885
datasets\data\test\Normal\train_Image1361.jpeg,Normal,4,4,Normal,0.04447846735517184,0.05094829201698303,0.05035042886932691,0.049675467113653816,0.6983740329742432,0.04957784588138262,0.0565954272945722
datasets\data\test\Normal\train_Image1362.jpeg,Normal,4,4,Normal,0.05376524105668068,0.05650478353103002,0.049762980391581856,0.0662804866830508,0.6182825366655985,0.08348488062620163,0.07191908111174901
datasets\data\test\Normal\train_Image1372.jpeg,Normal,4,4,Normal,0.05423994983235995,0.044076185673475266,0.038934351255496345,0.049775624026854835,0.6907787322998047,0.07243136937419574,0.049763756493727364
datasets\data\test\Normal\train_Image1378.jpeg,Normal,4,4,Normal,0.06017464647690455,0.058426876862843834,0.051615205903848015,0.055234757562478386,0.6757405996322632,0.04276623701055845,0.05604169641931852
datasets\data\test\Normal\train_Image1385.jpeg,Normal,4,4,Normal,0.05198409159978231,0.05826875691612562,0.057439117381970085,0.04566418255368868,0.6778412858645121,0.059858846167723335,0.048943703373273216
datasets\data\test\Normal\train_Image1393.jpeg,Normal,4,4,Normal,0.046012233942747116,0.044074965020020805,0.04509416222572327,0.04312967819472154,0.7371224959691366,0.038998800640304886,0.045567672699689865
datasets\data\test\Normal\train_Image1408.jpeg,Normal,4,4,Normal,0.048406459391117096,0.05550633495052656,0.061744753271341324,0.053439841916163765,0.6712557276089987,0.046207547187805176,0.06343935305873553
datasets\data\test\Normal\train_Image1418.jpeg,Normal,4,4,Normal,0.04829469012717406,0.05245678499341011,0.048967137932777405,0.05297049259146055,0.6838653286298116,0.048792134349544845,0.06465340281526248
datasets\data\test\Normal\train_Image1423.jpeg,Normal,4,4,Normal,0.050736572593450546,0.04996127759416898,0.057951600601275764,0.0665196863313516,0.6307051579157511,0.045915654549996056,0.09821006283164024
datasets\data\test\Normal\train_Image1424.jpeg,Normal,4,4,Normal,0.05163820336262385,0.05539327611525854,0.05784750978151957,0.050490714609622955,0.6830794811248779,0.04810511072476705,0.0534457229077816
datasets\data\test\Normal\train_Image1430.jpeg,Normal,4,4,Normal,0.05844163770476977,0.057805592815081276,0.06328450640042622,0.05624542757868767,0.661012331644694,0.049312666058540344,0.05389785642425219
datasets\data\test\Normal\train_Image1432.jpeg,Normal,4,4,Normal,0.059079721570014954,0.04866897314786911,0.049654545883337654,0.04589890937010447,0.6924757361412048,0.04954891776045164,0.05467318370938301
datasets\data\test\Normal\train_Image1437.jpeg,Normal,4,4,Normal,0.0495757187406222,0.05328323816259702,0.05633253355820974,0.050277541081110634,0.6964606245358785,0.04344969056546688,0.050620666394631066
datasets\data\test\Normal\train_Image1439.jpeg,Normal,4,4,Normal,0.061510223895311356,0.05667115499575933,0.054670640577872597,0.058199066668748856,0.652465800444285,0.0567875492076079,0.059695551792780556
datasets\data\test\Normal\train_Image1442.jpeg,Normal,4,4,Normal,0.05387846380472183,0.051974536230166755,0.051700436820586525,0.0553811714053154,0.6822112600008646,0.046677415569623314,0.058176711201667786
datasets\data\test\Normal\train_Image1449.jpeg,Normal,4,4,Normal,0.05938884988427162,0.06655131901303928,0.06883381307125092,0.058185153951247535,0.6300395329793295,0.056964305539925895,0.06003702183564504
datasets\data\test\Normal\train_Image1472.jpeg,Normal,4,4,Normal,0.044924804319938026,0.04892318695783615,0.054441494246323906,0.04518321591118971,0.7055345972379049,0.042840114484230675,0.058152599881092705
datasets\data\test\Normal\train_Image1488.jpeg,Normal,4,4,Normal,0.0588466947277387,0.05382681513826052,0.052359028408924736,0.06253416215380032,0.6694804231325785,0.04750128587086996,0.055451580633719764
datasets\data\test\Normal\train_Image1489.jpeg,Normal,4,4,Normal,0.05347878858447075,0.04922661557793617,0.05385891472299894,0.06640221054355304,0.6779873371124268,0.04746591175595919,0.05158018817504247
datasets\data\test\Normal\train_Image1490.jpeg,Normal,4,4,Normal,0.052879525969425835,0.05630995209018389,0.06062439704934756,0.05084439367055893,0.6626111070315043,0.05233783399065336,0.06439273431897163
datasets\data\test\Normal\train_Image1496.jpeg,Normal,4,4,Normal,0.05909575273593267,0.05459557597835859,0.052855471769968666,0.05907952040433884,0.6681623458862305,0.05111237739523252,0.05509896700580915
datasets\data\test\Normal\train_Image1506.jpeg,Normal,4,4,Normal,0.04820485785603523,0.04760065550605456,0.04823908085624377,0.06280629336833954,0.7079644004503886,0.040474141016602516,0.04471058460573355
datasets\data\test\Normal\train_Image1515.jpeg,Normal,4,4,Normal,0.05691881477832794,0.06253159667054813,0.06109338998794556,0.05411166573564211,0.6517133514086405,0.053990362832943596,0.059640828520059586
datasets\data\test\Normal\train_Image1541.jpeg,Normal,4,4,Normal,0.06365608237683773,0.05662473663687706,0.043710606172680855,0.05756608893473943,0.635311226050059,0.07671025395393372,0.06642099966605504
datasets\data\test\Normal\train_Image1544.jpeg,Normal,4,4,Normal,0.05695366983612379,0.052406005561351776,0.05731172487139702,0.04960347836216291,0.676606277624766,0.058678846806287766,0.048439973344405494
datasets\data\test\Normal\train_Image1547.jpeg,Normal,4,4,Normal,0.055691737681627274,0.05511354903380076,0.05642825489242872,0.05136809994777044,0.6712449193000793,0.05589162682493528,0.054261782517035805
datasets\data\test\Normal\train_Image1560.jpeg,Normal,4,4,Normal,0.047117479145526886,0.0533502995967865,0.0549150916437308,0.05089722697933515,0.7015915910402933,0.043172543247540794,0.048955753445625305
datasets\data\test\Normal\train_Image1563.jpeg,Normal,4,4,Normal,0.05800676345825195,0.05383409187197685,0.04802756508191427,0.06057216475407282,0.6683948834737142,0.04503099496165911,0.06613356992602348
datasets\data\test\Normal\train_Image1579.jpeg,Normal,4,4,Normal,0.054812890787919365,0.05425197258591652,0.051982621351877846,0.06534011289477348,0.6555506785710653,0.060051546742518745,0.05801017085711161
datasets\data\test\Normal\train_Image1585.jpeg,Normal,4,4,Normal,0.056966728220383324,0.05737651387850443,0.06134498491883278,0.06235232080022494,0.6377056439717611,0.06297669683893521,0.06127714862426122
datasets\data\test\Normal\train_Image1591.jpeg,Normal,4,4,Normal,0.05534794429937998,0.05520358060797056,0.051909087846676506,0.047841774920622505,0.6926054159800211,0.05277987942099571,0.04431233244637648
datasets\data\test\Normal\train_Image1599.jpeg,Normal,4,4,Normal,0.06298331543803215,0.054124838362137474,0.05824762210249901,0.05137935901681582,0.6699682076772054,0.057819598664840065,0.04547707736492157
datasets\data\test\Normal\train_Image1617.jpeg,Normal,4,4,Normal,0.049460497995217644,0.04570622369647026,0.04742844526966413,0.044233985245227814,0.7245254516601562,0.042270515114068985,0.04637495925029119
datasets\data\test\Normal\train_Image1618.jpeg,Normal,4,4,Normal,0.05444938192764918,0.053695838898420334,0.0572970782717069,0.06327678263187408,0.6613753239313761,0.04952579860885938,0.060379778345425926
datasets\data\test\Normal\train_Image1619.jpeg,Normal,4,4,Normal,0.05752794196208318,0.04866944129268328,0.05270037551720937,0.05050015325347582,0.6949091553688049,0.0551235501964887,0.040569365645448364
datasets\data\test\Normal\train_Image1639.jpeg,Normal,4,4,Normal,0.04887781416376432,0.045340001583099365,0.05441054825981458,0.048364900052547455,0.7154889504114786,0.04469967012604078,0.04281804089744886
datasets\data\test\Normal\train_Image1678.jpeg,Normal,4,4,Normal,0.05081972603996595,0.0540916807949543,0.051811943451563515,0.05508477985858917,0.6758973995844523,0.05963990464806557,0.052654560655355453
datasets\data\test\Normal\train_Image1708.jpeg,Normal,4,0,Acne,0.40027962625026703,0.05751904224356016,0.062174759805202484,0.06203626344601313,0.28475965807835263,0.07620956872900327,0.0570211298763752
datasets\data\test\Normal\train_Image1712.jpeg,Normal,4,4,Normal,0.06205493584275246,0.04871715108553568,0.048012578239043556,0.04066024844845136,0.709245483080546,0.04396384768188,0.04734571650624275
datasets\data\test\Normal\train_Image1719.jpeg,Normal,4,4,Normal,0.04418559744954109,0.04991811886429787,0.04533192763725916,0.043674055486917496,0.7119583288828532,0.056345065434773765,0.04858688016732534
datasets\data\test\Normal\train_Image1729.jpeg,Normal,4,4,Normal,0.04887613529960314,0.046623467157284416,0.04860575869679451,0.04974805315335592,0.7203593651453654,0.03608940293391546,0.049697777877251305
datasets\data\test\Normal\train_Image1737.jpeg,Normal,4,4,Normal,0.05154229452212652,0.05631912872195244,0.05822509899735451,0.06617280468344688,0.6605285008748373,0.05220796043674151,0.05500419934590658
datasets\data\test\Normal\train_Image188.jpeg,Normal,4,4,Normal,0.049997286250193916,0.05884533499677976,0.0556391179561615,0.04737844690680504,0.6830165982246399,0.054947517812252045,0.050175659358501434
datasets\data\test\Normal\train_Image196.jpeg,Normal,4,4,Normal,0.0495599110921224,0.05201084539294243,0.049110369135936104,0.04737140114108721,0.7081216176350912,0.04650391638278961,0.047321913142999016
datasets\data\test\Normal\train_Image214.jpeg,Normal,4,4,Normal,0.05346803863843282,0.05969244738419851,0.05119304358959198,0.050663772970438004,0.6871602336565653,0.04899446417888006,0.048828013241291046
datasets\data\test\Normal\train_Image218.jpeg,Normal,4,4,Normal,0.044372385988632836,0.05780897413690885,0.050819940865039825,0.051235621174176536,0.7022476593653361,0.045508077989021935,0.04800738766789436
datasets\data\test\Normal\train_Image220.jpeg,Normal,4,4,Normal,0.051659680902957916,0.060829561203718185,0.04882666344443957,0.04857220749060313,0.6927647391955057,0.0481855683028698,0.04916158318519592
datasets\data\test\Normal\train_Image227.jpeg,Normal,4,4,Normal,0.05177036176125208,0.05692565316955248,0.0522517425318559,0.048232385267814,0.694579541683197,0.050246731688578926,0.04599360376596451
datasets\data\test\Normal\train_Image246.jpeg,Normal,4,4,Normal,0.04231858936448892,0.053590664019187294,0.05185370892286301,0.04686968897779783,0.7116371393203735,0.045940184344848,0.047790028154850006
datasets\data\test\Normal\train_Image247.jpeg,Normal,4,4,Normal,0.048262402415275574,0.049990203231573105,0.05423576012253761,0.04772610465685526,0.6981829206148783,0.049158357083797455,0.05244426429271698
datasets\data\test\Normal\train_Image257.jpeg,Normal,4,4,Normal,0.042632910733421646,0.05626035357515017,0.05583621313174566,0.05395800620317459,0.699498176574707,0.046454076965649925,0.04536026840408643
datasets\data\test\Normal\train_Image274.jpeg,Normal,4,4,Normal,0.05088774114847183,0.04610690847039223,0.04643877595663071,0.042623755832513176,0.7131253878275553,0.04789443562428156,0.05292302370071411
datasets\data\test\Normal\train_Image275.jpeg,Normal,4,4,Normal,0.049871073414882026,0.05517784133553505,0.06318501631418864,0.1102939782043298,0.5957847038904825,0.062392166505257286,0.06329521785179774
datasets\data\test\Normal\train_Image28.jpeg,Normal,4,4,Normal,0.0500398650765419,0.049535010010004044,0.04586221029361089,0.049633223563432693,0.7082439661026001,0.0539034033815066,0.04278235323727131
datasets\data\test\Normal\train_Image296.jpeg,Normal,4,4,Normal,0.058345490445693336,0.05381223062674204,0.06377258772651355,0.049861652155717216,0.5931004484494528,0.10340955356756847,0.07769804696242015
datasets\data\test\Normal\train_Image298.jpeg,Normal,4,4,Normal,0.041088614612817764,0.04511536036928495,0.040087828412652016,0.04452559227744738,0.7235297362009684,0.0440913625061512,0.061561492582162224
datasets\data\test\Normal\train_Image338.jpeg,Normal,4,4,Normal,0.05792928859591484,0.05380413308739662,0.052611437936623894,0.05723384891947111,0.6659764846165975,0.06249575316905975,0.04994902635614077
datasets\data\test\Normal\train_Image343.jpeg,Normal,4,4,Normal,0.045443067948023476,0.05178628986080488,0.052124405900637306,0.054961921026309334,0.6943113803863525,0.042181769385933876,0.05919114748636881
datasets\data\test\Normal\train_Image344.jpeg,Normal,4,4,Normal,0.05701009680827459,0.059253353625535965,0.04823619003097216,0.061475858092308044,0.6653246084849039,0.05525887509187063,0.05344102159142494
datasets\data\test\Normal\train_Image368.jpeg,Normal,4,4,Normal,0.05151035885016123,0.04965561255812645,0.05233496303359667,0.052694340546925865,0.6947508255640665,0.04310736060142517,0.05594656243920326
datasets\data\test\Normal\train_Image395.jpeg,Normal,4,4,Normal,0.14661328246196112,0.05392327532172203,0.05709303294618925,0.07082506269216537,0.4368215799331665,0.0832067181666692,0.15151701122522354
datasets\data\test\Normal\train_Image432.jpeg,Normal,4,4,Normal,0.05336752037207285,0.054746128618717194,0.054663908978303276,0.056025647868712745,0.6804269949595133,0.04974301531910896,0.051026806235313416
datasets\data\test\Normal\train_Image437.jpeg,Normal,4,4,Normal,0.17184947182734808,0.04389660805463791,0.030175145715475082,0.07953520988424619,0.5132152736186981,0.08732527991135915,0.0740029625594616
datasets\data\test\Normal\train_Image458.jpeg,Normal,4,4,Normal,0.05136242384711901,0.04530635476112366,0.05085363735755285,0.04231416309873263,0.7182584802309672,0.04551920294761658,0.046385722855726876
datasets\data\test\Normal\train_Image465.jpeg,Normal,4,4,Normal,0.059057652950286865,0.05113628755013148,0.05613003919521967,0.05142990003029505,0.678422212600708,0.04751957580447197,0.05630435049533844
datasets\data\test\Normal\train_Image483.jpeg,Normal,4,4,Normal,0.04772988831003507,0.049159497022628784,0.05393802002072334,0.05657438561320305,0.6941569248835245,0.03963360749185085,0.0588076983888944
datasets\data\test\Normal\train_Image514.jpeg,Normal,4,4,Normal,0.049090296030044556,0.05643104140957197,0.0584063654144605,0.045699174205462136,0.6803983847300211,0.06137949600815773,0.04859525958697001
datasets\data\test\Normal\train_Image515.jpeg,Normal,4,4,Normal,0.05193276330828667,0.050496477633714676,0.04405698552727699,0.053154690812031426,0.6903234322865804,0.06194576000173887,0.048089912782112755
datasets\data\test\Normal\train_Image539.jpeg,Normal,4,4,Normal,0.049471091479063034,0.0557552936176459,0.05104947338501612,0.04959330459435781,0.7000862161318461,0.04858249053359032,0.045462160681684814
datasets\data\test\Normal\train_Image540.jpeg,Normal,4,4,Normal,0.04521719180047512,0.04751682529846827,0.05231052761276563,0.046089657271901764,0.7094419399897257,0.052119375516970955,0.047304524729649224
datasets\data\test\Normal\train_Image546.jpeg,Normal,4,4,Normal,0.05147045229872068,0.05000166098276774,0.04949017117420832,0.05260026206572851,0.7009563446044922,0.04571577782432238,0.04976531118154526
datasets\data\test\Normal\train_Image561.jpeg,Normal,4,4,Normal,0.0707186075548331,0.05730006222923597,0.04977789024511973,0.05209721252322197,0.6635555624961853,0.04773212783038616,0.05881856009364128
datasets\data\test\Normal\train_Image576.jpeg,Normal,4,4,Normal,0.05636086563269297,0.06851061681906383,0.05896358440319697,0.05702555055419604,0.615582287311554,0.06127408519387245,0.08228301008542378
datasets\data\test\Normal\train_Image581.jpeg,Normal,4,4,Normal,0.051812841246525444,0.047677554190158844,0.05911434069275856,0.062040614585081734,0.6620134115219116,0.053370486944913864,0.0639707421263059
datasets\data\test\Normal\train_Image629.jpeg,Normal,4,4,Normal,0.06348776693145435,0.049995885541041694,0.04585536693533262,0.04272737788657347,0.6921509305636088,0.062374950697024666,0.04340769723057747
datasets\data\test\Normal\train_Image639.jpeg,Normal,4,4,Normal,0.058354608714580536,0.04954523220658302,0.060611459116141,0.053842185686031975,0.6878624161084493,0.045497686912616096,0.04428641808529695
datasets\data\test\Normal\train_Image659.jpeg,Normal,4,4,Normal,0.05154328669110934,0.05407146240274111,0.0519592414299647,0.04908745984236399,0.6876989404360453,0.052768222987651825,0.05287140607833862
datasets\data\test\Normal\train_Image662.jpeg,Normal,4,4,Normal,0.04811472942431768,0.04432837416728338,0.0544753223657608,0.04740823805332184,0.7108086148897806,0.042508540054162346,0.052356128891309105
datasets\data\test\Normal\train_Image672.jpeg,Normal,4,4,Normal,0.04235252986351649,0.048047502835591636,0.04544688512881597,0.043839769437909126,0.7388140360514323,0.04092138695220152,0.04057788662612438
datasets\data\test\Normal\train_Image683.jpeg,Normal,4,4,Normal,0.06412341942389806,0.058662364880243935,0.06528385356068611,0.059825913359721504,0.650211493174235,0.04998039950927099,0.05191251511375109
datasets\data\test\Normal\train_Image687.jpeg,Normal,4,4,Normal,0.057068925350904465,0.053431857377290726,0.05738544836640358,0.060891119142373405,0.6657880345980326,0.054044256607691445,0.05139030267794927
datasets\data\test\Normal\train_Image694.jpeg,Normal,4,4,Normal,0.04920304442445437,0.052227468540271126,0.050494482119878135,0.04493554060657819,0.6977579991022745,0.05155077949166298,0.053830681989590325
datasets\data\test\Normal\train_Image7.jpeg,Normal,4,4,Normal,0.04688267409801483,0.05607121189435323,0.04852839559316635,0.05149166782697042,0.6999498009681702,0.05460163081685702,0.042474646121263504
datasets\data\test\Normal\train_Image700.jpeg,Normal,4,4,Normal,0.04832486311594645,0.057884608705838524,0.05221505214770635,0.05251033107439677,0.6920042037963867,0.04818632205327352,0.048874604205290474
datasets\data\test\Normal\train_Image712.jpeg,Normal,4,4,Normal,0.0438603280733029,0.04903435210386912,0.05709493781129519,0.050347174207369484,0.7091418703397115,0.042594694842894874,0.04792667677005132
datasets\data\test\Normal\train_Image726.jpeg,Normal,4,4,Normal,0.04852516825000445,0.05517360816399256,0.06435249621669452,0.05488608653346697,0.6665087342262268,0.05361104756593704,0.056942847867806755
datasets\data\test\Normal\train_Image752.jpeg,Normal,4,4,Normal,0.04978382587432861,0.04572519908348719,0.045434340834617615,0.05038249120116234,0.7092315753300985,0.04812067002058029,0.051321876545747123
datasets\data\test\Normal\train_Image760.jpeg,Normal,4,4,Normal,0.05270727599660555,0.04816049709916115,0.04568963497877121,0.04583639403184255,0.695503036181132,0.05406843995054563,0.058034742871920265
datasets\data\test\Normal\train_Image764.jpeg,Normal,4,4,Normal,0.04980587835113207,0.05246306459108988,0.051971555997927986,0.04758282005786896,0.6868166526158651,0.053295052299896874,0.05806495621800423
datasets\data\test\Normal\train_Image767.jpeg,Normal,4,4,Normal,0.05356156329313914,0.0469945582250754,0.04682718093196551,0.04505050927400589,0.6953540245691935,0.05351853867371877,0.05869362006584803
datasets\data\test\Normal\train_Image770.jpeg,Normal,4,4,Normal,0.050593577325344086,0.04855045055349668,0.04726762572924296,0.04634750634431839,0.7037165363629659,0.04966485251983007,0.05385948717594147
datasets\data\test\Normal\train_Image773.jpeg,Normal,4,4,Normal,0.0473514050245285,0.04759044200181961,0.045594080040852226,0.04909825697541237,0.7105678717295328,0.04577397555112839,0.054023969918489456
datasets\data\test\Normal\train_Image776.jpeg,Normal,4,4,Normal,0.04922837888201078,0.04712480182449023,0.045722175389528275,0.04542094717423121,0.7133643825848898,0.04555286839604378,0.05358648548523585
datasets\data\test\Normal\train_Image778.jpeg,Normal,4,4,Normal,0.05500349899133047,0.05041688308119774,0.04819729303320249,0.053888204197088875,0.6856110493342081,0.04745953530073166,0.059423538545767464
datasets\data\test\Normal\train_Image786.jpeg,Normal,4,4,Normal,0.058756548911333084,0.059749141335487366,0.04378192995985349,0.04741735508044561,0.6807539065678915,0.052904474238554634,0.056636604170004524
datasets\data\test\Normal\train_Image791.jpeg,Normal,4,4,Normal,0.06290022656321526,0.05138559887806574,0.05278151979049047,0.044574027260144554,0.6842060089111328,0.05327795694271723,0.05087463930249214
datasets\data\test\Normal\train_Image792.jpeg,Normal,4,4,Normal,0.0651611511905988,0.05026290317376455,0.04933716977636019,0.04303480374316374,0.6858925819396973,0.05185212939977646,0.05445929368336996
datasets\data\test\Normal\train_Image793.jpeg,Normal,4,4,Normal,0.04919314136107763,0.05079130952556928,0.054027815659840904,0.05246185138821602,0.6888707876205444,0.051318554828564324,0.05333653216560682
datasets\data\test\Normal\train_Image794.jpeg,Normal,4,4,Normal,0.050196452687184014,0.04772974426547686,0.04984415570894877,0.04996616765856743,0.7029216090838114,0.05145841588576635,0.04788341994086901
datasets\data\test\Normal\train_Image799.jpeg,Normal,4,4,Normal,0.05064370979865392,0.0463775172829628,0.04439272234837214,0.05467858910560608,0.6990448037783304,0.05112440884113312,0.053738283614317574
datasets\data\test\Normal\train_Image804.jpeg,Normal,4,4,Normal,0.04732106874386469,0.05061033616463343,0.04970475907127062,0.060467625657717385,0.6890212098757426,0.04840195178985596,0.054473068565130234
datasets\data\test\Normal\train_Image808.jpeg,Normal,4,4,Normal,0.05340587223569552,0.050775899241367974,0.04720080768068632,0.047224011272192,0.6933947006861368,0.048651340107123055,0.05934737126032511
datasets\data\test\Normal\train_Image815.jpeg,Normal,4,4,Normal,0.04511690822740396,0.04641169806321462,0.04814272622267405,0.06586857015887897,0.6955288648605347,0.04505749170978864,0.05387371654311816
datasets\data\test\Normal\train_Image821.jpeg,Normal,4,4,Normal,0.05537067105372747,0.04879206667343775,0.04853043332695961,0.050054931392272316,0.7106081048647562,0.04093277888993422,0.0457109771668911
datasets\data\test\Normal\train_Image832.jpeg,Normal,4,4,Normal,0.07977643112341563,0.049755760778983436,0.05322772885362307,0.04566517844796181,0.6713039875030518,0.05056210855642954,0.049708803494771324
datasets\data\test\Normal\train_Image833.jpeg,Normal,4,4,Normal,0.07599064707756042,0.04799259205659231,0.05270088091492653,0.04516193767388662,0.678678015867869,0.04988769317666689,0.04958822081486384
datasets\data\test\Normal\train_Image858.jpeg,Normal,4,4,Normal,0.06768044581015904,0.05344278489549955,0.04668451100587845,0.04957836742202441,0.672796905040741,0.055139185239871345,0.05467781921227773
datasets\data\test\Normal\train_Image867.jpeg,Normal,4,4,Normal,0.04766101141770681,0.04753035679459572,0.043810135374466576,0.06069754560788473,0.7013250986735026,0.05018407478928566,0.04879174754023552
datasets\data\test\Normal\train_Image877.jpeg,Normal,4,4,Normal,0.04825402547915777,0.045003730803728104,0.04242023701469103,0.05281450351079305,0.7170271277427673,0.04464742665489515,0.049832923958698906
datasets\data\test\Normal\train_Image891.jpeg,Normal,4,4,Normal,0.0592876672744751,0.05094593514998754,0.05254754051566124,0.046572815626859665,0.6700666944185892,0.07057089979449908,0.050008406241734825
datasets\data\test\Normal\train_Image894.jpeg,Normal,4,4,Normal,0.05333816011746725,0.048280550787846245,0.0503937266767025,0.04933332403500875,0.6939184069633484,0.055808560301860176,0.04892724255720774
datasets\data\test\Normal\train_Image895.jpeg,Normal,4,4,Normal,0.05174965411424637,0.05139352505405744,0.0503178300956885,0.0519069160024325,0.689786434173584,0.05198363959789276,0.05286198606093725
datasets\data\test\Normal\train_Image898.jpeg,Normal,4,4,Normal,0.0540337028602759,0.04838505759835243,0.046896894772847496,0.050162527710199356,0.7009895046552023,0.04633032654722532,0.053201970954736076
datasets\data\test\Normal\train_Image908.jpeg,Normal,4,4,Normal,0.05281143014629682,0.048395258684953056,0.04388166467348734,0.04735570649305979,0.7042698860168457,0.05336448053518931,0.04992156724135081
datasets\data\test\Normal\train_Image914.jpeg,Normal,4,4,Normal,0.04460736612478892,0.04820046077171961,0.051248992482821144,0.060836887607971825,0.6833639542261759,0.04873661696910858,0.06300575286149979
datasets\data\test\Normal\train_Image930.jpeg,Normal,4,4,Normal,0.05105217049519221,0.05282837152481079,0.05477107192079226,0.06192450846234957,0.6822939117749532,0.047345373779535294,0.04978459949294726
datasets\data\test\Normal\train_Image940.jpeg,Normal,4,4,Normal,0.04877328251798948,0.046676634500424065,0.05495018760363261,0.04590882485111555,0.6983145872751871,0.05335198591152827,0.052024497340122856
datasets\data\test\Normal\train_Image949.jpeg,Normal,4,4,Normal,0.047158519426981606,0.04768350347876549,0.049125115076700844,0.04424789175391197,0.7123505473136902,0.05215792606274287,0.047276515513658524
datasets\data\test\Normal\train_Image958.jpeg,Normal,4,4,Normal,0.043908130998412766,0.047126216193040214,0.05682272091507912,0.04994742199778557,0.7036937276522318,0.044961243867874146,0.05354053775469462
datasets\data\test\Normal\train_Image962.jpeg,Normal,4,4,Normal,0.04641561582684517,0.049918659031391144,0.05660672361652056,0.053453111400206886,0.6914278666178385,0.04838219409187635,0.05379584928353628
datasets\data\test\Normal\train_Image996.jpeg,Normal,4,4,Normal,0.05009928594032923,0.0469406433403492,0.05145812779664993,0.048650775104761124,0.6922050714492798,0.056238796561956406,0.054407267520825066
datasets\data\test\Normal\valid_Image100.jpeg,Normal,4,4,Normal,0.05394416178266207,0.059811510145664215,0.06077749157945315,0.05295484264691671,0.6502348581949869,0.05135073388616244,0.07092640300591786
datasets\data\test\Normal\valid_Image102.jpeg,Normal,4,4,Normal,0.06284942602117856,0.0744513434668382,0.04882922520240148,0.049468892316023506,0.6582042972246805,0.05271454403797785,0.05348228414853414
datasets\data\test\Normal\valid_Image114.jpeg,Normal,4,4,Normal,0.05782322585582733,0.05591617524623871,0.04727028186122576,0.04837284733851751,0.7020101547241211,0.04177872588237127,0.046828569223483406
datasets\data\test\Normal\valid_Image119.jpeg,Normal,4,4,Normal,0.04725367700060209,0.05692401404182116,0.04772389183441798,0.04686814298232397,0.711382786432902,0.04748615622520447,0.04236131409804026
datasets\data\test\Normal\valid_Image136.jpeg,Normal,4,4,Normal,0.04085327684879303,0.04861360415816307,0.04789705201983452,0.0454958180586497,0.7256550987561544,0.043791176130374275,0.047693975269794464
datasets\data\test\Normal\valid_Image141.jpeg,Normal,4,4,Normal,0.04787989209095637,0.062346129367748894,0.04777104531725248,0.04409619296590487,0.7184901634852091,0.036891370390852295,0.04252517595887184
datasets\data\test\Normal\valid_Image163.jpeg,Normal,4,4,Normal,0.04997580498456955,0.05313416322072347,0.04601104060808817,0.0539914978047212,0.68357386191686,0.05276038870215416,0.06055324897170067
datasets\data\test\Normal\valid_Image176.jpeg,Normal,4,4,Normal,0.045899892846743263,0.052097885559002556,0.053960332026084266,0.058113706608613334,0.6692147850990295,0.056490315745274224,0.06422306969761848
datasets\data\test\Normal\valid_Image179.jpeg,Normal,4,4,Normal,0.04636676671604315,0.05033304418126742,0.04315191258986791,0.050275819996992745,0.7146459420522054,0.05175347129503886,0.043473011503616966
datasets\data\test\Normal\valid_Image180.jpeg,Normal,4,4,Normal,0.0448488083978494,0.05357922613620758,0.06402806813518207,0.05112216994166374,0.6881125171979269,0.04690755158662796,0.05140161762634913
datasets\data\test\Normal\valid_Image49.jpeg,Normal,4,4,Normal,0.07078937937815984,0.05724269772569338,0.04400144393245379,0.0490851861735185,0.679132342338562,0.0514720119535923,0.04827693228920301
datasets\data\test\Normal\valid_Image56.jpeg,Normal,4,4,Normal,0.048440853133797646,0.05728556836644808,0.0518528421719869,0.048196458568175636,0.7003716826438904,0.04719314227501551,0.046659465258320175
datasets\data\test\Normal\valid_Image71.jpeg,Normal,4,4,Normal,0.06109907726446787,0.0481768473982811,0.04607254142562548,0.051134695609410606,0.694606880346934,0.048110382010539375,0.050799643620848656
datasets\data\test\Normal\valid_Image96.jpeg,Normal,4,4,Normal,0.04608588417371114,0.044897625843683876,0.051582458118597664,0.045272281393408775,0.7134589354197184,0.04114625478784243,0.05755658447742462
datasets\data\test\Psoriasis\test_08sebKerm1122046.jpg,Psoriasis,5,0,Acne,0.3282714846233527,0.044879416624704994,0.1623869091272354,0.04329222316543261,0.04395269354184469,0.29516619940598804,0.08205105861028035
datasets\data\test\Psoriasis\test_Lichen-Planus-Drug-28.jpg,Psoriasis,5,3,NailFungus,0.0967593677341938,0.04596237031122049,0.05239069648087025,0.6204516887664795,0.04158994245032469,0.10134378323952357,0.041502185786763825
datasets\data\test\Psoriasis\test_lichen-planus-vaginal-9.jpg,Psoriasis,5,6,Tinea,0.03865119318167368,0.19217207034428915,0.0348257627338171,0.04426366090774536,0.045426459362109504,0.16325352837642035,0.4814072946707408
datasets\data\test\Psoriasis\test_Lichen-Sclerosus-Skin-127.jpg,Psoriasis,5,5,Psoriasis,0.037048954516649246,0.030080557490388554,0.07508823710183303,0.040783180544773735,0.03108999878168106,0.7285284797350565,0.057380590587854385
datasets\data\test\Psoriasis\test_Lichen-Sclerosus-Skin-90.jpg,Psoriasis,5,5,Psoriasis,0.1442016096164783,0.05605790143211683,0.08397510771950085,0.03213186624149481,0.049669683600465454,0.41217194000879925,0.22179187585910162
datasets\data\test\Psoriasis\test_pityriasis-rosea-143.jpg,Psoriasis,5,5,Psoriasis,0.033347053453326225,0.03401878476142883,0.1448806052406629,0.026546163794895012,0.03222930307189623,0.6689352989196777,0.0600427600244681
datasets\data\test\Psoriasis\test_pityriasis-rosea-191.jpg,Psoriasis,5,5,Psoriasis,0.04384381013611952,0.03859123152991136,0.18595407406489053,0.03862597793340683,0.03977145999670029,0.5952297250429789,0.0579837542027235
datasets\data\test\Psoriasis\test_pityriasis-rubra-pilaris-1.jpg,Psoriasis,5,5,Psoriasis,0.03912763173381487,0.0429057472695907,0.05203585202495257,0.04675011647244295,0.04168279406925043,0.7453920443852743,0.03210581714908282
datasets\data\test\Psoriasis\test_pityriasis-rubra-pilaris-13.jpg,Psoriasis,5,5,Psoriasis,0.04958538214365641,0.042618412524461746,0.07600379238526027,0.03722932313879331,0.041896951695283256,0.6863061189651489,0.06636000797152519
datasets\data\test\Psoriasis\test_pityriasis-rubra-pilaris-49.jpg,Psoriasis,5,5,Psoriasis,0.04725799337029457,0.04528031125664711,0.05380014578501383,0.040440771728754044,0.03928493149578571,0.6366503437360128,0.137285515666008
datasets\data\test\Psoriasis\test_Psoriasis-Histology-4.jpg,Psoriasis,5,5,Psoriasis,0.19642276813586554,0.05179492384195328,0.23476766422390938,0.15141002337137857,0.07530138765772183,0.2552813117702802,0.03502196446061134
datasets\data\test\Psoriasis\test_scalp-psoriasis-0003__ProtectWyJQcm90ZWN0Il0_FocusFillWzI5NCwyMjIsIngiLDFd.jpeg,Psoriasis,5,5,Psoriasis,0.06209825724363327,0.036487601697444916,0.04472340395053228,0.04103359021246433,0.05320295691490173,0.7008033990859985,0.06165077164769173
datasets\data\test\Psoriasis\test_scalp-psoriasis-0006__ProtectWyJQcm90ZWN0Il0_FocusFillWzI5NCwyMjIsIngiLDFd.jpeg,Psoriasis,5,5,Psoriasis,0.05298283199469248,0.05702132793764273,0.07382980734109879,0.049709332485993706,0.09751443875332673,0.5705325603485107,0.0984096887211005
datasets\data\test\Psoriasis\test_seborrheic-dermatitis-129.jpg,Psoriasis,5,5,Psoriasis,0.06302435075243314,0.025634591778119404,0.04950159043073654,0.022693924605846405,0.02652977655331294,0.6281106472015381,0.18450511743625006
datasets\data\test\Psoriasis\test_seborrheic-dermatitis-15.jpg,Psoriasis,5,5,Psoriasis,0.0740386148293813,0.03819727338850498,0.12092143297195435,0.036610386023918785,0.03903802918891112,0.6586122512817383,0.03258203280468782
datasets\data\test\Psoriasis\train_08PsoriasisPitting1.jpg,Psoriasis,5,3,NailFungus,0.04844789579510689,0.054917545368274055,0.038210747142632805,0.4956247806549072,0.04537320633729299,0.26757873098055523,0.04984710241357485
datasets\data\test\Psoriasis\train_08SebDermEAr.jpg,Psoriasis,5,5,Psoriasis,0.24660465369621912,0.04420799513657888,0.12785899142424265,0.07025545959671338,0.0439800371726354,0.43186089893182117,0.03523194541533788
datasets\data\test\Psoriasis\train_08sebDermEar031306.jpg,Psoriasis,5,5,Psoriasis,0.04881174365679423,0.04126802459359169,0.12936505054434141,0.06621851275364558,0.041709582010904946,0.6378041505813599,0.034822930892308555
datasets\data\test\Psoriasis\train_08SebDermPresternal063002.jpg,Psoriasis,5,2,Eczema,0.04963080212473869,0.03096478059887886,0.4073252926270167,0.0932404063642025,0.03695745145281156,0.27229899168014526,0.10958228260278702
datasets\data\test\Psoriasis\train_08sebDermScalp111308.jpg,Psoriasis,5,5,Psoriasis,0.026174310439576704,0.028797592036426067,0.0454257990544041,0.045082129538059235,0.033534919222195946,0.7865455150604248,0.034439751878380775
datasets\data\test\Psoriasis\train_08SebDermScalp3.jpg,Psoriasis,5,5,Psoriasis,0.035126875465114914,0.041715905691186585,0.08865856751799583,0.04060640434424082,0.042855637768904366,0.6872303088506063,0.06380629291137059
datasets\data\test\Psoriasis\train_08TineaAmiantacea.jpg,Psoriasis,5,5,Psoriasis,0.02800254166747133,0.03512094356119633,0.06280619837343693,0.04355443889896075,0.03773333256443342,0.7509821852048238,0.04180039744824171
datasets\data\test\Psoriasis\train_Axillary-Granular-Parakeratosis-4.jpg,Psoriasis,5,6,Tinea,0.03940484765917063,0.1293402500450611,0.2343823512395223,0.04211322714885076,0.04829068978627523,0.09963143865267436,0.40683719515800476
datasets\data\test\Psoriasis\train_Axillary-Granular-Parakeratosis-6.jpg,Psoriasis,5,2,Eczema,0.04125668356815974,0.21144967464109263,0.484628364443779,0.036627973119417824,0.0433533638715744,0.07937559609611829,0.10330835357308388
datasets\data\test\Psoriasis\train_Axillary-Granular-Parakeratosis-7.jpg,Psoriasis,5,2,Eczema,0.05490458756685257,0.18013679484526315,0.43502411246299744,0.04428605983654658,0.04945065329472224,0.15745040774345398,0.07874740039308865
datasets\data\test\Psoriasis\train_lichen-planus-20.jpg,Psoriasis,5,3,NailFungus,0.039684128016233444,0.04545255998770396,0.22544040903449059,0.5095122555891672,0.038835927844047546,0.10047061741352081,0.04060410211483637
datasets\data\test\Psoriasis\train_lichen-planus-204.jpg,Psoriasis,5,3,NailFungus,0.03633633007605871,0.03858977804581324,0.047500779231389366,0.622005025545756,0.04212407891949018,0.10779886444409688,0.10564516236384709
datasets\data\test\Psoriasis\train_Lichen-Planus-Drug-14.jpg,Psoriasis,5,6,Tinea,0.0710774411757787,0.042027383421858154,0.27890657881895703,0.047292477140824,0.08703382934133212,0.13678464790185293,0.33687763412793476
datasets\data\test\Psoriasis\train_Lichen-Planus-Drug-16.jpg,Psoriasis,5,2,Eczema,0.19024894634882608,0.036738513658444084,0.4671158666412036,0.04219827428460121,0.04444836204250654,0.13912748421231905,0.08012254287799199
datasets\data\test\Psoriasis\train_Lichen-Planus-Drug-23.jpg,Psoriasis,5,5,Psoriasis,0.04299351883431276,0.04110275891919931,0.14662616699934006,0.04695392772555351,0.0523273174961408,0.44477282961209613,0.2252235064903895
datasets\data\test\Psoriasis\train_Lichen-Planus-Drug-7.jpg,Psoriasis,5,5,Psoriasis,0.04517000479002794,0.04256577230989933,0.07530046626925468,0.0547642856836319,0.040403079241514206,0.7025712927182516,0.03922512692709764
datasets\data\test\Psoriasis\train_Lichen-Planus-Drug-8.jpg,Psoriasis,5,5,Psoriasis,0.03220150743921598,0.04604934466381868,0.10427893698215485,0.031959726164738335,0.04252013502021631,0.674493670463562,0.06849666188160579
datasets\data\test\Psoriasis\train_Lichen-Planus-Oral-37.jpg,Psoriasis,5,5,Psoriasis,0.03758660517632961,0.03061330070098241,0.03894139019151529,0.034968884040911995,0.03137139075746139,0.7956411043802897,0.030877307678262394
datasets\data\test\Psoriasis\train_Lichen-Planus-Oral-46.jpg,Psoriasis,5,5,Psoriasis,0.04839924412469069,0.0373629213621219,0.03553545971711477,0.04046579636633396,0.034824396794041,0.7504883607228597,0.05292375882466634
datasets\data\test\Psoriasis\train_Lichen-Planus-Oral-7.jpg,Psoriasis,5,5,Psoriasis,0.040348596250017486,0.14845533296465874,0.04351716488599777,0.05819351722796758,0.042055576418836914,0.6088796555995941,0.05855016658703486
datasets\data\test\Psoriasis\train_Lichen-Planus-Palm-Soles-7.jpg,Psoriasis,5,5,Psoriasis,0.04399937887986501,0.04783909674733877,0.05790127441287041,0.04069283542533716,0.045442188158631325,0.4111776252587636,0.35294755548238754
datasets\data\test\Psoriasis\train_lichen-planus-vaginal-8.jpg,Psoriasis,5,5,Psoriasis,0.04025061863164107,0.03067043547828992,0.04761497055490812,0.039954074348012604,0.03701693067948023,0.7683625817298889,0.036130315313736595
datasets\data\test\Psoriasis\train_Lichen-Sclerosis-Vulva-22.jpg,Psoriasis,5,5,Psoriasis,0.04424695856869221,0.035540079697966576,0.06586497649550438,0.03879448088506857,0.03597127211590608,0.7497521241505941,0.02983009380598863
datasets\data\test\Psoriasis\train_Lichen-Sclerosis-Vulva-29.jpg,Psoriasis,5,5,Psoriasis,0.07818932210405667,0.04108573620518049,0.12812198946873346,0.10947061950961749,0.051795098930597305,0.4572853744029999,0.13405181219180426
datasets\data\test\Psoriasis\train_Lichen-Sclerosis-Vulva-8.jpg,Psoriasis,5,5,Psoriasis,0.06568804383277893,0.07523020605246226,0.1313586582740148,0.06481850892305374,0.057631383339564,0.47481289009253186,0.13046029830972353
datasets\data\test\Psoriasis\train_Lichen-Sclerosis-Vulva-9.jpg,Psoriasis,5,5,Psoriasis,0.046679711590210594,0.11897289752960205,0.28864802916844684,0.037797333051760994,0.0559722272058328,0.3288412193457286,0.12308857341607411
datasets\data\test\Psoriasis\train_Lichen-Sclerosus-Penis-2.jpg,Psoriasis,5,5,Psoriasis,0.04920946185787519,0.054095180705189705,0.04308245455225309,0.04163038947929939,0.03961272910237312,0.7319583495457967,0.040411425133546196
datasets\data\test\Psoriasis\train_Lichen-Sclerosus-Penis-28.jpg,Psoriasis,5,5,Psoriasis,0.03905387409031391,0.03713287537296613,0.05580243095755577,0.06478109086553256,0.03673633622626463,0.7367674311002096,0.02972599646697442
datasets\data\test\Psoriasis\train_Lichen-Sclerosus-Penis-44.jpg,Psoriasis,5,5,Psoriasis,0.047257826973994575,0.04419598107536634,0.07181212181846301,0.05085745081305504,0.043460167944431305,0.6967449982961019,0.045671443144480385
datasets\data\test\Psoriasis\train_Lichen-Sclerosus-Skin-104.jpg,Psoriasis,5,5,Psoriasis,0.05299789893130461,0.030267852048079174,0.12533077349265417,0.09889812146623929,0.0424872562289238,0.4213588237762451,0.22865925977627435
datasets\data\test\Psoriasis\train_Lichen-Sclerosus-Skin-105.jpg,Psoriasis,5,6,Tinea,0.057201833774646126,0.04316935750345389,0.06270609050989151,0.04809378211696943,0.04204106703400612,0.27921795348326367,0.46756988763809204
datasets\data\test\Psoriasis\train_Lichen-Sclerosus-Skin-108.jpg,Psoriasis,5,5,Psoriasis,0.05009832854072253,0.050622900327046715,0.0590228425959746,0.15519671514630318,0.04630419487754504,0.4431798458099365,0.19557515904307365
datasets\data\test\Psoriasis\train_Lichen-Sclerosus-Skin-11.jpg,Psoriasis,5,5,Psoriasis,0.05082058161497116,0.042189481357733406,0.07747293760379155,0.03898079755405585,0.03771775091687838,0.616890549659729,0.13592793544133505
datasets\data\test\Psoriasis\train_Lichen-Sclerosus-Skin-128.jpg,Psoriasis,5,5,Psoriasis,0.03176671452820301,0.03538816546400388,0.05939661463101705,0.06471692956984043,0.03777076552311579,0.6204522848129272,0.15050858135024706
datasets\data\test\Psoriasis\train_Lichen-Sclerosus-Skin-24.jpg,Psoriasis,5,5,Psoriasis,0.07802016288042068,0.027671141549944878,0.02985280690093835,0.037599571670095124,0.02771271423747142,0.7513376474380493,0.047805952529112496
datasets\data\test\Psoriasis\train_Lichen-Sclerosus-Skin-66.jpg,Psoriasis,5,5,Psoriasis,0.03548532444983721,0.034014888728658356,0.16385608166456223,0.05775157921016216,0.03883978103597959,0.5604578951994578,0.10959443201621373
datasets\data\test\Psoriasis\train_Lichen-Sclerosus-Skin-67.jpg,Psoriasis,5,5,Psoriasis,0.06432523330052693,0.040271478394667305,0.061689022928476334,0.06036849940816561,0.052637737865249314,0.6742516358693441,0.046456437557935715
datasets\data\test\Psoriasis\train_Lichen-Sclerosus-Skin-77.jpg,Psoriasis,5,5,Psoriasis,0.08037868390480678,0.038473243514696755,0.1049765261511008,0.04456411426266035,0.027139362568656605,0.6642612814903259,0.04020674588779608
datasets\data\test\Psoriasis\train_Lichen-Sclerosus-Skin-89.jpg,Psoriasis,5,5,Psoriasis,0.04200136847794056,0.04676063358783722,0.11510469516118367,0.04347093775868416,0.0386943860600392,0.5747408866882324,0.13922706743081412
datasets\data\test\Psoriasis\train_Lichen-Sclerosus-Skin-93.jpg,Psoriasis,5,5,Psoriasis,0.03474314231425524,0.03581503902872404,0.21551105876763663,0.06545716989785433,0.03426620612541834,0.44297345479329425,0.1712339036166668
datasets\data\test\Psoriasis\train_Pityriasis-Lichenoides-15.jpg,Psoriasis,5,5,Psoriasis,0.03428800590336323,0.029345278938611347,0.04248989187180996,0.042433430130283036,0.03367264227320751,0.7795036832491556,0.03826705738902092
datasets\data\test\Psoriasis\train_Pityriasis-Lichenoides-18.jpg,Psoriasis,5,5,Psoriasis,0.05573363664249579,0.050970084965229034,0.08437073975801468,0.05042653282483419,0.04638124878207842,0.6020197669665018,0.11009796150028706
datasets\data\test\Psoriasis\train_Pityriasis-Lichenoides-28.jpg,Psoriasis,5,5,Psoriasis,0.028675391649206478,0.03640725960334142,0.07950919369856517,0.047365957871079445,0.03366842524458965,0.7185841997464498,0.05578953896959623
datasets\data\test\Psoriasis\train_Pityriasis-Lichenoides-42.jpg,Psoriasis,5,5,Psoriasis,0.045720216507713,0.03696267679333687,0.0928506428996722,0.030696963270505268,0.03697399112085501,0.6063122550646464,0.15048322081565857
datasets\data\test\Psoriasis\train_Pityriasis-Lichenoides-52.jpg,Psoriasis,5,5,Psoriasis,0.1344218502442042,0.0527046670516332,0.10237591713666916,0.10344217345118523,0.054402449478705726,0.47477831443150836,0.07787462323904037
datasets\data\test\Psoriasis\train_Pityriasis-Lichenoides-8.jpg,Psoriasis,5,5,Psoriasis,0.0713153878847758,0.04736664022008578,0.10232077290614446,0.11644834031661351,0.04634210715691248,0.5671941339969635,0.049012639870246254
datasets\data\test\Psoriasis\train_pityriasis-rosea-1.jpg,Psoriasis,5,5,Psoriasis,0.03177667890364925,0.029474522297581036,0.05432466665903727,0.03738963231444359,0.03862378125389417,0.693447490533193,0.11496323098738988
datasets\data\test\Psoriasis\train_pityriasis-rosea-10.jpg,Psoriasis,5,5,Psoriasis,0.05001684774955114,0.04845074564218521,0.05756755918264389,0.0786511084685723,0.04567952205737432,0.568323940038681,0.15131024767955145
datasets\data\test\Psoriasis\train_pityriasis-rosea-112.jpg,Psoriasis,5,5,Psoriasis,0.030244286482532818,0.04178293918569883,0.08976060524582863,0.04870840099950632,0.04338338846961657,0.694044828414917,0.05207556361953417
datasets\data\test\Psoriasis\train_pityriasis-rosea-117.jpg,Psoriasis,5,5,Psoriasis,0.06773884283999602,0.04159307728211085,0.050199600557486214,0.04358239099383354,0.04051012173295021,0.5468941231568655,0.20948179066181183
datasets\data\test\Psoriasis\train_pityriasis-rosea-119.jpg,Psoriasis,5,5,Psoriasis,0.07151312846690416,0.031091006783147652,0.19144190102815628,0.034264037696023784,0.029975843615829945,0.5977380871772766,0.04397598591943582
datasets\data\test\Psoriasis\train_pityriasis-rosea-162.jpg,Psoriasis,5,5,Psoriasis,0.04194004461169243,0.04815176439781984,0.1009689395626386,0.04320609072844187,0.0450291633605957,0.663352350393931,0.05735159913698832
datasets\data\test\Psoriasis\train_pityriasis-rosea-184.jpg,Psoriasis,5,5,Psoriasis,0.057845031221707664,0.04315103404223919,0.19729363918304443,0.041216942792137466,0.04540328991909822,0.540189524491628,0.07490051786104839
datasets\data\test\Psoriasis\train_pityriasis-rosea-185.jpg,Psoriasis,5,2,Eczema,0.037318396692474685,0.042801820362607636,0.4847370634476344,0.052240400264660515,0.048784807324409485,0.2552388608455658,0.07887865230441093
datasets\data\test\Psoriasis\train_pityriasis-rosea-2.jpg,Psoriasis,5,5,Psoriasis,0.03412570742269357,0.044550273567438126,0.05187255765000979,0.049029974887768425,0.04551815614104271,0.6843457023302714,0.09055761123696963
datasets\data\test\Psoriasis\train_pityriasis-rubra-pilaris-12.jpg,Psoriasis,5,5,Psoriasis,0.04384558896223704,0.04125607758760452,0.12146259471774101,0.06585534662008286,0.036565990497668587,0.5966491997241974,0.09436521927515666
datasets\data\test\Psoriasis\train_pityriasis-rubra-pilaris-16.jpg,Psoriasis,5,5,Psoriasis,0.037174297496676445,0.04971502907574177,0.07023750742276509,0.05055924349774917,0.0465633732577165,0.6794020334879557,0.06634849806626637
datasets\data\test\Psoriasis\train_pityriasis-rubra-pilaris-32.jpg,Psoriasis,5,5,Psoriasis,0.059418549140294395,0.05338921522100767,0.1335242117444674,0.10068763295809428,0.04620873679717382,0.4304869969685872,0.17628467828035355
datasets\data\test\Psoriasis\train_pityriasis-rubra-pilaris-35.jpg,Psoriasis,5,2,Eczema,0.045047045374910034,0.043468866497278214,0.39568644762039185,0.0431297750522693,0.04887273286779722,0.17482314382990202,0.24897202601035437
datasets\data\test\Psoriasis\train_pityriasis-rubra-pilaris-38.jpg,Psoriasis,5,5,Psoriasis,0.03698400563249985,0.04291352008779844,0.05997756247719129,0.0559500635912021,0.04636188161869844,0.6923839251200358,0.06542905047535896
datasets\data\test\Psoriasis\train_pityriasis-rubra-pilaris-56.jpg,Psoriasis,5,5,Psoriasis,0.0357373266791304,0.04267866971592108,0.07273597766955693,0.04802968663473924,0.046520848448077835,0.5160178442796072,0.23827962825695673
datasets\data\test\Psoriasis\train_Psoriasis-Anus-17.jpeg,Psoriasis,5,5,Psoriasis,0.029009762530525524,0.041118294621507324,0.1306200741479794,0.03842867165803909,0.03904119382301966,0.6812923550605774,0.04048963636159897
datasets\data\test\Psoriasis\train_Psoriasis-Anus-6.jpg,Psoriasis,5,2,Eczema,0.12325534597039223,0.04232841109236082,0.496292104323705,0.042718359579642616,0.042834594224890075,0.10708620399236679,0.14548496901988983
datasets\data\test\Psoriasis\train_Psoriasis-Cellulitis-2.jpeg,Psoriasis,5,5,Psoriasis,0.051673256792128086,0.03409286433209976,0.04511070251464844,0.036064079497009516,0.038657365987698235,0.7618265549341837,0.03257516833643118
datasets\data\test\Psoriasis\train_Psoriasis-Chronic-Plaque-101.jpeg,Psoriasis,5,5,Psoriasis,0.03498243850966295,0.03744205894569556,0.1846014695862929,0.0463622584939003,0.0400631216665109,0.5724931160608927,0.0840555193523566
datasets\data\test\Psoriasis\train_Psoriasis-Chronic-Plaque-104.jpeg,Psoriasis,5,2,Eczema,0.04538313796122869,0.045859307050704956,0.694211999575297,0.04709698632359505,0.0474872887134552,0.049243388697505,0.07071787491440773
datasets\data\test\Psoriasis\train_Psoriasis-Chronic-Plaque-108.jpeg,Psoriasis,5,5,Psoriasis,0.05429059391220411,0.0359138927112023,0.17841344078381857,0.10378020753463109,0.04093403369188309,0.5047311782836914,0.08193663756052653
datasets\data\test\Psoriasis\train_Psoriasis-Chronic-Plaque-11.jpeg,Psoriasis,5,5,Psoriasis,0.038550395208100476,0.03479196969419718,0.04487526168425878,0.04592123068869114,0.038471588864922523,0.7576320171356201,0.03975750878453255
datasets\data\test\Psoriasis\train_Psoriasis-Chronic-Plaque-110.jpeg,Psoriasis,5,5,Psoriasis,0.030442045380671818,0.03860190883278847,0.15386121223370233,0.04394616559147835,0.04160452758272489,0.6393478512763977,0.052196274201075234
datasets\data\test\Psoriasis\train_Psoriasis-Chronic-Plaque-112.jpeg,Psoriasis,5,5,Psoriasis,0.040243109688162804,0.04178578965365887,0.14708935221036276,0.04135566515227159,0.043224447717269264,0.651650627454122,0.0346509904290239
datasets\data\test\Psoriasis\train_Psoriasis-Chronic-Plaque-113.jpeg,Psoriasis,5,5,Psoriasis,0.04760320112109184,0.045936894292632736,0.046930097664395966,0.10039695352315903,0.050010876109202705,0.6488761901855469,0.0602458193898201
datasets\data\test\Psoriasis\train_Psoriasis-Chronic-Plaque-122.jpeg,Psoriasis,5,2,Eczema,0.04048041378458341,0.04837029551466306,0.4748026529947917,0.0872368390361468,0.052107336620489754,0.21316923201084137,0.08383320644497871
datasets\data\test\Psoriasis\train_Psoriasis-Chronic-Plaque-127.jpeg,Psoriasis,5,5,Psoriasis,0.0422256700694561,0.039046578109264374,0.12184337650736173,0.04798025513688723,0.041243833800156914,0.6432823340098063,0.06437796478470166
datasets\data\test\Psoriasis\train_Psoriasis-Chronic-Plaque-128.jpeg,Psoriasis,5,5,Psoriasis,0.032039519088963665,0.039557088166475296,0.14460821449756622,0.04761716164648533,0.042784677197535835,0.5272325575351715,0.16616073995828629
datasets\data\test\Psoriasis\train_Psoriasis-Chronic-Plaque-132.jpeg,Psoriasis,5,5,Psoriasis,0.05143417790532112,0.07647187138597171,0.2546519587437312,0.06453286235531171,0.054450721790393196,0.3390609671672185,0.15939744810263315
datasets\data\test\Psoriasis\train_Psoriasis-Chronic-Plaque-141.jpeg,Psoriasis,5,5,Psoriasis,0.039902991304794945,0.03804123649994532,0.10276985789338748,0.06394040957093239,0.053865003089110054,0.6529970566431681,0.04848343568543593
datasets\data\test\Psoriasis\train_Psoriasis-Chronic-Plaque-149.jpg,Psoriasis,5,5,Psoriasis,0.03617258742451668,0.037630763525764145,0.16470826417207718,0.04515394444266955,0.0387530525525411,0.6518446008364359,0.025736792323489983
datasets\data\test\Psoriasis\train_Psoriasis-Chronic-Plaque-154.jpg,Psoriasis,5,5,Psoriasis,0.031778846867382526,0.03444416510562102,0.16418462495009103,0.045995245377222695,0.039615871384739876,0.6579299370447794,0.02605131020148595
datasets\data\test\Psoriasis\train_Psoriasis-Chronic-Plaque-161.jpeg,Psoriasis,5,5,Psoriasis,0.031104883489509422,0.03245401537666718,0.12075715015331905,0.03287835201869408,0.03240084151426951,0.7202451626459757,0.030159547304113705
datasets\data\test\Psoriasis\train_Psoriasis-Chronic-Plaque-178.jpeg,Psoriasis,5,5,Psoriasis,0.048517134661475815,0.04769977182149887,0.05029947807391485,0.056987132877111435,0.04945030249655247,0.6894245545069376,0.0576216404636701
datasets\data\test\Psoriasis\train_Psoriasis-Chronic-Plaque-187.jpeg,Psoriasis,5,5,Psoriasis,0.037848516600206494,0.03935442492365837,0.03373392609258493,0.03930444751555721,0.037381363256524004,0.7783581217130026,0.0340191600844264
datasets\data\test\Psoriasis\train_Psoriasis-Chronic-Plaque-189.jpeg,Psoriasis,5,5,Psoriasis,0.03124290456374486,0.042177351812521614,0.053400022288163505,0.045361949130892754,0.04438221827149391,0.7144998709360758,0.06893562152981758
datasets\data\test\Psoriasis\train_Psoriasis-Chronic-Plaque-90.jpeg,Psoriasis,5,5,Psoriasis,0.044524734218915306,0.06190498794118563,0.3121264974276225,0.06488287821412086,0.050415498514970146,0.38013583421707153,0.08600960796078046
datasets\data\test\Psoriasis\train_Psoriasis-Chronic-Plaque-98.jpeg,Psoriasis,5,5,Psoriasis,0.05198925888786713,0.03665069863200188,0.3095168670018514,0.040192147716879845,0.038899448389808335,0.4810478885968526,0.04170370536545912
datasets\data\test\Psoriasis\train_psoriasis-digits-2.jpeg,Psoriasis,5,5,Psoriasis,0.030683156102895737,0.03473900196452936,0.07040129105250041,0.05610371815661589,0.03908005108435949,0.732998808224996,0.03599396596352259
datasets\data\test\Psoriasis\train_psoriasis-digits-3.jpeg,Psoriasis,5,2,Eczema,0.03846484236419201,0.0413771066814661,0.7183427611986796,0.047916339710354805,0.043912762155135475,0.0522359237074852,0.05775028467178345
datasets\data\test\Psoriasis\train_psoriasis-erythrodermic-1.jpeg,Psoriasis,5,5,Psoriasis,0.035169728410740696,0.045080261304974556,0.04594802732268969,0.04600037448108196,0.04367429856210947,0.7450927495956421,0.039034528657794
datasets\data\test\Psoriasis\train_psoriasis-erythrodermic-21.jpeg,Psoriasis,5,5,Psoriasis,0.03314955656727155,0.04553896809617678,0.04849992444117864,0.050916908929745354,0.04418572907646497,0.7339226802190145,0.04378622335692247
datasets\data\test\Psoriasis\train_Psoriasis-Guttate-104.jpeg,Psoriasis,5,5,Psoriasis,0.05499325506389141,0.0400569566215078,0.060267788668473564,0.04161256365478039,0.04921994234124819,0.7212205131848654,0.03262893296778202
datasets\data\test\Psoriasis\train_Psoriasis-Guttate-111.jpeg,Psoriasis,5,5,Psoriasis,0.04309652869900068,0.04729578147331873,0.043457530438899994,0.04457724218567213,0.052820528546969094,0.6096866329511007,0.15906575322151184
datasets\data\test\Psoriasis\train_Psoriasis-Guttate-123.jpeg,Psoriasis,5,5,Psoriasis,0.044702588890989624,0.0425287876278162,0.0671993022163709,0.040312387670079865,0.046308921029170357,0.6884386738141378,0.07050933875143528
datasets\data\test\Psoriasis\train_Psoriasis-Guttate-57.jpeg,Psoriasis,5,5,Psoriasis,0.03633554962774118,0.03396900184452534,0.06091379436353842,0.048155744870503746,0.03923005238175392,0.7160183389981588,0.0653775359193484
datasets\data\test\Psoriasis\train_Psoriasis-Guttate-62.jpeg,Psoriasis,5,5,Psoriasis,0.037338923352460064,0.03653116896748543,0.06527527545889218,0.045059505850076675,0.04456779112418493,0.6047653953234354,0.16646191974480948
datasets\data\test\Psoriasis\train_Psoriasis-Hand-38.jpeg,Psoriasis,5,5,Psoriasis,0.03943429080148538,0.03869808899859587,0.06716117014487584,0.04174464009702206,0.03657647284368674,0.7395468552907308,0.0368384945516785
datasets\data\test\Psoriasis\train_Psoriasis-Hand-45.jpeg,Psoriasis,5,2,Eczema,0.042721533526976906,0.04259121728440126,0.5095705687999725,0.03849206833789746,0.039279848958055176,0.27261776228745777,0.05472702284653982
datasets\data\test\Psoriasis\train_Psoriasis-Hand-47.jpg,Psoriasis,5,2,Eczema,0.04670304184158643,0.04497360313932101,0.38414109249909717,0.053515284011761345,0.04634470368425051,0.3735731691122055,0.05074910447001457
datasets\data\test\Psoriasis\train_Psoriasis-Hand-5.jpeg,Psoriasis,5,2,Eczema,0.038312542562683426,0.047326233237981796,0.5200263261795044,0.043958848963181175,0.04367905110120773,0.2270864099264145,0.07961061969399452
datasets\data\test\Psoriasis\train_Psoriasis-Hand-6.jpeg,Psoriasis,5,2,Eczema,0.03867101358870665,0.04036355142792066,0.6822838385899862,0.040739813819527626,0.043312765657901764,0.06645091995596886,0.08817811806996663
datasets\data\test\Psoriasis\train_Psoriasis-Histology-18.jpg,Psoriasis,5,5,Psoriasis,0.0475377906113863,0.04063272476196289,0.19891559705138206,0.049013043443361916,0.04576783006389936,0.589191714922587,0.02894129945586125
datasets\data\test\Psoriasis\train_Psoriasis-HIV-3.jpeg,Psoriasis,5,2,Eczema,0.04191889241337776,0.029766138643026352,0.4144989103078842,0.035605791956186295,0.032369464014967285,0.36105847358703613,0.0847823719183604
datasets\data\test\Psoriasis\train_Psoriasis-infant-4.jpeg,Psoriasis,5,5,Psoriasis,0.05373083303372065,0.08717626457413037,0.04210950434207916,0.06773763770858447,0.06806775430838267,0.5884398420651754,0.09273817762732506
datasets\data\test\Psoriasis\train_Psoriasis-inversus-30.jpeg,Psoriasis,5,6,Tinea,0.043211190650860466,0.04461322476466497,0.05615513399243355,0.0409016323586305,0.041661893328030906,0.05471100782354673,0.7187458674112955
datasets\data\test\Psoriasis\train_Psoriasis-nails-15.jpeg,Psoriasis,5,5,Psoriasis,0.05151999120910963,0.04138994216918945,0.13180370877186456,0.04043221411605676,0.08246307820081711,0.5465827286243439,0.10580834001302719
datasets\data\test\Psoriasis\train_Psoriasis-nails-20.jpeg,Psoriasis,5,3,NailFungus,0.04805669312675794,0.056840311735868454,0.03856040785710017,0.5555557608604431,0.05040005470315615,0.19006402293841043,0.0605227400859197
datasets\data\test\Psoriasis\train_Psoriasis-nails-8.jpeg,Psoriasis,5,3,NailFungus,0.051941910137732826,0.05196864033738772,0.05941894898811976,0.6741108695665995,0.050248123705387115,0.06651415800054868,0.04579738217095534
datasets\data\test\Psoriasis\train_psoriasis-palms-soles-111.jpeg,Psoriasis,5,5,Psoriasis,0.03995019073287646,0.03828749060630798,0.23581843078136444,0.02800695163508256,0.032468258092800774,0.5945156017939249,0.030953082566459972
datasets\data\test\Psoriasis\train_psoriasis-palms-soles-121.jpeg,Psoriasis,5,5,Psoriasis,0.0376695953309536,0.04075517194966475,0.21017676840225855,0.03052701335400343,0.03732923480371634,0.5705823997656504,0.07295984774827957
datasets\data\test\Psoriasis\train_psoriasis-palms-soles-13.jpg,Psoriasis,5,5,Psoriasis,0.04476270141700903,0.049743043879667916,0.16180845350027084,0.04385707899928093,0.05155496423443159,0.6114342013994852,0.036839586993058525
datasets\data\test\Psoriasis\train_psoriasis-palms-soles-136.jpeg,Psoriasis,5,2,Eczema,0.042275846004486084,0.04416347543398539,0.614511122306188,0.03798361991842588,0.04151085329552492,0.17996525764465332,0.03958983470996221
datasets\data\test\Psoriasis\train_psoriasis-palms-soles-14.jpeg,Psoriasis,5,2,Eczema,0.03691837005317211,0.045402747889359794,0.6574094096819559,0.03588655715187391,0.05181643987695376,0.1091987614830335,0.06336768219868343
datasets\data\test\Psoriasis\train_psoriasis-palms-soles-144.jpeg,Psoriasis,5,5,Psoriasis,0.03598881574968497,0.0486195000509421,0.17630930369098982,0.04206556702653567,0.04656183595458666,0.5943116446336111,0.05614332606395086
datasets\data\test\Psoriasis\train_psoriasis-palms-soles-145.jpeg,Psoriasis,5,5,Psoriasis,0.029415030032396317,0.03294298363228639,0.11918178324898084,0.03558770567178726,0.0348503136386474,0.7184105118115743,0.029611659701913595
datasets\data\test\Psoriasis\train_psoriasis-palms-soles-178.jpeg,Psoriasis,5,5,Psoriasis,0.03384233514467875,0.036838860561450325,0.22234250356753668,0.027889930332700413,0.03548611762622992,0.618312398592631,0.025287828718622524
datasets\data\test\Psoriasis\train_psoriasis-palms-soles-18.jpeg,Psoriasis,5,5,Psoriasis,0.051249537616968155,0.05022656793395678,0.33658328900734585,0.052755496154228844,0.04489342806239923,0.4313573092222214,0.03293440366784731
datasets\data\test\Psoriasis\train_psoriasis-palms-soles-19.jpeg,Psoriasis,5,2,Eczema,0.03531580542524656,0.04877094800273577,0.6386977632840475,0.048329497377077736,0.05254423369963964,0.07371064275503159,0.102631114423275
datasets\data\test\Psoriasis\train_psoriasis-palms-soles-83.jpeg,Psoriasis,5,5,Psoriasis,0.043505121022462845,0.040446026250720024,0.1005412054558595,0.036110611632466316,0.04613275080919266,0.48176761468251544,0.25149664282798767
datasets\data\test\Psoriasis\train_psoriasis-palms-soles-97.jpeg,Psoriasis,5,2,Eczema,0.039266711100935936,0.04171937641998132,0.5333534926176071,0.04011644050478935,0.0378834530711174,0.10692025100191434,0.20074021443724632
datasets\data\test\Psoriasis\train_Psoriasis-penis-13.jpeg,Psoriasis,5,5,Psoriasis,0.04642981787522634,0.11607107520103455,0.16714090605576834,0.05194209888577461,0.040770404040813446,0.47539186477661133,0.10225383813182513
datasets\data\test\Psoriasis\train_Psoriasis-penis-14.jpeg,Psoriasis,5,5,Psoriasis,0.04611379156510035,0.06553282092014949,0.1261174976825714,0.07926749313871066,0.04697964837153753,0.5967386762301127,0.039250090097387634
datasets\data\test\Psoriasis\train_psoriasis-pustular-generalized-3.jpeg,Psoriasis,5,5,Psoriasis,0.03840448893606663,0.03689257552226385,0.06988594929377238,0.06206780051191648,0.03454645536839962,0.67909042040507,0.07911232486367226
datasets\data\test\Psoriasis\train_psoriasis-pustular-generalized-4.jpeg,Psoriasis,5,2,Eczema,0.051435393591721855,0.03358881672223409,0.489410067598025,0.03835452347993851,0.038002453123529754,0.12564264982938766,0.22356611986955008
datasets\data\test\Psoriasis\train_psoriasis-pustular-generalized-41.jpeg,Psoriasis,5,5,Psoriasis,0.04559485396991173,0.038156877582271896,0.07761515552798907,0.03887771380444368,0.038696647311250366,0.6722614566485087,0.08879730353752772
datasets\data\test\Psoriasis\train_psoriasis-pustular-generalized-42.jpeg,Psoriasis,5,5,Psoriasis,0.0656705116853118,0.03789320712288221,0.16258574525515238,0.04693426315983137,0.043686081344882645,0.5779517590999603,0.06527842581272125
datasets\data\test\Psoriasis\train_psoriasis-pustular-generalized-47.jpeg,Psoriasis,5,5,Psoriasis,0.0402219258248806,0.03608475563426813,0.14391179631153742,0.03315520224471887,0.03843319478134314,0.6145433982213339,0.09364975243806839
datasets\data\test\Psoriasis\train_psoriasis-pustular-generalized-49.jpeg,Psoriasis,5,5,Psoriasis,0.13832716643810272,0.049562692642211914,0.2748919477065404,0.04404763380686442,0.051196347922086716,0.39655891557534534,0.04541530149678389
datasets\data\test\Psoriasis\train_psoriasis-pustular-generalized-60.jpeg,Psoriasis,5,2,Eczema,0.036303055162231125,0.04147593677043915,0.71769779920578,0.05761422589421272,0.03839702593783537,0.06240129470825195,0.046110677222410835
datasets\data\test\Psoriasis\train_psoriasis-pustular-generalized-8.jpeg,Psoriasis,5,5,Psoriasis,0.03738819280018409,0.04438833457728227,0.03666887432336807,0.05384783322612444,0.04538651928305626,0.7087641557057699,0.07355606555938721
datasets\data\test\Psoriasis\train_psoriasis-scalp-103.jpeg,Psoriasis,5,5,Psoriasis,0.03694894351065159,0.028471396925548714,0.16349039475123087,0.030430081610878307,0.03456985453764597,0.6621015469233195,0.04398776466647784
datasets\data\test\Psoriasis\train_psoriasis-scalp-110.jpeg,Psoriasis,5,5,Psoriasis,0.03611859865486622,0.0915092205007871,0.05991199860970179,0.06332949797312419,0.049595034370819725,0.5661042183637619,0.13343140948563814
datasets\data\test\Psoriasis\train_psoriasis-scalp-50.jpg,Psoriasis,5,5,Psoriasis,0.030862968415021896,0.040800780057907104,0.13403126349051794,0.0923326350748539,0.04476162480811278,0.6204695502916971,0.0367411437133948
datasets\data\test\Psoriasis\train_psoriasis-scalp-72.jpeg,Psoriasis,5,5,Psoriasis,0.02962613043685754,0.038755575815836586,0.07290797183911006,0.04370515296856562,0.04206253898640474,0.7333519260088602,0.039590744922558464
datasets\data\test\Psoriasis\train_psoriasis-scalp-88.jpeg,Psoriasis,5,5,Psoriasis,0.035991608475645386,0.02782126422971487,0.16455349326133728,0.0282796419536074,0.0340422752002875,0.6614485780398051,0.04786312269667784
datasets\data\test\Psoriasis\train_Psoriasis-vulva-1.jpeg,Psoriasis,5,6,Tinea,0.09898001948992412,0.07454551632205646,0.1170305460691452,0.04014979302883148,0.04937062660853068,0.0670265443623066,0.5528969566027323
datasets\data\test\Psoriasis\train_reiter-syndrome-13.jpg,Psoriasis,5,5,Psoriasis,0.03231308485070864,0.03174713688592116,0.04543288672963778,0.057470619678497314,0.03598248275617758,0.7211667895317078,0.07588698466618855
datasets\data\test\Psoriasis\train_reiter-syndrome-14.jpg,Psoriasis,5,5,Psoriasis,0.06787013883392017,0.0460256872077783,0.09731165692210197,0.07102526227633159,0.03776365518569946,0.642805258433024,0.037198359767595925
datasets\data\test\Psoriasis\train_reiter-syndrome-4.jpg,Psoriasis,5,5,Psoriasis,0.045422594994306564,0.038796273370583854,0.18396363655726114,0.05037644443412622,0.03205929324030876,0.6231649915377299,0.026216738236447174
datasets\data\test\Psoriasis\train_reiter-syndrome-9.jpg,Psoriasis,5,5,Psoriasis,0.054890017956495285,0.06945178657770157,0.17096862569451332,0.09284869581460953,0.04907695079843203,0.4112176448106766,0.15154626965522766
datasets\data\test\Psoriasis\train_scalp-psoriasis-0001__ProtectWyJQcm90ZWN0Il0_FocusFillWzI5NCwyMjIsIngiLDFd.jpeg,Psoriasis,5,5,Psoriasis,0.05610334128141403,0.04999299347400665,0.056255889435609184,0.0513124925394853,0.07812986771265666,0.6729598045349121,0.03524561660985152
datasets\data\test\Psoriasis\train_scalp-psoriasis-0007__ProtectWyJQcm90ZWN0Il0_FocusFillWzI5NCwyMjIsIngiLDFd.jpeg,Psoriasis,5,5,Psoriasis,0.052137729401389755,0.03818295740832885,0.056487008929252625,0.04885212456186613,0.06273822858929634,0.6904478271802267,0.05115412548184395
datasets\data\test\Psoriasis\train_scalp-psoriasis-0021__ProtectWyJQcm90ZWN0Il0_FocusFillWzI5NCwyMjIsIngiLDFd.jpeg,Psoriasis,5,5,Psoriasis,0.03685379152496656,0.03957413633664449,0.03358739304045836,0.045871385062734284,0.056999429439504944,0.7347100774447123,0.05240379677464565
datasets\data\test\Psoriasis\train_scalp-psoriasis-0022__ProtectWyJQcm90ZWN0Il0_FocusFillWzI5NCwyMjIsIngiLDFd.jpeg,Psoriasis,5,5,Psoriasis,0.040487020586927734,0.04188363874951998,0.030999470812578995,0.058365450551112495,0.06076684221625328,0.7186066309611002,0.04889095947146416
datasets\data\test\Psoriasis\train_seborrheic-dermatitis-10.jpg,Psoriasis,5,5,Psoriasis,0.054110150784254074,0.04192807028690974,0.16271302849054337,0.05278169363737106,0.03850086219608784,0.577158103386561,0.07280806265771389
datasets\data\test\Psoriasis\train_seborrheic-dermatitis-104.jpg,Psoriasis,5,0,Acne,0.5747536023457845,0.04415547847747803,0.09016419326265653,0.04052623982230822,0.05249487732847532,0.16153640300035477,0.03636921693881353
datasets\data\test\Psoriasis\train_seborrheic-dermatitis-110.jpg,Psoriasis,5,5,Psoriasis,0.029465275040517252,0.025623177566255134,0.1756326456864675,0.03112851269543171,0.02804192341864109,0.6844647526741028,0.025643661928673584
datasets\data\test\Psoriasis\train_seborrheic-dermatitis-14.jpg,Psoriasis,5,5,Psoriasis,0.06427352875471115,0.038780673096577324,0.1981131136417389,0.047975784788529076,0.03586005978286266,0.5817892452081045,0.033207561199863754
datasets\data\test\Psoriasis\train_seborrheic-dermatitis-145.jpg,Psoriasis,5,0,Acne,0.6426230867703756,0.05046106999119123,0.07764526332418124,0.050679678718249,0.055657160778840385,0.07161049296458562,0.051323248694340386
datasets\data\test\Psoriasis\train_seborrheic-dermatitis-154.jpg,Psoriasis,5,0,Acne,0.44463913639386493,0.039089457442363106,0.1641262099146843,0.044674678395191826,0.03892012188831965,0.2386502946416537,0.029900093873341877
datasets\data\test\Psoriasis\train_seborrheic-dermatitis-76.jpg,Psoriasis,5,5,Psoriasis,0.35500022272268933,0.033932896330952644,0.06894579281409581,0.03291986510157585,0.038386691361665726,0.44543765981992084,0.02537688830246528
datasets\data\test\Psoriasis\train_seborrheic-dermatitis-95.jpg,Psoriasis,5,5,Psoriasis,0.1362536077698072,0.036076899617910385,0.10380520050724347,0.060876124848922096,0.0306634238610665,0.5921740333239237,0.04015073490639528
datasets\data\test\Psoriasis\train_seborrheic-dermatitis-99.jpg,Psoriasis,5,5,Psoriasis,0.06944852508604527,0.0336521298935016,0.106576902170976,0.035265086218714714,0.03699780783305565,0.6902024944623312,0.027857104626794655
datasets\data\test\Psoriasis\valid_3563__ProtectWyJQcm90ZWN0Il0_FocusFillWzI5NCwyMjIsIngiLDFd.jpeg,Psoriasis,5,5,Psoriasis,0.034111865097656846,0.040741786981622376,0.02951885915050904,0.039400254065791764,0.03929574601352215,0.7714773019154867,0.04545419694234928
datasets\data\test\Psoriasis\valid_3570__ProtectWyJQcm90ZWN0Il0_FocusFillWzI5NCwyMjIsIngiLDFd.jpeg,Psoriasis,5,5,Psoriasis,0.03328038154480358,0.02604180636505286,0.07070302559683721,0.03290556278079748,0.03126692461470763,0.7740073998769125,0.03179490938782692
datasets\data\test\Psoriasis\valid_3576__ProtectWyJQcm90ZWN0Il0_FocusFillWzI5NCwyMjIsIngiLDFd.jpeg,Psoriasis,5,5,Psoriasis,0.028309721034020185,0.029898887034505606,0.055757965271671615,0.035116039837400116,0.03130220156162977,0.7779622276624044,0.0416529489060243
datasets\data\test\Psoriasis\valid_facial-psoriasis-002__ProtectWyJQcm90ZWN0Il0_FocusFillWzI5NCwyMjIsIngiLDFd.jpeg,Psoriasis,5,5,Psoriasis,0.04997993322710196,0.03190638683736324,0.07920817223687966,0.03919378171364466,0.0354603116090099,0.7061850627263387,0.05806635941068331
datasets\data\test\Tinea\test_13candidaIntertrigo0220061.jpg,Tinea,6,1,Candidiasis,0.062369740257660546,0.647313634554545,0.061184739073117576,0.05663874000310898,0.05486512432495753,0.04948620249827703,0.06814181556304295
datasets\data\test\Tinea\test_erosio-interdigitalis-blastomycetica-11.jpg,Tinea,6,6,Tinea,0.04395702729622523,0.037467848509550095,0.10721636439363162,0.057342175394296646,0.04272435978055,0.13926989088455835,0.5720223387082418
datasets\data\test\Tinea\test_erythrasma-13.jpg,Tinea,6,6,Tinea,0.03758534416556358,0.03192469539741675,0.03813451280196508,0.030428834569950897,0.029527829339106876,0.06962474808096886,0.7627740502357483
datasets\data\test\Tinea\test_majocchi-granuloma-2.jpg,Tinea,6,2,Eczema,0.04768817902853092,0.04909548939516147,0.4783857961495717,0.0327391365232567,0.04382479346046845,0.14497541139523187,0.20329119885961214
datasets\data\test\Tinea\test_north-american-blastomycosis-2.jpg,Tinea,6,6,Tinea,0.038441390419999756,0.0296384838099281,0.2887829939524333,0.035311631858348846,0.031126971046129864,0.06999622285366058,0.506702313820521
datasets\data\test\Tinea\test_perleche-34.jpg,Tinea,6,6,Tinea,0.050733440866072975,0.03941368746260802,0.03517485751459996,0.05905702834328016,0.042042833752930164,0.04141804731140534,0.7321601112683614
datasets\data\test\Tinea\test_pitted-keratolysis-3.jpg,Tinea,6,2,Eczema,0.04041918677588304,0.042886730283498764,0.5250629236300787,0.04110958861807982,0.04820640633503596,0.058367410053809486,0.2439477617541949
datasets\data\test\Tinea\test_pityrosporum-folliculitis-4.jpg,Tinea,6,2,Eczema,0.18416216224431992,0.05268172671397527,0.37751007576783496,0.058465927839279175,0.044750226040681206,0.1663063938419024,0.11612353101372719
datasets\data\test\Tinea\test_tincorp5__ProtectWyJQcm90ZWN0Il0_FocusFillWzI5NCwyMjIsIngiLDE2XQ.jpeg,Tinea,6,6,Tinea,0.06377746723592281,0.045810202757517494,0.06299744670589764,0.07169755672415097,0.0533731517692407,0.18891881530483565,0.5134253203868866
datasets\data\test\Tinea\test_tinea-groin-112.jpeg,Tinea,6,6,Tinea,0.08330823108553886,0.11547765259941419,0.18138191352287927,0.03653019045790037,0.04218027616540591,0.11993688841660817,0.42118485023578006
datasets\data\test\Tinea\test_tinea-laboratory-46.jpg,Tinea,6,6,Tinea,0.04532570640246073,0.04447427950799465,0.03130459692329168,0.03991249203681946,0.04687441140413284,0.047478675842285156,0.7446298400561014
datasets\data\test\Tinea\test_tinea-laboratory-56.jpg,Tinea,6,6,Tinea,0.042696613197525345,0.05090488990147909,0.0478124072154363,0.0527133916815122,0.056973617523908615,0.04446720456083616,0.7044318318367004
datasets\data\test\Tinea\test_tinea-palm-2.jpeg,Tinea,6,6,Tinea,0.03938276072343191,0.047698767855763435,0.12799190978209177,0.03585476273049911,0.04788592271506786,0.11555049816767375,0.5856353044509888
datasets\data\test\Tinea\train_13TineaAcute.jpg,Tinea,6,6,Tinea,0.033230032150944076,0.0384985605875651,0.11054445058107376,0.03661183516184489,0.039939394841591515,0.05916042377551397,0.6820152600606283
datasets\data\test\Tinea\train_13tineaCorporis0808059.jpg,Tinea,6,6,Tinea,0.032919315000375114,0.033940285444259644,0.22732932989796004,0.03662671335041523,0.03842965513467789,0.04957688165207704,0.581177830696106
datasets\data\test\Tinea\train_candidiasis-large-skin-folds-137.jpg,Tinea,6,1,Candidiasis,0.05266632263859113,0.6872407793998718,0.04495118993024031,0.04823088894287745,0.04560385520259539,0.06471668183803558,0.05659025783340136
datasets\data\test\Tinea\train_candidiasis-mouth-8.jpg,Tinea,6,1,Candidiasis,0.07042019814252853,0.5182463924090067,0.0470749040444692,0.0572904571890831,0.06217592457930247,0.18386920044819513,0.06092290331919988
datasets\data\test\Tinea\train_coccidiomycosis-2.jpg,Tinea,6,6,Tinea,0.07465373973051707,0.03703299102683862,0.15426514794429144,0.043556240697701774,0.055046308785676956,0.040660321712493896,0.594785233338674
datasets\data\test\Tinea\train_erosio-interdigitalis-blastomycetica-1.jpg,Tinea,6,6,Tinea,0.061312027896444,0.05221144234140714,0.13109160711367926,0.10003930081923802,0.0531862477461497,0.1259908452630043,0.47616853813330334
datasets\data\test\Tinea\train_erosio-interdigitalis-blastomycetica-12.jpg,Tinea,6,6,Tinea,0.03769452373186747,0.07670183728138606,0.09042674054702123,0.0468715305129687,0.04021592438220978,0.030651042237877846,0.6774384180704752
datasets\data\test\Tinea\train_erosio-interdigitalis-blastomycetica-16.jpg,Tinea,6,6,Tinea,0.04907223085562388,0.0959850549697876,0.09951264659563701,0.04901119942466418,0.051715406899650894,0.07141507789492607,0.5832883616288503
datasets\data\test\Tinea\train_erosio-interdigitalis-blastomycetica-27.jpg,Tinea,6,6,Tinea,0.03928414732217789,0.04340024168292681,0.08919834593931834,0.06283366431792577,0.037109022960066795,0.03640810182938973,0.6917664607365926
datasets\data\test\Tinea\train_id-reaction-1.jpg,Tinea,6,2,Eczema,0.0472779031842947,0.03425898775458336,0.6258384386698405,0.05001159260670344,0.03567297259966532,0.15512438987692198,0.05181573207179705
datasets\data\test\Tinea\train_intertrigo-10.jpg,Tinea,6,6,Tinea,0.06403476744890213,0.032097771763801575,0.07062766700983047,0.03878475974003474,0.037245131408174835,0.11171501626571019,0.6454948782920837
datasets\data\test\Tinea\train_intertrigo-75.jpg,Tinea,6,6,Tinea,0.03073610334346692,0.033902764320373535,0.1134570799767971,0.02576373890042305,0.033804163336753845,0.06689272013803323,0.6954434514045715
datasets\data\test\Tinea\train_intertrigo-82.jpg,Tinea,6,6,Tinea,0.24571558584769568,0.07658200338482857,0.1718734490374724,0.08722199499607086,0.05393057937423388,0.07061426962415378,0.29406211773554486
datasets\data\test\Tinea\train_intertrigo-9.jpg,Tinea,6,6,Tinea,0.050353399167458214,0.04327760264277458,0.08419773479302724,0.04007731626431147,0.03880291866759459,0.11109480758508046,0.6321962078412374
datasets\data\test\Tinea\train_kerion-2.jpg,Tinea,6,6,Tinea,0.057958280046780906,0.040587120379010834,0.057857481141885124,0.0633530355989933,0.04850445811947187,0.20276799301306406,0.5289716422557831
datasets\data\test\Tinea\train_perleche-14.jpg,Tinea,6,6,Tinea,0.1040804460644722,0.03670497611165047,0.16051484768589339,0.0382272923986117,0.03993413286904494,0.04371040624876817,0.5768279035886129
datasets\data\test\Tinea\train_perleche-25.jpg,Tinea,6,0,Acne,0.395171611259381,0.03737394449611505,0.07340739419062932,0.045332575837771096,0.03805784943203131,0.03374621784314513,0.37691038350264233
datasets\data\test\Tinea\train_perleche-37.jpg,Tinea,6,6,Tinea,0.17939446618159613,0.041495405758420624,0.03260472044348717,0.03469685030480226,0.03413016659518083,0.0480260718613863,0.6296522716681162
datasets\data\test\Tinea\train_perleche-39.jpg,Tinea,6,6,Tinea,0.041621352235476174,0.02969660920401414,0.045936561500032745,0.03415818698704243,0.033840009942650795,0.03784907857577006,0.7768982450167338
datasets\data\test\Tinea\train_perleche-48.jpg,Tinea,6,6,Tinea,0.06989956771334012,0.0377807275702556,0.07801473637421925,0.03576915276547273,0.04129321066041788,0.03318876897295316,0.7040538390477499
datasets\data\test\Tinea\train_perleche-54.jpg,Tinea,6,6,Tinea,0.05888204276561737,0.04885461429754893,0.07107655828197797,0.06187892208496729,0.04917993520696958,0.06361624350150426,0.6465116937955221
datasets\data\test\Tinea\train_perleche-8.jpg,Tinea,6,6,Tinea,0.06386473526557286,0.03935765164593855,0.06898486179610093,0.03342974496384462,0.037748550375302635,0.05046472201744715,0.706149697303772
datasets\data\test\Tinea\train_pitted-keratolysis-7.jpg,Tinea,6,2,Eczema,0.05522465240210295,0.036267707124352455,0.35066910088062286,0.10107398281494777,0.08174399783213933,0.08239854127168655,0.29262200991312665
datasets\data\test\Tinea\train_pityrosporum-folliculitis-5.jpg,Tinea,6,6,Tinea,0.04256477703650793,0.030393696079651516,0.040775503342350326,0.03191919500629107,0.03298199983934561,0.18525801599025726,0.6361067791779836
datasets\data\test\Tinea\train_tinea-beard-1.jpg,Tinea,6,6,Tinea,0.07064892972509067,0.03691243752837181,0.354864276945591,0.06354477629065514,0.04720549595852693,0.046224371840556465,0.3805997371673584
datasets\data\test\Tinea\train_tinea-beard-16.jpg,Tinea,6,6,Tinea,0.05798933903376261,0.05008477779726187,0.09734703227877617,0.037348551054795585,0.04692152266701063,0.17533993224302927,0.5349688331286112
datasets\data\test\Tinea\train_tinea-body-121.jpg,Tinea,6,6,Tinea,0.032038891998430095,0.0399601353953282,0.07799933974941571,0.05920684213439623,0.04152811629076799,0.038183373088637985,0.7110833128293356
datasets\data\test\Tinea\train_tinea-body-139.jpg,Tinea,6,6,Tinea,0.03326212055981159,0.03546174305180708,0.06976831456025441,0.033851313715179764,0.04008354308704535,0.0577373206615448,0.7298356890678406
datasets\data\test\Tinea\train_tinea-body-146.jpg,Tinea,6,6,Tinea,0.029056067268053692,0.03290472862621149,0.048012236754099526,0.046191212410728134,0.03506633515159289,0.09375165775418282,0.7150177756945292
datasets\data\test\Tinea\train_tinea-body-153.jpg,Tinea,6,6,Tinea,0.07150984555482864,0.056969539572795234,0.2067363609870275,0.05404369284709295,0.04854380960265795,0.03946274518966675,0.5227340261141459
datasets\data\test\Tinea\train_tinea-body-179.jpeg,Tinea,6,6,Tinea,0.04110229201614857,0.04202178151657184,0.04041521313289801,0.03702122904360294,0.04713132232427597,0.09280855332811673,0.6994995673497518
datasets\data\test\Tinea\train_tinea-body-180.jpeg,Tinea,6,6,Tinea,0.04560669014851252,0.0442272424697876,0.049504587426781654,0.0384375744809707,0.04784740631779035,0.10711485023299853,0.6672616203625997
datasets\data\test\Tinea\train_tinea-body-182.jpeg,Tinea,6,1,Candidiasis,0.05905588840444883,0.6658756931622823,0.054370896269877754,0.05818207561969757,0.05940126751859983,0.04960426936546961,0.0535099096596241
datasets\data\test\Tinea\train_tinea-body-186.jpeg,Tinea,6,5,Psoriasis,0.04894938878715038,0.28107814118266106,0.10913209989666939,0.07684745887915294,0.048893279085556664,0.35203751424948376,0.08306210612257321
datasets\data\test\Tinea\train_tinea-body-19.jpg,Tinea,6,5,Psoriasis,0.038294246420264244,0.04686953996618589,0.16939411809047064,0.07343619813521703,0.04759406174222628,0.3778996815284093,0.24651213983694711
datasets\data\test\Tinea\train_tinea-body-198.jpeg,Tinea,6,6,Tinea,0.04842480644583702,0.04084750389059385,0.12499560167392094,0.0898008073369662,0.04789276669422785,0.2062221219142278,0.44181638956069946
datasets\data\test\Tinea\train_tinea-body-86.jpg,Tinea,6,2,Eczema,0.03764730443557104,0.041210269555449486,0.5433361629645029,0.056523563961187996,0.04314982146024704,0.12073411171634992,0.1573987826704979
datasets\data\test\Tinea\train_tinea-border-1.jpeg,Tinea,6,5,Psoriasis,0.028316477313637733,0.03290321181217829,0.21053472409645715,0.03585874723891417,0.037311701104044914,0.5585133880376816,0.09656176343560219
datasets\data\test\Tinea\train_tinea-face-14.jpeg,Tinea,6,6,Tinea,0.28086167325576145,0.05467446272571882,0.06683496137460072,0.046629673490921654,0.04634995013475418,0.05674458419283231,0.4479047457377116
datasets\data\test\Tinea\train_tinea-face-18.jpeg,Tinea,6,6,Tinea,0.0409145870556434,0.0241530928760767,0.04850489522020022,0.030621852725744247,0.033243577306469284,0.041897766602536045,0.7806642055511475
datasets\data\test\Tinea\train_tinea-face-35.jpeg,Tinea,6,0,Acne,0.4777533908685048,0.04051936914523443,0.12735422576467195,0.055042737474044166,0.04663853719830513,0.08151950190464656,0.1711722215016683
datasets\data\test\Tinea\train_tinea-face-43.jpeg,Tinea,6,6,Tinea,0.15823965395490328,0.03341086022555828,0.05357959618171056,0.03546635061502457,0.03519616834819317,0.0649132967616121,0.6191940605640411
datasets\data\test\Tinea\train_tinea-face-68.jpeg,Tinea,6,6,Tinea,0.27045680955052376,0.05429639294743538,0.0486941064397494,0.06054129948218664,0.04258211329579353,0.03313029122849306,0.49029900630315143
datasets\data\test\Tinea\train_tinea-foot-dorsum-32.jpeg,Tinea,6,6,Tinea,0.035100217598179974,0.030893793950478237,0.25359125683705014,0.04422966515024503,0.040821146219968796,0.08220453498264153,0.5131593892971674
datasets\data\test\Tinea\train_tinea-foot-plantar-25.jpeg,Tinea,6,6,Tinea,0.035547311107317604,0.04406277214487394,0.12502815326054892,0.04374210784832636,0.04832855984568596,0.05720894783735275,0.6460821231206259
datasets\data\test\Tinea\train_tinea-foot-plantar-5.jpeg,Tinea,6,6,Tinea,0.041951953123013176,0.044342457627256714,0.2380473812421163,0.040305946643153824,0.05356007441878319,0.050624120980501175,0.5311680634816488
datasets\data\test\Tinea\train_tinea-foot-webs-10.jpeg,Tinea,6,6,Tinea,0.04774847564597925,0.037934731071194015,0.03365877643227577,0.06174855803449949,0.045630717960496746,0.056789103895425797,0.7164896527926127
datasets\data\test\Tinea\train_tinea-foot-webs-21.jpeg,Tinea,6,6,Tinea,0.04324273609866699,0.04437593184411526,0.05568476393818855,0.04793275954822699,0.04826234591503938,0.06721767162283261,0.6932838161786398
datasets\data\test\Tinea\train_tinea-foot-webs-3.jpeg,Tinea,6,2,Eczema,0.04289998672902584,0.03803528969486555,0.41651468227307004,0.037984722604354225,0.04089377696315447,0.07465452079971631,0.34901701162258786
datasets\data\test\Tinea\train_tinea-foot-webs-45.jpeg,Tinea,6,6,Tinea,0.0403987355530262,0.03718278060356776,0.049923233687877655,0.04612490038077036,0.04216666209201018,0.029365556004146736,0.7548381487528483
datasets\data\test\Tinea\train_tinea-foot-webs-51.jpeg,Tinea,6,6,Tinea,0.03478149573008219,0.046214466293652855,0.2673240291575591,0.032625810553630195,0.03546238876879215,0.044745358328024544,0.538846472899119
datasets\data\test\Tinea\train_tinea-foot-webs-54.jpeg,Tinea,6,6,Tinea,0.044935135170817375,0.10688713068763415,0.07386426379283269,0.04478164638082186,0.048825349658727646,0.054008511205514274,0.6266979773839315
datasets\data\test\Tinea\train_tinea-foot-webs-57.jpeg,Tinea,6,6,Tinea,0.04416229700048765,0.04698588326573372,0.059485904251535736,0.050132314364115395,0.04833424463868141,0.04543166173001131,0.7054677208264669
datasets\data\test\Tinea\train_tinea-foot-webs-73.jpeg,Tinea,6,6,Tinea,0.049723939349253975,0.045010458678007126,0.16213963304956755,0.046550812820593514,0.04164445027709007,0.10668246448040009,0.5482482065757116
datasets\data\test\Tinea\train_tinea-foot-webs-77.jpeg,Tinea,6,6,Tinea,0.04515556866923968,0.05036053309837977,0.06010152523716291,0.046471121410528816,0.04998627801736196,0.06356681014100711,0.6843581994374593
datasets\data\test\Tinea\train_tinea-groin-106.jpeg,Tinea,6,1,Candidiasis,0.04851422583063444,0.6963386336962382,0.04978725189963976,0.049546695003906883,0.04993958150347074,0.04713714743653933,0.058736402541399
datasets\data\test\Tinea\train_tinea-groin-110.jpeg,Tinea,6,6,Tinea,0.05981345474720001,0.04608226319154104,0.03770832469065984,0.04975611592332522,0.04293899921079477,0.039916945000489555,0.7237838904062907
datasets\data\test\Tinea\train_tinea-groin-19.jpeg,Tinea,6,6,Tinea,0.04395146326472362,0.07510445949931939,0.03895144537091255,0.04296888845662276,0.04557207630326351,0.028899884472290676,0.724551796913147
datasets\data\test\Tinea\train_tinea-groin-21.jpeg,Tinea,6,6,Tinea,0.03781084592143694,0.05351980154712995,0.06399582202235858,0.04327095548311869,0.04845576795438925,0.0433285819987456,0.7096182107925415
datasets\data\test\Tinea\train_tinea-groin-30.jpeg,Tinea,6,6,Tinea,0.04303997630874316,0.11342406024535497,0.03816016639272372,0.06741323322057724,0.05098431557416916,0.03360276793440183,0.653375506401062
datasets\data\test\Tinea\train_tinea-groin-43.jpeg,Tinea,6,6,Tinea,0.03374420913557211,0.052531879395246506,0.06684624403715134,0.044903372724850975,0.03943117459615072,0.07617816825707753,0.686365008354187
datasets\data\test\Tinea\train_tinea-groin-56.jpeg,Tinea,6,6,Tinea,0.031037629271547,0.034876992305119835,0.0863477848470211,0.03371697664260864,0.03678649291396141,0.10186320791641872,0.6753709117571512
datasets\data\test\Tinea\train_tinea-groin-66.jpeg,Tinea,6,6,Tinea,0.0750683844089508,0.05615732818841934,0.08721092094977696,0.033286464090148606,0.03893831931054592,0.1776315625756979,0.5317070831855139
datasets\data\test\Tinea\train_tinea-groin-7.jpeg,Tinea,6,6,Tinea,0.12960738440354666,0.043274033814668655,0.02611595330139001,0.039938367903232574,0.04013967141509056,0.07331199571490288,0.6476126114527384
datasets\data\test\Tinea\train_tinea-hand-dorsum-12.jpeg,Tinea,6,6,Tinea,0.03546724344293276,0.04253667779266834,0.1584064302345117,0.04940679421027502,0.04731824994087219,0.03815191239118576,0.6287126739819845
datasets\data\test\Tinea\train_tinea-hand-dorsum-39.jpeg,Tinea,6,6,Tinea,0.04539580022295316,0.041527328391869865,0.15833815932273865,0.03869582464297613,0.04262944062550863,0.025848711530367535,0.6475647290547689
datasets\data\test\Tinea\train_tinea-hand-dorsum-48.jpeg,Tinea,6,6,Tinea,0.042337567545473576,0.04315276692310969,0.03470519930124283,0.05999152734875679,0.044786542654037476,0.03168646370371183,0.7433398962020874
datasets\data\test\Tinea\train_tinea-incognito-10.jpeg,Tinea,6,6,Tinea,0.07517720758914948,0.041412066047390304,0.1496319075425466,0.0507506454984347,0.03327834109465281,0.06497889012098312,0.5847709576288859
datasets\data\test\Tinea\train_tinea-incognito-2.jpeg,Tinea,6,6,Tinea,0.13258466372887293,0.07774334649244945,0.07493430810670058,0.056978789468606315,0.04694936486581961,0.08190483724077542,0.5289047261079153
datasets\data\test\Tinea\train_tinea-incognito-21.jpeg,Tinea,6,5,Psoriasis,0.03593915638824304,0.03302513528615236,0.06334760785102844,0.04050294868648052,0.04413243072728316,0.4019222954909007,0.3811304420232773
datasets\data\test\Tinea\train_tinea-incognito-30.jpeg,Tinea,6,2,Eczema,0.05571004996697108,0.053246734042962394,0.35978829860687256,0.068810373544693,0.04631376142303149,0.09752067799369495,0.3186100870370865
datasets\data\test\Tinea\train_tinea-incognito-32.jpeg,Tinea,6,6,Tinea,0.04576848540455103,0.034323914597431816,0.036578446005781494,0.03245921153575182,0.036728850876291595,0.04906445244948069,0.7650765975316366
datasets\data\test\Tinea\train_tinea-incognito-37.jpeg,Tinea,6,6,Tinea,0.04821788022915522,0.22943116600314775,0.03602920286357403,0.03858156315982342,0.04731356352567673,0.03258504470189413,0.5678415596485138
datasets\data\test\Tinea\train_tinea-incognito-62.jpeg,Tinea,6,6,Tinea,0.04632757666210333,0.045952231933673225,0.061904982974131904,0.0367246779302756,0.047836143523454666,0.0651546021302541,0.6960997780164083
datasets\data\test\Tinea\train_tinea-laboratory-22.jpg,Tinea,6,6,Tinea,0.0420281533151865,0.04407525869707266,0.038608949010570846,0.04414962666730086,0.0492045929034551,0.038119069611032806,0.7438143293062845
datasets\data\test\Tinea\train_tinea-laboratory-32.jpg,Tinea,6,6,Tinea,0.03950029176970323,0.044159198800722756,0.05196291208267212,0.037415026066203914,0.053085157026847206,0.04091077918807665,0.7329666217168173
datasets\data\test\Tinea\train_tinea-laboratory-34.jpg,Tinea,6,6,Tinea,0.04462502710521221,0.04183237751324972,0.03870531792442004,0.04322639542321364,0.04895051009953022,0.03517520303527514,0.7474851806958517
datasets\data\test\Tinea\train_tinea-laboratory-5.jpg,Tinea,6,6,Tinea,0.04098002736767133,0.04925509418050448,0.052032524098952614,0.04566988721489906,0.05873327578107516,0.040046289563179016,0.7132829427719116
datasets\data\test\Tinea\train_tinea-laboratory-55.jpg,Tinea,6,6,Tinea,0.0365372517456611,0.045223901669184365,0.04015151162942251,0.04073378071188927,0.04450764755407969,0.04346265457570553,0.749383270740509
datasets\data\test\Tinea\train_tinea-laboratory-72.jpg,Tinea,6,6,Tinea,0.046879359210530915,0.04537201796968778,0.04184753199418386,0.04667095715800921,0.053132096926371254,0.03817372024059296,0.7279243270556132
datasets\data\test\Tinea\train_tinea-laboratory-8.jpg,Tinea,6,6,Tinea,0.03809216742714246,0.044294143095612526,0.045313239097595215,0.04622329895695051,0.045148553947607674,0.03577721118927002,0.7451513806978861
datasets\data\test\Tinea\train_tinea-palm-28.jpeg,Tinea,6,6,Tinea,0.04698726410667101,0.04535329155623913,0.07089545267323653,0.04185767720143,0.049285231779019036,0.039207423105835915,0.7064136862754822
datasets\data\test\Tinea\train_tinea-palm-29.jpeg,Tinea,6,6,Tinea,0.03962852184971174,0.041459182277321815,0.1124405786395073,0.03315744114418825,0.04181998471419016,0.03207119492193063,0.69942307472229
datasets\data\test\Tinea\train_tinea-palm-32.jpeg,Tinea,6,6,Tinea,0.04175589854518572,0.03325029152135054,0.03907532927890619,0.03637869097292423,0.03923311581214269,0.04422240766386191,0.7660842339197794
datasets\data\test\Tinea\train_tinea-palm-33.jpeg,Tinea,6,6,Tinea,0.04142042063176632,0.0479819489022096,0.15575891733169556,0.035105714884897075,0.04751937588055929,0.1232758325835069,0.5489377478758494
datasets\data\test\Tinea\train_tinea-palm-37.jpeg,Tinea,6,6,Tinea,0.03201979957520962,0.04058095378180345,0.13646460076173147,0.02816143383582433,0.04104606993496418,0.042020874097943306,0.6797062953313192
datasets\data\test\Tinea\train_tinea-palm-39.jpeg,Tinea,6,6,Tinea,0.03554851530740658,0.04230663677056631,0.07740614314874013,0.03992992624019583,0.045774077996611595,0.049030318235357605,0.7100044290224711
datasets\data\test\Tinea\train_tinea-palm-44.jpeg,Tinea,6,6,Tinea,0.030935011493662994,0.03906270364920298,0.07209234250088532,0.03688099483648936,0.040237718572219215,0.06730903436740239,0.7134821613629659
datasets\data\test\Tinea\train_tinea-palm-49.jpeg,Tinea,6,6,Tinea,0.09249040732781093,0.04571229467789332,0.07593416174252827,0.04900846009453138,0.055849855144818626,0.1391837609310945,0.5418210327625275
datasets\data\test\Tinea\train_tinea-palm-9.jpeg,Tinea,6,6,Tinea,0.043553102761507034,0.04572078833977381,0.06927889709671338,0.03621263367434343,0.0574163980782032,0.060851793736219406,0.6869663794835409
datasets\data\test\Tinea\train_tinea-primary-lesion-27.jpeg,Tinea,6,6,Tinea,0.0348567645996809,0.03406173177063465,0.03478675087292989,0.03381344800194105,0.038471964498360954,0.10210930680235226,0.7219000657399496
datasets\data\test\Tinea\train_tinea-primary-lesion-32.jpeg,Tinea,6,6,Tinea,0.04509494702021281,0.044761852671702705,0.04795662624140581,0.12350574135780334,0.04541444902618726,0.20409723619620004,0.4891691505908966
datasets\data\test\Tinea\train_tinea-primary-lesion-47.jpeg,Tinea,6,6,Tinea,0.04099958762526512,0.04033110477030277,0.03631316187481085,0.04690671091278394,0.04450887441635132,0.06935637568434079,0.7215841809908549
datasets\data\test\Tinea\train_tinea-primary-lesion-49.jpeg,Tinea,6,6,Tinea,0.04793583912154039,0.046204037964344025,0.0739713857571284,0.1639920932551225,0.05095204338431358,0.23593611270189285,0.38100849588712055
datasets\data\test\Tinea\train_tinea-primary-lesion-7.jpeg,Tinea,6,5,Psoriasis,0.028616963575283687,0.03342769046624502,0.21554226676623026,0.03929683938622475,0.03715172906716665,0.565313975016276,0.080650528271993
datasets\data\test\Tinea\train_tinea-scalp-10.jpeg,Tinea,6,6,Tinea,0.02945459634065628,0.039852080245812736,0.05099875790377458,0.036814603954553604,0.035067965586980186,0.04661858578523,0.7611933747927347
datasets\data\test\Tinea\train_tinea-scalp-12.jpeg,Tinea,6,6,Tinea,0.03774668835103512,0.047640652706225715,0.2551889332632224,0.2084215705593427,0.048001149048407875,0.09230733166138332,0.3106937110424042
datasets\data\test\Tinea\train_tinea-scalp-13.jpeg,Tinea,6,6,Tinea,0.04149053432047367,0.05650219942132632,0.09707694252332051,0.16672085473934808,0.06673158332705498,0.08025354767839114,0.49122432867685956
datasets\data\test\Tinea\train_tinea-scalp-15.jpeg,Tinea,6,6,Tinea,0.049675121903419495,0.05010869229833285,0.04677609105904897,0.1408294141292572,0.05824394399921099,0.08086827024817467,0.5734984477361044
datasets\data\test\Tinea\train_tinea-scalp-17.jpeg,Tinea,6,6,Tinea,0.04197139975925287,0.04611557349562645,0.0543831412990888,0.31185008585453033,0.06901192665100098,0.05648509661356608,0.4201827347278595
datasets\data\test\Tinea\train_tinea-scalp-18.jpeg,Tinea,6,6,Tinea,0.04518134022752444,0.038963235914707184,0.04256012663245201,0.060290864358345665,0.04328571384151777,0.040152529875437416,0.7295661767323812
datasets\data\test\Tinea\train_tinea-scalp-28.jpeg,Tinea,6,6,Tinea,0.03445322128633658,0.041263557970523834,0.12576921780904135,0.04884194334348043,0.04220779985189438,0.053825912376244865,0.6536383430163065
datasets\data\test\Tinea\train_tinea-scalp-30.jpeg,Tinea,6,3,NailFungus,0.03416655585169792,0.04365217499434948,0.04153115302324295,0.5646886229515076,0.04644857967893282,0.07268842309713364,0.19682448357343674
datasets\data\test\Tinea\train_tinea-scalp-35.jpeg,Tinea,6,6,Tinea,0.03017245853940646,0.04283342510461807,0.10379095499714215,0.057646298160155617,0.04425006483991941,0.06912176062663396,0.652185062567393
datasets\data\test\Tinea\train_tinea-scalp-43.jpg,Tinea,6,6,Tinea,0.03879220659534136,0.04433658098181089,0.054057432959477104,0.06798883900046349,0.08515504623452823,0.06762661288181941,0.6420432329177856
datasets\data\test\Tinea\train_tinea-scalp-5.jpeg,Tinea,6,5,Psoriasis,0.03397744335234165,0.047416734198729195,0.23568465312321982,0.043408796191215515,0.05323774119218191,0.32069629430770874,0.265578327079614
datasets\data\test\Tinea\train_tinea-versicolor-104.jpg,Tinea,6,5,Psoriasis,0.04975204480191072,0.031863157326976456,0.10107654643555482,0.03383846580982208,0.03677796137829622,0.6729870637257894,0.07370477045575778
datasets\data\test\Tinea\train_tinea-versicolor-109.jpeg,Tinea,6,6,Tinea,0.043458253145217896,0.03889003520210584,0.13706565027435622,0.04251996986567974,0.05125537017981211,0.055151703457037606,0.6316589911778768
datasets\data\test\Tinea\train_tinea-versicolor-116.jpeg,Tinea,6,6,Tinea,0.07655391717950503,0.03856165458758672,0.02711787944038709,0.04911838968594869,0.03765210571388403,0.08117338518301646,0.6898226340611776
datasets\data\test\Tinea\train_tinea-versicolor-118.jpeg,Tinea,6,6,Tinea,0.04117190713683764,0.03825057918826739,0.032499307145675026,0.034866812328497566,0.04344454904397329,0.0697096015016238,0.7400571902592977
datasets\data\test\Tinea\train_tinea-versicolor-139.jpeg,Tinea,6,6,Tinea,0.050492395957311,0.04011988205214342,0.03957026203473409,0.07954495896895726,0.04168802003065745,0.1250531276067098,0.6235313415527344
datasets\data\test\Tinea\train_tinea-versicolor-141.jpeg,Tinea,6,6,Tinea,0.16398594031731287,0.036698091154297195,0.0616521971921126,0.03361743191878001,0.04155295342206955,0.061289565016825996,0.6012038091818491
datasets\data\test\Tinea\train_tinea-versicolor-157.jpeg,Tinea,6,6,Tinea,0.05372243622938792,0.03532541853686174,0.03154509390393893,0.03925951632360617,0.046300056080023445,0.10937584688266118,0.684471587340037
datasets\data\test\Tinea\train_tinea-versicolor-180.jpeg,Tinea,6,6,Tinea,0.03011538616071145,0.035619189341863,0.0336446575820446,0.029295177198946476,0.03658912144601345,0.05235752835869789,0.7823789914449056
datasets\data\test\Tinea\train_tinea-versicolor-183.jpeg,Tinea,6,6,Tinea,0.03219406368831793,0.04220006490747134,0.04143556704123815,0.05064854025840759,0.0426101287206014,0.11173993597428004,0.6791717012723287
datasets\data\test\Tinea\train_tinea-versicolor-187.jpg,Tinea,6,6,Tinea,0.05592652037739754,0.03748010968168577,0.06496589755018552,0.0466164747873942,0.04166655118266741,0.2824634288748105,0.4708810051282247
datasets\data\test\Tinea\train_tinea-versicolor-81.jpeg,Tinea,6,5,Psoriasis,0.05220289652546247,0.04048911606272062,0.12418424834807713,0.045092971374591194,0.04678168644507726,0.3544321556886037,0.3368168870608012
datasets\data\test\Tinea\train_tinea-versicolor-9.jpeg,Tinea,6,6,Tinea,0.047757258949180446,0.041436451797684036,0.10114492103457451,0.03371407029529413,0.039650809640685715,0.07020326082905133,0.6660932699839274
datasets\data\test\Tinea\train_tinea-versicolor-95.jpeg,Tinea,6,6,Tinea,0.04758380477627119,0.03243645218511423,0.1263878084719181,0.036623589073618255,0.03868184673289458,0.22887599219878516,0.48941053946812946
datasets\data\test\Tinea\train_tinea-versicolor-96.jpeg,Tinea,6,6,Tinea,0.05718813215692838,0.032943381617466606,0.08872342358032863,0.029087175925572712,0.03910029431184133,0.23068998381495476,0.522267629702886
datasets\data\test\Tinea\train_tinped20__ProtectWyJQcm90ZWN0Il0_FocusFillWzI5NCwyMjIsInkiLDdd.jpeg,Tinea,6,6,Tinea,0.04033016785979271,0.030847846219937008,0.07139444972078006,0.03861558996140957,0.034333345790704094,0.042867520824074745,0.741611123085022
datasets\data\test\Tinea\train_tinped30__ProtectWyJQcm90ZWN0Il0_FocusFillWzI5NCwyMjIsIngiLDFd.jpeg,Tinea,6,6,Tinea,0.03933427110314369,0.04512368825574716,0.10776357973615329,0.048226398726304374,0.06230375667413076,0.05986435959736506,0.6373839378356934
datasets\data\test\Tinea\train_tinped5__ProtectWyJQcm90ZWN0Il0_FocusFillWzI5NCwyMjIsInkiLDM2XQ.jpeg,Tinea,6,6,Tinea,0.0827488824725151,0.10451247915625572,0.04980177308122317,0.14349434152245522,0.08806241303682327,0.07693533537288506,0.4544447859128316
datasets\data\test\Tinea\valid_13TineaIncognito2.jpeg,Tinea,6,6,Tinea,0.03528890758752823,0.03625893530746301,0.04994029303391775,0.034675322473049164,0.03321453556418419,0.034298377111554146,0.7763235966364542
datasets\data\test\Tinea\valid_tinea-beard-6.jpeg,Tinea,6,6,Tinea,0.060838326811790466,0.03185495175421238,0.043868093440930046,0.03656003251671791,0.03600285885234674,0.059943304707606636,0.730932374795278
datasets\data\test\Tinea\valid_tinea-body-118.jpeg,Tinea,6,6,Tinea,0.031048402500649292,0.035001748551925026,0.1322158525387446,0.037530879800518356,0.03656786307692528,0.06617650762200356,0.6614587505658468
