path,y_true,y_true_idx,y_pred,y_pred_idx,proba_Acne,proba_Candidiasis,proba_Eczema,proba_NailFungus,proba_Normal,proba_Psoriasis,proba_Tinea
datasets\data\test\Acne\test_07SteroidPerioral1.jpg,Acne,0,Acne,0,0.6018508672714233,0.0645410493016243,0.048270270228385925,0.046070750802755356,0.06671912223100662,0.05015593394637108,0.12239208072423935
datasets\data\test\Acne\test_rosacea-10.jpg,Acne,0,Eczema,2,0.34427616000175476,0.029680967330932617,0.3974002003669739,0.05216507986187935,0.03264172375202179,0.09115832298994064,0.05267748236656189
datasets\data\test\Acne\test_rosacea-76.jpg,Acne,0,Acne,0,0.49975669384002686,0.03291736915707588,0.058462951332330704,0.07078803330659866,0.0328659750521183,0.08344974368810654,0.22175917029380798
datasets\data\test\Acne\test_rosacea-84.jpg,Acne,0,Eczema,2,0.26441627740859985,0.02092813327908516,0.399138867855072,0.15397924184799194,0.03364504873752594,0.12143019586801529,0.0064622266218066216
datasets\data\test\Acne\train_07sebDerem1101052.jpg,Acne,0,Acne,0,0.5497646927833557,0.028450340032577515,0.09423427283763885,0.03297004476189613,0.04144980013370514,0.19769538938999176,0.055435482412576675
datasets\data\test\Acne\train_acne-closed-comedo-10.jpg,Acne,0,Acne,0,0.7117159962654114,0.024683142080903053,0.07918930053710938,0.027362916618585587,0.03753535449504852,0.1049942597746849,0.014518949203193188
datasets\data\test\Acne\train_acne-closed-comedo-2.jpg,Acne,0,Acne,0,0.7336755394935608,0.04779695346951485,0.020543957129120827,0.04743996262550354,0.04568464308977127,0.028638888150453568,0.0762200653553009
datasets\data\test\Acne\train_acne-closed-comedo-21.jpg,Acne,0,Tinea,6,0.08634568005800247,0.027950797230005264,0.04726646840572357,0.08685363084077835,0.0366319864988327,0.22280018031597137,0.49215131998062134
datasets\data\test\Acne\train_acne-closed-comedo-35.jpg,Acne,0,Acne,0,0.5932415723800659,0.035983163863420486,0.13017816841602325,0.030552474781870842,0.05050474405288696,0.03409123420715332,0.12544861435890198
datasets\data\test\Acne\train_acne-cystic-104.jpg,Acne,0,Acne,0,0.47014692425727844,0.048867687582969666,0.2030165195465088,0.08817124366760254,0.0507153756916523,0.09313879907131195,0.0459434911608696
datasets\data\test\Acne\train_acne-cystic-111.jpeg,Acne,0,Acne,0,0.7045029997825623,0.05147348716855049,0.047688838094472885,0.06270543485879898,0.059248052537441254,0.04325657710433006,0.031124593690037727
datasets\data\test\Acne\train_acne-cystic-116.jpeg,Acne,0,Acne,0,0.4734334945678711,0.05787261947989464,0.2321375608444214,0.0633215382695198,0.04747271165251732,0.05867323651909828,0.06708880513906479
datasets\data\test\Acne\train_acne-cystic-122.jpg,Acne,0,Psoriasis,5,0.06452249735593796,0.049337830394506454,0.3367181718349457,0.038465145975351334,0.02768995240330696,0.3533061444759369,0.12996025383472443
datasets\data\test\Acne\train_acne-cystic-124.jpeg,Acne,0,Acne,0,0.6752317547798157,0.04123931750655174,0.03744818642735481,0.03668525442481041,0.053104985505342484,0.07423843443393707,0.08205209672451019
datasets\data\test\Acne\train_acne-cystic-151.jpeg,Acne,0,Acne,0,0.535568118095398,0.031642477959394455,0.038433849811553955,0.06259478628635406,0.043081216514110565,0.2509075403213501,0.037772033363580704
datasets\data\test\Acne\train_acne-cystic-16.jpg,Acne,0,Acne,0,0.637592077255249,0.040848176926374435,0.11683504283428192,0.04780858755111694,0.048685405403375626,0.07773007452487946,0.03050064854323864
datasets\data\test\Acne\train_acne-cystic-32.jpg,Acne,0,Acne,0,0.6850766539573669,0.04790610820055008,0.06170054152607918,0.05689499154686928,0.0578627772629261,0.044583726674318314,0.045975230634212494
datasets\data\test\Acne\train_acne-cystic-5.jpg,Acne,0,Acne,0,0.7111461758613586,0.05608178302645683,0.04651486501097679,0.04854074493050575,0.05392000451683998,0.0383518822491169,0.045444488525390625
datasets\data\test\Acne\train_acne-cystic-58.jpg,Acne,0,Eczema,2,0.3319453299045563,0.041158173233270645,0.3542042076587677,0.051836177706718445,0.03396002948284149,0.06588318943977356,0.12101289629936218
datasets\data\test\Acne\train_acne-cystic-85.jpeg,Acne,0,Acne,0,0.5215511918067932,0.04222353547811508,0.03020521067082882,0.24783653020858765,0.043805383145809174,0.06871182471513748,0.04566636681556702
datasets\data\test\Acne\train_acne-cystic-99.jpeg,Acne,0,Acne,0,0.6355842351913452,0.0635480284690857,0.11192543059587479,0.03880847245454788,0.060668621212244034,0.042761076241731644,0.04670415073633194
datasets\data\test\Acne\train_acne-excoriated-17.jpg,Acne,0,Acne,0,0.4075547456741333,0.03783947229385376,0.021827958524227142,0.05457701534032822,0.03542434424161911,0.1534530073404312,0.28932350873947144
datasets\data\test\Acne\train_acne-excoriated-20.jpeg,Acne,0,Acne,0,0.6175594925880432,0.04911183565855026,0.0757010281085968,0.058676328510046005,0.047504231333732605,0.06409714370965958,0.08734991401433945
datasets\data\test\Acne\train_acne-face-1-16__ProtectWyJQcm90ZWN0Il0_FocusFillWzI5NCwyMjIsInkiLDg1XQ.jpeg,Acne,0,Acne,0,0.728451132774353,0.04195329174399376,0.020656254142522812,0.048922594636678696,0.04597608372569084,0.08577396720647812,0.028266606852412224
datasets\data\test\Acne\train_acne-face-1-26__ProtectWyJQcm90ZWN0Il0_FocusFillWzI5NCwyMjIsIngiLDFd.jpeg,Acne,0,Acne,0,0.6088973879814148,0.06652882695198059,0.05173559859395027,0.0646105483174324,0.06859106570482254,0.059239912778139114,0.0803966373205185
datasets\data\test\Acne\train_acne-face-1-28__ProtectWyJQcm90ZWN0Il0_FocusFillWzI5NCwyMjIsIngiLDFd.jpeg,Acne,0,Acne,0,0.5716440081596375,0.07057563215494156,0.06368500739336014,0.04093130677938461,0.04764113947749138,0.17076581716537476,0.034757088869810104
datasets\data\test\Acne\train_acne-face-1-28__WatermarkedWyJXYXRlcm1hcmtlZCJd (1).jpeg,Acne,0,Acne,0,0.712090015411377,0.05788328871130943,0.033272385597229004,0.03899971768260002,0.056052420288324356,0.07106097787618637,0.030641233548521996
datasets\data\test\Acne\train_acne-face-1-29__ProtectWyJQcm90ZWN0Il0_FocusFillWzI5NCwyMjIsIngiLDFd.jpeg,Acne,0,Acne,0,0.5917326807975769,0.07197338342666626,0.060395244508981705,0.08089146018028259,0.05166046693921089,0.04053863510489464,0.1028081625699997
datasets\data\test\Acne\train_acne-face-1-44__ProtectWyJQcm90ZWN0Il0_FocusFillWzI5NCwyMjIsInkiLDg1XQ.jpeg,Acne,0,Acne,0,0.6540347337722778,0.05062127113342285,0.04291204363107681,0.054644763469696045,0.06705549359321594,0.08463749289512634,0.04609419032931328
datasets\data\test\Acne\train_acne-face-1-5__ProtectWyJQcm90ZWN0Il0_FocusFillWzI5NCwyMjIsIngiLDFd.jpeg,Acne,0,Acne,0,0.6369356513023376,0.06574568897485733,0.033402055501937866,0.06027022749185562,0.057115234434604645,0.05187663435935974,0.09465454518795013
datasets\data\test\Acne\train_acne-face-11-1__ProtectWyJQcm90ZWN0Il0_FocusFillWzI5NCwyMjIsIngiLDFd.jpeg,Acne,0,Acne,0,0.49114498496055603,0.13753992319107056,0.04689076915383339,0.06136922910809517,0.07256149500608444,0.1528448611497879,0.037648774683475494
datasets\data\test\Acne\train_acne-face-19-1__ProtectWyJQcm90ZWN0Il0_FocusFillWzI5NCwyMjIsIngiLDFd.jpeg,Acne,0,Acne,0,0.47547468543052673,0.07177548110485077,0.08029522001743317,0.06311670690774918,0.054540716111660004,0.19694101810455322,0.057856131345033646
datasets\data\test\Acne\train_acne-face-2-10__ProtectWyJQcm90ZWN0Il0_FocusFillWzI5NCwyMjIsIngiLDFd.jpeg,Acne,0,Acne,0,0.7270485758781433,0.04823976010084152,0.023546017706394196,0.05274846404790878,0.04365522786974907,0.08460140228271484,0.020160596817731857
datasets\data\test\Acne\train_acne-face-2-24__ProtectWyJQcm90ZWN0Il0_FocusFillWzI5NCwyMjIsIngiLDFd.jpeg,Acne,0,Acne,0,0.6583461165428162,0.05657809227705002,0.04910403862595558,0.043352168053388596,0.07187896221876144,0.08082419633865356,0.03991639241576195
datasets\data\test\Acne\train_acne-face-2-26__ProtectWyJQcm90ZWN0Il0_FocusFillWzI5NCwyMjIsInkiLDg1XQ.jpeg,Acne,0,Acne,0,0.5479661822319031,0.13454340398311615,0.05465611815452576,0.058921586722135544,0.06652270257472992,0.06346912682056427,0.07392089813947678
datasets\data\test\Acne\train_acne-face-2-36__ProtectWyJQcm90ZWN0Il0_FocusFillWzI5NCwyMjIsIngiLDFd.jpeg,Acne,0,Acne,0,0.5768042206764221,0.06428109109401703,0.05359775945544243,0.09608917683362961,0.07334735989570618,0.08761759102344513,0.04826284572482109
datasets\data\test\Acne\train_acne-face-3-19__ProtectWyJQcm90ZWN0Il0_FocusFillWzI5NCwyMjIsIngiLDFd.jpeg,Acne,0,Acne,0,0.2660475969314575,0.11722733080387115,0.1135360449552536,0.052385639399290085,0.11945631355047226,0.14550621807575226,0.18584086000919342
datasets\data\test\Acne\train_acne-face-3-22__ProtectWyJQcm90ZWN0Il0_FocusFillWzI5NCwyMjIsIngiLDFd.jpeg,Acne,0,Acne,0,0.7115245461463928,0.050048887729644775,0.03555312752723694,0.04358864948153496,0.061652008444070816,0.04791126772761345,0.049721457064151764
datasets\data\test\Acne\train_acne-face-3-6__ProtectWyJQcm90ZWN0Il0_FocusFillWzI5NCwyMjIsIngiLDFd.jpeg,Acne,0,Acne,0,0.6937673687934875,0.057944949716329575,0.03455131873488426,0.05416315421462059,0.05840165913105011,0.06132519245147705,0.039846375584602356
datasets\data\test\Acne\train_acne-face-3-8__ProtectWyJQcm90ZWN0Il0_FocusFillWzI5NCwyMjIsIngiLDFd.jpeg,Acne,0,Acne,0,0.680555522441864,0.05428151786327362,0.04388567432761192,0.05448921397328377,0.05453484505414963,0.06439357250928879,0.0478595532476902
datasets\data\test\Acne\train_acne-face-4-14__ProtectWyJQcm90ZWN0Il0_FocusFillWzI5NCwyMjIsIngiLDFd.jpeg,Acne,0,Acne,0,0.648772120475769,0.04800397530198097,0.026194844394922256,0.03729778900742531,0.05146476998925209,0.07916504889726639,0.10910145938396454
datasets\data\test\Acne\train_acne-face-4-6__ProtectWyJQcm90ZWN0Il0_FocusFillWzI5NCwyMjIsIngiLDFd.jpeg,Acne,0,Acne,0,0.45924270153045654,0.04071856662631035,0.06417078524827957,0.1262011080980301,0.07255472242832184,0.19111180305480957,0.04600033909082413
datasets\data\test\Acne\train_acne-face-5-3__ProtectWyJQcm90ZWN0Il0_FocusFillWzI5NCwyMjIsIngiLDFd.jpeg,Acne,0,Acne,0,0.5324686765670776,0.05672197788953781,0.05878010764718056,0.0666043609380722,0.04330935701727867,0.08046310395002365,0.16165240108966827
datasets\data\test\Acne\train_acne-face-55__ProtectWyJQcm90ZWN0Il0_FocusFillWzI5NCwyMjIsIngiLDFd.jpeg,Acne,0,Acne,0,0.7110124826431274,0.037345029413700104,0.05299752578139305,0.0404333770275116,0.053159065544605255,0.07317578792572021,0.03187667578458786
datasets\data\test\Acne\train_acne-face-66__ProtectWyJQcm90ZWN0Il0_FocusFillWzI5NCwyMjIsIngiLDFd.jpeg,Acne,0,Acne,0,0.5268047451972961,0.07470674067735672,0.06752222031354904,0.0620933435857296,0.07068213075399399,0.048121508210897446,0.15006937086582184
datasets\data\test\Acne\train_acne-face-7-1__ProtectWyJQcm90ZWN0Il0_FocusFillWzI5NCwyMjIsIngiLDE4XQ.jpeg,Acne,0,Acne,0,0.5877395868301392,0.051094360649585724,0.0500912070274353,0.07703747600317001,0.060422733426094055,0.13923148810863495,0.0343831442296505
datasets\data\test\Acne\train_acne-face-74__ProtectWyJQcm90ZWN0Il0_FocusFillWzI5NCwyMjIsIngiLDFd.jpeg,Acne,0,Acne,0,0.6695330739021301,0.06860613077878952,0.059489451348781586,0.047952111810445786,0.06020735576748848,0.060320764780044556,0.03389120474457741
datasets\data\test\Acne\train_acne-face-77__ProtectWyJQcm90ZWN0Il0_FocusFillWzI5NCwyMjIsIngiLDFd.jpeg,Acne,0,Acne,0,0.3803732991218567,0.18812716007232666,0.12218032777309418,0.06686785072088242,0.0773654356598854,0.1359345018863678,0.02915136143565178
datasets\data\test\Acne\train_acne-face-78__ProtectWyJQcm90ZWN0Il0_FocusFillWzI5NCwyMjIsIngiLDFd.jpeg,Acne,0,Acne,0,0.7053918838500977,0.05345110222697258,0.027824589982628822,0.05961320549249649,0.057091083377599716,0.05922681838274002,0.03740132227540016
datasets\data\test\Acne\train_acne-histology-3.jpg,Acne,0,Psoriasis,5,0.015540284104645252,0.01565377600491047,0.1481551080942154,0.014740610495209694,0.024120358750224113,0.766065776348114,0.015724098309874535
datasets\data\test\Acne\train_acne-infantile-9.jpg,Acne,0,Acne,0,0.6909295320510864,0.04899057000875473,0.059434764087200165,0.03705164045095444,0.036580681800842285,0.05951307713985443,0.06749970465898514
datasets\data\test\Acne\train_acne-open-comedo-10.jpeg,Acne,0,Acne,0,0.7344589233398438,0.026024628430604935,0.04920046031475067,0.027545716613531113,0.04419364780187607,0.09610159695148468,0.02247498743236065
datasets\data\test\Acne\train_acne-open-comedo-12.jpeg,Acne,0,Acne,0,0.4914926588535309,0.02634233795106411,0.10575023293495178,0.061170224100351334,0.044383883476257324,0.2074177861213684,0.06344285607337952
datasets\data\test\Acne\train_acne-open-comedo-22.jpeg,Acne,0,Acne,0,0.7582988142967224,0.04019457846879959,0.02403097040951252,0.0630427673459053,0.038088709115982056,0.01820836029946804,0.0581357516348362
datasets\data\test\Acne\train_acne-open-comedo-38.jpeg,Acne,0,Acne,0,0.5857595801353455,0.04719781130552292,0.06618881225585938,0.06244503706693649,0.045794036239385605,0.07727902382612228,0.11533567309379578
datasets\data\test\Acne\train_acne-open-comedo-57.jpg,Acne,0,Acne,0,0.4405662715435028,0.037676043808460236,0.23355206847190857,0.04632474109530449,0.051985371857881546,0.09126358479261398,0.09863196313381195
datasets\data\test\Acne\train_acne-open-comedo-65.jpeg,Acne,0,Tinea,6,0.34709444642066956,0.0285052340477705,0.041920725256204605,0.035234950482845306,0.033089518547058105,0.16572821140289307,0.348426878452301
datasets\data\test\Acne\train_acne-open-comedo-69.jpeg,Acne,0,Acne,0,0.5758641362190247,0.042488858103752136,0.11479253321886063,0.04853441193699837,0.052635982632637024,0.05719218775629997,0.10849188268184662
datasets\data\test\Acne\train_acne-open-comedo-8.jpeg,Acne,0,Acne,0,0.7399590015411377,0.027017734944820404,0.028283610939979553,0.03520866110920906,0.0396215096116066,0.0858759805560112,0.04403349757194519
datasets\data\test\Acne\train_acne-primary-lesion-7.jpg,Acne,0,Acne,0,0.5166534185409546,0.04182617366313934,0.08795419335365295,0.06630861014127731,0.11264654248952866,0.035754960030317307,0.13885605335235596
datasets\data\test\Acne\train_acne-pustular-34.jpeg,Acne,0,Acne,0,0.7092584371566772,0.04758182540535927,0.017982466146349907,0.04757562279701233,0.04281675070524216,0.09442292153835297,0.04036194831132889
datasets\data\test\Acne\train_acne-pustular-40.jpeg,Acne,0,Acne,0,0.7409270405769348,0.04944435879588127,0.03911549225449562,0.05539087578654289,0.04970209300518036,0.04026971384882927,0.02515038475394249
datasets\data\test\Acne\train_acne-pustular-48.jpeg,Acne,0,Acne,0,0.6188100576400757,0.04921519383788109,0.09174621850252151,0.07312547415494919,0.053220439702272415,0.07120559364557266,0.042677003890275955
datasets\data\test\Acne\train_acne-pustular-50.jpeg,Acne,0,Acne,0,0.7452300190925598,0.043204449117183685,0.037437211722135544,0.05922429636120796,0.04548642784357071,0.031528402119874954,0.037889283150434494
datasets\data\test\Acne\train_acne-pustular-53.jpeg,Acne,0,Acne,0,0.7435100078582764,0.03569856286048889,0.02245507761836052,0.07901658117771149,0.03434327617287636,0.04354705661535263,0.04142939671874046
datasets\data\test\Acne\train_acne-pustular-54.jpeg,Acne,0,Acne,0,0.6580122709274292,0.036740582436323166,0.12334023416042328,0.053184594959020615,0.05132706090807915,0.05130934715270996,0.02608596533536911
datasets\data\test\Acne\train_acne-pustular-56.jpeg,Acne,0,Acne,0,0.4618759751319885,0.05438581481575966,0.11448267847299576,0.027261631563305855,0.042793065309524536,0.22520077228546143,0.07400009781122208
datasets\data\test\Acne\train_acne-pustular-65.jpeg,Acne,0,Acne,0,0.7119054794311523,0.03341943398118019,0.04621565714478493,0.045764125883579254,0.04625239968299866,0.07940215617418289,0.037040673196315765
datasets\data\test\Acne\train_acne-pustular-69.jpeg,Acne,0,Acne,0,0.4173352122306824,0.06387531757354736,0.16247068345546722,0.09677423536777496,0.07042130082845688,0.07468567043542862,0.11443763971328735
datasets\data\test\Acne\train_acne-pustular-74.jpeg,Acne,0,Acne,0,0.6042711138725281,0.042308516800403595,0.04782716557383537,0.03827517107129097,0.03616434708237648,0.05187123268842697,0.17928250133991241
datasets\data\test\Acne\train_gram-negative-folliculitis-1.jpg,Acne,0,Acne,0,0.6768817901611328,0.045307304710149765,0.05664771422743797,0.03282291814684868,0.042292460799217224,0.03854652866721153,0.10750135034322739
datasets\data\test\Acne\train_hidradenitis-suppurativa-21.jpg,Acne,0,Acne,0,0.6206216216087341,0.043607328087091446,0.11455545574426651,0.03614075481891632,0.03860906511545181,0.062919482588768,0.08354625105857849
datasets\data\test\Acne\train_hidradenitis-suppurativa-4.jpg,Acne,0,Acne,0,0.6080951690673828,0.02258909121155739,0.18704484403133392,0.018192756921052933,0.025675103068351746,0.08381883054971695,0.05458429455757141
datasets\data\test\Acne\train_hidradenitis-suppurativa-41.jpg,Acne,0,Acne,0,0.6156823635101318,0.07422680407762527,0.0508226603269577,0.07255963981151581,0.03672929108142853,0.031040074303746223,0.1189391165971756
datasets\data\test\Acne\train_hidradenitis-suppurativa-52.jpg,Acne,0,Acne,0,0.828153669834137,0.03819565102458,0.020500548183918,0.02355104498565197,0.03770928829908371,0.015431534498929977,0.03645824268460274
datasets\data\test\Acne\train_hidradenitis-suppurativa-64.jpg,Acne,0,Psoriasis,5,0.10763255506753922,0.03871770575642586,0.05089876055717468,0.23840993642807007,0.05105394870042801,0.3025517165660858,0.21073539555072784
datasets\data\test\Acne\train_hidradenitis-suppurativa-65.jpg,Acne,0,Acne,0,0.4818357825279236,0.051468003541231155,0.10089057683944702,0.07317813485860825,0.03849540278315544,0.11759869754314423,0.13653339445590973
datasets\data\test\Acne\train_hidradenitis-suppurativa-66.jpg,Acne,0,Tinea,6,0.21754130721092224,0.05881030857563019,0.0708685964345932,0.06064853444695473,0.03796415403485298,0.23058995604515076,0.3235771059989929
datasets\data\test\Acne\train_hidradenitis-suppurativa-92.jpg,Acne,0,Acne,0,0.7731338143348694,0.035602863878011703,0.04326348751783371,0.02676902338862419,0.04613205045461655,0.04731132835149765,0.027787411585450172
datasets\data\test\Acne\train_Hidradenitis-Suppurativa-Areola-2.jpg,Acne,0,Acne,0,0.664513349533081,0.021623549982905388,0.14195044338703156,0.04634363576769829,0.025984277948737144,0.0327090248465538,0.06687571108341217
datasets\data\test\Acne\train_milia-13.jpg,Acne,0,Acne,0,0.3780239224433899,0.05625447258353233,0.24757887423038483,0.06030392646789551,0.04532332345843315,0.1420319825410843,0.07048354297876358
datasets\data\test\Acne\train_perioral-dermatitis-102.jpg,Acne,0,Acne,0,0.5907770395278931,0.02377353236079216,0.04686962813138962,0.017736122012138367,0.030602604150772095,0.07627134025096893,0.21396975219249725
datasets\data\test\Acne\train_perioral-dermatitis-105.jpg,Acne,0,Acne,0,0.6714840531349182,0.04211907461285591,0.09779924899339676,0.05061640217900276,0.0410858578979969,0.058195535093545914,0.038699809461832047
datasets\data\test\Acne\train_perioral-dermatitis-118.jpg,Acne,0,Acne,0,0.7269855737686157,0.03201141953468323,0.027941526845097542,0.03566215559840202,0.041382960975170135,0.10882893949747086,0.027187462896108627
datasets\data\test\Acne\train_perioral-dermatitis-122.jpg,Acne,0,Acne,0,0.6001280546188354,0.055867910385131836,0.11090555787086487,0.04102097451686859,0.050971757620573044,0.11654646694660187,0.02455921098589897
datasets\data\test\Acne\train_perioral-dermatitis-124.jpg,Acne,0,Psoriasis,5,0.04031785950064659,0.029665973037481308,0.0668097734451294,0.1385672390460968,0.029935892671346664,0.5729336142539978,0.12176971882581711
datasets\data\test\Acne\train_perioral-dermatitis-129.jpg,Acne,0,Acne,0,0.4183897376060486,0.058927323669195175,0.16067533195018768,0.08336885273456573,0.05148722603917122,0.10473394393920898,0.12241753935813904
datasets\data\test\Acne\train_perioral-dermatitis-13.jpg,Acne,0,Acne,0,0.7008760571479797,0.03206123411655426,0.06872996687889099,0.05158267542719841,0.03255002573132515,0.07920113950967789,0.034998904913663864
datasets\data\test\Acne\train_perioral-dermatitis-139.jpg,Acne,0,NailFungus,3,0.1416989266872406,0.03512432798743248,0.127517968416214,0.44928407669067383,0.03805806487798691,0.07694040983915329,0.13137631118297577
datasets\data\test\Acne\train_perioral-dermatitis-22.jpg,Acne,0,Acne,0,0.5742159485816956,0.0341218076646328,0.09293752908706665,0.027092913165688515,0.03950319439172745,0.13342291116714478,0.0987057313323021
datasets\data\test\Acne\train_perioral-dermatitis-26.jpg,Acne,0,Eczema,2,0.3544802963733673,0.026821529492735863,0.430724173784256,0.05677713081240654,0.03391248732805252,0.06033401936292648,0.036950476467609406
datasets\data\test\Acne\train_perioral-dermatitis-3.jpg,Acne,0,Acne,0,0.5113821029663086,0.029390014708042145,0.08674108982086182,0.033262528479099274,0.02900799922645092,0.12092610448598862,0.18929016590118408
datasets\data\test\Acne\train_perioral-dermatitis-54.jpg,Acne,0,Acne,0,0.6057758927345276,0.028478285297751427,0.07698513567447662,0.03140275925397873,0.04434751719236374,0.1782015711069107,0.034808821976184845
datasets\data\test\Acne\train_perioral-dermatitis-59.jpg,Acne,0,Acne,0,0.26405251026153564,0.059435293078422546,0.19212479889392853,0.16095340251922607,0.04173583909869194,0.12936291098594666,0.15233521163463593
datasets\data\test\Acne\train_perioral-dermatitis-99.jpg,Acne,0,Acne,0,0.593899667263031,0.04543613642454147,0.039102911949157715,0.040558792650699615,0.05846687778830528,0.1764867752790451,0.046048831194639206
datasets\data\test\Acne\train_rosacea-17.jpg,Acne,0,Acne,0,0.5492554903030396,0.02804872766137123,0.08455400913953781,0.02463957853615284,0.035969801247119904,0.24406220018863678,0.033470213413238525
datasets\data\test\Acne\train_rosacea-41.jpg,Acne,0,Acne,0,0.3451371490955353,0.04884079098701477,0.09822231531143188,0.22230945527553558,0.08777941018342972,0.11982390284538269,0.07788702845573425
datasets\data\test\Acne\train_rosacea-47.jpg,Acne,0,Acne,0,0.712643027305603,0.044141121208667755,0.044733304530382156,0.043280646204948425,0.05198029428720474,0.06806845963001251,0.03515322133898735
datasets\data\test\Acne\train_rosacea-51.jpg,Acne,0,Acne,0,0.8413835763931274,0.02694764919579029,0.04322786629199982,0.018631258979439735,0.038697730749845505,0.016276996582746506,0.014834967441856861
datasets\data\test\Acne\train_rosacea-57.jpg,Acne,0,Acne,0,0.6943308711051941,0.038676176220178604,0.09809144586324692,0.027367563918232918,0.04716014862060547,0.05760218948125839,0.036771517246961594
datasets\data\test\Acne\train_rosacea-69.jpg,Acne,0,NailFungus,3,0.06949234753847122,0.043066900223493576,0.06484014540910721,0.3828680217266083,0.0491204559803009,0.1596049666404724,0.2310071587562561
datasets\data\test\Acne\train_rosacea-83.jpg,Acne,0,Acne,0,0.693358838558197,0.028715383261442184,0.0451134629547596,0.024302681908011436,0.038087859749794006,0.12736935913562775,0.04305240884423256
datasets\data\test\Acne\train_rosacea-89.jpg,Acne,0,Tinea,6,0.3157016634941101,0.05317237600684166,0.025252295657992363,0.0812976062297821,0.032624855637550354,0.06238510087132454,0.42956605553627014
datasets\data\test\Acne\train_rosacea-9.jpg,Acne,0,Acne,0,0.5289753675460815,0.034899353981018066,0.07100960612297058,0.04518407583236694,0.04770307615399361,0.16897337138652802,0.10325510799884796
datasets\data\test\Acne\train_rosacea-90.jpg,Acne,0,Acne,0,0.39983969926834106,0.041947316378355026,0.16364766657352448,0.08234858512878418,0.04351957514882088,0.16465438902378082,0.10404275357723236
datasets\data\test\Acne\train_rosacea-92.jpg,Acne,0,Tinea,6,0.05816551670432091,0.031077323481440544,0.11116628348827362,0.20139086246490479,0.026045816019177437,0.09925561398267746,0.4728986918926239
datasets\data\test\Acne\train_rosacea-97.jpg,Acne,0,Acne,0,0.7789621949195862,0.04098358750343323,0.05466235801577568,0.03044191002845764,0.046788290143013,0.02340325526893139,0.02475845068693161
datasets\data\test\Acne\train_rosacea-nose-38.jpg,Acne,0,Acne,0,0.6686067581176758,0.06199440732598305,0.031751006841659546,0.06736457347869873,0.05763167515397072,0.030586224049329758,0.08206541836261749
datasets\data\test\Acne\train_rosacea-nose-41.jpg,Acne,0,Acne,0,0.3903714716434479,0.02995266020298004,0.06782439351081848,0.050383832305669785,0.04991905391216278,0.19839534163475037,0.21315331757068634
datasets\data\test\Acne\train_rosacea-nose-7.jpg,Acne,0,Acne,0,0.4672037661075592,0.025593820959329605,0.03750628978013992,0.033981550484895706,0.03626922145485878,0.13327659666538239,0.26616883277893066
datasets\data\test\Acne\train_rosacea-steroid-4.jpg,Acne,0,Acne,0,0.5825823545455933,0.03292405232787132,0.11857829988002777,0.04300657659769058,0.04352101311087608,0.0809282511472702,0.09845954179763794
datasets\data\test\Acne\train_sebaceous-glands-upper-lip-1.jpg,Acne,0,Acne,0,0.4150746166706085,0.042188819497823715,0.05117598548531532,0.09814011305570602,0.06590615212917328,0.17606668174266815,0.1514476090669632
datasets\data\test\Acne\valid_179__ProtectWyJQcm90ZWN0Il0_FocusFillWzI5NCwyMjIsIngiLDFd.jpeg,Acne,0,Acne,0,0.5771477222442627,0.06837017834186554,0.10421133786439896,0.05270950496196747,0.0683584213256836,0.05371016636490822,0.07549264281988144
datasets\data\test\Acne\valid_194__ProtectWyJQcm90ZWN0Il0_FocusFillWzI5NCwyMjIsIngiLDFd.jpeg,Acne,0,Psoriasis,5,0.17992472648620605,0.05547931790351868,0.14623196423053741,0.06346680968999863,0.07313039898872375,0.4392298758029938,0.04253691807389259
datasets\data\test\Acne\valid_acne-comedones-57-v2__ProtectWyJQcm90ZWN0Il0_FocusFillWzI5NCwyMjIsIngiLDE3XQ.jpeg,Acne,0,Acne,0,0.7323253750801086,0.03987033665180206,0.040139563381671906,0.03807462379336357,0.06155257299542427,0.05112769827246666,0.03690972551703453
datasets\data\test\Acne\valid_acne-cystic-33.jpeg,Acne,0,Acne,0,0.691000759601593,0.061178646981716156,0.0660509243607521,0.05913364514708519,0.062335509806871414,0.03124486654996872,0.02905568853020668
datasets\data\test\Candidiasis\test_1308__ProtectWyJQcm90ZWN0Il0_FocusFillWzI5NCwyMjIsIngiLDFd.jpeg,Candidiasis,1,Candidiasis,1,0.042087454348802567,0.7430554628372192,0.050363846123218536,0.039522912353277206,0.03835457190871239,0.03108651004731655,0.05552923306822777
datasets\data\test\Candidiasis\test_candidiasis-large-skin-folds-172.jpeg,Candidiasis,1,Tinea,6,0.03073534183204174,0.1501082181930542,0.04710313677787781,0.04930565133690834,0.04568848758935928,0.08652862161397934,0.590530514717102
datasets\data\test\Candidiasis\train_1285-small__ProtectWyJQcm90ZWN0Il0_FocusFillWzI5NCwyMjIsInkiLDg1XQ.jpeg,Candidiasis,1,Candidiasis,1,0.05575396120548248,0.57149738073349,0.0785626769065857,0.06943944841623306,0.09728070348501205,0.05690257251262665,0.07056324928998947
datasets\data\test\Candidiasis\train_1295-small__ProtectWyJQcm90ZWN0Il0_FocusFillWzI5NCwyMjIsInkiLDg1XQ.jpeg,Candidiasis,1,Psoriasis,5,0.100194051861763,0.2767612636089325,0.08909806609153748,0.0785529688000679,0.06778611242771149,0.3517398536205292,0.03586764261126518
datasets\data\test\Candidiasis\train_1296__ProtectWyJQcm90ZWN0Il0_FocusFillWzI5NCwyMjIsIngiLDFd.jpeg,Candidiasis,1,Candidiasis,1,0.04388276860117912,0.6985203623771667,0.04370221495628357,0.05033190920948982,0.05142071843147278,0.05501283332705498,0.05712920054793358
datasets\data\test\Candidiasis\train_1311-small__ProtectWyJQcm90ZWN0Il0_FocusFillWzI5NCwyMjIsIngiLDFd.jpeg,Candidiasis,1,Candidiasis,1,0.10031299293041229,0.5737545490264893,0.0638125017285347,0.05765106901526451,0.08907856047153473,0.05166591331362724,0.06372448056936264
datasets\data\test\Candidiasis\train_13CandidaAxillae020210.jpeg,Candidiasis,1,Tinea,6,0.017332522198557854,0.042741212993860245,0.1363365650177002,0.024385638535022736,0.02261173538863659,0.026377135887742043,0.7302151322364807
datasets\data\test\Candidiasis\train_13CandidaBreast.jpeg,Candidiasis,1,Tinea,6,0.028747906908392906,0.1660395860671997,0.05624333769083023,0.06481683999300003,0.04581572115421295,0.0909799262881279,0.5473566651344299
datasets\data\test\Candidiasis\train_candida-groin-14.jpeg,Candidiasis,1,Tinea,6,0.04515761882066727,0.14279738068580627,0.1261935979127884,0.03426184505224228,0.04169755056500435,0.0643121600151062,0.5455798506736755
datasets\data\test\Candidiasis\train_candida-penis-24.jpeg,Candidiasis,1,Candidiasis,1,0.042608849704265594,0.7020496726036072,0.055901285260915756,0.04245525225996971,0.046178188174963,0.05847978591918945,0.052326951175928116
datasets\data\test\Candidiasis\train_candida-penis-25.jpeg,Candidiasis,1,Candidiasis,1,0.04713718965649605,0.6815429925918579,0.05878705158829689,0.04432410001754761,0.052210211753845215,0.040240656584501266,0.07575786113739014
datasets\data\test\Candidiasis\train_candida-penis-47.jpeg,Candidiasis,1,Candidiasis,1,0.0552123598754406,0.6021816730499268,0.0526798814535141,0.04725548252463341,0.041844263672828674,0.15317368507385254,0.04765266552567482
datasets\data\test\Candidiasis\train_Candida-penis-765.jpeg,Candidiasis,1,Psoriasis,5,0.03168616071343422,0.11448230594396591,0.2616105377674103,0.06213129311800003,0.02875170297920704,0.4674782454967499,0.033859796822071075
datasets\data\test\Candidiasis\train_candidiasis-diaper-25.jpeg,Candidiasis,1,Candidiasis,1,0.04890567436814308,0.6777435541152954,0.05785057693719864,0.039788469672203064,0.05256038159132004,0.03984585031867027,0.08330553770065308
datasets\data\test\Candidiasis\train_candidiasis-diaper-31.jpeg,Candidiasis,1,Candidiasis,1,0.037292640656232834,0.6963041424751282,0.047062650322914124,0.0437917560338974,0.04394625127315521,0.06905999034643173,0.06254252791404724
datasets\data\test\Candidiasis\train_candidiasis-large-skin-folds-117.jpeg,Candidiasis,1,Candidiasis,1,0.04356067255139351,0.6799402832984924,0.05457757040858269,0.04836426302790642,0.052537839859724045,0.04139825701713562,0.0796210989356041
datasets\data\test\Candidiasis\train_candidiasis-large-skin-folds-131.jpeg,Candidiasis,1,Tinea,6,0.10163256525993347,0.2133086770772934,0.053564757108688354,0.03767373412847519,0.04155273362994194,0.07018379867076874,0.4820837378501892
datasets\data\test\Candidiasis\train_candidiasis-large-skin-folds-142.jpeg,Candidiasis,1,Candidiasis,1,0.0449882410466671,0.7100608348846436,0.04595683142542839,0.044150613248348236,0.04659537971019745,0.04402991384267807,0.06421824544668198
datasets\data\test\Candidiasis\train_candidiasis-large-skin-folds-163.jpeg,Candidiasis,1,Candidiasis,1,0.03168864920735359,0.4273625612258911,0.11869107931852341,0.034142278134822845,0.06299974024295807,0.05858344957232475,0.26653221249580383
datasets\data\test\Candidiasis\train_candidiasis-large-skin-folds-166.jpeg,Candidiasis,1,Candidiasis,1,0.05538610741496086,0.6353657245635986,0.046846792101860046,0.04663963243365288,0.053327206522226334,0.05164392665028572,0.11079052835702896
datasets\data\test\Candidiasis\train_candidiasis-large-skin-folds-17.jpeg,Candidiasis,1,Tinea,6,0.05527055636048317,0.04874619096517563,0.12022766470909119,0.028450584039092064,0.027941975742578506,0.04905054345726967,0.6703124642372131
datasets\data\test\Candidiasis\train_candidiasis-large-skin-folds-170.jpeg,Candidiasis,1,Candidiasis,1,0.03782140091061592,0.7042375206947327,0.048906318843364716,0.04411706328392029,0.04922400787472725,0.0462290458381176,0.06946465373039246
datasets\data\test\Candidiasis\train_candidiasis-large-skin-folds-175.jpeg,Candidiasis,1,Candidiasis,1,0.05089788883924484,0.5917659401893616,0.045328885316848755,0.0752371996641159,0.05584286153316498,0.07536428421735764,0.1055629700422287
datasets\data\test\Candidiasis\train_candidiasis-large-skin-folds-176.jpeg,Candidiasis,1,Candidiasis,1,0.055170174688100815,0.6673504114151001,0.05622897297143936,0.05403770133852959,0.05559739097952843,0.04339195415377617,0.06822335720062256
datasets\data\test\Candidiasis\train_candidiasis-large-skin-folds-95.jpeg,Candidiasis,1,Candidiasis,1,0.05039297789335251,0.6221975684165955,0.0648607388138771,0.057694289833307266,0.06544562429189682,0.04296613857150078,0.09644274413585663
datasets\data\test\Candidiasis\train_candidiasis-mouth-11.jpeg,Candidiasis,1,Psoriasis,5,0.0332581028342247,0.02038886398077011,0.03761378675699234,0.017798563465476036,0.016365980729460716,0.8360344767570496,0.03854016587138176
datasets\data\test\Eczema\test_05Atopic0712046.jpeg,Eczema,2,Eczema,2,0.0183548703789711,0.02897256426513195,0.7738655805587769,0.02722756378352642,0.02337999828159809,0.07133737206459045,0.056861985474824905
datasets\data\test\Eczema\test_Dyshidrosis-14.jpg,Eczema,2,Tinea,6,0.02115829661488533,0.040396902710199356,0.1409730762243271,0.030572334304451942,0.03074599802494049,0.23508504033088684,0.5010683536529541
datasets\data\test\Eczema\test_Dyshidrosis-31.jpg,Eczema,2,Eczema,2,0.024050474166870117,0.026163097470998764,0.47863414883613586,0.01386380847543478,0.030515950173139572,0.4002296030521393,0.026542903855443
datasets\data\test\Eczema\test_eczema-fingertips-142.jpeg,Eczema,2,Eczema,2,0.01770642213523388,0.02771286852657795,0.7330725193023682,0.04008205235004425,0.029933009296655655,0.08276785910129547,0.06872525066137314
datasets\data\test\Eczema\test_lichen-simplex-chronicus-177.jpg,Eczema,2,Eczema,2,0.01674531400203705,0.026476304978132248,0.7697018980979919,0.055560991168022156,0.02524138055741787,0.08311817049980164,0.02315586991608143
datasets\data\test\Eczema\test_lichen-simplex-chronicus-89.jpg,Eczema,2,Acne,0,0.46411460638046265,0.02228197455406189,0.06442368775606155,0.04140549153089523,0.05790329352021217,0.32902947068214417,0.020841453224420547
datasets\data\test\Eczema\test_lichen-simplex-chronicus-91.jpg,Eczema,2,Eczema,2,0.017330899834632874,0.018687885254621506,0.7395142912864685,0.03613431379199028,0.01740446127951145,0.10041091591119766,0.0705171748995781
datasets\data\test\Eczema\test_neurotic-excoriations-13.jpg,Eczema,2,Eczema,2,0.04103722795844078,0.02959420159459114,0.7112850546836853,0.04250765219330788,0.025794753804802895,0.13239017128944397,0.01739097200334072
datasets\data\test\Eczema\test_neurotic-excoriations-27.jpg,Eczema,2,Eczema,2,0.016094258055090904,0.02190287597477436,0.667416512966156,0.02724069356918335,0.023626407608389854,0.22277212142944336,0.020947111770510674
datasets\data\test\Eczema\test_pompholyx-7.jpg,Eczema,2,Tinea,6,0.01962549239397049,0.01719769649207592,0.2522413730621338,0.02802961692214012,0.03607114776968956,0.08197690546512604,0.5648577213287354
datasets\data\test\Eczema\test_prurigo-nodularis-22.jpg,Eczema,2,Eczema,2,0.07302549481391907,0.034827325493097305,0.34592798352241516,0.08051092177629471,0.03755372390151024,0.23220615088939667,0.19594837725162506
datasets\data\test\Eczema\test_stasis-dermatitis-115.jpg,Eczema,2,Eczema,2,0.028452221304178238,0.03397940844297409,0.5669595003128052,0.06597228348255157,0.044148869812488556,0.06784667074680328,0.19264109432697296
datasets\data\test\Eczema\test_stasis-dermatitis-122.jpg,Eczema,2,Eczema,2,0.020804857835173607,0.024181105196475983,0.7087937593460083,0.020195189863443375,0.027968458831310272,0.07978862524032593,0.1182679608464241
datasets\data\test\Eczema\test_stasis-dermatitis-135.jpg,Eczema,2,NailFungus,3,0.08257956802845001,0.03504180908203125,0.29131510853767395,0.31235039234161377,0.04961801692843437,0.08986847847700119,0.13922667503356934
datasets\data\test\Eczema\test_stasis-dermatitis-93.jpg,Eczema,2,Eczema,2,0.006722862366586924,0.01613941788673401,0.9058626890182495,0.013267872855067253,0.014167973771691322,0.027391687035560608,0.01644744537770748
datasets\data\test\Eczema\train_chapped-fissured-feet-1.jpg,Eczema,2,Eczema,2,0.05281546711921692,0.04430322349071503,0.6318199038505554,0.06471081078052521,0.04823845997452736,0.0551537461578846,0.1029583066701889
datasets\data\test\Eczema\train_chapped-fissured-feet-17.jpg,Eczema,2,Eczema,2,0.028169389814138412,0.03742615506052971,0.5696215629577637,0.03855226933956146,0.04959973320364952,0.0674256831407547,0.20920522511005402
datasets\data\test\Eczema\train_chapped-fissured-feet-34.jpg,Eczema,2,Eczema,2,0.018855992704629898,0.025812815874814987,0.781464695930481,0.017485033720731735,0.02966608852148056,0.06867042928934097,0.05804489925503731
datasets\data\test\Eczema\train_chapped-fissured-feet-5.jpg,Eczema,2,Eczema,2,0.023518647998571396,0.023539941757917404,0.6965414881706238,0.023269841447472572,0.035140492022037506,0.027949068695306778,0.1700405478477478
datasets\data\test\Eczema\train_desquamation-7.jpg,Eczema,2,Tinea,6,0.0439833328127861,0.029878998175263405,0.22212626039981842,0.013312814757227898,0.026522818952798843,0.314507395029068,0.34966838359832764
datasets\data\test\Eczema\train_Dyshidrosis-17.jpg,Eczema,2,Eczema,2,0.015820255503058434,0.014558431692421436,0.8303355574607849,0.015877895057201385,0.020436326041817665,0.05413143336772919,0.048840172588825226
datasets\data\test\Eczema\train_Dyshidrosis-23.jpg,Eczema,2,Eczema,2,0.042910877615213394,0.039830613881349564,0.7014200687408447,0.01904265023767948,0.026535457000136375,0.13150885701179504,0.03875148296356201
datasets\data\test\Eczema\train_Dyshidrosis-25.jpg,Eczema,2,Eczema,2,0.06868138164281845,0.0337887778878212,0.6927492022514343,0.03632761538028717,0.02971200831234455,0.11646310985088348,0.022277817130088806
datasets\data\test\Eczema\train_Dyshidrosis-32.jpg,Eczema,2,Eczema,2,0.032457444816827774,0.02489289455115795,0.7769632339477539,0.021889349445700645,0.025275912135839462,0.0873330757021904,0.03118806518614292
datasets\data\test\Eczema\train_Dyshidrosis-38.jpg,Eczema,2,Eczema,2,0.03411687910556793,0.017666900530457497,0.8123498558998108,0.018291644752025604,0.023714657872915268,0.05661259591579437,0.03724747523665428
datasets\data\test\Eczema\train_Dyshidrosis-6.jpg,Eczema,2,Eczema,2,0.04424602910876274,0.036076001822948456,0.5831635594367981,0.04849262908101082,0.03502502664923668,0.1652841418981552,0.08771271258592606
datasets\data\test\Eczema\train_eczema-acute-2.jpeg,Eczema,2,Eczema,2,0.012875158339738846,0.014679089188575745,0.514039933681488,0.008516700007021427,0.01761389523744583,0.3842478394508362,0.04802735894918442
datasets\data\test\Eczema\train_eczema-areola-10.jpeg,Eczema,2,Eczema,2,0.03806837648153305,0.03525654599070549,0.6333451867103577,0.20438869297504425,0.023400038480758667,0.04532070457935333,0.020220497623085976
datasets\data\test\Eczema\train_eczema-areola-11.jpeg,Eczema,2,Eczema,2,0.02576671540737152,0.04846498742699623,0.3988019824028015,0.1868494600057602,0.03396840766072273,0.21357642114162445,0.09257198125123978
datasets\data\test\Eczema\train_eczema-areola-22.jpeg,Eczema,2,Eczema,2,0.03674265369772911,0.028319215402007103,0.6936911940574646,0.03885778784751892,0.024425240233540535,0.14615482091903687,0.03180908039212227
datasets\data\test\Eczema\train_eczema-areola-8.jpeg,Eczema,2,Eczema,2,0.026901040226221085,0.030375782400369644,0.7585158944129944,0.07263315469026566,0.0197561364620924,0.06668952852487564,0.025128426030278206
datasets\data\test\Eczema\train_eczema-asteatotic-15.jpeg,Eczema,2,Eczema,2,0.008348590694367886,0.031113827601075172,0.7668641209602356,0.023013580590486526,0.029862722381949425,0.024972062557935715,0.11582501232624054
datasets\data\test\Eczema\train_eczema-asteatotic-24.jpeg,Eczema,2,Eczema,2,0.012168248184025288,0.03014816902577877,0.7594096064567566,0.018155861645936966,0.031527966260910034,0.05372079834342003,0.09486939013004303
datasets\data\test\Eczema\train_eczema-asteatotic-29.jpeg,Eczema,2,Eczema,2,0.0304692555218935,0.04737796634435654,0.5582542419433594,0.04007995128631592,0.04869833216071129,0.11087638884782791,0.16424380242824554
datasets\data\test\Eczema\train_eczema-asteatotic-30.jpeg,Eczema,2,Eczema,2,0.00579616567119956,0.013221899047493935,0.92680823802948,0.009408037178218365,0.010942627675831318,0.023453833535313606,0.010369286872446537
datasets\data\test\Eczema\train_eczema-asteatotic-39.jpeg,Eczema,2,Eczema,2,0.003972562495619059,0.005262115504592657,0.895757794380188,0.002486180979758501,0.009123824536800385,0.076080322265625,0.007317138835787773
datasets\data\test\Eczema\train_eczema-asteatotic-53.jpeg,Eczema,2,Eczema,2,0.012148013338446617,0.020358232781291008,0.7173807621002197,0.03231826797127724,0.03581850603222847,0.05537818744778633,0.12659798562526703
datasets\data\test\Eczema\train_eczema-asteatotic-6.jpeg,Eczema,2,Eczema,2,0.016756288707256317,0.020062582567334175,0.8539128303527832,0.03355690836906433,0.020034601911902428,0.03124130330979824,0.024435514584183693
datasets\data\test\Eczema\train_eczema-chronic-12.jpeg,Eczema,2,Eczema,2,0.04000001400709152,0.032985128462314606,0.6829648017883301,0.03889765962958336,0.02973783202469349,0.06467965990304947,0.11073486506938934
datasets\data\test\Eczema\train_eczema-chronic-4.jpeg,Eczema,2,Eczema,2,0.011617734096944332,0.025181258097290993,0.7192948460578918,0.05659147724509239,0.024518780410289764,0.025553785264492035,0.13724201917648315
datasets\data\test\Eczema\train_eczema-chronic-48.jpeg,Eczema,2,Psoriasis,5,0.018597714602947235,0.021507075056433678,0.2922826409339905,0.02232382260262966,0.018461953848600388,0.5664801001548767,0.06034671887755394
datasets\data\test\Eczema\train_eczema-fingertips-1.jpeg,Eczema,2,Eczema,2,0.04327540472149849,0.05558166280388832,0.5078243017196655,0.2104061096906662,0.041922636330127716,0.11979566514492035,0.021194202825427055
datasets\data\test\Eczema\train_eczema-fingertips-125.jpeg,Eczema,2,Eczema,2,0.021150706335902214,0.027091652154922485,0.6534283757209778,0.04800478368997574,0.031507499516010284,0.17461200058460236,0.04420493543148041
datasets\data\test\Eczema\train_eczema-fingertips-126.jpeg,Eczema,2,NailFungus,3,0.043558891862630844,0.041060805320739746,0.2015477567911148,0.5027616620063782,0.045574069023132324,0.1275981366634369,0.03789874538779259
datasets\data\test\Eczema\train_eczema-fingertips-130.jpeg,Eczema,2,Eczema,2,0.01943700574338436,0.043448515236377716,0.554862380027771,0.02505575679242611,0.03792654722929001,0.2935054898262024,0.025764338672161102
datasets\data\test\Eczema\train_eczema-fingertips-143.jpeg,Eczema,2,Eczema,2,0.012584718875586987,0.019327951595187187,0.5223703384399414,0.01979866251349449,0.02839934639632702,0.3419603109359741,0.05555872991681099
datasets\data\test\Eczema\train_eczema-fingertips-26.jpeg,Eczema,2,Eczema,2,0.027957644313573837,0.03250427544116974,0.7169203758239746,0.014850709587335587,0.031374167650938034,0.1509295105934143,0.02546326443552971
datasets\data\test\Eczema\train_eczema-fingertips-27.jpeg,Eczema,2,Eczema,2,0.029333313927054405,0.04514680057764053,0.4835069179534912,0.019081076607108116,0.0403585210442543,0.34799864888191223,0.03457474708557129
datasets\data\test\Eczema\train_eczema-fingertips-36.jpg,Eczema,2,Eczema,2,0.03412741795182228,0.03129974752664566,0.7749510407447815,0.05059528723359108,0.03679198399186134,0.031677547842264175,0.04055700823664665
datasets\data\test\Eczema\train_eczema-fingertips-43.jpeg,Eczema,2,Eczema,2,0.033116549253463745,0.06004352867603302,0.5142029523849487,0.1810159981250763,0.055160634219646454,0.11918626725673676,0.0372740812599659
datasets\data\test\Eczema\train_eczema-fingertips-44.jpeg,Eczema,2,Eczema,2,0.03786911815404892,0.04022081941366196,0.677585244178772,0.03082790970802307,0.020631173625588417,0.1798524409532547,0.013013363815844059
datasets\data\test\Eczema\train_eczema-fingertips-6.jpeg,Eczema,2,Eczema,2,0.014154485426843166,0.020303266122937202,0.7472891807556152,0.036698609590530396,0.01728949509561062,0.15304261445999146,0.01122234482318163
datasets\data\test\Eczema\train_eczema-fingertips-60.jpeg,Eczema,2,Eczema,2,0.021745670586824417,0.02475130930542946,0.8134835958480835,0.01782912388443947,0.03107111155986786,0.025861850008368492,0.06525737792253494
datasets\data\test\Eczema\train_eczema-fingertips-74.jpeg,Eczema,2,Eczema,2,0.03667338937520981,0.042156532406806946,0.6960403919219971,0.04128300026059151,0.054276105016469955,0.08794143050909042,0.041629113256931305
datasets\data\test\Eczema\train_eczema-fingertips-76.jpeg,Eczema,2,Psoriasis,5,0.017904652282595634,0.028359731659293175,0.3485400378704071,0.03367260470986366,0.0351782888174057,0.48148903250694275,0.05485575646162033
datasets\data\test\Eczema\train_eczema-fingertips-88.jpeg,Eczema,2,Eczema,2,0.022057726979255676,0.02887105755507946,0.7587223649024963,0.05623752251267433,0.03451250493526459,0.07992852479219437,0.019670339301228523
datasets\data\test\Eczema\train_eczema-fingertips-98.jpg,Eczema,2,Eczema,2,0.05794107913970947,0.03798337280750275,0.6040356755256653,0.11702375113964081,0.03396594151854515,0.12354690581560135,0.025503337383270264
datasets\data\test\Eczema\train_eczema-foot-102.jpeg,Eczema,2,Eczema,2,0.01569640450179577,0.022465908899903297,0.5211466550827026,0.027868207544088364,0.037285834550857544,0.041605960577726364,0.3339310586452484
datasets\data\test\Eczema\train_eczema-foot-16.jpeg,Eczema,2,Eczema,2,0.016642911359667778,0.014961006119847298,0.706556499004364,0.015924686565995216,0.016792921349406242,0.19375039637088776,0.03537154570221901
datasets\data\test\Eczema\train_eczema-foot-20.jpeg,Eczema,2,Eczema,2,0.02273980714380741,0.037293531000614166,0.5013270974159241,0.02717197686433792,0.03953198343515396,0.30151745676994324,0.0704180896282196
datasets\data\test\Eczema\train_eczema-foot-22.jpeg,Eczema,2,Eczema,2,0.015543786808848381,0.029135528951883316,0.7589893341064453,0.022055622190237045,0.02492520585656166,0.04887526109814644,0.10047531872987747
datasets\data\test\Eczema\train_eczema-foot-29.jpeg,Eczema,2,Eczema,2,0.024789631366729736,0.04057765752077103,0.4245791435241699,0.04895961657166481,0.029273994266986847,0.3625761568546295,0.06924384087324142
datasets\data\test\Eczema\train_eczema-foot-31.jpeg,Eczema,2,Tinea,6,0.024738138541579247,0.09615909308195114,0.18868058919906616,0.07909663766622543,0.05732350796461105,0.09596697241067886,0.45803505182266235
datasets\data\test\Eczema\train_eczema-foot-33.jpeg,Eczema,2,Eczema,2,0.04000414162874222,0.09084291011095047,0.3803175985813141,0.026300150901079178,0.04853411763906479,0.13956518471240997,0.27443593740463257
datasets\data\test\Eczema\train_eczema-foot-52.jpeg,Eczema,2,Eczema,2,0.029180064797401428,0.022742193192243576,0.4825861155986786,0.024365846067667007,0.024839792400598526,0.3637785017490387,0.05250750482082367
datasets\data\test\Eczema\train_eczema-foot-74.jpeg,Eczema,2,Eczema,2,0.027009939774870872,0.047749921679496765,0.38263916969299316,0.029947932809591293,0.04423363134264946,0.12648338079452515,0.34193605184555054
datasets\data\test\Eczema\train_eczema-foot-81.jpeg,Eczema,2,Eczema,2,0.01173096988350153,0.015135745517909527,0.7770297527313232,0.01644420064985752,0.02049858868122101,0.12261122465133667,0.036549512296915054
datasets\data\test\Eczema\train_eczema-foot-96.jpeg,Eczema,2,Eczema,2,0.03539445251226425,0.0290815606713295,0.38326841592788696,0.023474514484405518,0.02620978094637394,0.17847009003162384,0.32410117983818054
datasets\data\test\Eczema\train_eczema-hand-108.jpeg,Eczema,2,Psoriasis,5,0.02059825323522091,0.026178356260061264,0.3353098928928375,0.014408375136554241,0.03181843087077141,0.535444438457489,0.036242175847291946
datasets\data\test\Eczema\train_eczema-hand-119.jpeg,Eczema,2,Eczema,2,0.02595542185008526,0.04477810114622116,0.486603319644928,0.0344245471060276,0.05514337122440338,0.18085604906082153,0.17223921418190002
datasets\data\test\Eczema\train_eczema-hand-130.jpeg,Eczema,2,Eczema,2,0.024311786517500877,0.031660888344049454,0.6188623309135437,0.015256160870194435,0.032608937472105026,0.15537519752979279,0.12192469835281372
datasets\data\test\Eczema\train_eczema-hand-132.jpeg,Eczema,2,Eczema,2,0.033691104501485825,0.030018696561455727,0.6905065774917603,0.01867140829563141,0.04512985795736313,0.08742853999137878,0.0945538729429245
datasets\data\test\Eczema\train_eczema-hand-138.jpeg,Eczema,2,Eczema,2,0.07338958978652954,0.023499442264437675,0.7732542157173157,0.01632705144584179,0.027101658284664154,0.07684577256441116,0.009582294151186943
datasets\data\test\Eczema\train_eczema-hand-143.jpeg,Eczema,2,Eczema,2,0.009135915897786617,0.01745571754872799,0.6609237194061279,0.015763096511363983,0.021950839087367058,0.2265889197587967,0.04818177595734596
datasets\data\test\Eczema\train_eczema-hand-144.jpeg,Eczema,2,Eczema,2,0.014889855869114399,0.025938792154192924,0.5796153545379639,0.007245827466249466,0.02104719541966915,0.32817313075065613,0.02308986335992813
datasets\data\test\Eczema\train_eczema-hand-151.jpeg,Eczema,2,Eczema,2,0.04023632034659386,0.04185214638710022,0.49425607919692993,0.04955393448472023,0.04232561215758324,0.31025049090385437,0.021525409072637558
datasets\data\test\Eczema\train_eczema-hand-166.jpg,Eczema,2,Eczema,2,0.016815265640616417,0.024409186094999313,0.7543269395828247,0.02168148010969162,0.033325761556625366,0.06590930372476578,0.08353209495544434
datasets\data\test\Eczema\train_eczema-hand-175.jpeg,Eczema,2,Eczema,2,0.0170873012393713,0.025664595887064934,0.5943222045898438,0.01577833853662014,0.036929983645677567,0.04339718446135521,0.26682037115097046
datasets\data\test\Eczema\train_eczema-hand-185.jpeg,Eczema,2,Eczema,2,0.014170493930578232,0.009591847658157349,0.8991355299949646,0.01713193953037262,0.015309576876461506,0.022436976432800293,0.02222369983792305
datasets\data\test\Eczema\train_eczema-hand-190.jpeg,Eczema,2,Eczema,2,0.01331696193665266,0.012733537703752518,0.8903589844703674,0.010011205449700356,0.015740802511572838,0.045183464884757996,0.012654980644583702
datasets\data\test\Eczema\train_eczema-hand-191.jpeg,Eczema,2,Eczema,2,0.017820358276367188,0.02326296456158161,0.7564958333969116,0.017222169786691666,0.03247646987438202,0.0965321883559227,0.05619000270962715
datasets\data\test\Eczema\train_eczema-hand-90.jpeg,Eczema,2,Eczema,2,0.022405758500099182,0.028027694672346115,0.5661485195159912,0.013917746022343636,0.03397827595472336,0.2622002959251404,0.07332174479961395
datasets\data\test\Eczema\train_eczema-hand-91.jpeg,Eczema,2,Eczema,2,0.012460527010262012,0.020327553153038025,0.7763348817825317,0.01622791588306427,0.02304729074239731,0.06849564611911774,0.08310627937316895
datasets\data\test\Eczema\train_eczema-impetiginized-1.jpeg,Eczema,2,Tinea,6,0.018943358212709427,0.018130583688616753,0.3915960192680359,0.012658670544624329,0.03402842953801155,0.05204594507813454,0.47259706258773804
datasets\data\test\Eczema\train_eczema-impetiginized-10.jpeg,Eczema,2,Eczema,2,0.021372215822339058,0.013018238358199596,0.6846604347229004,0.009498689323663712,0.01790395937860012,0.1737792193889618,0.07976725697517395
datasets\data\test\Eczema\train_eczema-leg-14.jpeg,Eczema,2,Eczema,2,0.01895666867494583,0.024067291989922523,0.7915802001953125,0.033535949885845184,0.025966042652726173,0.014949394389986992,0.09094446897506714
datasets\data\test\Eczema\train_eczema-leg-20.jpeg,Eczema,2,Eczema,2,0.016706231981515884,0.029137173667550087,0.8017450571060181,0.03826962783932686,0.02712886780500412,0.04863998293876648,0.03837302699685097
datasets\data\test\Eczema\train_eczema-nummular-105.jpeg,Eczema,2,Eczema,2,0.018344704061746597,0.02601565793156624,0.4482511579990387,0.0235002338886261,0.027356406673789024,0.4171459376811981,0.039385974407196045
datasets\data\test\Eczema\train_eczema-nummular-115.jpeg,Eczema,2,Eczema,2,0.009178531356155872,0.01678476855158806,0.8200936317443848,0.014416787773370743,0.016400858759880066,0.043340444564819336,0.07978493720293045
datasets\data\test\Eczema\train_eczema-nummular-144.jpeg,Eczema,2,Eczema,2,0.019005969166755676,0.03465580567717552,0.5222123265266418,0.07957043498754501,0.04580816626548767,0.12901434302330017,0.1697329729795456
datasets\data\test\Eczema\train_eczema-nummular-156.jpg,Eczema,2,Eczema,2,0.029320167377591133,0.036172106862068176,0.45946305990219116,0.059441905468702316,0.047173239290714264,0.27674850821495056,0.09168112277984619
datasets\data\test\Eczema\train_eczema-nummular-165.jpeg,Eczema,2,Eczema,2,0.04741363972425461,0.019398672506213188,0.6343781352043152,0.11202042549848557,0.03699573874473572,0.08457869291305542,0.06521468609571457
datasets\data\test\Eczema\train_eczema-nummular-173.jpeg,Eczema,2,Eczema,2,0.006620300002396107,0.019970297813415527,0.5912553668022156,0.028806155547499657,0.023701105266809464,0.21156887710094452,0.1180778369307518
datasets\data\test\Eczema\train_eczema-nummular-180.jpeg,Eczema,2,Eczema,2,0.056598469614982605,0.08237414807081223,0.472287654876709,0.05172798037528992,0.04357137903571129,0.07824674993753433,0.21519359946250916
datasets\data\test\Eczema\train_eczema-nummular-80.jpeg,Eczema,2,Eczema,2,0.015986042097210884,0.02898629941046238,0.794481098651886,0.020007004961371422,0.01720382086932659,0.04418250173330307,0.07915319502353668
datasets\data\test\Eczema\train_eczema-nummular-82.jpeg,Eczema,2,Eczema,2,0.01685987412929535,0.017667178064584732,0.48726895451545715,0.011887211352586746,0.014840013347566128,0.4244520664215088,0.027024652808904648
datasets\data\test\Eczema\train_eczema-scrotum-4.jpeg,Eczema,2,Eczema,2,0.12883979082107544,0.025708070024847984,0.38129183650016785,0.2509981691837311,0.03657662123441696,0.15483087301254272,0.021754710003733635
datasets\data\test\Eczema\train_eczema-subacute-105.jpeg,Eczema,2,Eczema,2,0.08386199176311493,0.03490341454744339,0.714242696762085,0.04193645715713501,0.03886308893561363,0.05280455946922302,0.03338775411248207
datasets\data\test\Eczema\train_eczema-subacute-19.jpeg,Eczema,2,Eczema,2,0.017813842743635178,0.015167824923992157,0.8153314590454102,0.010472982190549374,0.01587044633924961,0.09275027364492416,0.032593149691820145
datasets\data\test\Eczema\train_eczema-subacute-77.jpeg,Eczema,2,Eczema,2,0.013534286059439182,0.024310069158673286,0.5333414077758789,0.04601472243666649,0.03897413983941078,0.23842400312423706,0.10540134459733963
datasets\data\test\Eczema\train_eczema-subacute-9.jpeg,Eczema,2,Eczema,2,0.026041781529784203,0.021578429266810417,0.7911087870597839,0.024272339418530464,0.01887708343565464,0.07466263324022293,0.04345898702740669
datasets\data\test\Eczema\train_eczema-trunk-generalized-19.jpeg,Eczema,2,Eczema,2,0.04090240225195885,0.01722174510359764,0.7769205570220947,0.014691988937556744,0.020067567005753517,0.0945870503783226,0.0356086902320385
datasets\data\test\Eczema\train_eczema-trunk-generalized-2.jpeg,Eczema,2,Eczema,2,0.06712216883897781,0.01838541589677334,0.8194586634635925,0.015871206298470497,0.01862528920173645,0.03272416070103645,0.02781304158270359
datasets\data\test\Eczema\train_eczema-vulva-5.jpeg,Eczema,2,Eczema,2,0.04500274360179901,0.023496726527810097,0.4393270015716553,0.033159948885440826,0.026868173852562904,0.39678487181663513,0.03536055237054825
datasets\data\test\Eczema\train_eczema-vulva-6.jpg,Eczema,2,Psoriasis,5,0.033290449529886246,0.03669169917702675,0.1943998485803604,0.04037046805024147,0.028879715129733086,0.34187057614326477,0.3244972825050354
datasets\data\test\Eczema\train_eczema-vulva-7.jpeg,Eczema,2,Psoriasis,5,0.028047988191246986,0.026080023497343063,0.3025593161582947,0.025457870215177536,0.026722712442278862,0.35975849628448486,0.231373593211174
datasets\data\test\Eczema\train_emersion-foot-4.jpg,Eczema,2,Tinea,6,0.022826597094535828,0.015027711167931557,0.14946720004081726,0.01988152228295803,0.027082325890660286,0.20058228075504303,0.5651323795318604
datasets\data\test\Eczema\train_fiberglass-dermatitis-1.jpg,Eczema,2,Tinea,6,0.039309337735176086,0.05455651506781578,0.03414866328239441,0.08291106671094894,0.04144898056983948,0.060273900628089905,0.6873514652252197
datasets\data\test\Eczema\train_fissure-11.jpg,Eczema,2,Eczema,2,0.11250556260347366,0.05003903806209564,0.6131876111030579,0.0914439707994461,0.03844636678695679,0.032151926308870316,0.0622255839407444
datasets\data\test\Eczema\train_keratolysis-exfoliativa-10.jpg,Eczema,2,Eczema,2,0.027857277542352676,0.027983183041214943,0.7074592113494873,0.03648163750767708,0.043003179132938385,0.07962099462747574,0.07759454101324081
datasets\data\test\Eczema\train_keratolysis-exfoliativa-17.jpg,Eczema,2,Eczema,2,0.02954123355448246,0.025696629658341408,0.7506083250045776,0.02706100046634674,0.031272079795598984,0.09060493856668472,0.04521581903100014
datasets\data\test\Eczema\train_keratolysis-exfoliativa-20.jpg,Eczema,2,Eczema,2,0.01947709545493126,0.029613368213176727,0.7483659982681274,0.022082693874835968,0.037338413298130035,0.0979568138718605,0.04516562446951866
datasets\data\test\Eczema\train_keratolysis-exfoliativa-21.jpg,Eczema,2,Eczema,2,0.018360426649451256,0.0297189112752676,0.7024825811386108,0.017650853842496872,0.03540393337607384,0.05304832011461258,0.14333496987819672
datasets\data\test\Eczema\train_keratolysis-exfoliativa-24.jpg,Eczema,2,Tinea,6,0.05208228901028633,0.044903624802827835,0.11542809754610062,0.03802711144089699,0.051744528114795685,0.34478968381881714,0.3530246615409851
datasets\data\test\Eczema\train_keratolysis-exfoliativa-25.jpg,Eczema,2,Eczema,2,0.02325965091586113,0.01545738149434328,0.6007466316223145,0.005945619195699692,0.021245652809739113,0.023619668558239937,0.30972540378570557
datasets\data\test\Eczema\train_keratolysis-exfoliativa-30.jpg,Eczema,2,Eczema,2,0.07233112305402756,0.03681289032101631,0.6398148536682129,0.01726689003407955,0.05227518454194069,0.09454062581062317,0.08695840835571289
datasets\data\test\Eczema\train_keratolysis-exfoliativa-32.jpg,Eczema,2,Psoriasis,5,0.03991275280714035,0.05827592685818672,0.36473512649536133,0.029669158160686493,0.04549992457032204,0.41873064637184143,0.04317644611001015
datasets\data\test\Eczema\train_keratolysis-exfoliativa-47.jpg,Eczema,2,Eczema,2,0.021242601796984673,0.031743329018354416,0.44478756189346313,0.026991650462150574,0.03261461853981018,0.4134484529495239,0.02917170710861683
datasets\data\test\Eczema\train_lichen-simplex-chronicus-110.jpg,Eczema,2,Eczema,2,0.02558491751551628,0.027766074985265732,0.5017321109771729,0.023893432691693306,0.03293826803565025,0.05095135420560837,0.3371339440345764
datasets\data\test\Eczema\train_lichen-simplex-chronicus-111.jpg,Eczema,2,Psoriasis,5,0.01982070505619049,0.013959502801299095,0.189761221408844,0.0586303249001503,0.017827028408646584,0.643025279045105,0.05697596073150635
datasets\data\test\Eczema\train_lichen-simplex-chronicus-120.jpg,Eczema,2,Eczema,2,0.03627721965312958,0.03768455982208252,0.45626598596572876,0.08859945088624954,0.047903966158628464,0.1741163730621338,0.15915246307849884
datasets\data\test\Eczema\train_lichen-simplex-chronicus-131.jpg,Eczema,2,Eczema,2,0.0309600830078125,0.02232419140636921,0.7525683045387268,0.015196357853710651,0.017193429172039032,0.12362445890903473,0.0381331592798233
datasets\data\test\Eczema\train_lichen-simplex-chronicus-133.jpg,Eczema,2,Eczema,2,0.01116484496742487,0.023628484457731247,0.8121211528778076,0.024587174877524376,0.018660731613636017,0.07223058491945267,0.03760702162981033
datasets\data\test\Eczema\train_lichen-simplex-chronicus-181.jpg,Eczema,2,Eczema,2,0.040436796844005585,0.040411509573459625,0.6853338479995728,0.04618184641003609,0.04337012767791748,0.060345359146595,0.08392053842544556
datasets\data\test\Eczema\train_lichen-simplex-chronicus-182.jpg,Eczema,2,Eczema,2,0.01861736737191677,0.022930003702640533,0.5793227553367615,0.06844748556613922,0.031972452998161316,0.18604642152786255,0.09266354143619537
datasets\data\test\Eczema\train_lichen-simplex-chronicus-191.jpg,Eczema,2,Eczema,2,0.023288505151867867,0.030439546331763268,0.7643573880195618,0.049985986202955246,0.024820823222398758,0.042703088372945786,0.06440470367670059
datasets\data\test\Eczema\train_lichen-simplex-chronicus-83.jpg,Eczema,2,Eczema,2,0.014596317894756794,0.02415735274553299,0.6066961288452148,0.022512298077344894,0.030705731362104416,0.13000433146953583,0.1713278889656067
datasets\data\test\Eczema\train_maceration-1.jpg,Eczema,2,Tinea,6,0.031610943377017975,0.02923435904085636,0.3416180908679962,0.06602263450622559,0.04963897541165352,0.1102169081568718,0.3716581463813782
datasets\data\test\Eczema\train_milroy-disease-1.jpg,Eczema,2,Tinea,6,0.07131742686033249,0.04160809889435768,0.18379157781600952,0.02469206601381302,0.03873354196548462,0.23943208158016205,0.4004252254962921
datasets\data\test\Eczema\train_neurotic-excoriations-2.jpg,Eczema,2,Eczema,2,0.12596243619918823,0.024399753659963608,0.6166312098503113,0.021423663944005966,0.025024618953466415,0.0695413127541542,0.11701696366071701
datasets\data\test\Eczema\train_neurotic-excoriations-21.jpg,Eczema,2,Psoriasis,5,0.04998781904578209,0.047530483454465866,0.29921746253967285,0.029659956693649292,0.033726226538419724,0.4799671769142151,0.0599108450114727
datasets\data\test\Eczema\train_neurotic-excoriations-38.jpg,Eczema,2,Eczema,2,0.1611516922712326,0.03420744463801384,0.5032947063446045,0.052113212645053864,0.04552408680319786,0.10356786102056503,0.10014096647500992
datasets\data\test\Eczema\train_neurotic-excoriations-59.jpg,Eczema,2,Eczema,2,0.05166838318109512,0.02052612230181694,0.8223641514778137,0.021511316299438477,0.01782568357884884,0.05432584881782532,0.011778496205806732
datasets\data\test\Eczema\train_neurotic-excoriations-8.jpg,Eczema,2,Eczema,2,0.019717475399374962,0.027575334534049034,0.570941150188446,0.037101492285728455,0.023648450151085854,0.27514398097991943,0.04587211459875107
datasets\data\test\Eczema\train_notalgia-paraesthetica-2.jpg,Eczema,2,Eczema,2,0.028501028195023537,0.0189934391528368,0.4448816478252411,0.017274383455514908,0.020398499444127083,0.27239084243774414,0.1975601762533188
datasets\data\test\Eczema\train_phlebitis-superficial-5.jpg,Eczema,2,Eczema,2,0.0200436282902956,0.031113002449274063,0.584668755531311,0.0591728501021862,0.03518037870526314,0.13185705244541168,0.13796435296535492
datasets\data\test\Eczema\train_prurigo-nodularis-27.jpg,Eczema,2,Eczema,2,0.009747372008860111,0.043112434446811676,0.4438804090023041,0.07674697786569595,0.0400378555059433,0.26351284980773926,0.12296212464570999
datasets\data\test\Eczema\train_prurigo-nodularis-28.jpg,Eczema,2,Eczema,2,0.013609150424599648,0.01769309677183628,0.745082676410675,0.028673328459262848,0.016034837812185287,0.16252930462360382,0.016377607360482216
datasets\data\test\Eczema\train_prurigo-nodularis-29.jpg,Eczema,2,Eczema,2,0.03143482655286789,0.02141568996012211,0.46594080328941345,0.07768936455249786,0.027987752109766006,0.29030659794807434,0.08522495627403259
datasets\data\test\Eczema\train_prurigo-nodularis-3.jpg,Eczema,2,Acne,0,0.5302993655204773,0.05291192606091499,0.24343514442443848,0.05761098116636276,0.054076988250017166,0.03182152286171913,0.029844049364328384
datasets\data\test\Eczema\train_prurigo-nodularis-31.jpg,Eczema,2,Eczema,2,0.011592216789722443,0.025753306224942207,0.7003045678138733,0.07240079343318939,0.033547110855579376,0.040143147110939026,0.11625878512859344
datasets\data\test\Eczema\train_stasis-dermatitis-10.jpg,Eczema,2,Eczema,2,0.022448286414146423,0.022817565128207207,0.7886818647384644,0.011788095347583294,0.01934914104640484,0.09054865688085556,0.044366445392370224
datasets\data\test\Eczema\train_stasis-dermatitis-114.jpg,Eczema,2,Eczema,2,0.026363428682088852,0.053657978773117065,0.7473407983779907,0.016301285475492477,0.025900576263666153,0.04154684394598007,0.08888918161392212
datasets\data\test\Eczema\train_stasis-dermatitis-131.jpg,Eczema,2,Eczema,2,0.03257982060313225,0.026674196124076843,0.7655299305915833,0.028089769184589386,0.033194199204444885,0.0636180117726326,0.050314053893089294
datasets\data\test\Eczema\train_stasis-dermatitis-139.jpg,Eczema,2,Eczema,2,0.1112210601568222,0.03864530101418495,0.478644460439682,0.16028966009616852,0.04609033092856407,0.04687212035059929,0.11823707818984985
datasets\data\test\Eczema\train_stasis-dermatitis-14.jpg,Eczema,2,Eczema,2,0.012721407227218151,0.019595535472035408,0.8276438117027283,0.04422474652528763,0.019312405958771706,0.04598460718989372,0.030517440289258957
datasets\data\test\Eczema\train_stasis-dermatitis-167.jpg,Eczema,2,Eczema,2,0.009769164957106113,0.029046563431620598,0.757787823677063,0.084712915122509,0.026937102898955345,0.025907132774591446,0.06583937257528305
datasets\data\test\Eczema\train_stasis-dermatitis-20.jpg,Eczema,2,Eczema,2,0.008632343262434006,0.01691729761660099,0.8473512530326843,0.015400883741676807,0.01874411664903164,0.05304666981101036,0.03990749642252922
datasets\data\test\Eczema\train_stasis-dermatitis-83.jpg,Eczema,2,Eczema,2,0.018464602530002594,0.03721734508872032,0.7271929383277893,0.05499574914574623,0.035167112946510315,0.11006109416484833,0.01690119504928589
datasets\data\test\Eczema\train_stasis-dermatitis-86.jpg,Eczema,2,Eczema,2,0.016842244192957878,0.016216104850172997,0.8518806099891663,0.017511429265141487,0.01496149692684412,0.06902551651000977,0.013562585227191448
datasets\data\test\Eczema\valid_05atopic0123068.jpeg,Eczema,2,Eczema,2,0.031518351286649704,0.030835440382361412,0.7317911386489868,0.07315066456794739,0.02406931482255459,0.04016871377825737,0.06846636533737183
datasets\data\test\Eczema\valid_05Atopic0329041.jpeg,Eczema,2,Eczema,2,0.017883876338601112,0.011905035004019737,0.8529385328292847,0.012501154094934464,0.011700634844601154,0.07101010531187057,0.02206074260175228
datasets\data\test\Eczema\valid_05atopic0411054.jpeg,Eczema,2,Eczema,2,0.04857263341546059,0.03782859444618225,0.6236047148704529,0.0734909251332283,0.048983436077833176,0.06010935455560684,0.10741034895181656
datasets\data\test\Eczema\valid_05atopic0411056.jpeg,Eczema,2,Eczema,2,0.03774455562233925,0.014652358368039131,0.8376935720443726,0.020716946572065353,0.018454620614647865,0.03134245425462723,0.039395492523908615
datasets\data\test\Eczema\valid_05Atopic0712048.jpeg,Eczema,2,Eczema,2,0.0124893207103014,0.026852885261178017,0.8067827224731445,0.029091207310557365,0.025235354900360107,0.06437685340642929,0.03517170250415802
datasets\data\test\Eczema\valid_05Atopic10065.jpeg,Eczema,2,Eczema,2,0.07129403203725815,0.05856334790587425,0.39098629355430603,0.28054720163345337,0.05386339873075485,0.07341723144054413,0.0713285431265831
datasets\data\test\Eczema\valid_05Atopic10067.jpeg,Eczema,2,Eczema,2,0.024443773552775383,0.022378060966730118,0.8271898031234741,0.009765290655195713,0.029076574370265007,0.07309094816446304,0.014055502600967884
datasets\data\test\Eczema\valid_05atopic1107057.jpeg,Eczema,2,Eczema,2,0.017165126278996468,0.027104608714580536,0.7351621985435486,0.027748703956604004,0.045132532715797424,0.1032075434923172,0.04447929933667183
datasets\data\test\Eczema\valid_05Atopic1206043.jpeg,Eczema,2,Eczema,2,0.03076057694852352,0.026758475229144096,0.7941815257072449,0.0455264188349247,0.03153761476278305,0.032184455543756485,0.03905097022652626
datasets\data\test\Eczema\valid_05Atopic2.jpeg,Eczema,2,Eczema,2,0.017184628173708916,0.016992660239338875,0.8180620670318604,0.044793155044317245,0.017769766971468925,0.06450030952692032,0.020697424188256264
datasets\data\test\Eczema\valid_05AtopicDerm0112042.jpeg,Eczema,2,Eczema,2,0.02564135007560253,0.03157513961195946,0.6838036179542542,0.027336563915014267,0.02857130393385887,0.11259617656469345,0.09047581255435944
datasets\data\test\Eczema\valid_05AtopicFace0105042ok.jpeg,Eczema,2,Eczema,2,0.026397453621029854,0.009761654771864414,0.9027849435806274,0.005138965789228678,0.00811932422220707,0.023907385766506195,0.023890327662229538
datasets\data\test\Eczema\valid_05atopicFace100305.jpeg,Eczema,2,Eczema,2,0.25670114159584045,0.036185842007398605,0.40211400389671326,0.05472554266452789,0.04167142137885094,0.15978382527828217,0.04881826415657997
datasets\data\test\Eczema\valid_05atopicFeet0801052.jpeg,Eczema,2,Eczema,2,0.018452297896146774,0.019264159724116325,0.7611905932426453,0.045411862432956696,0.031109200790524483,0.021143799647688866,0.10342808812856674
datasets\data\test\Eczema\valid_05atopicFoot050806.jpeg,Eczema,2,Tinea,6,0.026356926187872887,0.03412831947207451,0.3561660647392273,0.032692085951566696,0.04724683612585068,0.10801319032907486,0.3953966200351715
datasets\data\test\Eczema\valid_05atopicKnee0801051.jpeg,Eczema,2,Eczema,2,0.05569375678896904,0.026422031223773956,0.7266700863838196,0.03640423342585564,0.025359494611620903,0.08926008641719818,0.04019029811024666
datasets\data\test\Eczema\valid_05AtopicMouth54.jpeg,Eczema,2,Eczema,2,0.21762952208518982,0.0672752782702446,0.3145149052143097,0.043476127088069916,0.049636587500572205,0.06070858612656593,0.24675902724266052
datasets\data\test\NailFungus\test_acute-paronychia-25.jpg,NailFungus,3,NailFungus,3,0.03936344012618065,0.03770413622260094,0.05957898125052452,0.6712431311607361,0.052135154604911804,0.06284607201814651,0.07712910324335098
datasets\data\test\NailFungus\test_alopecia-areata-67.jpg,NailFungus,3,Tinea,6,0.023527732118964195,0.046311620622873306,0.13358457386493683,0.3137354850769043,0.04779796302318573,0.06429141759872437,0.37075117230415344
datasets\data\test\NailFungus\test_alopecia-areata-81.jpg,NailFungus,3,Acne,0,0.35709643363952637,0.04207894951105118,0.030016325414180756,0.29065608978271484,0.044920485466718674,0.13031502068042755,0.10491672158241272
datasets\data\test\NailFungus\test_beaus-lines-17.jpg,NailFungus,3,NailFungus,3,0.07119200378656387,0.0577109232544899,0.03979094699025154,0.6621577143669128,0.06178775802254677,0.06210159510374069,0.04525904729962349
datasets\data\test\NailFungus\test_beaus-lines-28.jpg,NailFungus,3,NailFungus,3,0.05871465429663658,0.037712108343839645,0.08245885372161865,0.691371500492096,0.047986648976802826,0.03511572256684303,0.04664050415158272
datasets\data\test\NailFungus\test_BedRidges-1.jpg,NailFungus,3,NailFungus,3,0.04282142594456673,0.05313225835561752,0.08658058196306229,0.6953731775283813,0.049688663333654404,0.03285016864538193,0.039553720504045486
datasets\data\test\NailFungus\test_chronic-paronychia-34.jpg,NailFungus,3,NailFungus,3,0.06108793616294861,0.06329867988824844,0.04118650034070015,0.653702974319458,0.05979209020733833,0.05605078116059303,0.06488095968961716
datasets\data\test\NailFungus\test_chronic-paronychia-35.jpg,NailFungus,3,NailFungus,3,0.051124151796102524,0.059011418372392654,0.10582839697599411,0.6539021730422974,0.05633760243654251,0.031955257058143616,0.04184103384613991
datasets\data\test\NailFungus\test_chronic-paronychia-43.jpg,NailFungus,3,NailFungus,3,0.060727622359991074,0.05430568382143974,0.0593252070248127,0.6069149374961853,0.056072041392326355,0.09368731081485748,0.06896719336509705
datasets\data\test\NailFungus\test_chronic-paronychia-48.jpg,NailFungus,3,NailFungus,3,0.05349988862872124,0.05399995297193527,0.05099715292453766,0.6897243857383728,0.0544443242251873,0.03960378095507622,0.057730529457330704
datasets\data\test\NailFungus\test_distal-subungual-onychomycosis-114.jpg,NailFungus,3,NailFungus,3,0.07187014818191528,0.06850878894329071,0.06795090436935425,0.6456074714660645,0.05437358841300011,0.047913964837789536,0.043775152415037155
datasets\data\test\NailFungus\test_distal-subungual-onychomycosis-14.jpg,NailFungus,3,NailFungus,3,0.06265228241682053,0.05724894627928734,0.04270350560545921,0.6777238249778748,0.05804456025362015,0.05722581222653389,0.04440109431743622
datasets\data\test\NailFungus\test_distal-subungual-onychomycosis-40.jpg,NailFungus,3,NailFungus,3,0.05924726277589798,0.06276775896549225,0.05053146928548813,0.6571182012557983,0.06270987540483475,0.07072347402572632,0.03690198436379433
datasets\data\test\NailFungus\test_eczema-nail-5.jpg,NailFungus,3,NailFungus,3,0.039208538830280304,0.04468272998929024,0.16012240946292877,0.6634551882743835,0.04102366417646408,0.02972951903939247,0.021778004243969917
datasets\data\test\NailFungus\test_koilonychia-12.jpg,NailFungus,3,NailFungus,3,0.06621114164590836,0.05810186266899109,0.0790945291519165,0.6804916262626648,0.048146240413188934,0.0409231036901474,0.027031490579247475
datasets\data\test\NailFungus\test_mucous-cyst-22.jpg,NailFungus,3,NailFungus,3,0.04762266203761101,0.056376148015260696,0.08735518902540207,0.669069230556488,0.0557277649641037,0.047799330204725266,0.036049630492925644
datasets\data\test\NailFungus\test_mucous-cyst-39.jpg,NailFungus,3,NailFungus,3,0.056858129799366,0.05767626315355301,0.07616580277681351,0.6346602439880371,0.053962647914886475,0.06487834453582764,0.05579848960042
datasets\data\test\NailFungus\test_nail-melanoma-4.jpg,NailFungus,3,NailFungus,3,0.04151162877678871,0.02565183863043785,0.03207741677761078,0.41900506615638733,0.03789268061518669,0.09961964190006256,0.344241738319397
datasets\data\test\NailFungus\test_onychogryphosis-7.jpg,NailFungus,3,NailFungus,3,0.05683305859565735,0.06545768678188324,0.07140115648508072,0.6551522016525269,0.05746923387050629,0.04822191968560219,0.04546474292874336
datasets\data\test\NailFungus\test_onycholysis-48.jpg,NailFungus,3,NailFungus,3,0.05401534587144852,0.04629763215780258,0.049320634454488754,0.7226395010948181,0.05318322032690048,0.03537408262491226,0.03916958346962929
datasets\data\test\NailFungus\test_periungual-warts-9.jpg,NailFungus,3,Eczema,2,0.03875777870416641,0.05606195703148842,0.5078679323196411,0.0856907069683075,0.06616885960102081,0.17887121438980103,0.06658157706260681
datasets\data\test\NailFungus\test_pincer-nails-3.jpg,NailFungus,3,NailFungus,3,0.05095760524272919,0.04924255609512329,0.05550362914800644,0.7288312315940857,0.05019575357437134,0.033657293766736984,0.031611889600753784
datasets\data\test\NailFungus\test_pseudomonas-22.jpg,NailFungus,3,NailFungus,3,0.053782232105731964,0.0671231672167778,0.05106166750192642,0.6337642073631287,0.06269857287406921,0.07801149040460587,0.05355866998434067
datasets\data\test\NailFungus\test_psoriasis-166.jpg,NailFungus,3,NailFungus,3,0.044796790927648544,0.05736541002988815,0.037913382053375244,0.647117018699646,0.052039653062820435,0.08557320386171341,0.07519453018903732
datasets\data\test\NailFungus\test_psoriasis-32.jpg,NailFungus,3,NailFungus,3,0.05684041976928711,0.05704747512936592,0.05951012298464775,0.660490095615387,0.0526423417031765,0.07433058321475983,0.03913893923163414
datasets\data\test\NailFungus\test_ridging-beading-25.jpg,NailFungus,3,NailFungus,3,0.062182970345020294,0.051191531121730804,0.05927739292383194,0.6386080980300903,0.05439368262887001,0.07496093213558197,0.059385377913713455
datasets\data\test\NailFungus\test_yellow-nails-14.jpg,NailFungus,3,NailFungus,3,0.05497177690267563,0.05446755513548851,0.049539126455783844,0.7300994992256165,0.04765938222408295,0.026312069967389107,0.03695058822631836
datasets\data\test\NailFungus\train_alopecia-areata-104.jpg,NailFungus,3,NailFungus,3,0.053540684282779694,0.035578832030296326,0.05525021627545357,0.6097912788391113,0.0370728000998497,0.037407036870718,0.17135915160179138
datasets\data\test\NailFungus\train_alopecia-areata-106.jpg,NailFungus,3,NailFungus,3,0.09751913696527481,0.04784118011593819,0.058097291737794876,0.6079971790313721,0.036934368312358856,0.04820166900753975,0.10340920090675354
datasets\data\test\NailFungus\train_alopecia-areata-29.jpg,NailFungus,3,NailFungus,3,0.0723186805844307,0.022196294739842415,0.06293126195669174,0.7648662328720093,0.029964350163936615,0.03434738516807556,0.013375739566981792
datasets\data\test\NailFungus\train_alopecia-areata-36.jpg,NailFungus,3,NailFungus,3,0.01904483698308468,0.04906054213643074,0.252152681350708,0.2782042920589447,0.05496129021048546,0.23796965181827545,0.108606718480587
datasets\data\test\NailFungus\train_alopecia-areata-45.jpg,NailFungus,3,NailFungus,3,0.047594644129276276,0.0344686321914196,0.07884916663169861,0.601493775844574,0.0488930381834507,0.10126224160194397,0.08743851631879807
datasets\data\test\NailFungus\train_alopecia-areata-65.jpg,NailFungus,3,Tinea,6,0.045697931200265884,0.03570912033319473,0.04287870600819588,0.1983378529548645,0.05845070257782936,0.27826759219169617,0.3406580984592438
datasets\data\test\NailFungus\train_alopecia-areata-71.jpg,NailFungus,3,Tinea,6,0.030378568917512894,0.04837045073509216,0.049171365797519684,0.0910915732383728,0.06359496712684631,0.2632070779800415,0.4541860818862915
datasets\data\test\NailFungus\train_alopecia-areata-73.jpg,NailFungus,3,Tinea,6,0.03425155207514763,0.02803916670382023,0.10630523413419724,0.262493759393692,0.03546963259577751,0.08576851338148117,0.4476720988750458
datasets\data\test\NailFungus\train_alopecia-areata-98.jpg,NailFungus,3,Tinea,6,0.07889249175786972,0.09251023828983307,0.05331570655107498,0.0650157555937767,0.1726284921169281,0.08887802809476852,0.4487593472003937
datasets\data\test\NailFungus\train_biting-excoriation-20.jpg,NailFungus,3,NailFungus,3,0.10321467369794846,0.05033537745475769,0.16734915971755981,0.32937851548194885,0.05257061496376991,0.24233564734458923,0.054816026240587234
datasets\data\test\NailFungus\train_chronic-paronychia-1.jpg,NailFungus,3,NailFungus,3,0.062299665063619614,0.05965215340256691,0.06836125254631042,0.6210423707962036,0.062058232724666595,0.06308968365192413,0.06349663436412811
datasets\data\test\NailFungus\train_chronic-paronychia-30.jpg,NailFungus,3,NailFungus,3,0.05606162175536156,0.03813789412379265,0.06155960261821747,0.7506642937660217,0.04336616396903992,0.0267623383551836,0.023448126390576363
datasets\data\test\NailFungus\train_chronic-paronychia-33.jpg,NailFungus,3,NailFungus,3,0.06579896807670593,0.0593520812690258,0.055709823966026306,0.6486446857452393,0.059996604919433594,0.054665882140398026,0.05583198368549347
datasets\data\test\NailFungus\train_chronic-paronychia-4.jpg,NailFungus,3,NailFungus,3,0.05198335275053978,0.044373877346515656,0.054009873420000076,0.6789951920509338,0.043323833495378494,0.10191133618354797,0.025402627885341644
datasets\data\test\NailFungus\train_chronic-paronychia-49.jpg,NailFungus,3,NailFungus,3,0.058400195091962814,0.06459908932447433,0.03551553189754486,0.6771795749664307,0.057451847940683365,0.05953533947467804,0.047318391501903534
datasets\data\test\NailFungus\train_chronic-paronychia-50.jpg,NailFungus,3,NailFungus,3,0.040409453213214874,0.04745836183428764,0.05322365090250969,0.7440828084945679,0.050506025552749634,0.03338706120848656,0.030932553112506866
datasets\data\test\NailFungus\train_chronic-paronychia-6.jpg,NailFungus,3,NailFungus,3,0.046010494232177734,0.052419837564229965,0.06434203684329987,0.6821329593658447,0.05095205456018448,0.07545013725757599,0.028692398220300674
datasets\data\test\NailFungus\train_congenital-anomalies-1.jpg,NailFungus,3,NailFungus,3,0.05592041462659836,0.053320612758398056,0.0325387567281723,0.6697375178337097,0.049986548721790314,0.09889122098684311,0.03960490599274635
datasets\data\test\NailFungus\train_congenital-anomalies-7.jpg,NailFungus,3,NailFungus,3,0.0374174490571022,0.044613249599933624,0.029304014518857002,0.7799349427223206,0.03714678809046745,0.03487982228398323,0.03670373558998108
datasets\data\test\NailFungus\train_darier-nails-1.jpg,NailFungus,3,NailFungus,3,0.07228785753250122,0.07669732719659805,0.10351436585187912,0.5058847069740295,0.06875795125961304,0.10074391961097717,0.07211390137672424
datasets\data\test\NailFungus\train_distal-subungual-onychomycosis-121.jpg,NailFungus,3,NailFungus,3,0.057953398674726486,0.06265736371278763,0.06517191976308823,0.6633113026618958,0.05624278262257576,0.04796621948480606,0.04669704660773277
datasets\data\test\NailFungus\train_distal-subungual-onychomycosis-122.jpg,NailFungus,3,NailFungus,3,0.06308170408010483,0.061502855271101,0.046142011880874634,0.6864405274391174,0.052927762269973755,0.03860883787274361,0.05129637569189072
datasets\data\test\NailFungus\train_distal-subungual-onychomycosis-131.jpg,NailFungus,3,NailFungus,3,0.0323454923927784,0.03834681585431099,0.04182542487978935,0.7414363622665405,0.04722338914871216,0.06552516669034958,0.03329738229513168
datasets\data\test\NailFungus\train_distal-subungual-onychomycosis-146.jpg,NailFungus,3,NailFungus,3,0.04985038563609123,0.04642520099878311,0.040769271552562714,0.6639030575752258,0.061604663729667664,0.0746779665350914,0.06276946514844894
datasets\data\test\NailFungus\train_distal-subungual-onychomycosis-15.jpg,NailFungus,3,NailFungus,3,0.05658438056707382,0.051009874790906906,0.036104388535022736,0.6893453001976013,0.053634706884622574,0.06948362290859222,0.043837741017341614
datasets\data\test\NailFungus\train_distal-subungual-onychomycosis-23.jpg,NailFungus,3,NailFungus,3,0.06034345179796219,0.05870429798960686,0.06792188435792923,0.6553136110305786,0.054454319179058075,0.06033971160650253,0.04292271286249161
datasets\data\test\NailFungus\train_distal-subungual-onychomycosis-31.jpg,NailFungus,3,NailFungus,3,0.053780701011419296,0.05266154184937477,0.04956033453345299,0.6943830251693726,0.05479199066758156,0.061667170375585556,0.03315521031618118
datasets\data\test\NailFungus\train_distal-subungual-onychomycosis-36.jpg,NailFungus,3,Tinea,6,0.03909227252006531,0.023109914734959602,0.17413531243801117,0.25797808170318604,0.03447810932993889,0.16926302015781403,0.301943302154541
datasets\data\test\NailFungus\train_distal-subungual-onychomycosis-38.jpg,NailFungus,3,NailFungus,3,0.04273667559027672,0.056038059294223785,0.11232646554708481,0.6086219549179077,0.04660044237971306,0.09583575278520584,0.03784070163965225
datasets\data\test\NailFungus\train_distal-subungual-onychomycosis-41.jpg,NailFungus,3,NailFungus,3,0.07832575589418411,0.051447659730911255,0.040149983018636703,0.6083442568778992,0.05408873409032822,0.10022691637277603,0.0674167200922966
datasets\data\test\NailFungus\train_distal-subungual-onychomycosis-90.jpg,NailFungus,3,NailFungus,3,0.05797179788351059,0.06683248281478882,0.056283749639987946,0.6028029918670654,0.06556717306375504,0.08650778979063034,0.06403400003910065
datasets\data\test\NailFungus\train_distal-subungual-onychomycosis-92.jpg,NailFungus,3,NailFungus,3,0.06362489610910416,0.056943174451589584,0.04339071363210678,0.6406011581420898,0.0599045492708683,0.08081450313329697,0.05472106114029884
datasets\data\test\NailFungus\train_distal-subungual-onychomycosis-93.jpg,NailFungus,3,NailFungus,3,0.06361449509859085,0.06131261959671974,0.03645741939544678,0.6668285727500916,0.0565335713326931,0.06932716071605682,0.04592615365982056
datasets\data\test\NailFungus\train_dry-nails-6.jpg,NailFungus,3,NailFungus,3,0.052447885274887085,0.05333879217505455,0.07838186621665955,0.6994989514350891,0.04604516178369522,0.04635532572865486,0.023932067677378654
datasets\data\test\NailFungus\train_eczema-nail-6.jpg,NailFungus,3,NailFungus,3,0.05026388540863991,0.056840673089027405,0.05687139183282852,0.7133114337921143,0.04881730675697327,0.03711872547864914,0.03677661344408989
datasets\data\test\NailFungus\train_habit-tic-deformity-16.jpg,NailFungus,3,NailFungus,3,0.05712996423244476,0.03004123829305172,0.1042134240269661,0.6992528438568115,0.04242031276226044,0.048548053950071335,0.018394146114587784
datasets\data\test\NailFungus\train_habit-tic-deformity-18.jpg,NailFungus,3,NailFungus,3,0.06476518511772156,0.06025711074471474,0.06716237962245941,0.5843378305435181,0.061275482177734375,0.1018022671341896,0.06039976701140404
datasets\data\test\NailFungus\train_habit-tic-deformity-35.jpg,NailFungus,3,NailFungus,3,0.0515425018966198,0.04494292661547661,0.0821593850851059,0.6789336204528809,0.05065906047821045,0.04721876233816147,0.044543687254190445
datasets\data\test\NailFungus\train_habit-tic-deformity-38.jpg,NailFungus,3,NailFungus,3,0.05871863290667534,0.05531465262174606,0.045746300369501114,0.7224493026733398,0.04124675691127777,0.03922826796770096,0.0372961163520813
datasets\data\test\NailFungus\train_habit-tic-deformity-45.jpg,NailFungus,3,NailFungus,3,0.047014497220516205,0.05544218793511391,0.07005004584789276,0.6787784099578857,0.05215674266219139,0.032137639820575714,0.06442050635814667
datasets\data\test\NailFungus\train_koilonychia-13.jpg,NailFungus,3,NailFungus,3,0.05099862441420555,0.05717339366674423,0.06956108659505844,0.7198968529701233,0.05027412995696068,0.025298073887825012,0.026797862723469734
datasets\data\test\NailFungus\train_koilonychia-3.jpg,NailFungus,3,NailFungus,3,0.05244751274585724,0.06448842585086823,0.04401680454611778,0.6878872513771057,0.055444490164518356,0.05666111782193184,0.03905435651540756
datasets\data\test\NailFungus\train_lichen-planus-107.jpg,NailFungus,3,NailFungus,3,0.09135668724775314,0.05084814131259918,0.042280130088329315,0.37994953989982605,0.05619112402200699,0.2835320234298706,0.09584234654903412
datasets\data\test\NailFungus\train_lichen-planus-109.jpg,NailFungus,3,Tinea,6,0.0378216877579689,0.03210432082414627,0.17077210545539856,0.05846238508820534,0.02707122080028057,0.05487632378935814,0.6188919544219971
datasets\data\test\NailFungus\train_lichen-planus-110.jpg,NailFungus,3,NailFungus,3,0.01110489759594202,0.01274122390896082,0.005561206489801407,0.9068655371665955,0.011040383949875832,0.04524833709001541,0.0074384380131959915
datasets\data\test\NailFungus\train_lichen-planus-115.jpg,NailFungus,3,NailFungus,3,0.04786411300301552,0.05215970426797867,0.0482063964009285,0.3063224256038666,0.045656781643629074,0.2694852650165558,0.23030534386634827
datasets\data\test\NailFungus\train_lichen-planus-166.jpg,NailFungus,3,NailFungus,3,0.05280185118317604,0.024765903130173683,0.05683217942714691,0.681131899356842,0.030530761927366257,0.1297665387392044,0.0241708904504776
datasets\data\test\NailFungus\train_lichen-planus-184.jpg,NailFungus,3,NailFungus,3,0.015978336334228516,0.01903669349849224,0.01981738768517971,0.8696616291999817,0.01650441624224186,0.021288113668560982,0.03771348297595978
datasets\data\test\NailFungus\train_lichen-planus-188.jpg,NailFungus,3,NailFungus,3,0.031102361157536507,0.0666920393705368,0.1213722750544548,0.46926945447921753,0.0396781861782074,0.2057061493396759,0.0661795437335968
datasets\data\test\NailFungus\train_lichen-planus-195.jpg,NailFungus,3,NailFungus,3,0.040445249527692795,0.029022490605711937,0.06820973753929138,0.7355098724365234,0.03501174971461296,0.05864211171865463,0.03315872326493263
datasets\data\test\NailFungus\train_lichen-planus-2.jpg,NailFungus,3,Eczema,2,0.03214889019727707,0.0285528302192688,0.48756054043769836,0.24588578939437866,0.031891386955976486,0.07903563976287842,0.0949249267578125
datasets\data\test\NailFungus\train_lichen-planus-96.jpg,NailFungus,3,Tinea,6,0.033189233392477036,0.03371398150920868,0.08261825144290924,0.2207290083169937,0.03831417113542557,0.15916211903095245,0.43227314949035645
datasets\data\test\NailFungus\train_median-nail-dystrophy-19.jpg,NailFungus,3,NailFungus,3,0.058947548270225525,0.06230555847287178,0.05113063380122185,0.6563861966133118,0.05969403684139252,0.06156347319483757,0.04997249320149422
datasets\data\test\NailFungus\train_median-nail-dystrophy-5.jpg,NailFungus,3,NailFungus,3,0.042574211955070496,0.033355504274368286,0.07277623564004898,0.7438170313835144,0.038316067308187485,0.035302359610795975,0.03385848179459572
datasets\data\test\NailFungus\train_mucous-cyst-102.jpg,NailFungus,3,NailFungus,3,0.051634352654218674,0.05002410337328911,0.06591762602329254,0.6579312682151794,0.04460662230849266,0.07893279194831848,0.050953209400177
datasets\data\test\NailFungus\train_mucous-cyst-14.jpg,NailFungus,3,NailFungus,3,0.04863044247031212,0.037286847829818726,0.04397914558649063,0.7303547859191895,0.0394539013504982,0.06425740569829941,0.03603745251893997
datasets\data\test\NailFungus\train_mucous-cyst-19.jpg,NailFungus,3,NailFungus,3,0.06373736262321472,0.035107072442770004,0.09228833764791489,0.6809208989143372,0.04038044810295105,0.049994535744190216,0.037571340799331665
datasets\data\test\NailFungus\train_mucous-cyst-27.jpg,NailFungus,3,NailFungus,3,0.06809672713279724,0.061422694474458694,0.1968134641647339,0.4262428283691406,0.0831177830696106,0.05365948751568794,0.11064701527357101
datasets\data\test\NailFungus\train_mucous-cyst-4.jpg,NailFungus,3,NailFungus,3,0.03439028933644295,0.04810770973563194,0.10888100415468216,0.6533650159835815,0.05592529475688934,0.0240701325237751,0.07526057958602905
datasets\data\test\NailFungus\train_mucous-cyst-50.jpg,NailFungus,3,NailFungus,3,0.0548262782394886,0.05104479193687439,0.07734539359807968,0.5942295789718628,0.04984617978334427,0.07520008832216263,0.09750767052173615
datasets\data\test\NailFungus\train_mucous-cyst-7.jpg,NailFungus,3,NailFungus,3,0.05447067320346832,0.05945846438407898,0.0872858315706253,0.6325107216835022,0.05567891523241997,0.06019376218318939,0.050401635468006134
datasets\data\test\NailFungus\train_mucous-cyst-72.jpg,NailFungus,3,NailFungus,3,0.04833441600203514,0.05185684561729431,0.032228220254182816,0.7259929180145264,0.049617934972047806,0.05691232532262802,0.035057272762060165
datasets\data\test\NailFungus\train_mucous-cyst-80.jpg,NailFungus,3,NailFungus,3,0.05671600252389908,0.05354734882712364,0.04991655796766281,0.6605104207992554,0.05988456308841705,0.06425056606531143,0.05517452955245972
datasets\data\test\NailFungus\train_mucous-cyst-92.jpg,NailFungus,3,NailFungus,3,0.040493883192539215,0.03298351541161537,0.03777729347348213,0.7758709192276001,0.038422517478466034,0.04098452255129814,0.03346728906035423
datasets\data\test\NailFungus\train_mucous-cyst-96.jpg,NailFungus,3,NailFungus,3,0.04987621307373047,0.04555827006697655,0.05919281020760536,0.6353474855422974,0.04769624397158623,0.04053907096385956,0.12178987264633179
datasets\data\test\NailFungus\train_mucous-cyst-98.jpg,NailFungus,3,NailFungus,3,0.06057216227054596,0.06882954388856888,0.09929831326007843,0.5467312335968018,0.06973917782306671,0.06602900475263596,0.0888005718588829
datasets\data\test\NailFungus\train_nail-distal-splitting-11.jpg,NailFungus,3,NailFungus,3,0.05745149031281471,0.061130817979574203,0.07325366884469986,0.6812413930892944,0.04799271747469902,0.036665767431259155,0.04226415604352951
datasets\data\test\NailFungus\train_nail-distal-splitting-13.jpg,NailFungus,3,NailFungus,3,0.06939507275819778,0.05982684716582298,0.043058931827545166,0.6132422089576721,0.06933329999446869,0.08163686841726303,0.06350675225257874
datasets\data\test\NailFungus\train_nail-distal-splitting-19.jpg,NailFungus,3,NailFungus,3,0.04707865044474602,0.05054842680692673,0.054893217980861664,0.6431968212127686,0.05295144021511078,0.11076389998197556,0.04056749492883682
datasets\data\test\NailFungus\train_nail-distal-splitting-3.jpg,NailFungus,3,NailFungus,3,0.05177801847457886,0.06374027580022812,0.0429668202996254,0.6805808544158936,0.04994478076696396,0.05643356591463089,0.054555654525756836
datasets\data\test\NailFungus\train_nail-melanoma-1.jpg,NailFungus,3,Eczema,2,0.05072741582989693,0.06481269747018814,0.6451740860939026,0.08285488188266754,0.03444250673055649,0.03501906245946884,0.08696934580802917
datasets\data\test\NailFungus\train_onycholysis-3.jpg,NailFungus,3,NailFungus,3,0.05949161946773529,0.05630258098244667,0.05133543536067009,0.6254457831382751,0.05978190526366234,0.08294649422168732,0.06469622999429703
datasets\data\test\NailFungus\train_onycholysis-31.jpg,NailFungus,3,NailFungus,3,0.04102778807282448,0.05404821038246155,0.035360582172870636,0.7277389168739319,0.04510506987571716,0.056550104171037674,0.040169328451156616
datasets\data\test\NailFungus\train_onycholysis-34.jpg,NailFungus,3,NailFungus,3,0.06176820397377014,0.06016283109784126,0.0637855976819992,0.6309818625450134,0.05619543790817261,0.08827716112136841,0.03882888704538345
datasets\data\test\NailFungus\train_periungual-epidermal-cyst-1.jpg,NailFungus,3,NailFungus,3,0.06038566678762436,0.06339089572429657,0.09175373613834381,0.6553184986114502,0.050024256110191345,0.046757329255342484,0.03236959129571915
datasets\data\test\NailFungus\train_periungual-epidermal-cyst-2.jpg,NailFungus,3,NailFungus,3,0.03677792847156525,0.03701156750321388,0.049619365483522415,0.6715837121009827,0.044147491455078125,0.06172580271959305,0.09913412481546402
datasets\data\test\NailFungus\train_pincer-nails-1.jpg,NailFungus,3,NailFungus,3,0.055471211671829224,0.06643715500831604,0.07774566113948822,0.6114768981933594,0.05330827832221985,0.07900206744670868,0.05655868723988533
datasets\data\test\NailFungus\train_pincer-nails-19.jpg,NailFungus,3,NailFungus,3,0.044724054634571075,0.056562844663858414,0.03880196809768677,0.7441011667251587,0.04642092436552048,0.03696845844388008,0.032420650124549866
datasets\data\test\NailFungus\train_pincer-nails-7.jpg,NailFungus,3,NailFungus,3,0.059583473950624466,0.05533123388886452,0.041547488421201706,0.66523277759552,0.05006803199648857,0.0692172423005104,0.059019796550273895
datasets\data\test\NailFungus\train_proximal-subungual-onychomycosis-123.jpg,NailFungus,3,NailFungus,3,0.06380841135978699,0.05752410739660263,0.03753455728292465,0.5775171518325806,0.05705660581588745,0.13739417493343353,0.06916490197181702
datasets\data\test\NailFungus\train_pseudomonas-20.jpg,NailFungus,3,NailFungus,3,0.04821721091866493,0.053818948566913605,0.029049936681985855,0.690721869468689,0.05235457792878151,0.08438052982091904,0.0414569191634655
datasets\data\test\NailFungus\train_pseudomonas-33.jpg,NailFungus,3,NailFungus,3,0.06259802728891373,0.06576711684465408,0.06948209553956985,0.5841884016990662,0.07748669385910034,0.07954845577478409,0.06092921644449234
datasets\data\test\NailFungus\train_pseudomonas-34.jpg,NailFungus,3,NailFungus,3,0.04910314828157425,0.04183841869235039,0.05217529088258743,0.7197380661964417,0.04513568431138992,0.0492083765566349,0.04280105605721474
datasets\data\test\NailFungus\train_pseudomonas-4.jpg,NailFungus,3,NailFungus,3,0.05194929987192154,0.05057056248188019,0.06028885766863823,0.6511650085449219,0.04621586948633194,0.11605356633663177,0.02375682257115841
datasets\data\test\NailFungus\train_pseudomonas-7.jpg,NailFungus,3,NailFungus,3,0.056587859988212585,0.04817211627960205,0.052313778549432755,0.6629850268363953,0.0531734935939312,0.0857105404138565,0.041057150810956955
datasets\data\test\NailFungus\train_psoriasis-103.jpg,NailFungus,3,NailFungus,3,0.05617939308285713,0.05975768342614174,0.03622600808739662,0.7191850543022156,0.04618312790989876,0.04426287114620209,0.038205865770578384
datasets\data\test\NailFungus\train_psoriasis-114.jpg,NailFungus,3,NailFungus,3,0.04310091584920883,0.06313002109527588,0.03937910124659538,0.6929934620857239,0.04002681374549866,0.099876768887043,0.02149294689297676
datasets\data\test\NailFungus\train_psoriasis-136.jpg,NailFungus,3,NailFungus,3,0.05382165312767029,0.048778511583805084,0.03508298471570015,0.7230985760688782,0.03890810161828995,0.07604636996984482,0.02426382713019848
datasets\data\test\NailFungus\train_ridging-beading-16.jpg,NailFungus,3,NailFungus,3,0.027741100639104843,0.050490181893110275,0.03642165660858154,0.7625635862350464,0.0434742271900177,0.03860490769147873,0.040704354643821716
datasets\data\test\NailFungus\train_splinter-hemorrhage-4.jpg,NailFungus,3,NailFungus,3,0.04874637350440025,0.042141590267419815,0.04619869217276573,0.6941925883293152,0.04310470074415207,0.0996750071644783,0.025941045954823494
datasets\data\test\NailFungus\train_subungual-hematoma-2.jpg,NailFungus,3,NailFungus,3,0.05524631217122078,0.06545568257570267,0.10801390558481216,0.5993097424507141,0.06335294246673584,0.06998582929372787,0.03863563761115074
datasets\data\test\NailFungus\train_subungual-hematoma-6.jpg,NailFungus,3,NailFungus,3,0.04008600860834122,0.04941173270344734,0.10443391650915146,0.664936900138855,0.05811261013150215,0.04705753177404404,0.035961296409368515
datasets\data\test\NailFungus\train_trauma-12.jpg,NailFungus,3,NailFungus,3,0.032473716884851456,0.02869241312146187,0.052703335881233215,0.7993209362030029,0.03137513995170593,0.029599320143461227,0.025835197418928146
datasets\data\test\NailFungus\train_trauma-22.jpg,NailFungus,3,NailFungus,3,0.05258528143167496,0.0636746883392334,0.038120124489068985,0.7143439054489136,0.05735130235552788,0.040965646505355835,0.03295904025435448
datasets\data\test\NailFungus\train_trauma-27.jpg,NailFungus,3,NailFungus,3,0.07299238443374634,0.08148276060819626,0.05266876518726349,0.5989983081817627,0.07298567146062851,0.06708419322967529,0.05378787964582443
datasets\data\test\NailFungus\train_trauma-6.jpg,NailFungus,3,NailFungus,3,0.06636220216751099,0.028332406654953957,0.033265482634305954,0.550667405128479,0.03690118342638016,0.24325565993785858,0.041215673089027405
datasets\data\test\NailFungus\train_twenty-nail-dystrophy-14.jpg,NailFungus,3,NailFungus,3,0.06523720920085907,0.048786357045173645,0.05356338247656822,0.5780746936798096,0.05153286084532738,0.10980384796857834,0.09300170838832855
datasets\data\test\NailFungus\train_twenty-nail-dystrophy-9.jpg,NailFungus,3,NailFungus,3,0.06594517827033997,0.051381636410951614,0.05571857467293739,0.6849875450134277,0.044156190007925034,0.049620117992162704,0.04819083213806152
datasets\data\test\NailFungus\train_yellow-nails-11.jpg,NailFungus,3,NailFungus,3,0.059259384870529175,0.049586065113544464,0.046363458037376404,0.6529017090797424,0.04430679604411125,0.11870747059583664,0.028875092044472694
datasets\data\test\Normal\test_214_jpg.rf.7e30201e5d7531031dfd18ce88691292.jpeg,Normal,4,Normal,4,0.04940512776374817,0.053683653473854065,0.047930337488651276,0.043987952172756195,0.6965117454528809,0.04609615355730057,0.06238492950797081
datasets\data\test\Normal\test_6 (104).jpeg,Normal,4,Normal,4,0.046611275523900986,0.047377217561006546,0.06177755817770958,0.038814976811409,0.6785772442817688,0.06601911038160324,0.06082260236144066
datasets\data\test\Normal\test_6 (26).jpeg,Normal,4,Normal,4,0.0768105685710907,0.037963997572660446,0.0437108650803566,0.035593826323747635,0.7477197647094727,0.025458812713623047,0.03274209424853325
datasets\data\test\Normal\test_71OHGRMj2FL._AC_UF226226_FMjpg_.jpeg,Normal,4,Normal,4,0.05579041317105293,0.05445219576358795,0.051228005439043045,0.08126417547464371,0.6484192609786987,0.07278483361005783,0.036061111837625504
datasets\data\test\Normal\test_Hand_0005704.jpeg,Normal,4,Normal,4,0.04103970155119896,0.04740967974066734,0.054884493350982666,0.03928126022219658,0.7150807976722717,0.05272817239165306,0.04957592487335205
datasets\data\test\Normal\test_Hand_0010193.jpeg,Normal,4,Normal,4,0.05824907124042511,0.05717277154326439,0.05572165921330452,0.056581851094961166,0.665732204914093,0.054818734526634216,0.05172371119260788
datasets\data\test\Normal\test_hurikan-440-right-side-view2.jpeg,Normal,4,Normal,4,0.05999661982059479,0.059036195278167725,0.051723286509513855,0.06321186572313309,0.5982264280319214,0.10065493732690811,0.06715072691440582
datasets\data\test\Normal\test_images (1) (13).jpeg,Normal,4,Normal,4,0.0360441692173481,0.04194989055395126,0.046752702444791794,0.06081286072731018,0.719904899597168,0.030926326289772987,0.06360914558172226
datasets\data\test\Normal\test_images (2) (12).jpeg,Normal,4,Normal,4,0.027576690539717674,0.05075334757566452,0.09007296711206436,0.047694943845272064,0.6983076930046082,0.04583083465695381,0.03976359963417053
datasets\data\test\Normal\test_images (2) (30).jpeg,Normal,4,Normal,4,0.03820127993822098,0.05500566586852074,0.06725148856639862,0.05330532044172287,0.697013795375824,0.03905348479747772,0.0501689612865448
datasets\data\test\Normal\test_images (2) (9).jpeg,Normal,4,Normal,4,0.07492238283157349,0.07373917102813721,0.0708165392279625,0.058507345616817474,0.593937873840332,0.07412371784448624,0.05395301431417465
datasets\data\test\Normal\test_images (30).jpeg,Normal,4,Normal,4,0.042332280427217484,0.058312155306339264,0.07717239111661911,0.06938297301530838,0.6053968071937561,0.0737459734082222,0.07365751266479492
datasets\data\test\Normal\test_photo-1459262838948-3e2de6c1ec80.jpeg,Normal,4,Normal,4,0.03716219216585159,0.06191883981227875,0.04851435869932175,0.037962980568408966,0.7368624806404114,0.0507829487323761,0.026796139776706696
datasets\data\test\Normal\test_photo-1557242836-b5ab8bb0ebb4.jpeg,Normal,4,Normal,4,0.048778705298900604,0.041209448128938675,0.044727303087711334,0.039940088987350464,0.7265925407409668,0.041614968329668045,0.057136889547109604
datasets\data\test\Normal\test_photo-1561780535-118e36e56095.jpeg,Normal,4,Normal,4,0.05219420790672302,0.048578400164842606,0.050511330366134644,0.03450360521674156,0.6973533630371094,0.07445782423019409,0.04240132123231888
datasets\data\test\Normal\test_photo-1586617356423-52763004deac.jpeg,Normal,4,Normal,4,0.06470779329538345,0.07853066921234131,0.0789116770029068,0.06730982661247253,0.6092098951339722,0.0448363833129406,0.056493811309337616
datasets\data\test\Normal\test_photo-1587334207407-deb137a955ba.jpeg,Normal,4,Normal,4,0.04582413285970688,0.052468813955783844,0.056029606610536575,0.07540532946586609,0.6718011498451233,0.04692542180418968,0.05154555290937424
datasets\data\test\Normal\train_Image1021.jpeg,Normal,4,Normal,4,0.06828366965055466,0.05556367710232735,0.05703199654817581,0.05717058479785919,0.6270928382873535,0.10614456981420517,0.028712721541523933
datasets\data\test\Normal\train_Image1027.jpeg,Normal,4,Normal,4,0.05168745666742325,0.04379914700984955,0.04665267840027809,0.056649837642908096,0.7179778814315796,0.04216800257563591,0.04106498137116432
datasets\data\test\Normal\train_Image1047.jpeg,Normal,4,Normal,4,0.05566110089421272,0.06194419786334038,0.08904054760932922,0.05092065408825874,0.6342396140098572,0.05677073448896408,0.05142311006784439
datasets\data\test\Normal\train_Image1057.jpeg,Normal,4,Normal,4,0.04248809069395065,0.037211447954177856,0.06093106046319008,0.036199819296598434,0.7451682686805725,0.0631081685423851,0.014893113635480404
datasets\data\test\Normal\train_Image1067.jpeg,Normal,4,Normal,4,0.030548829585313797,0.05614142492413521,0.06061587110161781,0.03506176546216011,0.7184756398200989,0.05083275958895683,0.04832368716597557
datasets\data\test\Normal\train_Image1069.jpeg,Normal,4,Normal,4,0.03361542150378227,0.05366480350494385,0.04927709326148033,0.03936556726694107,0.7205005288124084,0.06364934891462326,0.039927247911691666
datasets\data\test\Normal\train_Image1071.jpeg,Normal,4,Normal,4,0.048343610018491745,0.054057080298662186,0.06707821041345596,0.03654538467526436,0.7183939218521118,0.03542556241154671,0.040156204253435135
datasets\data\test\Normal\train_Image1108.jpeg,Normal,4,Normal,4,0.049035582691431046,0.05739260092377663,0.05049154534935951,0.08779387921094894,0.6380748748779297,0.05344168096780777,0.0637698844075203
datasets\data\test\Normal\train_Image1119.jpeg,Normal,4,Normal,4,0.07426764816045761,0.051180705428123474,0.046469368040561676,0.0645299106836319,0.6727682948112488,0.03165525570511818,0.05912881717085838
datasets\data\test\Normal\train_Image1121.jpeg,Normal,4,Normal,4,0.031714119017124176,0.04463580623269081,0.050351470708847046,0.04481447860598564,0.7526028156280518,0.031227631494402885,0.04465361312031746
datasets\data\test\Normal\train_Image1125.jpeg,Normal,4,Normal,4,0.02457805536687374,0.06467600166797638,0.04463936761021614,0.06700112670660019,0.7231274247169495,0.01904948800802231,0.05692840740084648
datasets\data\test\Normal\train_Image1178.jpeg,Normal,4,Normal,4,0.026522623375058174,0.03471919149160385,0.04900447651743889,0.03368190675973892,0.7079086899757385,0.062180470675230026,0.08598272502422333
datasets\data\test\Normal\train_Image1198.jpeg,Normal,4,Normal,4,0.04610287770628929,0.05403600633144379,0.051264241337776184,0.06636310368776321,0.6400496959686279,0.057907938957214355,0.08427608758211136
datasets\data\test\Normal\train_Image1205.jpeg,Normal,4,Normal,4,0.042560506612062454,0.054282933473587036,0.051554933190345764,0.04759567230939865,0.7363231182098389,0.02795269526541233,0.03973020613193512
datasets\data\test\Normal\train_Image1212.jpeg,Normal,4,Normal,4,0.030403560027480125,0.0483485572040081,0.08192369341850281,0.05411925166845322,0.6787002086639404,0.04714284837245941,0.05936184152960777
datasets\data\test\Normal\train_Image1221.jpeg,Normal,4,Normal,4,0.035865895450115204,0.047559745609760284,0.060707803815603256,0.05007628723978996,0.7054087519645691,0.03656494617462158,0.06381658464670181
datasets\data\test\Normal\train_Image1229.jpeg,Normal,4,Normal,4,0.077646404504776,0.05889824032783508,0.11469882726669312,0.06845225393772125,0.5264249444007874,0.10704478621482849,0.04683462157845497
datasets\data\test\Normal\train_Image1247.jpeg,Normal,4,Normal,4,0.03285054862499237,0.043403178453445435,0.03946332260966301,0.02814263477921486,0.7937284708023071,0.032478317618370056,0.029933491721749306
datasets\data\test\Normal\train_Image1250.jpeg,Normal,4,Normal,4,0.046601079404354095,0.056410882622003555,0.04647628962993622,0.04314042627811432,0.7277724742889404,0.0468703918159008,0.03272847458720207
datasets\data\test\Normal\train_Image1254.jpeg,Normal,4,Normal,4,0.03146067634224892,0.03630216419696808,0.0342608280479908,0.08557414263486862,0.7178981304168701,0.051864512264728546,0.042639490216970444
datasets\data\test\Normal\train_Image1257.jpeg,Normal,4,Normal,4,0.08535340428352356,0.05422575771808624,0.07071381062269211,0.06938733160495758,0.5353174209594727,0.10528691858053207,0.07971533387899399
datasets\data\test\Normal\train_Image1260.jpeg,Normal,4,Normal,4,0.06963351368904114,0.059219058603048325,0.0514543242752552,0.03880351409316063,0.6821497082710266,0.06247372552752495,0.03626611828804016
datasets\data\test\Normal\train_Image1271.jpeg,Normal,4,Normal,4,0.04211313650012016,0.05269128084182739,0.07131161540746689,0.07134156674146652,0.642922580242157,0.045801714062690735,0.07381819933652878
datasets\data\test\Normal\train_Image1281.jpeg,Normal,4,Normal,4,0.026145603507757187,0.05160711333155632,0.05023255944252014,0.04171645641326904,0.7496405243873596,0.03578801453113556,0.044869713485240936
datasets\data\test\Normal\train_Image1285.jpeg,Normal,4,Normal,4,0.04325322061777115,0.05555390566587448,0.05030432343482971,0.060593776404857635,0.6877138614654541,0.05963563174009323,0.04294523224234581
datasets\data\test\Normal\train_Image13.jpeg,Normal,4,Normal,4,0.040925849229097366,0.04844823479652405,0.041285429149866104,0.04938921332359314,0.7456362843513489,0.04555297642946243,0.02876196801662445
datasets\data\test\Normal\train_Image1314.jpeg,Normal,4,Normal,4,0.0689554512500763,0.07796107232570648,0.06148306652903557,0.039012253284454346,0.6085792183876038,0.07229594886302948,0.07171303033828735
datasets\data\test\Normal\train_Image1316.jpeg,Normal,4,Normal,4,0.04187198728322983,0.05253909155726433,0.07180377095937729,0.042153991758823395,0.7050092816352844,0.032195162028074265,0.0544266514480114
datasets\data\test\Normal\train_Image1335.jpeg,Normal,4,Normal,4,0.053975045680999756,0.06306294351816177,0.07945635169744492,0.04990880563855171,0.6571088433265686,0.05099685117602348,0.04549116641283035
datasets\data\test\Normal\train_Image1342.jpeg,Normal,4,Normal,4,0.05506736412644386,0.05704119801521301,0.0945901870727539,0.058661527931690216,0.6081798076629639,0.048391472548246384,0.07806836068630219
datasets\data\test\Normal\train_Image1350.jpeg,Normal,4,Normal,4,0.059559378772974014,0.059947140514850616,0.054877061396837234,0.04500909149646759,0.6981950998306274,0.03297480195760727,0.049437493085861206
datasets\data\test\Normal\train_Image1353.jpeg,Normal,4,Normal,4,0.03841086104512215,0.11273960769176483,0.06540898233652115,0.060237713158130646,0.6409040093421936,0.03587959334254265,0.0464191734790802
datasets\data\test\Normal\train_Image1361.jpeg,Normal,4,Normal,4,0.03127148374915123,0.04212601110339165,0.04100996255874634,0.05308471620082855,0.7436084151268005,0.03113977611064911,0.05775953456759453
datasets\data\test\Normal\train_Image1362.jpeg,Normal,4,Normal,4,0.04375605657696724,0.05528787150979042,0.05762610211968422,0.04369727894663811,0.6571328639984131,0.07834178954362869,0.06415807455778122
datasets\data\test\Normal\train_Image1372.jpeg,Normal,4,Normal,4,0.03471657633781433,0.03873511403799057,0.02795293554663658,0.04498182609677315,0.7316445708274841,0.07862772047519684,0.043341197073459625
datasets\data\test\Normal\train_Image1378.jpeg,Normal,4,Normal,4,0.060192592442035675,0.06040598452091217,0.0412619523704052,0.03960208222270012,0.7071630358695984,0.035256076604127884,0.056118253618478775
datasets\data\test\Normal\train_Image1385.jpeg,Normal,4,Normal,4,0.052260227501392365,0.06396302580833435,0.062260471284389496,0.034524355083703995,0.6691049337387085,0.06843028217554092,0.049456629902124405
datasets\data\test\Normal\train_Image1393.jpeg,Normal,4,Normal,4,0.03477702662348747,0.03587185591459274,0.04379606619477272,0.029242781922221184,0.8123137950897217,0.02091127820312977,0.023087166249752045
datasets\data\test\Normal\train_Image1408.jpeg,Normal,4,Normal,4,0.040508829057216644,0.06282075494527817,0.0770658403635025,0.05986976996064186,0.6409119963645935,0.04025237634778023,0.07857044786214828
datasets\data\test\Normal\train_Image1418.jpeg,Normal,4,Normal,4,0.028266320005059242,0.03682953864336014,0.03913848102092743,0.04858233034610748,0.7441250681877136,0.028124773874878883,0.07493346184492111
datasets\data\test\Normal\train_Image1423.jpeg,Normal,4,Normal,4,0.03874314948916435,0.049774475395679474,0.07903508096933365,0.0816083699464798,0.570347011089325,0.031233295798301697,0.14925868809223175
datasets\data\test\Normal\train_Image1424.jpeg,Normal,4,Normal,4,0.051077745854854584,0.0636398121714592,0.0810454785823822,0.05485225096344948,0.6576099395751953,0.04177757352590561,0.049997277557849884
datasets\data\test\Normal\train_Image1430.jpeg,Normal,4,Normal,4,0.057461388409137726,0.062769316136837,0.07819383591413498,0.053762711584568024,0.6537735462188721,0.043932050466537476,0.050107162445783615
datasets\data\test\Normal\train_Image1432.jpeg,Normal,4,Normal,4,0.057319000363349915,0.04480726644396782,0.047888513654470444,0.042596373707056046,0.696434497833252,0.0462552048265934,0.06469910591840744
datasets\data\test\Normal\train_Image1437.jpeg,Normal,4,Normal,4,0.03513769060373306,0.052189234644174576,0.05956132337450981,0.03670226410031319,0.7513551712036133,0.027147823944687843,0.03790637478232384
datasets\data\test\Normal\train_Image1439.jpeg,Normal,4,Normal,4,0.0660128965973854,0.05879809334874153,0.05344215780496597,0.05236397683620453,0.64755779504776,0.06002049520611763,0.06180455535650253
datasets\data\test\Normal\train_Image1442.jpeg,Normal,4,Normal,4,0.050397735089063644,0.05044259876012802,0.05446162447333336,0.04678221791982651,0.707979142665863,0.0314486026763916,0.05848805978894234
datasets\data\test\Normal\train_Image1449.jpeg,Normal,4,Normal,4,0.053776856511831284,0.08144242316484451,0.08741544932126999,0.055254898965358734,0.6111930012702942,0.05751935765147209,0.053397998213768005
datasets\data\test\Normal\train_Image1472.jpeg,Normal,4,Normal,4,0.028018228709697723,0.036217376589775085,0.049718763679265976,0.030693309381604195,0.7597978115081787,0.026886820793151855,0.06866773962974548
datasets\data\test\Normal\train_Image1488.jpeg,Normal,4,Normal,4,0.05630890652537346,0.04562993720173836,0.04510878399014473,0.06231994181871414,0.7252824306488037,0.030514776706695557,0.03483516722917557
datasets\data\test\Normal\train_Image1489.jpeg,Normal,4,Normal,4,0.04278106987476349,0.0483647957444191,0.051623255014419556,0.0879218727350235,0.6741859912872314,0.04506182298064232,0.05006112903356552
datasets\data\test\Normal\train_Image1490.jpeg,Normal,4,Normal,4,0.038695767521858215,0.056085582822561264,0.06921347230672836,0.04223017394542694,0.644749641418457,0.055391278117895126,0.09363400191068649
datasets\data\test\Normal\train_Image1496.jpeg,Normal,4,Normal,4,0.06656007468700409,0.05231250450015068,0.04891633614897728,0.062357302755117416,0.6808993816375732,0.0429912805557251,0.045963138341903687
datasets\data\test\Normal\train_Image1506.jpeg,Normal,4,Normal,4,0.03403614088892937,0.03734778240323067,0.038645002990961075,0.07494713366031647,0.7749804258346558,0.020143741741776466,0.01989978738129139
datasets\data\test\Normal\train_Image1515.jpeg,Normal,4,Normal,4,0.05156228318810463,0.06769708544015884,0.05887354537844658,0.042793259024620056,0.6658101677894592,0.048111967742443085,0.06515177339315414
datasets\data\test\Normal\train_Image1541.jpeg,Normal,4,Normal,4,0.028303170576691628,0.044117655605077744,0.028524218127131462,0.05660950019955635,0.7138093113899231,0.07149000465869904,0.05714605376124382
datasets\data\test\Normal\train_Image1544.jpeg,Normal,4,Normal,4,0.045183032751083374,0.052926965057849884,0.06453489512205124,0.03438524529337883,0.6964274644851685,0.07021026313304901,0.03633206710219383
datasets\data\test\Normal\train_Image1547.jpeg,Normal,4,Normal,4,0.0566193088889122,0.051790036261081696,0.0566529855132103,0.0419437475502491,0.6867742538452148,0.055153265595436096,0.05106639117002487
datasets\data\test\Normal\train_Image1560.jpeg,Normal,4,Normal,4,0.039884548634290695,0.0611366368830204,0.06844225525856018,0.05210103094577789,0.6933517456054688,0.03585385903716087,0.049229901283979416
datasets\data\test\Normal\train_Image1563.jpeg,Normal,4,Normal,4,0.05840762332081795,0.05170604586601257,0.03803487494587898,0.057148098945617676,0.6590688824653625,0.04009728878736496,0.09553724527359009
datasets\data\test\Normal\train_Image1579.jpeg,Normal,4,Normal,4,0.059705350548028946,0.06242319941520691,0.057349979877471924,0.07812037318944931,0.5964977145195007,0.08605710417032242,0.05984627082943916
datasets\data\test\Normal\train_Image1585.jpeg,Normal,4,Normal,4,0.04389512166380882,0.037360284477472305,0.06879109889268875,0.07444159686565399,0.6225116848945618,0.07915008068084717,0.0738501325249672
datasets\data\test\Normal\train_Image1591.jpeg,Normal,4,Normal,4,0.05563443526625633,0.06773447245359421,0.06572958081960678,0.048403315246105194,0.6771905422210693,0.05602406710386276,0.029283611103892326
datasets\data\test\Normal\train_Image1599.jpeg,Normal,4,Normal,4,0.051720503717660904,0.06304701417684555,0.08368159830570221,0.03992731124162674,0.6871891021728516,0.04006357118487358,0.034370992332696915
datasets\data\test\Normal\train_Image1617.jpeg,Normal,4,Normal,4,0.04144104942679405,0.05127140134572983,0.05544204264879227,0.03540826216340065,0.7407198548316956,0.034312549978494644,0.04140491411089897
datasets\data\test\Normal\train_Image1618.jpeg,Normal,4,Normal,4,0.04219486191868782,0.05086745321750641,0.0658043622970581,0.07895173132419586,0.6537402868270874,0.044689759612083435,0.06375149637460709
datasets\data\test\Normal\train_Image1619.jpeg,Normal,4,Normal,4,0.052146170288324356,0.042743466794490814,0.03617754951119423,0.037974901497364044,0.7326532602310181,0.07270117104053497,0.025603489950299263
datasets\data\test\Normal\train_Image1639.jpeg,Normal,4,Normal,4,0.03904327005147934,0.03714178502559662,0.04981134086847305,0.039600349962711334,0.7558389902114868,0.04484997317194939,0.03371423855423927
datasets\data\test\Normal\train_Image1678.jpeg,Normal,4,Normal,4,0.031755782663822174,0.046356525272130966,0.040656618773937225,0.04265020042657852,0.7140957117080688,0.07709573954343796,0.047389380633831024
datasets\data\test\Normal\train_Image1708.jpeg,Normal,4,Normal,4,0.12001238763332367,0.06828279793262482,0.07467155903577805,0.07035954296588898,0.5422282218933105,0.08644447475671768,0.03800111263990402
datasets\data\test\Normal\train_Image1712.jpeg,Normal,4,Normal,4,0.07830721884965897,0.039276622235774994,0.03696558251976967,0.01691696047782898,0.7649938464164734,0.02971949614584446,0.03382023796439171
datasets\data\test\Normal\train_Image1719.jpeg,Normal,4,Normal,4,0.027404122054576874,0.043250247836112976,0.03692544996738434,0.03044234588742256,0.7752656936645508,0.06249392405152321,0.02421821653842926
datasets\data\test\Normal\train_Image1729.jpeg,Normal,4,Normal,4,0.03304729238152504,0.031092800199985504,0.03347211331129074,0.04013067111372948,0.8044349551200867,0.015146881341934204,0.042675215750932693
datasets\data\test\Normal\train_Image1737.jpeg,Normal,4,Normal,4,0.03717125207185745,0.055339399725198746,0.06135973706841469,0.08416341990232468,0.6601794362068176,0.049698688089847565,0.052088089287281036
datasets\data\test\Normal\train_Image188.jpeg,Normal,4,Normal,4,0.045454997569322586,0.06621722131967545,0.062216732650995255,0.04227306693792343,0.7094645500183105,0.0383971706032753,0.03597624972462654
datasets\data\test\Normal\train_Image196.jpeg,Normal,4,Normal,4,0.034362174570560455,0.05163244903087616,0.04946640878915787,0.03747119382023811,0.749840497970581,0.03456876426935196,0.0426584929227829
datasets\data\test\Normal\train_Image214.jpeg,Normal,4,Normal,4,0.05443934351205826,0.07589511573314667,0.049010246992111206,0.0453789159655571,0.6945340037345886,0.039530109614133835,0.04121239855885506
datasets\data\test\Normal\train_Image218.jpeg,Normal,4,Normal,4,0.03545290604233742,0.07019295543432236,0.04693552106618881,0.055604614317417145,0.70740807056427,0.04055172577500343,0.0438542515039444
datasets\data\test\Normal\train_Image220.jpeg,Normal,4,Normal,4,0.03741564229130745,0.0785963386297226,0.04566000774502754,0.04061423987150192,0.7262552976608276,0.033645957708358765,0.0378124862909317
datasets\data\test\Normal\train_Image227.jpeg,Normal,4,Normal,4,0.03759794309735298,0.06063707545399666,0.04416568577289581,0.0385749414563179,0.7480911612510681,0.03717347979545593,0.033759746700525284
datasets\data\test\Normal\train_Image246.jpeg,Normal,4,Normal,4,0.029026178643107414,0.055937472730875015,0.04682062193751335,0.03859538212418556,0.7550107836723328,0.03735082224011421,0.037258733063936234
datasets\data\test\Normal\train_Image247.jpeg,Normal,4,Normal,4,0.03486406430602074,0.04319983348250389,0.03694017976522446,0.03288379684090614,0.7808854579925537,0.03454449400305748,0.036682214587926865
datasets\data\test\Normal\train_Image257.jpeg,Normal,4,Normal,4,0.028458693996071815,0.06956649571657181,0.06395033001899719,0.06294170767068863,0.69486004114151,0.034774333238601685,0.0454484187066555
datasets\data\test\Normal\train_Image274.jpeg,Normal,4,Normal,4,0.045472729951143265,0.041566114872694016,0.03746236115694046,0.028658408671617508,0.7445492744445801,0.04680662974715233,0.05548455938696861
datasets\data\test\Normal\train_Image275.jpeg,Normal,4,Normal,4,0.04904235899448395,0.062272071838378906,0.07659611105918884,0.21865670382976532,0.4131126403808594,0.09455076605081558,0.08576934784650803
datasets\data\test\Normal\train_Image28.jpeg,Normal,4,Normal,4,0.041835688054561615,0.04194017872214317,0.034981586039066315,0.04194753244519234,0.7532888054847717,0.06455427408218384,0.02145194076001644
datasets\data\test\Normal\train_Image296.jpeg,Normal,4,Normal,4,0.0632118433713913,0.046809665858745575,0.03675828129053116,0.03980504721403122,0.699429988861084,0.06204887479543686,0.051936306059360504
datasets\data\test\Normal\train_Image298.jpeg,Normal,4,Normal,4,0.022038564085960388,0.034538112580776215,0.021370386704802513,0.03131335601210594,0.7780795693397522,0.034389927983284,0.07827000319957733
datasets\data\test\Normal\train_Image338.jpeg,Normal,4,Normal,4,0.05427572503685951,0.051434192806482315,0.049685169011354446,0.06549563258886337,0.6605320572853088,0.08217561990022659,0.03640162572264671
datasets\data\test\Normal\train_Image343.jpeg,Normal,4,Normal,4,0.025904830545186996,0.04477374628186226,0.03841574490070343,0.05167749896645546,0.7476203441619873,0.026770150288939476,0.06483770906925201
datasets\data\test\Normal\train_Image344.jpeg,Normal,4,Normal,4,0.056106649339199066,0.06667272746562958,0.04278659448027611,0.08066730946302414,0.6488437056541443,0.056322161108255386,0.04860081523656845
datasets\data\test\Normal\train_Image368.jpeg,Normal,4,Normal,4,0.039370592683553696,0.048648834228515625,0.050347521901130676,0.05661170184612274,0.7127786874771118,0.027378857135772705,0.06486385315656662
datasets\data\test\Normal\train_Image395.jpeg,Normal,4,Acne,0,0.2786252200603485,0.052544355392456055,0.07373644411563873,0.07474146783351898,0.16270065307617188,0.1485971212387085,0.20905469357967377
datasets\data\test\Normal\train_Image432.jpeg,Normal,4,Normal,4,0.052432168275117874,0.06470301002264023,0.0619966983795166,0.07246379554271698,0.6517942547798157,0.05008900165557861,0.04652108624577522
datasets\data\test\Normal\train_Image437.jpeg,Normal,4,Normal,4,0.056957654654979706,0.042150408029556274,0.023255236446857452,0.04691564664244652,0.6952100396156311,0.05720842629671097,0.07830251753330231
datasets\data\test\Normal\train_Image458.jpeg,Normal,4,Normal,4,0.04156197980046272,0.032724931836128235,0.05136311054229736,0.02077721431851387,0.782433807849884,0.033979471772909164,0.037159498780965805
datasets\data\test\Normal\train_Image465.jpeg,Normal,4,Normal,4,0.049061454832553864,0.043705470860004425,0.049668118357658386,0.042794447392225266,0.7297194004058838,0.034965600818395615,0.05008549243211746
datasets\data\test\Normal\train_Image483.jpeg,Normal,4,Normal,4,0.03345644474029541,0.03900395333766937,0.057754144072532654,0.05933799594640732,0.7287587523460388,0.022009188309311867,0.05967952683568001
datasets\data\test\Normal\train_Image514.jpeg,Normal,4,Normal,4,0.04093772917985916,0.0534578412771225,0.05706127732992172,0.04274490103125572,0.6625449657440186,0.09442739188671112,0.04882591590285301
datasets\data\test\Normal\train_Image515.jpeg,Normal,4,Normal,4,0.04353862255811691,0.04755478724837303,0.04517897590994835,0.05213526636362076,0.7124262452125549,0.06338285654783249,0.03578329458832741
datasets\data\test\Normal\train_Image539.jpeg,Normal,4,Normal,4,0.04080034792423248,0.05820544809103012,0.04991777986288071,0.04024743288755417,0.7436736226081848,0.04303496330976486,0.02412046305835247
datasets\data\test\Normal\train_Image540.jpeg,Normal,4,Normal,4,0.022618109360337257,0.03457580506801605,0.04916602000594139,0.03034066967666149,0.7668855786323547,0.06093774735927582,0.03547613322734833
datasets\data\test\Normal\train_Image546.jpeg,Normal,4,Normal,4,0.03936803340911865,0.044708069413900375,0.04678581655025482,0.05147353932261467,0.7357258200645447,0.04116829112172127,0.04077040031552315
datasets\data\test\Normal\train_Image561.jpeg,Normal,4,Normal,4,0.09896189719438553,0.05773594602942467,0.044304799288511276,0.047221146523952484,0.6556637287139893,0.030679738149046898,0.06543277204036713
datasets\data\test\Normal\train_Image576.jpeg,Normal,4,Normal,4,0.0420321449637413,0.1027398556470871,0.07062781602144241,0.05003200098872185,0.6008973121643066,0.06245061755180359,0.07122030109167099
datasets\data\test\Normal\train_Image581.jpeg,Normal,4,Normal,4,0.041945915669202805,0.03784029185771942,0.07093951851129532,0.04551094025373459,0.6703344583511353,0.055812183767557144,0.07761669903993607
datasets\data\test\Normal\train_Image629.jpeg,Normal,4,Normal,4,0.0827690064907074,0.043867260217666626,0.03546693176031113,0.030400337651371956,0.6961832046508789,0.07513570785522461,0.03617751598358154
datasets\data\test\Normal\train_Image639.jpeg,Normal,4,Normal,4,0.052061885595321655,0.054309722036123276,0.06862826645374298,0.05022278428077698,0.7028346657752991,0.042254697531461716,0.029687946662306786
datasets\data\test\Normal\train_Image659.jpeg,Normal,4,Normal,4,0.04697505384683609,0.060254648327827454,0.05497979000210762,0.04068552702665329,0.6922541260719299,0.051615890115499496,0.05323495715856552
datasets\data\test\Normal\train_Image662.jpeg,Normal,4,Normal,4,0.04840279370546341,0.04681992530822754,0.0670662596821785,0.038824424147605896,0.7073661684989929,0.043436478823423386,0.04808385670185089
datasets\data\test\Normal\train_Image672.jpeg,Normal,4,Normal,4,0.02048541232943535,0.03743450343608856,0.03588958457112312,0.028235359117388725,0.8362792134284973,0.023821519687771797,0.01785437949001789
datasets\data\test\Normal\train_Image683.jpeg,Normal,4,Normal,4,0.07239696383476257,0.06910441815853119,0.08870997279882431,0.07447488605976105,0.6112895607948303,0.040173836052417755,0.043850310146808624
datasets\data\test\Normal\train_Image687.jpeg,Normal,4,Normal,4,0.03299726918339729,0.04286789894104004,0.05501578375697136,0.0633864775300026,0.7299184203147888,0.034948017448186874,0.04086605831980705
datasets\data\test\Normal\train_Image694.jpeg,Normal,4,Normal,4,0.04963655024766922,0.05965926870703697,0.05839727818965912,0.03793671354651451,0.6741682291030884,0.05691695585846901,0.0632849708199501
datasets\data\test\Normal\train_Image7.jpeg,Normal,4,Normal,4,0.035114649683237076,0.06550051271915436,0.04120255261659622,0.0529278963804245,0.7135797739028931,0.06885948032140732,0.022815227508544922
datasets\data\test\Normal\train_Image700.jpeg,Normal,4,Normal,4,0.04562323912978172,0.07037279009819031,0.05237048119306564,0.05520414188504219,0.6792563199996948,0.045118242502212524,0.05205477774143219
datasets\data\test\Normal\train_Image712.jpeg,Normal,4,Normal,4,0.028271736577153206,0.03609209135174751,0.06935428828001022,0.058593232184648514,0.7581944465637207,0.02388828620314598,0.025605961680412292
datasets\data\test\Normal\train_Image726.jpeg,Normal,4,Normal,4,0.032027874141931534,0.04539208114147186,0.05949271470308304,0.046084508299827576,0.7104803919792175,0.05297907814383507,0.0535433292388916
datasets\data\test\Normal\train_Image752.jpeg,Normal,4,Normal,4,0.04364540055394173,0.041614774614572525,0.0384218767285347,0.05354699864983559,0.7265735864639282,0.04407377913594246,0.05212358757853508
datasets\data\test\Normal\train_Image760.jpeg,Normal,4,Normal,4,0.04490819573402405,0.038809746503829956,0.03481603041291237,0.03826436772942543,0.7510095238685608,0.03968171030282974,0.05251053720712662
datasets\data\test\Normal\train_Image764.jpeg,Normal,4,Normal,4,0.04141475260257721,0.04996182397007942,0.04567543789744377,0.04120147228240967,0.7129561901092529,0.04727195203304291,0.061518438160419464
datasets\data\test\Normal\train_Image767.jpeg,Normal,4,Normal,4,0.05258840322494507,0.04276467114686966,0.04001165181398392,0.04210184887051582,0.7039914131164551,0.047603752464056015,0.07093824446201324
datasets\data\test\Normal\train_Image770.jpeg,Normal,4,Normal,4,0.045263756066560745,0.04669197276234627,0.03767784684896469,0.04378402978181839,0.7331835627555847,0.03992558270692825,0.05347331985831261
datasets\data\test\Normal\train_Image773.jpeg,Normal,4,Normal,4,0.0419081449508667,0.04398904740810394,0.040683772414922714,0.047765180468559265,0.7265872359275818,0.03772619739174843,0.061340391635894775
datasets\data\test\Normal\train_Image776.jpeg,Normal,4,Normal,4,0.04216025397181511,0.04067067801952362,0.0390687957406044,0.036778777837753296,0.7529712915420532,0.032485827803611755,0.055864352732896805
datasets\data\test\Normal\train_Image778.jpeg,Normal,4,Normal,4,0.06186911463737488,0.051916226744651794,0.046882566064596176,0.0492541678249836,0.67571622133255,0.042657893151044846,0.07170376926660538
datasets\data\test\Normal\train_Image786.jpeg,Normal,4,Normal,4,0.05946503207087517,0.07855650782585144,0.04901980236172676,0.04146699607372284,0.6672649383544922,0.0443723239004612,0.059854354709386826
datasets\data\test\Normal\train_Image791.jpeg,Normal,4,Normal,4,0.07614407688379288,0.05605081468820572,0.05908442288637161,0.04043739289045334,0.662362277507782,0.053949106484651566,0.05197184905409813
datasets\data\test\Normal\train_Image792.jpeg,Normal,4,Normal,4,0.07678988575935364,0.04523629695177078,0.04554937779903412,0.02959899790585041,0.7051252722740173,0.05024109408259392,0.04745911806821823
datasets\data\test\Normal\train_Image793.jpeg,Normal,4,Normal,4,0.04070109874010086,0.054664622992277145,0.06830040365457535,0.05721727013587952,0.6672006249427795,0.04880297929048538,0.06311304122209549
datasets\data\test\Normal\train_Image794.jpeg,Normal,4,Normal,4,0.04144471883773804,0.0427878312766552,0.05362991988658905,0.04789576679468155,0.719124436378479,0.05426764488220215,0.040849629789590836
datasets\data\test\Normal\train_Image799.jpeg,Normal,4,Normal,4,0.042998407036066055,0.0418425090610981,0.03676220029592514,0.05943353846669197,0.72065669298172,0.04493830353021622,0.053368471562862396
datasets\data\test\Normal\train_Image804.jpeg,Normal,4,Normal,4,0.036690499633550644,0.0542924664914608,0.053103357553482056,0.07431615889072418,0.6912117600440979,0.03667507320642471,0.053710728883743286
datasets\data\test\Normal\train_Image808.jpeg,Normal,4,Normal,4,0.04375951737165451,0.04870979115366936,0.044616907835006714,0.03901821747422218,0.7178588509559631,0.03953005373477936,0.06650662422180176
datasets\data\test\Normal\train_Image815.jpeg,Normal,4,Normal,4,0.028281686827540398,0.04205939173698425,0.050143446773290634,0.07075805217027664,0.7387291193008423,0.028786446899175644,0.041241832077503204
datasets\data\test\Normal\train_Image821.jpeg,Normal,4,Normal,4,0.048327285796403885,0.04998359456658363,0.04386769235134125,0.05090145394206047,0.7418410181999207,0.027528608217835426,0.03755034878849983
datasets\data\test\Normal\train_Image832.jpeg,Normal,4,Normal,4,0.12326235324144363,0.05282638221979141,0.05502542853355408,0.03604442626237869,0.6327650547027588,0.05141231045126915,0.04866402596235275
datasets\data\test\Normal\train_Image833.jpeg,Normal,4,Normal,4,0.11192071437835693,0.04729171469807625,0.05209797993302345,0.03251245245337486,0.6618369221687317,0.05065114423632622,0.04368901625275612
datasets\data\test\Normal\train_Image858.jpeg,Normal,4,Normal,4,0.08972246944904327,0.06338033825159073,0.049617815762758255,0.05223999544978142,0.6365782022476196,0.05094946175813675,0.057511694729328156
datasets\data\test\Normal\train_Image867.jpeg,Normal,4,Normal,4,0.031049538403749466,0.04575232416391373,0.04016360267996788,0.07277937233448029,0.7182453274726868,0.04605688527226448,0.04595290124416351
datasets\data\test\Normal\train_Image877.jpeg,Normal,4,Normal,4,0.0374661386013031,0.03606336936354637,0.033575430512428284,0.0582544170320034,0.7608090043067932,0.03245508670806885,0.0413765013217926
datasets\data\test\Normal\train_Image891.jpeg,Normal,4,Normal,4,0.0559108592569828,0.05781365931034088,0.06771538406610489,0.03678133338689804,0.6521769762039185,0.0841694250702858,0.04543229565024376
datasets\data\test\Normal\train_Image894.jpeg,Normal,4,Normal,4,0.0496639758348465,0.04807950183749199,0.054713279008865356,0.04324176162481308,0.7108456492424011,0.054946932941675186,0.03850884735584259
datasets\data\test\Normal\train_Image895.jpeg,Normal,4,Normal,4,0.03956852853298187,0.053394291549921036,0.05069093406200409,0.04617375507950783,0.6970755457878113,0.05770893394947052,0.055387988686561584
datasets\data\test\Normal\train_Image898.jpeg,Normal,4,Normal,4,0.05182763189077377,0.04489872232079506,0.04017079994082451,0.04940326511859894,0.7211481928825378,0.040391698479652405,0.05215975269675255
datasets\data\test\Normal\train_Image908.jpeg,Normal,4,Normal,4,0.05024455487728119,0.043656524270772934,0.03711780533194542,0.039886776357889175,0.7275593280792236,0.055636968463659286,0.04589800536632538
datasets\data\test\Normal\train_Image914.jpeg,Normal,4,Normal,4,0.029750555753707886,0.046534281224012375,0.04976028576493263,0.06103644520044327,0.7133966684341431,0.03471456095576286,0.06480728089809418
datasets\data\test\Normal\train_Image930.jpeg,Normal,4,Normal,4,0.04385323077440262,0.05435057356953621,0.05190564692020416,0.07748214155435562,0.6947042346000671,0.03240843489766121,0.04529573768377304
datasets\data\test\Normal\train_Image940.jpeg,Normal,4,Normal,4,0.03970690071582794,0.04140391945838928,0.06090686470270157,0.03841738775372505,0.7201141715049744,0.04684408754110336,0.05260663107037544
datasets\data\test\Normal\train_Image949.jpeg,Normal,4,Normal,4,0.035310279577970505,0.03750337287783623,0.04529288038611412,0.03101303055882454,0.759545087814331,0.053236257284879684,0.03809911385178566
datasets\data\test\Normal\train_Image958.jpeg,Normal,4,Normal,4,0.029587222263216972,0.04073922708630562,0.06479578465223312,0.04626619443297386,0.7303213477134705,0.035340964794158936,0.05294932425022125
datasets\data\test\Normal\train_Image962.jpeg,Normal,4,Normal,4,0.033203672617673874,0.040696512907743454,0.06041266769170761,0.04429112747311592,0.7357410192489624,0.037999317049980164,0.047655731439590454
datasets\data\test\Normal\train_Image996.jpeg,Normal,4,Normal,4,0.03913189843297005,0.04011533781886101,0.05431525036692619,0.04335548356175423,0.7003855109214783,0.07091421633958817,0.051782261580228806
datasets\data\test\Normal\valid_Image100.jpeg,Normal,4,Normal,4,0.043553292751312256,0.06814837455749512,0.06423789262771606,0.058371152728796005,0.6139997839927673,0.05448807030916214,0.09720142930746078
datasets\data\test\Normal\valid_Image102.jpeg,Normal,4,Normal,4,0.05948946997523308,0.12565962970256805,0.05251741409301758,0.04222413897514343,0.6122046709060669,0.055963147431612015,0.05194151774048805
datasets\data\test\Normal\valid_Image114.jpeg,Normal,4,Normal,4,0.06480371952056885,0.06031279265880585,0.037436604499816895,0.04014201462268829,0.7321351170539856,0.02597424015402794,0.0391954630613327
datasets\data\test\Normal\valid_Image119.jpeg,Normal,4,Normal,4,0.04081083834171295,0.07122427225112915,0.039362531155347824,0.046174339950084686,0.7178299427032471,0.049849625676870346,0.03474846109747887
datasets\data\test\Normal\valid_Image136.jpeg,Normal,4,Normal,4,0.032254330813884735,0.04487968608736992,0.041426122188568115,0.037585362792015076,0.7668282389640808,0.03693037107586861,0.04009589925408363
datasets\data\test\Normal\valid_Image141.jpeg,Normal,4,Normal,4,0.04867783188819885,0.08349601924419403,0.051613565534353256,0.03562004119157791,0.7138890624046326,0.029273243620991707,0.03743019700050354
datasets\data\test\Normal\valid_Image163.jpeg,Normal,4,Normal,4,0.03474070131778717,0.0516192764043808,0.0416400283575058,0.046597689390182495,0.7054033279418945,0.05064677819609642,0.06935222446918488
datasets\data\test\Normal\valid_Image176.jpeg,Normal,4,Normal,4,0.03979646787047386,0.05760599672794342,0.06312155723571777,0.07155025750398636,0.6211013793945312,0.06684928387403488,0.07997501641511917
datasets\data\test\Normal\valid_Image179.jpeg,Normal,4,Normal,4,0.029127871617674828,0.04223224148154259,0.03592598810791969,0.03657405078411102,0.7842299938201904,0.0331154428422451,0.038794346153736115
datasets\data\test\Normal\valid_Image180.jpeg,Normal,4,Normal,4,0.02883850410580635,0.0539853498339653,0.06851373612880707,0.04598978906869888,0.7185437679290771,0.03634914383292198,0.04777970537543297
datasets\data\test\Normal\valid_Image49.jpeg,Normal,4,Normal,4,0.09137643128633499,0.0667976513504982,0.030247773975133896,0.04119158536195755,0.6778239607810974,0.05604066699743271,0.036521825939416885
datasets\data\test\Normal\valid_Image56.jpeg,Normal,4,Normal,4,0.030764782801270485,0.06453103572130203,0.047971658408641815,0.03663584589958191,0.762233555316925,0.033580482006073,0.024282606318593025
datasets\data\test\Normal\valid_Image71.jpeg,Normal,4,Normal,4,0.06030413135886192,0.04476916790008545,0.0404406376183033,0.0316450335085392,0.7585106492042542,0.04091106727719307,0.023419400677084923
datasets\data\test\Normal\valid_Image96.jpeg,Normal,4,Normal,4,0.0376749150454998,0.03528061881661415,0.029286734759807587,0.02989771030843258,0.7894486784934998,0.03708110377192497,0.041330285370349884
datasets\data\test\Psoriasis\test_08sebKerm1122046.jpg,Psoriasis,5,Acne,0,0.4979154169559479,0.03728689253330231,0.1267896592617035,0.03869126737117767,0.03772033005952835,0.1790900081396103,0.08250643312931061
datasets\data\test\Psoriasis\test_Lichen-Planus-Drug-28.jpg,Psoriasis,5,NailFungus,3,0.01854582503437996,0.024638572707772255,0.02570883370935917,0.7494556307792664,0.02692274935543537,0.13395307958126068,0.020775312557816505
datasets\data\test\Psoriasis\test_lichen-planus-vaginal-9.jpg,Psoriasis,5,Candidiasis,1,0.02334124967455864,0.4943031966686249,0.03002135269343853,0.042343977838754654,0.038183148950338364,0.09692846238613129,0.274878591299057
datasets\data\test\Psoriasis\test_Lichen-Sclerosus-Skin-127.jpg,Psoriasis,5,Psoriasis,5,0.032976001501083374,0.012641893699765205,0.14318041503429413,0.027417542412877083,0.018099026754498482,0.6905532479286194,0.07513193786144257
datasets\data\test\Psoriasis\test_Lichen-Sclerosus-Skin-90.jpg,Psoriasis,5,Psoriasis,5,0.011873932555317879,0.028220143169164658,0.08043985813856125,0.010150285437703133,0.0231610294431448,0.45676150918006897,0.38939324021339417
datasets\data\test\Psoriasis\test_pityriasis-rosea-143.jpg,Psoriasis,5,Psoriasis,5,0.01871822588145733,0.0188729390501976,0.25891149044036865,0.010187954641878605,0.021219903603196144,0.6060056686401367,0.06608384847640991
datasets\data\test\Psoriasis\test_pityriasis-rosea-191.jpg,Psoriasis,5,Psoriasis,5,0.017951438203454018,0.018800439313054085,0.4054816663265228,0.026066545397043228,0.020521201193332672,0.5001236796379089,0.011055083945393562
datasets\data\test\Psoriasis\test_pityriasis-rubra-pilaris-1.jpg,Psoriasis,5,Psoriasis,5,0.019297055900096893,0.029148807749152184,0.028512869030237198,0.016004348173737526,0.015717769041657448,0.8703527450561523,0.02096632681787014
datasets\data\test\Psoriasis\test_pityriasis-rubra-pilaris-13.jpg,Psoriasis,5,Psoriasis,5,0.055710699409246445,0.0323503352701664,0.12808147072792053,0.02098177745938301,0.033668678253889084,0.6383255124092102,0.09088155627250671
datasets\data\test\Psoriasis\test_pityriasis-rubra-pilaris-49.jpg,Psoriasis,5,Psoriasis,5,0.018134821206331253,0.026073284447193146,0.05086877569556236,0.01877642422914505,0.022788146510720253,0.7622634768486023,0.10109508037567139
datasets\data\test\Psoriasis\test_Psoriasis-Histology-4.jpg,Psoriasis,5,Eczema,2,0.23364697396755219,0.03948085382580757,0.4082486033439636,0.07547535747289658,0.05698041245341301,0.16183573007583618,0.024332066997885704
datasets\data\test\Psoriasis\test_scalp-psoriasis-0003__ProtectWyJQcm90ZWN0Il0_FocusFillWzI5NCwyMjIsIngiLDFd.jpeg,Psoriasis,5,Psoriasis,5,0.0725494995713234,0.017673924565315247,0.029214177280664444,0.02972664125263691,0.032662685960531235,0.7397498488426208,0.07842317968606949
datasets\data\test\Psoriasis\test_scalp-psoriasis-0006__ProtectWyJQcm90ZWN0Il0_FocusFillWzI5NCwyMjIsIngiLDFd.jpeg,Psoriasis,5,Psoriasis,5,0.03684273734688759,0.025998732075095177,0.08431963622570038,0.04057645797729492,0.028556564822793007,0.7230119109153748,0.060693930834531784
datasets\data\test\Psoriasis\test_seborrheic-dermatitis-129.jpg,Psoriasis,5,Tinea,6,0.09227132052183151,0.02088271826505661,0.06759592145681381,0.02056875266134739,0.023022539913654327,0.32940346002578735,0.44625529646873474
datasets\data\test\Psoriasis\test_seborrheic-dermatitis-15.jpg,Psoriasis,5,Psoriasis,5,0.07005991041660309,0.02284187637269497,0.22929908335208893,0.020767465233802795,0.023774927482008934,0.6069219708442688,0.026334766298532486
datasets\data\test\Psoriasis\train_08PsoriasisPitting1.jpg,Psoriasis,5,NailFungus,3,0.04501153156161308,0.05471252650022507,0.04599438235163689,0.48823830485343933,0.049693237990140915,0.2563374936580658,0.0600125677883625
datasets\data\test\Psoriasis\train_08SebDermEAr.jpg,Psoriasis,5,Psoriasis,5,0.22638022899627686,0.0312693826854229,0.16942894458770752,0.11854182928800583,0.04285895451903343,0.37633925676345825,0.035181377083063126
datasets\data\test\Psoriasis\train_08sebDermEar031306.jpg,Psoriasis,5,Psoriasis,5,0.031709395349025726,0.018294047564268112,0.27291467785835266,0.03684765473008156,0.03324874863028526,0.5706388354301453,0.03634664788842201
datasets\data\test\Psoriasis\train_08SebDermPresternal063002.jpg,Psoriasis,5,Eczema,2,0.07492479681968689,0.02502068318426609,0.5500596165657043,0.17116829752922058,0.03591220825910568,0.07581020891666412,0.06710418313741684
datasets\data\test\Psoriasis\train_08sebDermScalp111308.jpg,Psoriasis,5,Psoriasis,5,0.004376457538455725,0.008169685490429401,0.07089821249246597,0.030113697052001953,0.01295684278011322,0.8600609302520752,0.013424182310700417
datasets\data\test\Psoriasis\train_08SebDermScalp3.jpg,Psoriasis,5,Psoriasis,5,0.015347776934504509,0.02044135518372059,0.03755267336964607,0.041033580899238586,0.0229341983795166,0.8085204362869263,0.05417000874876976
datasets\data\test\Psoriasis\train_08TineaAmiantacea.jpg,Psoriasis,5,Psoriasis,5,0.007198648992925882,0.016546880826354027,0.10970155894756317,0.043912168592214584,0.017445620149374008,0.7914199829101562,0.013775100000202656
datasets\data\test\Psoriasis\train_Axillary-Granular-Parakeratosis-4.jpg,Psoriasis,5,Tinea,6,0.015485282056033611,0.05988071486353874,0.22326597571372986,0.028447549790143967,0.031992893666028976,0.18466417491436005,0.45626336336135864
datasets\data\test\Psoriasis\train_Axillary-Granular-Parakeratosis-6.jpg,Psoriasis,5,Candidiasis,1,0.02607164904475212,0.4185662269592285,0.18120403587818146,0.028347589075565338,0.046416986733675,0.09441007673740387,0.2049834132194519
datasets\data\test\Psoriasis\train_Axillary-Granular-Parakeratosis-7.jpg,Psoriasis,5,Candidiasis,1,0.036853283643722534,0.3172486126422882,0.2504246234893799,0.04558363929390907,0.04488547891378403,0.14808018505573273,0.15692415833473206
datasets\data\test\Psoriasis\train_lichen-planus-20.jpg,Psoriasis,5,Eczema,2,0.016025099903345108,0.05876995250582695,0.4619542062282562,0.25676456093788147,0.037926074117422104,0.12885317206382751,0.0397070087492466
datasets\data\test\Psoriasis\train_lichen-planus-204.jpg,Psoriasis,5,NailFungus,3,0.023462064564228058,0.032454993575811386,0.0588289350271225,0.7207521796226501,0.02923109009861946,0.07455021888017654,0.060720596462488174
datasets\data\test\Psoriasis\train_Lichen-Planus-Drug-14.jpg,Psoriasis,5,Tinea,6,0.04854680597782135,0.02084592543542385,0.2695828080177307,0.01862916722893715,0.02950892224907875,0.17103879153728485,0.4418475329875946
datasets\data\test\Psoriasis\train_Lichen-Planus-Drug-16.jpg,Psoriasis,5,Eczema,2,0.10073418915271759,0.017184950411319733,0.7218323945999146,0.013311758637428284,0.02163141965866089,0.08778420835733414,0.037521060556173325
datasets\data\test\Psoriasis\train_Lichen-Planus-Drug-23.jpg,Psoriasis,5,Psoriasis,5,0.03954285383224487,0.0303815845400095,0.29278817772865295,0.053123991936445236,0.061601411551237106,0.36127209663391113,0.1612899750471115
datasets\data\test\Psoriasis\train_Lichen-Planus-Drug-7.jpg,Psoriasis,5,Psoriasis,5,0.023412561044096947,0.026743805035948753,0.09305139631032944,0.0492161400616169,0.03192988783121109,0.746194064617157,0.02945212461054325
datasets\data\test\Psoriasis\train_Lichen-Planus-Drug-8.jpg,Psoriasis,5,Psoriasis,5,0.019261205568909645,0.029529539868235588,0.10339469462633133,0.02458709478378296,0.022169088944792747,0.7177419662475586,0.08331643790006638
datasets\data\test\Psoriasis\train_Lichen-Planus-Oral-37.jpg,Psoriasis,5,Psoriasis,5,0.03350471705198288,0.018037471920251846,0.020473601296544075,0.018635552376508713,0.01304467860609293,0.8793255090713501,0.016978517174720764
datasets\data\test\Psoriasis\train_Lichen-Planus-Oral-46.jpg,Psoriasis,5,Psoriasis,5,0.029373774304986,0.02274463139474392,0.03613286465406418,0.03889923542737961,0.01758810691535473,0.8111526966094971,0.04410863295197487
datasets\data\test\Psoriasis\train_Lichen-Planus-Oral-7.jpg,Psoriasis,5,Psoriasis,5,0.02195707894861698,0.029047612100839615,0.03649156168103218,0.04557081311941147,0.02054254524409771,0.7770071625709534,0.06938331574201584
datasets\data\test\Psoriasis\train_Lichen-Planus-Palm-Soles-7.jpg,Psoriasis,5,Tinea,6,0.012978073209524155,0.015514717437326908,0.06578653305768967,0.014093147590756416,0.022065898403525352,0.26560086011886597,0.6039608120918274
datasets\data\test\Psoriasis\train_lichen-planus-vaginal-8.jpg,Psoriasis,5,Psoriasis,5,0.016404571011662483,0.017377393320202827,0.04143165424466133,0.03351753205060959,0.016127485781908035,0.8378900289535522,0.03725127875804901
datasets\data\test\Psoriasis\train_Lichen-Sclerosis-Vulva-22.jpg,Psoriasis,5,Psoriasis,5,0.013599110767245293,0.03037116304039955,0.07583294063806534,0.023308949545025826,0.01710948534309864,0.8246206045150757,0.015157731249928474
datasets\data\test\Psoriasis\train_Lichen-Sclerosis-Vulva-29.jpg,Psoriasis,5,Psoriasis,5,0.10397879034280777,0.038523007184267044,0.1306276172399521,0.1879495084285736,0.036871541291475296,0.4174497723579407,0.08459971845149994
datasets\data\test\Psoriasis\train_Lichen-Sclerosis-Vulva-8.jpg,Psoriasis,5,Tinea,6,0.1012735515832901,0.13131311535835266,0.09192583709955215,0.09252718836069107,0.06333296000957489,0.24068088829517365,0.2789464592933655
datasets\data\test\Psoriasis\train_Lichen-Sclerosis-Vulva-9.jpg,Psoriasis,5,Psoriasis,5,0.038135357201099396,0.11503908783197403,0.26300036907196045,0.03187501057982445,0.04642627388238907,0.29396721720695496,0.21155665814876556
datasets\data\test\Psoriasis\train_Lichen-Sclerosus-Penis-2.jpg,Psoriasis,5,Psoriasis,5,0.015742305666208267,0.016058115288615227,0.05331232771277428,0.013299181126058102,0.011333286762237549,0.8655531406402588,0.024701595306396484
datasets\data\test\Psoriasis\train_Lichen-Sclerosus-Penis-28.jpg,Psoriasis,5,Psoriasis,5,0.014461079612374306,0.020381301641464233,0.04343521595001221,0.09344266355037689,0.017612596973776817,0.8007986545562744,0.009868538938462734
datasets\data\test\Psoriasis\train_Lichen-Sclerosus-Penis-44.jpg,Psoriasis,5,Psoriasis,5,0.019509244710206985,0.039477407932281494,0.11374595761299133,0.05256858468055725,0.023091968148946762,0.7142612338066101,0.037345584481954575
datasets\data\test\Psoriasis\train_Lichen-Sclerosus-Skin-104.jpg,Psoriasis,5,Tinea,6,0.05761709064245224,0.026815900579094887,0.13432680070400238,0.13927696645259857,0.041046708822250366,0.2728296220302582,0.32808688282966614
datasets\data\test\Psoriasis\train_Lichen-Sclerosus-Skin-105.jpg,Psoriasis,5,Tinea,6,0.028033360838890076,0.026343008503317833,0.07493948936462402,0.0724138393998146,0.028361830860376358,0.14972878992557526,0.6201796531677246
datasets\data\test\Psoriasis\train_Lichen-Sclerosus-Skin-108.jpg,Psoriasis,5,Psoriasis,5,0.03835093230009079,0.033173177391290665,0.0672883465886116,0.058733079582452774,0.028814349323511124,0.442259281873703,0.33138084411621094
datasets\data\test\Psoriasis\train_Lichen-Sclerosus-Skin-11.jpg,Psoriasis,5,Psoriasis,5,0.019518565386533737,0.01893547549843788,0.13849395513534546,0.03758205100893974,0.02241348847746849,0.4889916181564331,0.27406492829322815
datasets\data\test\Psoriasis\train_Lichen-Sclerosus-Skin-128.jpg,Psoriasis,5,Psoriasis,5,0.01938455179333687,0.0176573283970356,0.04521293193101883,0.11159782856702805,0.03181781247258186,0.44505709409713745,0.32927244901657104
datasets\data\test\Psoriasis\train_Lichen-Sclerosus-Skin-24.jpg,Psoriasis,5,Psoriasis,5,0.12010189145803452,0.008975502103567123,0.014007950201630592,0.04099162667989731,0.01374832820147276,0.7879453301429749,0.014229398220777512
datasets\data\test\Psoriasis\train_Lichen-Sclerosus-Skin-66.jpg,Psoriasis,5,Psoriasis,5,0.01045756321400404,0.01627797819674015,0.3086239993572235,0.023526938632130623,0.027669057250022888,0.37577465176582336,0.23766976594924927
datasets\data\test\Psoriasis\train_Lichen-Sclerosus-Skin-67.jpg,Psoriasis,5,Psoriasis,5,0.05134207755327225,0.01717342808842659,0.07713811099529266,0.04928689822554588,0.02324826829135418,0.7325007319450378,0.04931050166487694
datasets\data\test\Psoriasis\train_Lichen-Sclerosus-Skin-77.jpg,Psoriasis,5,Psoriasis,5,0.08724606037139893,0.01676980033516884,0.12472186237573624,0.03442351520061493,0.019367411732673645,0.6729534268379211,0.04451783746480942
datasets\data\test\Psoriasis\train_Lichen-Sclerosus-Skin-89.jpg,Psoriasis,5,Psoriasis,5,0.026729239150881767,0.042648930102586746,0.13488957285881042,0.04540866240859032,0.029307613149285316,0.5262476205825806,0.19476830959320068
datasets\data\test\Psoriasis\train_Lichen-Sclerosus-Skin-93.jpg,Psoriasis,5,Eczema,2,0.010959054343402386,0.016222316771745682,0.3923910856246948,0.01493037398904562,0.01958610862493515,0.1625325083732605,0.3833785057067871
datasets\data\test\Psoriasis\train_Pityriasis-Lichenoides-15.jpg,Psoriasis,5,Psoriasis,5,0.014811640605330467,0.009220670908689499,0.01824786327779293,0.015298625454306602,0.011700552888214588,0.8982147574424744,0.032505862414836884
datasets\data\test\Psoriasis\train_Pityriasis-Lichenoides-18.jpg,Psoriasis,5,Psoriasis,5,0.025642486289143562,0.04774457588791847,0.09227828681468964,0.01905430480837822,0.030587486922740936,0.5463994145393372,0.23829339444637299
datasets\data\test\Psoriasis\train_Pityriasis-Lichenoides-28.jpg,Psoriasis,5,Psoriasis,5,0.014990784227848053,0.02069792151451111,0.018734879791736603,0.02022150345146656,0.01502846647053957,0.8461445569992065,0.0641818717122078
datasets\data\test\Psoriasis\train_Pityriasis-Lichenoides-42.jpg,Psoriasis,5,Psoriasis,5,0.027443302795290947,0.026691094040870667,0.1102173924446106,0.018491681665182114,0.020720945671200752,0.6028713583946228,0.19356420636177063
datasets\data\test\Psoriasis\train_Pityriasis-Lichenoides-52.jpg,Psoriasis,5,Psoriasis,5,0.16778746247291565,0.06393687427043915,0.10957696288824081,0.18717795610427856,0.06882010400295258,0.2437039017677307,0.15899671614170074
datasets\data\test\Psoriasis\train_Pityriasis-Lichenoides-8.jpg,Psoriasis,5,Psoriasis,5,0.13461214303970337,0.053137458860874176,0.14369601011276245,0.10597965121269226,0.04661303013563156,0.4887438714504242,0.027217872440814972
datasets\data\test\Psoriasis\train_pityriasis-rosea-1.jpg,Psoriasis,5,Psoriasis,5,0.007236971985548735,0.012677973136305809,0.04654012620449066,0.018538091331720352,0.015752281993627548,0.698195219039917,0.20105935633182526
datasets\data\test\Psoriasis\train_pityriasis-rosea-10.jpg,Psoriasis,5,Psoriasis,5,0.041037339717149734,0.05264271795749664,0.07631771266460419,0.15926587581634521,0.05389093607664108,0.3129337728023529,0.30391162633895874
datasets\data\test\Psoriasis\train_pityriasis-rosea-112.jpg,Psoriasis,5,Psoriasis,5,0.0148488599807024,0.022898726165294647,0.06357794255018234,0.029496433213353157,0.02016914263367653,0.7921862006187439,0.05682271718978882
datasets\data\test\Psoriasis\train_pityriasis-rosea-117.jpg,Psoriasis,5,Tinea,6,0.026506943628191948,0.0380973182618618,0.061182912439107895,0.033525895327329636,0.03541853651404381,0.3750379979610443,0.43023037910461426
datasets\data\test\Psoriasis\train_pityriasis-rosea-119.jpg,Psoriasis,5,Psoriasis,5,0.014748542569577694,0.009381773881614208,0.40760764479637146,0.008009976707398891,0.0101403733715415,0.5301536917686462,0.01995793543756008
datasets\data\test\Psoriasis\train_pityriasis-rosea-162.jpg,Psoriasis,5,Psoriasis,5,0.014138426631689072,0.02585122175514698,0.10708115249872208,0.018395621329545975,0.02795451506972313,0.7285969257354736,0.077982097864151
datasets\data\test\Psoriasis\train_pityriasis-rosea-184.jpg,Psoriasis,5,Psoriasis,5,0.038526296615600586,0.024232370778918266,0.18993481993675232,0.017432017251849174,0.029462309554219246,0.6144310832023621,0.0859810933470726
datasets\data\test\Psoriasis\train_pityriasis-rosea-185.jpg,Psoriasis,5,Eczema,2,0.019403280690312386,0.027572235092520714,0.6750750541687012,0.022893939167261124,0.03467626869678497,0.08277247846126556,0.13760673999786377
datasets\data\test\Psoriasis\train_pityriasis-rosea-2.jpg,Psoriasis,5,Psoriasis,5,0.01673109270632267,0.031488966196775436,0.028410956263542175,0.028112929314374924,0.033785756677389145,0.6829869151115417,0.17848333716392517
datasets\data\test\Psoriasis\train_pityriasis-rubra-pilaris-12.jpg,Psoriasis,5,Psoriasis,5,0.054799146950244904,0.024819757789373398,0.288972407579422,0.07196978479623795,0.022201303392648697,0.4669018089771271,0.07033573091030121
datasets\data\test\Psoriasis\train_pityriasis-rubra-pilaris-16.jpg,Psoriasis,5,Psoriasis,5,0.013333814218640327,0.021928461268544197,0.0983165055513382,0.01339795719832182,0.030759695917367935,0.7216198444366455,0.10064366459846497
datasets\data\test\Psoriasis\train_pityriasis-rubra-pilaris-32.jpg,Psoriasis,5,Eczema,2,0.07428530603647232,0.06794441491365433,0.2581961452960968,0.10804067552089691,0.04630633816123009,0.25115692615509033,0.1940702199935913
datasets\data\test\Psoriasis\train_pityriasis-rubra-pilaris-35.jpg,Psoriasis,5,Eczema,2,0.02741510607302189,0.02504817768931389,0.5923935770988464,0.018992194905877113,0.0336567647755146,0.05250880494713783,0.24998539686203003
datasets\data\test\Psoriasis\train_pityriasis-rubra-pilaris-38.jpg,Psoriasis,5,Psoriasis,5,0.010971774347126484,0.01780136302113533,0.035835959017276764,0.028603067621588707,0.023440806195139885,0.8018617033958435,0.08148535341024399
datasets\data\test\Psoriasis\train_pityriasis-rubra-pilaris-56.jpg,Psoriasis,5,Psoriasis,5,0.008573881350457668,0.019398218020796776,0.07630784064531326,0.02378079481422901,0.020844629034399986,0.5719738006591797,0.2791207730770111
datasets\data\test\Psoriasis\train_Psoriasis-Anus-17.jpeg,Psoriasis,5,Psoriasis,5,0.019923318177461624,0.04080052673816681,0.31285813450813293,0.03108460269868374,0.0346066951751709,0.5354844927787781,0.025242187082767487
datasets\data\test\Psoriasis\train_Psoriasis-Anus-6.jpg,Psoriasis,5,Eczema,2,0.05674891546368599,0.03900613263249397,0.46081647276878357,0.0424041673541069,0.02767159231007099,0.1654857099056244,0.20786699652671814
datasets\data\test\Psoriasis\train_Psoriasis-Cellulitis-2.jpeg,Psoriasis,5,Psoriasis,5,0.009111887775361538,0.010680763982236385,0.04430193826556206,0.007060128729790449,0.008827745914459229,0.9095661044120789,0.01045144908130169
datasets\data\test\Psoriasis\train_Psoriasis-Chronic-Plaque-101.jpeg,Psoriasis,5,Psoriasis,5,0.013904402032494545,0.0251532644033432,0.326240599155426,0.041433338075876236,0.03329874947667122,0.3958151340484619,0.16415448486804962
datasets\data\test\Psoriasis\train_Psoriasis-Chronic-Plaque-104.jpeg,Psoriasis,5,Eczema,2,0.018232952803373337,0.030231427401304245,0.7880447506904602,0.047616228461265564,0.036822833120822906,0.020361052826046944,0.05869070068001747
datasets\data\test\Psoriasis\train_Psoriasis-Chronic-Plaque-108.jpeg,Psoriasis,5,Eczema,2,0.03814882040023804,0.025099581107497215,0.34871894121170044,0.1599612683057785,0.03332577645778656,0.3322821259498596,0.06246349215507507
datasets\data\test\Psoriasis\train_Psoriasis-Chronic-Plaque-11.jpeg,Psoriasis,5,Psoriasis,5,0.006916101090610027,0.00945772510021925,0.026798009872436523,0.026076657697558403,0.015205884352326393,0.8798401355743408,0.03570546954870224
datasets\data\test\Psoriasis\train_Psoriasis-Chronic-Plaque-110.jpeg,Psoriasis,5,Psoriasis,5,0.012986401095986366,0.024326425045728683,0.29577043652534485,0.04247847571969032,0.03030695766210556,0.524543821811676,0.06958742439746857
datasets\data\test\Psoriasis\train_Psoriasis-Chronic-Plaque-112.jpeg,Psoriasis,5,Psoriasis,5,0.015148060396313667,0.019368281587958336,0.2765132188796997,0.028819655999541283,0.02441605180501938,0.6256088018417358,0.01012589130550623
datasets\data\test\Psoriasis\train_Psoriasis-Chronic-Plaque-113.jpeg,Psoriasis,5,Psoriasis,5,0.03511011600494385,0.025721965357661247,0.02979627437889576,0.10249020904302597,0.032282426953315735,0.7142398953437805,0.06035921350121498
datasets\data\test\Psoriasis\train_Psoriasis-Chronic-Plaque-122.jpeg,Psoriasis,5,Eczema,2,0.021801773458719254,0.04188783839344978,0.515684187412262,0.14594309031963348,0.03152696415781975,0.13697201013565063,0.10618414729833603
datasets\data\test\Psoriasis\train_Psoriasis-Chronic-Plaque-127.jpeg,Psoriasis,5,Psoriasis,5,0.029492825269699097,0.02876700647175312,0.21840475499629974,0.03010958805680275,0.03143111243844032,0.5863872170448303,0.07540751248598099
datasets\data\test\Psoriasis\train_Psoriasis-Chronic-Plaque-128.jpeg,Psoriasis,5,Psoriasis,5,0.00764437485486269,0.019612841308116913,0.19210129976272583,0.022451648488640785,0.02696308121085167,0.5929861664772034,0.1382404863834381
datasets\data\test\Psoriasis\train_Psoriasis-Chronic-Plaque-132.jpeg,Psoriasis,5,Psoriasis,5,0.04499031603336334,0.11257266253232956,0.2548489272594452,0.07998710870742798,0.037411194294691086,0.31889984011650085,0.1512899249792099
datasets\data\test\Psoriasis\train_Psoriasis-Chronic-Plaque-141.jpeg,Psoriasis,5,Psoriasis,5,0.03302088752388954,0.026603959500789642,0.1992660015821457,0.08506179600954056,0.0711492970585823,0.5210313200950623,0.06386671960353851
datasets\data\test\Psoriasis\train_Psoriasis-Chronic-Plaque-149.jpg,Psoriasis,5,Psoriasis,5,0.021822750568389893,0.01894163154065609,0.38805750012397766,0.035782698541879654,0.021398965269327164,0.5078670382499695,0.006129457615315914
datasets\data\test\Psoriasis\train_Psoriasis-Chronic-Plaque-154.jpg,Psoriasis,5,Psoriasis,5,0.01048657950013876,0.01672363467514515,0.37339863181114197,0.0320061594247818,0.02274596132338047,0.5346781611442566,0.009960928931832314
datasets\data\test\Psoriasis\train_Psoriasis-Chronic-Plaque-161.jpeg,Psoriasis,5,Psoriasis,5,0.008681419305503368,0.01502195093780756,0.28386756777763367,0.011442241258919239,0.016256053000688553,0.6576111912727356,0.007119523361325264
datasets\data\test\Psoriasis\train_Psoriasis-Chronic-Plaque-178.jpeg,Psoriasis,5,Psoriasis,5,0.02260644920170307,0.01815144717693329,0.045488253235816956,0.02974647656083107,0.017803890630602837,0.8304246664047241,0.03577876091003418
datasets\data\test\Psoriasis\train_Psoriasis-Chronic-Plaque-187.jpeg,Psoriasis,5,Psoriasis,5,0.0026137770619243383,0.0063254982233047485,0.012899277731776237,0.0068233865313231945,0.004732783418148756,0.95988929271698,0.006715924479067326
datasets\data\test\Psoriasis\train_Psoriasis-Chronic-Plaque-189.jpeg,Psoriasis,5,Psoriasis,5,0.013048147782683372,0.02662752941250801,0.04749421402812004,0.026738053187727928,0.029520481824874878,0.7437564134597778,0.11281506717205048
datasets\data\test\Psoriasis\train_Psoriasis-Chronic-Plaque-90.jpeg,Psoriasis,5,Eczema,2,0.015961021184921265,0.027220338582992554,0.5244068503379822,0.022536005824804306,0.04556993395090103,0.22938725352287292,0.13491861522197723
datasets\data\test\Psoriasis\train_Psoriasis-Chronic-Plaque-98.jpeg,Psoriasis,5,Psoriasis,5,0.010618788190186024,0.01149706169962883,0.3100740611553192,0.01569650135934353,0.013840077444911003,0.6219473481178284,0.01632615365087986
datasets\data\test\Psoriasis\train_psoriasis-digits-2.jpeg,Psoriasis,5,Psoriasis,5,0.016038168221712112,0.02100774273276329,0.06286491453647614,0.08429855108261108,0.026347681879997253,0.7550827860832214,0.034360140562057495
datasets\data\test\Psoriasis\train_psoriasis-digits-3.jpeg,Psoriasis,5,Eczema,2,0.020898981019854546,0.023124935105443,0.7722449898719788,0.019580336287617683,0.026715051382780075,0.08286888152360916,0.054566819220781326
datasets\data\test\Psoriasis\train_psoriasis-erythrodermic-1.jpeg,Psoriasis,5,Psoriasis,5,0.00900330115109682,0.021916793659329414,0.031037259846925735,0.012203792110085487,0.014051883481442928,0.8836541771888733,0.028132719919085503
datasets\data\test\Psoriasis\train_psoriasis-erythrodermic-21.jpeg,Psoriasis,5,Psoriasis,5,0.017708122730255127,0.028601277619600296,0.03740723058581352,0.04700136557221413,0.02707226201891899,0.7899280786514282,0.05228165164589882
datasets\data\test\Psoriasis\train_Psoriasis-Guttate-104.jpeg,Psoriasis,5,Psoriasis,5,0.015612246468663216,0.014840730465948582,0.07671929895877838,0.02446894533932209,0.026945549994707108,0.8265177607536316,0.014895377680659294
datasets\data\test\Psoriasis\train_Psoriasis-Guttate-111.jpeg,Psoriasis,5,Psoriasis,5,0.031963687390089035,0.03756731003522873,0.033863648772239685,0.02594151347875595,0.043601732701063156,0.43427956104278564,0.3927825689315796
datasets\data\test\Psoriasis\train_Psoriasis-Guttate-123.jpeg,Psoriasis,5,Psoriasis,5,0.015392342582345009,0.022948654368519783,0.11163937300443649,0.019768325611948967,0.03373832628130913,0.6731921434402466,0.12332083284854889
datasets\data\test\Psoriasis\train_Psoriasis-Guttate-57.jpeg,Psoriasis,5,Psoriasis,5,0.013103829696774483,0.017057260498404503,0.0909724235534668,0.0429903045296669,0.026647865772247314,0.7507858276367188,0.058442529290914536
datasets\data\test\Psoriasis\train_Psoriasis-Guttate-62.jpeg,Psoriasis,5,Psoriasis,5,0.013070604763925076,0.02381497249007225,0.10225728154182434,0.0390489362180233,0.031950436532497406,0.5316948294639587,0.2581629753112793
datasets\data\test\Psoriasis\train_Psoriasis-Hand-38.jpeg,Psoriasis,5,Psoriasis,5,0.005015457049012184,0.008796418085694313,0.048079706728458405,0.020164864137768745,0.011138686910271645,0.8989600539207458,0.007844858802855015
datasets\data\test\Psoriasis\train_Psoriasis-Hand-45.jpeg,Psoriasis,5,Eczema,2,0.020081456750631332,0.025246968492865562,0.4983350932598114,0.013934004120528698,0.024043677374720573,0.3870598375797272,0.03129904344677925
datasets\data\test\Psoriasis\train_Psoriasis-Hand-47.jpg,Psoriasis,5,Eczema,2,0.03996289521455765,0.035537347197532654,0.6078417897224426,0.05117043852806091,0.04330653324723244,0.1375844031572342,0.08459654450416565
datasets\data\test\Psoriasis\train_Psoriasis-Hand-5.jpeg,Psoriasis,5,Eczema,2,0.02850201539695263,0.04660140722990036,0.5300070643424988,0.07328389585018158,0.04773058742284775,0.18010595440864563,0.09376915544271469
datasets\data\test\Psoriasis\train_Psoriasis-Hand-6.jpeg,Psoriasis,5,Eczema,2,0.04271121323108673,0.0354788638651371,0.636038064956665,0.05764305964112282,0.045894134789705276,0.031400300562381744,0.15083445608615875
datasets\data\test\Psoriasis\train_Psoriasis-Histology-18.jpg,Psoriasis,5,Psoriasis,5,0.03118145652115345,0.035442858934402466,0.2602883577346802,0.06029380112886429,0.05384955182671547,0.5450463891029358,0.013897581957280636
datasets\data\test\Psoriasis\train_Psoriasis-HIV-3.jpeg,Psoriasis,5,Eczema,2,0.032429683953523636,0.027753859758377075,0.4758788049221039,0.038233432918787,0.028397997841238976,0.26268845796585083,0.13461779057979584
datasets\data\test\Psoriasis\train_Psoriasis-infant-4.jpeg,Psoriasis,5,Psoriasis,5,0.03414425253868103,0.1215810775756836,0.03376203775405884,0.053843799978494644,0.044401295483112335,0.5340872406959534,0.1781802475452423
datasets\data\test\Psoriasis\train_Psoriasis-inversus-30.jpeg,Psoriasis,5,Tinea,6,0.03839215263724327,0.04100539907813072,0.06405793875455856,0.0378415510058403,0.028999075293540955,0.03438736870884895,0.755316436290741
datasets\data\test\Psoriasis\train_Psoriasis-nails-15.jpeg,Psoriasis,5,Psoriasis,5,0.05121851712465286,0.027859032154083252,0.2561854422092438,0.017018349841237068,0.03960040956735611,0.3768629729747772,0.23125530779361725
datasets\data\test\Psoriasis\train_Psoriasis-nails-20.jpeg,Psoriasis,5,NailFungus,3,0.04425071179866791,0.056918732821941376,0.035539060831069946,0.5885413289070129,0.05678414925932884,0.14235819876194,0.0756077915430069
datasets\data\test\Psoriasis\train_Psoriasis-nails-8.jpeg,Psoriasis,5,NailFungus,3,0.045713622123003006,0.045201707631349564,0.06425949186086655,0.7181375622749329,0.03953162208199501,0.06431086361408234,0.022845173254609108
datasets\data\test\Psoriasis\train_psoriasis-palms-soles-111.jpeg,Psoriasis,5,Psoriasis,5,0.04270133376121521,0.028834745287895203,0.23283101618289948,0.02466442808508873,0.027118923142552376,0.6269158720970154,0.016933711245656013
datasets\data\test\Psoriasis\train_psoriasis-palms-soles-121.jpeg,Psoriasis,5,Psoriasis,5,0.02284659817814827,0.023078685626387596,0.2669839560985565,0.011166953481733799,0.026488298550248146,0.5975818037986755,0.05185376852750778
datasets\data\test\Psoriasis\train_psoriasis-palms-soles-13.jpg,Psoriasis,5,Psoriasis,5,0.021033426746726036,0.031473394483327866,0.23817132413387299,0.020167388021945953,0.03564316779375076,0.6328909993171692,0.02062033861875534
datasets\data\test\Psoriasis\train_psoriasis-palms-soles-136.jpeg,Psoriasis,5,Eczema,2,0.018398728221654892,0.024258464574813843,0.6988455057144165,0.011902201920747757,0.022875340655446053,0.18587380647659302,0.03784599527716637
datasets\data\test\Psoriasis\train_psoriasis-palms-soles-14.jpeg,Psoriasis,5,Eczema,2,0.02123918943107128,0.04198870807886124,0.6664549708366394,0.02143687754869461,0.055866606533527374,0.08520088344812393,0.10781273990869522
datasets\data\test\Psoriasis\train_psoriasis-palms-soles-144.jpeg,Psoriasis,5,Eczema,2,0.01731799729168415,0.03882806748151779,0.43758100271224976,0.03495844081044197,0.04260631278157234,0.35974815487861633,0.0689600259065628
datasets\data\test\Psoriasis\train_psoriasis-palms-soles-145.jpeg,Psoriasis,5,Psoriasis,5,0.01072806864976883,0.013206815347075462,0.15988026559352875,0.019547853618860245,0.017357850447297096,0.7727624177932739,0.006516673136502504
datasets\data\test\Psoriasis\train_psoriasis-palms-soles-178.jpeg,Psoriasis,5,Psoriasis,5,0.01693897321820259,0.017753832042217255,0.2941782474517822,0.010564584285020828,0.018528779968619347,0.6272264719009399,0.014809144660830498
datasets\data\test\Psoriasis\train_psoriasis-palms-soles-18.jpeg,Psoriasis,5,Psoriasis,5,0.040345530956983566,0.034226227551698685,0.3111088275909424,0.026460886001586914,0.02391345612704754,0.5406118035316467,0.02333330176770687
datasets\data\test\Psoriasis\train_psoriasis-palms-soles-19.jpeg,Psoriasis,5,Eczema,2,0.01807510107755661,0.03959319368004799,0.5720263719558716,0.038438450545072556,0.041432417929172516,0.14011985063552856,0.1503145843744278
datasets\data\test\Psoriasis\train_psoriasis-palms-soles-83.jpeg,Psoriasis,5,Psoriasis,5,0.03678878769278526,0.03026004321873188,0.15505719184875488,0.022136395797133446,0.04010435566306114,0.38298913836479187,0.33266401290893555
datasets\data\test\Psoriasis\train_psoriasis-palms-soles-97.jpeg,Psoriasis,5,Tinea,6,0.04976072907447815,0.05590538680553436,0.2449382096529007,0.03395528346300125,0.041652169078588486,0.10768390446901321,0.4661042094230652
datasets\data\test\Psoriasis\train_Psoriasis-penis-13.jpeg,Psoriasis,5,Psoriasis,5,0.05389518290758133,0.2327858954668045,0.15041327476501465,0.06991506367921829,0.046881843358278275,0.2707653343677521,0.17534340918064117
datasets\data\test\Psoriasis\train_Psoriasis-penis-14.jpeg,Psoriasis,5,Psoriasis,5,0.03180460259318352,0.09241055697202682,0.2945575714111328,0.13621018826961517,0.03360564634203911,0.39038389921188354,0.02102751098573208
datasets\data\test\Psoriasis\train_psoriasis-pustular-generalized-3.jpeg,Psoriasis,5,Psoriasis,5,0.031360648572444916,0.03603287413716316,0.11079110205173492,0.05894816666841507,0.03091301955282688,0.5841757655143738,0.1477784663438797
datasets\data\test\Psoriasis\train_psoriasis-pustular-generalized-4.jpeg,Psoriasis,5,Eczema,2,0.05289367958903313,0.0259728841483593,0.5138422846794128,0.03495701774954796,0.0305198784917593,0.26730799674987793,0.07450627535581589
datasets\data\test\Psoriasis\train_psoriasis-pustular-generalized-41.jpeg,Psoriasis,5,Psoriasis,5,0.01238806638866663,0.019472746178507805,0.03448798879981041,0.033019740134477615,0.022886676713824272,0.7760772109031677,0.10166751593351364
datasets\data\test\Psoriasis\train_psoriasis-pustular-generalized-42.jpeg,Psoriasis,5,Psoriasis,5,0.011597306467592716,0.011329151690006256,0.03894658759236336,0.02138419821858406,0.016176985576748848,0.8210991024971008,0.07946669310331345
datasets\data\test\Psoriasis\train_psoriasis-pustular-generalized-47.jpeg,Psoriasis,5,Psoriasis,5,0.027300167828798294,0.0170519407838583,0.3269091844558716,0.0216615442186594,0.02652842365205288,0.5313062071800232,0.049242496490478516
datasets\data\test\Psoriasis\train_psoriasis-pustular-generalized-49.jpeg,Psoriasis,5,Eczema,2,0.24173514544963837,0.03694890812039375,0.4122260808944702,0.04492300748825073,0.047571130096912384,0.15680377185344696,0.05979200080037117
datasets\data\test\Psoriasis\train_psoriasis-pustular-generalized-60.jpeg,Psoriasis,5,Eczema,2,0.02760937809944153,0.03222329542040825,0.7567490339279175,0.05291921645402908,0.027352740988135338,0.06595473736524582,0.03719155490398407
datasets\data\test\Psoriasis\train_psoriasis-pustular-generalized-8.jpeg,Psoriasis,5,Psoriasis,5,0.015262740664184093,0.01807430572807789,0.025162842124700546,0.05150434002280235,0.022179197520017624,0.7463849186897278,0.12143166363239288
datasets\data\test\Psoriasis\train_psoriasis-scalp-103.jpeg,Psoriasis,5,Psoriasis,5,0.013131415471434593,0.00950703676789999,0.20273078978061676,0.009823538362979889,0.013854429125785828,0.7042578458786011,0.04669494554400444
datasets\data\test\Psoriasis\train_psoriasis-scalp-110.jpeg,Psoriasis,5,Tinea,6,0.02813997119665146,0.19093452394008636,0.07056642323732376,0.10133243352174759,0.05973324552178383,0.22089989483356476,0.32839348912239075
datasets\data\test\Psoriasis\train_psoriasis-scalp-50.jpg,Psoriasis,5,Psoriasis,5,0.014980580657720566,0.022730525583028793,0.24579545855522156,0.16461880505084991,0.022582856938242912,0.5037529468536377,0.02553880587220192
datasets\data\test\Psoriasis\train_psoriasis-scalp-72.jpeg,Psoriasis,5,Psoriasis,5,0.019569391384720802,0.0364074744284153,0.11687429249286652,0.05743768811225891,0.02658138982951641,0.7165786027908325,0.0265511441975832
datasets\data\test\Psoriasis\train_psoriasis-scalp-88.jpeg,Psoriasis,5,Psoriasis,5,0.019295496866106987,0.012664464302361012,0.25350862741470337,0.011269080452620983,0.019698260352015495,0.5962867140769958,0.0872773751616478
datasets\data\test\Psoriasis\train_Psoriasis-vulva-1.jpeg,Psoriasis,5,Tinea,6,0.06323160231113434,0.08372116833925247,0.1906513273715973,0.032841142266988754,0.032424196600914,0.09882821142673492,0.49830228090286255
datasets\data\test\Psoriasis\train_reiter-syndrome-13.jpg,Psoriasis,5,Psoriasis,5,0.016681160777807236,0.015549322590231895,0.04460157826542854,0.05937478318810463,0.02717393822968006,0.7356459498405457,0.10097326338291168
datasets\data\test\Psoriasis\train_reiter-syndrome-14.jpg,Psoriasis,5,Psoriasis,5,0.10432229191064835,0.045199859887361526,0.1566368043422699,0.0806611031293869,0.03429178521037102,0.5332838892936707,0.04560429975390434
datasets\data\test\Psoriasis\train_reiter-syndrome-4.jpg,Psoriasis,5,Eczema,2,0.0438971184194088,0.036671992391347885,0.4421308636665344,0.05131788179278374,0.028833633288741112,0.3810920715332031,0.016056427732110023
datasets\data\test\Psoriasis\train_reiter-syndrome-9.jpg,Psoriasis,5,Psoriasis,5,0.039273180067539215,0.04384060949087143,0.09579472243785858,0.14690066874027252,0.04586438834667206,0.4222742021083832,0.2060522586107254
datasets\data\test\Psoriasis\train_scalp-psoriasis-0001__ProtectWyJQcm90ZWN0Il0_FocusFillWzI5NCwyMjIsIngiLDFd.jpeg,Psoriasis,5,Psoriasis,5,0.03599518537521362,0.03728082776069641,0.039059415459632874,0.04727600887417793,0.08654143661260605,0.7287755012512207,0.02507159113883972
datasets\data\test\Psoriasis\train_scalp-psoriasis-0007__ProtectWyJQcm90ZWN0Il0_FocusFillWzI5NCwyMjIsIngiLDFd.jpeg,Psoriasis,5,Psoriasis,5,0.02550490014255047,0.015187735669314861,0.037107691168785095,0.04328858107328415,0.047440290451049805,0.7917385101318359,0.039732303470373154
datasets\data\test\Psoriasis\train_scalp-psoriasis-0021__ProtectWyJQcm90ZWN0Il0_FocusFillWzI5NCwyMjIsIngiLDFd.jpeg,Psoriasis,5,Psoriasis,5,0.024623455479741096,0.014381024986505508,0.018218206241726875,0.025076182559132576,0.024653935804963112,0.8805405497550964,0.012506646104156971
datasets\data\test\Psoriasis\train_scalp-psoriasis-0022__ProtectWyJQcm90ZWN0Il0_FocusFillWzI5NCwyMjIsIngiLDFd.jpeg,Psoriasis,5,Psoriasis,5,0.017424585297703743,0.01876843348145485,0.01128703635185957,0.03667065501213074,0.060951169580221176,0.836564838886261,0.0183333121240139
datasets\data\test\Psoriasis\train_seborrheic-dermatitis-10.jpg,Psoriasis,5,Psoriasis,5,0.05696667730808258,0.03188106790184975,0.31533846259117126,0.07251959294080734,0.03028852678835392,0.34363141655921936,0.14937427639961243
datasets\data\test\Psoriasis\train_seborrheic-dermatitis-104.jpg,Psoriasis,5,Acne,0,0.6038538217544556,0.038012247532606125,0.08803600817918777,0.03775247558951378,0.05147410184144974,0.13666856288909912,0.04420280084013939
datasets\data\test\Psoriasis\train_seborrheic-dermatitis-110.jpg,Psoriasis,5,Psoriasis,5,0.004995661322027445,0.0037736950907856226,0.07486258447170258,0.009783050045371056,0.006187943741679192,0.8892244100570679,0.011172519065439701
datasets\data\test\Psoriasis\train_seborrheic-dermatitis-14.jpg,Psoriasis,5,Eczema,2,0.08092637360095978,0.03512974828481674,0.3884526193141937,0.05700595676898956,0.026303289458155632,0.3824167549610138,0.02976522408425808
datasets\data\test\Psoriasis\train_seborrheic-dermatitis-145.jpg,Psoriasis,5,Acne,0,0.6473678946495056,0.043287381529808044,0.10417115688323975,0.03766588866710663,0.045884549617767334,0.05904422700405121,0.06257893890142441
datasets\data\test\Psoriasis\train_seborrheic-dermatitis-154.jpg,Psoriasis,5,Psoriasis,5,0.26091232895851135,0.025125708431005478,0.25867289304733276,0.042023297399282455,0.031681425869464874,0.3595004379749298,0.022083891555666924
datasets\data\test\Psoriasis\train_seborrheic-dermatitis-76.jpg,Psoriasis,5,Acne,0,0.6255866885185242,0.021190820261836052,0.04017219319939613,0.02071884647011757,0.03786458820104599,0.23899808526039124,0.015468803234398365
datasets\data\test\Psoriasis\train_seborrheic-dermatitis-95.jpg,Psoriasis,5,Psoriasis,5,0.08668406307697296,0.028313495218753815,0.19836771488189697,0.10740066319704056,0.03163793683052063,0.4834749102592468,0.06412122398614883
datasets\data\test\Psoriasis\train_seborrheic-dermatitis-99.jpg,Psoriasis,5,Psoriasis,5,0.01946082152426243,0.008174652233719826,0.13284346461296082,0.016207674518227577,0.012986832298338413,0.7998331189155579,0.010493493638932705
datasets\data\test\Psoriasis\valid_3563__ProtectWyJQcm90ZWN0Il0_FocusFillWzI5NCwyMjIsIngiLDFd.jpeg,Psoriasis,5,Psoriasis,5,0.0031913339626044035,0.008067963644862175,0.006891910918056965,0.016946235671639442,0.007697051391005516,0.9506158828735352,0.006589666940271854
datasets\data\test\Psoriasis\valid_3570__ProtectWyJQcm90ZWN0Il0_FocusFillWzI5NCwyMjIsIngiLDFd.jpeg,Psoriasis,5,Psoriasis,5,0.0031719214748591185,0.003118647262454033,0.006473950110375881,0.008201134391129017,0.003663865849375725,0.9720813632011414,0.003289218991994858
datasets\data\test\Psoriasis\valid_3576__ProtectWyJQcm90ZWN0Il0_FocusFillWzI5NCwyMjIsIngiLDFd.jpeg,Psoriasis,5,Psoriasis,5,0.00760197127237916,0.00752637954428792,0.026152027770876884,0.011374404653906822,0.008977045305073261,0.9081702828407288,0.030197907239198685
datasets\data\test\Psoriasis\valid_facial-psoriasis-002__ProtectWyJQcm90ZWN0Il0_FocusFillWzI5NCwyMjIsIngiLDFd.jpeg,Psoriasis,5,Psoriasis,5,0.016692204400897026,0.013182023540139198,0.01610570214688778,0.03204546868801117,0.012928097508847713,0.8706806302070618,0.0383659191429615
datasets\data\test\Tinea\test_13candidaIntertrigo0220061.jpg,Tinea,6,Candidiasis,1,0.07683740556240082,0.6328331232070923,0.07074174284934998,0.06354079395532608,0.05691314861178398,0.03981936722993851,0.05931442975997925
datasets\data\test\Tinea\test_erosio-interdigitalis-blastomycetica-11.jpg,Tinea,6,Psoriasis,5,0.03392736613750458,0.03396310657262802,0.2167520970106125,0.09513505548238754,0.04100577533245087,0.301308810710907,0.2779077887535095
datasets\data\test\Tinea\test_erythrasma-13.jpg,Tinea,6,Tinea,6,0.018234631046652794,0.01587771438062191,0.021394111216068268,0.014237469993531704,0.01910329982638359,0.04973359778523445,0.8614192008972168
datasets\data\test\Tinea\test_majocchi-granuloma-2.jpg,Tinea,6,Eczema,2,0.008797102607786655,0.009031177498400211,0.6860135197639465,0.003931787330657244,0.009015542455017567,0.2662225067615509,0.016988370567560196
datasets\data\test\Tinea\test_north-american-blastomycosis-2.jpg,Tinea,6,Tinea,6,0.02019333653151989,0.013234897516667843,0.03233994543552399,0.025727659463882446,0.01987571455538273,0.06296726316213608,0.8256611824035645
datasets\data\test\Tinea\test_perleche-34.jpg,Tinea,6,Tinea,6,0.047595422714948654,0.01555434800684452,0.009103539399802685,0.024845711886882782,0.012873842380940914,0.013501846231520176,0.8765252828598022
datasets\data\test\Tinea\test_pitted-keratolysis-3.jpg,Tinea,6,Tinea,6,0.021640809252858162,0.03195134922862053,0.18049509823322296,0.022029375657439232,0.042108792811632156,0.10595434904098511,0.5958201885223389
datasets\data\test\Tinea\test_pityrosporum-folliculitis-4.jpg,Tinea,6,Acne,0,0.3553185760974884,0.06996427476406097,0.10496018826961517,0.0910259410738945,0.039081331342458725,0.11108297854661942,0.22856681048870087
datasets\data\test\Tinea\test_tincorp5__ProtectWyJQcm90ZWN0Il0_FocusFillWzI5NCwyMjIsIngiLDE2XQ.jpeg,Tinea,6,Tinea,6,0.10473711043596268,0.047718558460474014,0.12496951967477798,0.1035875603556633,0.057451505213975906,0.19140252470970154,0.3701331913471222
datasets\data\test\Tinea\test_tinea-groin-112.jpeg,Tinea,6,Tinea,6,0.12330637872219086,0.040729131549596786,0.11300324648618698,0.03534536063671112,0.027041267603635788,0.03871311992406845,0.6218615174293518
datasets\data\test\Tinea\test_tinea-laboratory-46.jpg,Tinea,6,Tinea,6,0.034265343099832535,0.025832919403910637,0.013293438591063023,0.023933302611112595,0.02740105614066124,0.029949799180030823,0.8453241586685181
datasets\data\test\Tinea\test_tinea-laboratory-56.jpg,Tinea,6,Tinea,6,0.030151965096592903,0.03704405575990677,0.048396799713373184,0.047616347670555115,0.0627315416932106,0.02295815572142601,0.751101016998291
datasets\data\test\Tinea\test_tinea-palm-2.jpeg,Tinea,6,Tinea,6,0.02818111702799797,0.0285808015614748,0.04498816281557083,0.014442372135818005,0.029534948989748955,0.052093256264925,0.802179217338562
datasets\data\test\Tinea\train_13TineaAcute.jpg,Tinea,6,Tinea,6,0.01783592626452446,0.029255367815494537,0.1618567854166031,0.032727327197790146,0.03078204020857811,0.059964582324028015,0.6675779223442078
datasets\data\test\Tinea\train_13tineaCorporis0808059.jpg,Tinea,6,Eczema,2,0.02100810967385769,0.022331614047288895,0.4817075729370117,0.024869466200470924,0.029765058308839798,0.06217781454324722,0.35814040899276733
datasets\data\test\Tinea\train_candidiasis-large-skin-folds-137.jpg,Tinea,6,Candidiasis,1,0.042378753423690796,0.7380227446556091,0.03045973740518093,0.03278951719403267,0.028561938554048538,0.07793837785720825,0.04984893649816513
datasets\data\test\Tinea\train_candidiasis-mouth-8.jpg,Tinea,6,Candidiasis,1,0.0681569054722786,0.6573392152786255,0.04269628971815109,0.046778175979852676,0.04793936014175415,0.07250237464904785,0.06458767503499985
datasets\data\test\Tinea\train_coccidiomycosis-2.jpg,Tinea,6,Tinea,6,0.07436488568782806,0.018142132088541985,0.05679440498352051,0.03965168073773384,0.029357317835092545,0.051758311688899994,0.7299312353134155
datasets\data\test\Tinea\train_erosio-interdigitalis-blastomycetica-1.jpg,Tinea,6,Eczema,2,0.028957942500710487,0.060258444398641586,0.2299908548593521,0.20484398305416107,0.049567438662052155,0.2190602570772171,0.20732106268405914
datasets\data\test\Tinea\train_erosio-interdigitalis-blastomycetica-12.jpg,Tinea,6,Tinea,6,0.027291636914014816,0.1379738450050354,0.13159385323524475,0.042714133858680725,0.034411147236824036,0.019561052322387695,0.6064543128013611
datasets\data\test\Tinea\train_erosio-interdigitalis-blastomycetica-16.jpg,Tinea,6,Tinea,6,0.031409505754709244,0.05117685720324516,0.1784639209508896,0.03712239861488342,0.028828417882323265,0.05130754038691521,0.6216913461685181
datasets\data\test\Tinea\train_erosio-interdigitalis-blastomycetica-27.jpg,Tinea,6,Tinea,6,0.03188714012503624,0.04759356006979942,0.15665851533412933,0.09737052768468857,0.02671557478606701,0.0401572659611702,0.5996174216270447
datasets\data\test\Tinea\train_id-reaction-1.jpg,Tinea,6,Eczema,2,0.029776187613606453,0.02463427558541298,0.486534059047699,0.045693397521972656,0.02413247525691986,0.34141403436660767,0.047815535217523575
datasets\data\test\Tinea\train_intertrigo-10.jpg,Tinea,6,Tinea,6,0.0334426611661911,0.021741988137364388,0.10110025852918625,0.028521042317152023,0.022705772891640663,0.036279238760471344,0.7562090158462524
datasets\data\test\Tinea\train_intertrigo-75.jpg,Tinea,6,Tinea,6,0.013742449693381786,0.020810969173908234,0.1923399418592453,0.021040191873908043,0.019898757338523865,0.02553521655499935,0.7066325545310974
datasets\data\test\Tinea\train_intertrigo-82.jpg,Tinea,6,Eczema,2,0.21571999788284302,0.04185725003480911,0.4010430574417114,0.13794384896755219,0.043301280587911606,0.03244921937584877,0.1276852786540985
datasets\data\test\Tinea\train_intertrigo-9.jpg,Tinea,6,Tinea,6,0.034529492259025574,0.03777312859892845,0.13964593410491943,0.03372164070606232,0.02685890533030033,0.06505082547664642,0.6624200344085693
datasets\data\test\Tinea\train_kerion-2.jpg,Tinea,6,Tinea,6,0.01770424097776413,0.028930721804499626,0.0487055703997612,0.08596035838127136,0.05928617715835571,0.13026702404022217,0.6291459202766418
datasets\data\test\Tinea\train_perleche-14.jpg,Tinea,6,Eczema,2,0.18384750187397003,0.031811997294425964,0.4029540419578552,0.02858024835586548,0.02569464035332203,0.04360932484269142,0.28350216150283813
datasets\data\test\Tinea\train_perleche-25.jpg,Tinea,6,Acne,0,0.4903354048728943,0.02684708870947361,0.11006805300712585,0.05136904492974281,0.02055399678647518,0.007250555325299501,0.29357582330703735
datasets\data\test\Tinea\train_perleche-37.jpg,Tinea,6,Tinea,6,0.4215947985649109,0.02377440221607685,0.03400004655122757,0.03183523193001747,0.018889332190155983,0.027701204642653465,0.44220492243766785
datasets\data\test\Tinea\train_perleche-39.jpg,Tinea,6,Tinea,6,0.03726910799741745,0.01569654606282711,0.052011433988809586,0.017976490780711174,0.017999839037656784,0.041391171514987946,0.8176553845405579
datasets\data\test\Tinea\train_perleche-48.jpg,Tinea,6,Tinea,6,0.046472132205963135,0.02392902411520481,0.04930465295910835,0.020359421148896217,0.017561649903655052,0.02661380171775818,0.8157593011856079
datasets\data\test\Tinea\train_perleche-54.jpg,Tinea,6,Tinea,6,0.0767228752374649,0.05358051136136055,0.11649560183286667,0.07189372181892395,0.04480479657649994,0.0999474823474884,0.5365550518035889
datasets\data\test\Tinea\train_perleche-8.jpg,Tinea,6,Tinea,6,0.06951744854450226,0.023054907098412514,0.14356204867362976,0.019169559702277184,0.026982657611370087,0.05525093898177147,0.6624623537063599
datasets\data\test\Tinea\train_pitted-keratolysis-7.jpg,Tinea,6,Eczema,2,0.011551433242857456,0.018413713201880455,0.6827895045280457,0.02572682499885559,0.025007039308547974,0.041515931487083435,0.19499558210372925
datasets\data\test\Tinea\train_pityrosporum-folliculitis-5.jpg,Tinea,6,Tinea,6,0.02348245680332184,0.013175621628761292,0.022576745599508286,0.01939495839178562,0.019176986068487167,0.1466645747423172,0.7555286288261414
datasets\data\test\Tinea\train_tinea-beard-1.jpg,Tinea,6,Eczema,2,0.06590529531240463,0.01831720769405365,0.6322880387306213,0.03153489902615547,0.029150748625397682,0.03087698668241501,0.1919267773628235
datasets\data\test\Tinea\train_tinea-beard-16.jpg,Tinea,6,Tinea,6,0.05512780696153641,0.023938996717333794,0.17200908064842224,0.026466764509677887,0.02677449956536293,0.21250657737255096,0.4831762909889221
datasets\data\test\Tinea\train_tinea-body-121.jpg,Tinea,6,Tinea,6,0.012686333619058132,0.024429043754935265,0.0602959506213665,0.09570227563381195,0.03040587343275547,0.048971619457006454,0.7275089025497437
datasets\data\test\Tinea\train_tinea-body-139.jpg,Tinea,6,Tinea,6,0.019552677869796753,0.022543979808688164,0.10946127772331238,0.021715709939599037,0.027216939255595207,0.061660654842853546,0.7378487586975098
datasets\data\test\Tinea\train_tinea-body-146.jpg,Tinea,6,Tinea,6,0.017168574035167694,0.02926078625023365,0.0815454050898552,0.05799262970685959,0.03234973922371864,0.20511987805366516,0.5765630006790161
datasets\data\test\Tinea\train_tinea-body-153.jpg,Tinea,6,Tinea,6,0.11966539174318314,0.06615760922431946,0.3045744001865387,0.06295689195394516,0.039220768958330154,0.042756348848342896,0.3646685779094696
datasets\data\test\Tinea\train_tinea-body-179.jpeg,Tinea,6,Tinea,6,0.02140907011926174,0.013423901982605457,0.018964948132634163,0.025241872295737267,0.017871595919132233,0.09771929681301117,0.8053692579269409
datasets\data\test\Tinea\train_tinea-body-180.jpeg,Tinea,6,Tinea,6,0.029021505266427994,0.018182557076215744,0.019931675866246223,0.023057812824845314,0.022899575531482697,0.14146433770656586,0.7454425096511841
datasets\data\test\Tinea\train_tinea-body-182.jpeg,Tinea,6,Candidiasis,1,0.06229880824685097,0.6730312705039978,0.04811082035303116,0.05382106453180313,0.0653780996799469,0.04341263696551323,0.053947336971759796
datasets\data\test\Tinea\train_tinea-body-186.jpeg,Tinea,6,Candidiasis,1,0.05954444408416748,0.5299827456474304,0.05767589062452316,0.06498083472251892,0.05042177438735962,0.18192444741725922,0.05546988919377327
datasets\data\test\Tinea\train_tinea-body-19.jpg,Tinea,6,Tinea,6,0.009651517495512962,0.03127318248152733,0.2269238531589508,0.11120666563510895,0.034703146666288376,0.17259539663791656,0.41364622116088867
datasets\data\test\Tinea\train_tinea-body-198.jpeg,Tinea,6,Tinea,6,0.04715423285961151,0.03294644504785538,0.12003426253795624,0.14305223524570465,0.03635202720761299,0.24993576109409332,0.370525062084198
datasets\data\test\Tinea\train_tinea-body-86.jpg,Tinea,6,Eczema,2,0.02067992463707924,0.023422716185450554,0.5965248942375183,0.04173242673277855,0.03461028262972832,0.15897390246391296,0.1240558847784996
datasets\data\test\Tinea\train_tinea-border-1.jpeg,Tinea,6,Eczema,2,0.01557568646967411,0.03346843644976616,0.5480647683143616,0.026927238330245018,0.03016611561179161,0.18251802027225494,0.16327978670597076
datasets\data\test\Tinea\train_tinea-face-14.jpeg,Tinea,6,Acne,0,0.46730270981788635,0.06659427285194397,0.06684545427560806,0.03960160166025162,0.04596572369337082,0.08132648468017578,0.23236382007598877
datasets\data\test\Tinea\train_tinea-face-18.jpeg,Tinea,6,Tinea,6,0.029572073370218277,0.012898445129394531,0.07128915190696716,0.013302981853485107,0.022863315418362617,0.06960330158472061,0.7804706692695618
datasets\data\test\Tinea\train_tinea-face-35.jpeg,Tinea,6,Acne,0,0.40349602699279785,0.03773504123091698,0.1266329437494278,0.08161793649196625,0.04437442496418953,0.1072394922375679,0.1989041268825531
datasets\data\test\Tinea\train_tinea-face-43.jpeg,Tinea,6,Tinea,6,0.09175831824541092,0.023569580167531967,0.0758436769247055,0.0250876322388649,0.02486535534262657,0.13453447818756104,0.6243409514427185
datasets\data\test\Tinea\train_tinea-face-68.jpeg,Tinea,6,Tinea,6,0.2727474868297577,0.05852910876274109,0.04735713079571724,0.06690751016139984,0.03335322439670563,0.027179719880223274,0.49392592906951904
datasets\data\test\Tinea\train_tinea-foot-dorsum-32.jpeg,Tinea,6,Tinea,6,0.014341025613248348,0.01790795847773552,0.18852229416370392,0.04349444806575775,0.03037293627858162,0.02776406891644001,0.6775972843170166
datasets\data\test\Tinea\train_tinea-foot-plantar-25.jpeg,Tinea,6,Tinea,6,0.02632962167263031,0.04430405795574188,0.16533172130584717,0.03908859193325043,0.051163822412490845,0.07401587814092636,0.5997662544250488
datasets\data\test\Tinea\train_tinea-foot-plantar-5.jpeg,Tinea,6,Tinea,6,0.024514272809028625,0.02796686626970768,0.32725954055786133,0.029539326205849648,0.04712986201047897,0.04037710651755333,0.5032130479812622
datasets\data\test\Tinea\train_tinea-foot-webs-10.jpeg,Tinea,6,Tinea,6,0.021754847839474678,0.02013612724840641,0.010077737271785736,0.03635275736451149,0.014069399796426296,0.0242568738758564,0.8733523488044739
datasets\data\test\Tinea\train_tinea-foot-webs-21.jpeg,Tinea,6,Tinea,6,0.01165053155273199,0.01802314631640911,0.06453955918550491,0.020046008750796318,0.027713874354958534,0.07961780577898026,0.7784090638160706
datasets\data\test\Tinea\train_tinea-foot-webs-3.jpeg,Tinea,6,Eczema,2,0.026347888633608818,0.019452117383480072,0.6385506391525269,0.020511746406555176,0.024736691266298294,0.1512347310781479,0.11916614323854446
datasets\data\test\Tinea\train_tinea-foot-webs-45.jpeg,Tinea,6,Tinea,6,0.014387872070074081,0.020278584212064743,0.06046447157859802,0.03534378483891487,0.020783694460988045,0.008460908196866512,0.8402807116508484
datasets\data\test\Tinea\train_tinea-foot-webs-51.jpeg,Tinea,6,Eczema,2,0.028433997184038162,0.05437476560473442,0.717246949672699,0.028688965365290642,0.032402221113443375,0.06105215474963188,0.07780098915100098
datasets\data\test\Tinea\train_tinea-foot-webs-54.jpeg,Tinea,6,Tinea,6,0.029587844386696815,0.23598186671733856,0.12108182907104492,0.051202379167079926,0.04334888979792595,0.034780677407979965,0.4840165376663208
datasets\data\test\Tinea\train_tinea-foot-webs-57.jpeg,Tinea,6,Tinea,6,0.027432966977357864,0.04069817438721657,0.09591913968324661,0.05144058167934418,0.032149627804756165,0.0565505288541317,0.695809006690979
datasets\data\test\Tinea\train_tinea-foot-webs-73.jpeg,Tinea,6,Eczema,2,0.04141633212566376,0.05799112468957901,0.3695777654647827,0.0510372668504715,0.03363731503486633,0.23778541386127472,0.2085547298192978
datasets\data\test\Tinea\train_tinea-foot-webs-77.jpeg,Tinea,6,Tinea,6,0.020707931369543076,0.041276171803474426,0.0677710697054863,0.03593537211418152,0.03510972112417221,0.09672147035598755,0.7024782299995422
datasets\data\test\Tinea\train_tinea-groin-106.jpeg,Tinea,6,Candidiasis,1,0.04272570461034775,0.6989150643348694,0.0491732694208622,0.04598914086818695,0.04798637703061104,0.04678744450211525,0.06842293590307236
datasets\data\test\Tinea\train_tinea-groin-110.jpeg,Tinea,6,Tinea,6,0.06557215750217438,0.04539084434509277,0.028861436992883682,0.04974784702062607,0.02737242542207241,0.035537704825401306,0.7475175857543945
datasets\data\test\Tinea\train_tinea-groin-19.jpeg,Tinea,6,Tinea,6,0.009557762183248997,0.025605270639061928,0.027653854340314865,0.01872078888118267,0.013646182604134083,0.009116780012845993,0.8956993818283081
datasets\data\test\Tinea\train_tinea-groin-21.jpeg,Tinea,6,Tinea,6,0.02490875869989395,0.02800867334008217,0.09480888396501541,0.035521890968084335,0.03097008354961872,0.038452714681625366,0.74732905626297
datasets\data\test\Tinea\train_tinea-groin-30.jpeg,Tinea,6,Tinea,6,0.03782333806157112,0.1270599067211151,0.03820698335766792,0.03254209831357002,0.033526547253131866,0.01746245101094246,0.7133787274360657
datasets\data\test\Tinea\train_tinea-groin-43.jpeg,Tinea,6,Tinea,6,0.025515155866742134,0.07036200165748596,0.06773749738931656,0.05835070088505745,0.032821666449308395,0.04607405140995979,0.6991389989852905
datasets\data\test\Tinea\train_tinea-groin-56.jpeg,Tinea,6,Tinea,6,0.02109280414879322,0.024609334766864777,0.1610260158777237,0.034040309488773346,0.03208915516734123,0.032418735325336456,0.6947236657142639
datasets\data\test\Tinea\train_tinea-groin-66.jpeg,Tinea,6,Tinea,6,0.027226191014051437,0.050291839987039566,0.12348493933677673,0.02542720176279545,0.02212110348045826,0.0227335337549448,0.7287152409553528
datasets\data\test\Tinea\train_tinea-groin-7.jpeg,Tinea,6,Tinea,6,0.14464446902275085,0.04289747774600983,0.018938321620225906,0.023617655038833618,0.029813304543495178,0.10471543669700623,0.6353733539581299
datasets\data\test\Tinea\train_tinea-hand-dorsum-12.jpeg,Tinea,6,Tinea,6,0.014470338821411133,0.030574383214116096,0.3483380675315857,0.045627884566783905,0.038068875670433044,0.03622937574982643,0.48669105768203735
datasets\data\test\Tinea\train_tinea-hand-dorsum-39.jpeg,Tinea,6,Tinea,6,0.020373500883579254,0.027608148753643036,0.3064606189727783,0.025388091802597046,0.03255563601851463,0.01878502033650875,0.5688289999961853
datasets\data\test\Tinea\train_tinea-hand-dorsum-48.jpeg,Tinea,6,Tinea,6,0.014315797947347164,0.017016470432281494,0.02246468886733055,0.045177679508924484,0.019513919949531555,0.02008778788149357,0.8614236116409302
datasets\data\test\Tinea\train_tinea-incognito-10.jpeg,Tinea,6,Tinea,6,0.11909230798482895,0.022874915972352028,0.22668728232383728,0.06889060884714127,0.024206165224313736,0.024022113531827927,0.5142266154289246
datasets\data\test\Tinea\train_tinea-incognito-2.jpeg,Tinea,6,Acne,0,0.3206993639469147,0.07590831071138382,0.14848166704177856,0.1020648404955864,0.05799620598554611,0.15474262833595276,0.1401069462299347
datasets\data\test\Tinea\train_tinea-incognito-21.jpeg,Tinea,6,Tinea,6,0.015854952856898308,0.014218433760106564,0.050134822726249695,0.027385452762246132,0.019516130909323692,0.37307727336883545,0.4998129606246948
datasets\data\test\Tinea\train_tinea-incognito-30.jpeg,Tinea,6,Eczema,2,0.08148504048585892,0.04770949110388756,0.49101296067237854,0.12303895503282547,0.047420985996723175,0.13950292766094208,0.06982956826686859
datasets\data\test\Tinea\train_tinea-incognito-32.jpeg,Tinea,6,Tinea,6,0.012037116102874279,0.021137144416570663,0.02781311422586441,0.011721531860530376,0.016718624159693718,0.03654508665204048,0.8740273118019104
datasets\data\test\Tinea\train_tinea-incognito-37.jpeg,Tinea,6,Candidiasis,1,0.04997966066002846,0.5880799889564514,0.0388764813542366,0.04220281541347504,0.04818277806043625,0.027778983116149902,0.20489928126335144
datasets\data\test\Tinea\train_tinea-incognito-62.jpeg,Tinea,6,Tinea,6,0.01797245629131794,0.030017148703336716,0.10717001557350159,0.02805342897772789,0.03128967806696892,0.10013337433338165,0.6853638291358948
datasets\data\test\Tinea\train_tinea-laboratory-22.jpg,Tinea,6,Tinea,6,0.020126672461628914,0.025373725220561028,0.016975445672869682,0.02996671386063099,0.030848775058984756,0.025887956842780113,0.8508207201957703
datasets\data\test\Tinea\train_tinea-laboratory-32.jpg,Tinea,6,Tinea,6,0.013251205906271935,0.02229239046573639,0.059242069721221924,0.01448130514472723,0.04160420969128609,0.0383429229259491,0.8107858896255493
datasets\data\test\Tinea\train_tinea-laboratory-34.jpg,Tinea,6,Tinea,6,0.018868891522288322,0.018914256244897842,0.012694325298070908,0.022266564890742302,0.025059616193175316,0.0157477930188179,0.8864485621452332
datasets\data\test\Tinea\train_tinea-laboratory-5.jpg,Tinea,6,Tinea,6,0.02320360764861107,0.03584633767604828,0.05427379161119461,0.02502598613500595,0.06450831890106201,0.02614612504839897,0.7709959149360657
datasets\data\test\Tinea\train_tinea-laboratory-55.jpg,Tinea,6,Tinea,6,0.02406824193894863,0.03288962319493294,0.035243235528469086,0.028891384601593018,0.038673996925354004,0.03049536608159542,0.8097381591796875
datasets\data\test\Tinea\train_tinea-laboratory-72.jpg,Tinea,6,Tinea,6,0.029240397736430168,0.030118949711322784,0.023509759455919266,0.03898600488901138,0.03551286458969116,0.03446432575583458,0.8081676959991455
datasets\data\test\Tinea\train_tinea-laboratory-8.jpg,Tinea,6,Tinea,6,0.021291162818670273,0.030616657808423042,0.02835140749812126,0.03566169738769531,0.027447842061519623,0.02615937776863575,0.8304718732833862
datasets\data\test\Tinea\train_tinea-palm-28.jpeg,Tinea,6,Tinea,6,0.03765300288796425,0.02256096713244915,0.12944170832633972,0.031685274094343185,0.03503064811229706,0.03790628910064697,0.7057222127914429
datasets\data\test\Tinea\train_tinea-palm-29.jpeg,Tinea,6,Tinea,6,0.025044094771146774,0.025742558762431145,0.2173404097557068,0.021412264555692673,0.03603613004088402,0.0156997162848711,0.658724844455719
datasets\data\test\Tinea\train_tinea-palm-32.jpeg,Tinea,6,Tinea,6,0.0475182868540287,0.020092282444238663,0.05578107386827469,0.026804601773619652,0.03400002047419548,0.047253016382455826,0.7685506939888
datasets\data\test\Tinea\train_tinea-palm-33.jpeg,Tinea,6,Tinea,6,0.023859629407525063,0.02895244210958481,0.13858014345169067,0.010952572338283062,0.04358082637190819,0.1187155470252037,0.6353588104248047
datasets\data\test\Tinea\train_tinea-palm-37.jpeg,Tinea,6,Tinea,6,0.011498762294650078,0.016016902402043343,0.16405917704105377,0.003908701241016388,0.025915665552020073,0.023041898384690285,0.7555589079856873
datasets\data\test\Tinea\train_tinea-palm-39.jpeg,Tinea,6,Tinea,6,0.011471479199826717,0.015911966562271118,0.07849114388227463,0.006532459985464811,0.02644132263958454,0.028898680582642555,0.8322530388832092
datasets\data\test\Tinea\train_tinea-palm-44.jpeg,Tinea,6,Tinea,6,0.015193483792245388,0.0187690369784832,0.13749265670776367,0.023956142365932465,0.031369660049676895,0.05134230852127075,0.7218766212463379
datasets\data\test\Tinea\train_tinea-palm-49.jpeg,Tinea,6,Tinea,6,0.12960395216941833,0.026178725063800812,0.08000912517309189,0.04378768429160118,0.050375815480947495,0.11465834826231003,0.5553863048553467
datasets\data\test\Tinea\train_tinea-palm-9.jpeg,Tinea,6,Tinea,6,0.052768103778362274,0.05167367309331894,0.1161578893661499,0.033963218331336975,0.08732680231332779,0.08834129571914673,0.569769024848938
datasets\data\test\Tinea\train_tinea-primary-lesion-27.jpeg,Tinea,6,Tinea,6,0.017942436039447784,0.019015638157725334,0.03986930474638939,0.01710711419582367,0.02227911353111267,0.10782711952924728,0.7759593725204468
datasets\data\test\Tinea\train_tinea-primary-lesion-32.jpeg,Tinea,6,Psoriasis,5,0.03622501716017723,0.04208029434084892,0.06188756600022316,0.09983176738023758,0.028562672436237335,0.40320083498954773,0.3282117545604706
datasets\data\test\Tinea\train_tinea-primary-lesion-47.jpeg,Tinea,6,Tinea,6,0.023733828216791153,0.02192102186381817,0.02648153342306614,0.026408541947603226,0.02192210778594017,0.07994066178798676,0.7995922565460205
datasets\data\test\Tinea\train_tinea-primary-lesion-49.jpeg,Tinea,6,Psoriasis,5,0.02946786768734455,0.03832697868347168,0.13723379373550415,0.16171276569366455,0.03959739953279495,0.43686434626579285,0.15679681301116943
datasets\data\test\Tinea\train_tinea-primary-lesion-7.jpeg,Tinea,6,Eczema,2,0.013656115159392357,0.035585567355155945,0.5705047845840454,0.03712313249707222,0.029473010450601578,0.18691200017929077,0.12674537301063538
datasets\data\test\Tinea\train_tinea-scalp-10.jpeg,Tinea,6,Tinea,6,0.01360161043703556,0.04500117897987366,0.02963501773774624,0.03253808245062828,0.024511728435754776,0.06685394048690796,0.7878583669662476
datasets\data\test\Tinea\train_tinea-scalp-12.jpeg,Tinea,6,Tinea,6,0.01662217266857624,0.032828882336616516,0.021928969770669937,0.21317028999328613,0.034026239067316055,0.06312640011310577,0.6182970404624939
datasets\data\test\Tinea\train_tinea-scalp-13.jpeg,Tinea,6,Tinea,6,0.029545260593295097,0.041240524500608444,0.1281457096338272,0.23613986372947693,0.053163398057222366,0.09172055125236511,0.42004460096359253
datasets\data\test\Tinea\train_tinea-scalp-15.jpeg,Tinea,6,Tinea,6,0.03610872104763985,0.040880199521780014,0.047806840389966965,0.2977241575717926,0.05534237250685692,0.1501554399728775,0.371982216835022
datasets\data\test\Tinea\train_tinea-scalp-17.jpeg,Tinea,6,Tinea,6,0.027256468310952187,0.03666986897587776,0.04430152848362923,0.367156058549881,0.0526118129491806,0.06508951634168625,0.40691468119621277
datasets\data\test\Tinea\train_tinea-scalp-18.jpeg,Tinea,6,Tinea,6,0.0420900322496891,0.026071030646562576,0.043240658938884735,0.0905027836561203,0.029406096786260605,0.04301967844367027,0.7256697416305542
datasets\data\test\Tinea\train_tinea-scalp-28.jpeg,Tinea,6,Tinea,6,0.029194004833698273,0.0343598797917366,0.22675397992134094,0.054640110582113266,0.03337479010224342,0.0656159520149231,0.556061327457428
datasets\data\test\Tinea\train_tinea-scalp-30.jpeg,Tinea,6,NailFungus,3,0.019049260765314102,0.02390218712389469,0.03740829974412918,0.707203209400177,0.03718448057770729,0.069703608751297,0.10554900020360947
datasets\data\test\Tinea\train_tinea-scalp-35.jpeg,Tinea,6,Tinea,6,0.020046420395374298,0.04100896418094635,0.11450862884521484,0.09174598753452301,0.03951346129179001,0.06875894218683243,0.6244176030158997
datasets\data\test\Tinea\train_tinea-scalp-43.jpg,Tinea,6,Tinea,6,0.02129654958844185,0.03943308815360069,0.06823805719614029,0.0970849022269249,0.13660281896591187,0.10818493366241455,0.529159665107727
datasets\data\test\Tinea\train_tinea-scalp-5.jpeg,Tinea,6,Tinea,6,0.02496003545820713,0.035186707973480225,0.19632762670516968,0.04936192184686661,0.04924127459526062,0.10938985645771027,0.535532534122467
datasets\data\test\Tinea\train_tinea-versicolor-104.jpg,Tinea,6,Psoriasis,5,0.02192865125834942,0.024157576262950897,0.22311963140964508,0.03307149559259415,0.030772419646382332,0.5262842774391174,0.1406659185886383
datasets\data\test\Tinea\train_tinea-versicolor-109.jpeg,Tinea,6,Tinea,6,0.017602983862161636,0.02255677431821823,0.3137859106063843,0.02159457467496395,0.03225073218345642,0.05749036744236946,0.5347186326980591
datasets\data\test\Tinea\train_tinea-versicolor-116.jpeg,Tinea,6,Tinea,6,0.037445057183504105,0.015976861119270325,0.017277240753173828,0.013457201421260834,0.015186117962002754,0.07787468284368515,0.8227828145027161
datasets\data\test\Tinea\train_tinea-versicolor-118.jpeg,Tinea,6,Tinea,6,0.032660648226737976,0.02662474289536476,0.0253449734300375,0.029055973514914513,0.035603467375040054,0.09598205238580704,0.7547280788421631
datasets\data\test\Tinea\train_tinea-versicolor-139.jpeg,Tinea,6,Tinea,6,0.030320093035697937,0.023984069004654884,0.023885000497102737,0.03704003244638443,0.03141733631491661,0.10259392857551575,0.7507595419883728
datasets\data\test\Tinea\train_tinea-versicolor-141.jpeg,Tinea,6,Tinea,6,0.3327783942222595,0.024814752861857414,0.08088037371635437,0.027171004563570023,0.03916241228580475,0.1044800877571106,0.39071306586265564
datasets\data\test\Tinea\train_tinea-versicolor-157.jpeg,Tinea,6,Tinea,6,0.012717224657535553,0.015130622312426567,0.021695351228117943,0.01670401357114315,0.022318657487630844,0.15713877975940704,0.754295289516449
datasets\data\test\Tinea\train_tinea-versicolor-180.jpeg,Tinea,6,Tinea,6,0.007714682258665562,0.016091633588075638,0.018138904124498367,0.009040932171046734,0.01760854758322239,0.030101314187049866,0.9013040661811829
datasets\data\test\Tinea\train_tinea-versicolor-183.jpeg,Tinea,6,Tinea,6,0.014344537630677223,0.035395532846450806,0.02955225110054016,0.0516020804643631,0.03264162689447403,0.1269741654396057,0.7094898223876953
datasets\data\test\Tinea\train_tinea-versicolor-187.jpg,Tinea,6,Tinea,6,0.05253640562295914,0.025945894420146942,0.09409040957689285,0.05524459481239319,0.03683238476514816,0.24520432949066162,0.4901460111141205
datasets\data\test\Tinea\train_tinea-versicolor-81.jpeg,Tinea,6,Tinea,6,0.03552845120429993,0.03293449059128761,0.18196943402290344,0.0329187773168087,0.04332544282078743,0.32014361023902893,0.3531797528266907
datasets\data\test\Tinea\train_tinea-versicolor-9.jpeg,Tinea,6,Tinea,6,0.008295628242194653,0.012277202680706978,0.17772117257118225,0.029225269332528114,0.021012382581830025,0.033412132412195206,0.7180562615394592
datasets\data\test\Tinea\train_tinea-versicolor-95.jpeg,Tinea,6,Psoriasis,5,0.039759062230587006,0.01777213253080845,0.14142772555351257,0.011283563449978828,0.025322338566184044,0.43186503648757935,0.3325701653957367
datasets\data\test\Tinea\train_tinea-versicolor-96.jpeg,Tinea,6,Psoriasis,5,0.07103464007377625,0.02740253135561943,0.17514553666114807,0.018354766070842743,0.03200341761112213,0.4006800949573517,0.2753790318965912
datasets\data\test\Tinea\train_tinped20__ProtectWyJQcm90ZWN0Il0_FocusFillWzI5NCwyMjIsInkiLDdd.jpeg,Tinea,6,Tinea,6,0.03981921076774597,0.018188364803791046,0.05957130715250969,0.043375201523303986,0.019032416865229607,0.02674274332821369,0.7932707667350769
datasets\data\test\Tinea\train_tinped30__ProtectWyJQcm90ZWN0Il0_FocusFillWzI5NCwyMjIsIngiLDFd.jpeg,Tinea,6,Tinea,6,0.03374938666820526,0.02957327850162983,0.19802987575531006,0.025655049830675125,0.0661279559135437,0.07274854183197021,0.5741158723831177
datasets\data\test\Tinea\train_tinped5__ProtectWyJQcm90ZWN0Il0_FocusFillWzI5NCwyMjIsInkiLDM2XQ.jpeg,Tinea,6,Tinea,6,0.0771227478981018,0.13177745044231415,0.06486358493566513,0.04598717764019966,0.06841320544481277,0.030137022957205772,0.5816988348960876
datasets\data\test\Tinea\valid_13TineaIncognito2.jpeg,Tinea,6,Tinea,6,0.020790571346879005,0.03390997275710106,0.08613510429859161,0.02449205331504345,0.024055149406194687,0.0280841626226902,0.7825329899787903
datasets\data\test\Tinea\valid_tinea-beard-6.jpeg,Tinea,6,Tinea,6,0.03960081934928894,0.01905216835439205,0.04049103334546089,0.013883490115404129,0.020379966124892235,0.04629000648856163,0.820302426815033
datasets\data\test\Tinea\valid_tinea-body-118.jpeg,Tinea,6,Tinea,6,0.009092711843550205,0.01573389396071434,0.11628411710262299,0.024074772372841835,0.023796215653419495,0.11952966451644897,0.6914886832237244
